event_id,elapsed_s,timestamp,speed_kmh,brake,throttle,g_lat,wheel_speed_fl,wheel_speed_fr,wheel_speed_rl,wheel_speed_rr,tyre_core_fl,tyre_core_fr,tyre_core_rl,tyre_core_rr,psi_fl,psi_fr,psi_rl,psi_rr,slip_proxy_fl,slip_proxy_fr,slip_proxy_rl,slip_proxy_rr,source,sample_level,estimated_via_twin,measurement_status
1,155.9324562549591,2026-05-07 16:07:01.152686834+00:00,51.16263961791992,0.0,0.7680004239082336,-0.3461879789829254,41.98002243041992,40.15519332885742,40.85594177246094,39.24370956420898,75.32240295410156,77.38554382324219,77.45272827148438,78.40867614746094,23.891584396362305,24.22168731689453,24.232437133789062,24.385387420654297,0.0222773914396681,-0.0220513129919294,0.024875183985096,-0.0155542388158035,simulator,event_window,False,simulated_measured
1,155.9485061168671,2026-05-07 16:07:01.168736696+00:00,51.16585922241211,0.0,0.828000545501709,-0.1829265356063842,41.78453826904297,40.34634399414063,40.56987762451172,39.33113479614258,75.31990814208984,77.38310241699219,77.44837951660156,78.40409851074219,23.891185760498047,24.221296310424805,24.23174095153809,24.384654998779297,0.0174530276908211,-0.017457816548911,0.0176351990531999,-0.0134232224291204,simulator,event_window,False,simulated_measured
1,155.9639401435852,2026-05-07 16:07:01.184170723+00:00,51.165653228759766,0.0,0.8880006670951843,-0.0741098597645759,41.49528503417969,40.461082458496094,40.46237564086914,39.68434524536133,75.31739044189453,77.38065338134766,77.44393920898438,78.39952087402344,23.89078140258789,24.22090530395508,24.231029510498047,24.383922576904297,0.0104137826628609,-0.0146596588178641,0.014942757419061,-0.0045593324417395,simulator,event_window,False,simulated_measured
1,155.97956585884094,2026-05-07 16:07:01.199796438+00:00,51.17893981933594,0.0,0.9600008130073548,0.0496328808367252,41.19830322265625,40.79841613769531,40.217315673828125,39.87342834472656,75.3143310546875,77.37767791748047,77.4384536743164,78.39402770996094,23.89029312133789,24.220428466796875,24.230152130126957,24.383045196533203,0.0029218131900299,-0.0067025791720267,0.0085338729370889,-7.603705744407829e-05,simulator,event_window,False,simulated_measured
1,155.99527430534363,2026-05-07 16:07:01.215504885+00:00,51.194950103759766,0.0,1.0,0.0102706681936979,41.11864471435547,40.84052658081055,40.11101913452149,40.11101913452149,75.31177520751953,77.37519836425781,77.433837890625,78.38945007324219,23.88988494873047,24.22003173828125,24.22941398620605,24.382312774658203,0.0006695861708196,-0.0059882947543761,0.0055536964890836,0.0055675631929192,simulator,event_window,False,simulated_measured
1,156.01097178459167,2026-05-07 16:07:01.231202364+00:00,51.21549224853515,0.0,1.0,-0.0327136851847171,41.05869674682617,40.99482345581055,40.12494659423828,40.12494659423828,75.30921936035156,77.37271881103516,77.4292221069336,78.38487243652344,23.889474868774418,24.219635009765625,24.22867584228516,24.381580352783203,-0.0011900924891745,-0.0026330821034441,0.005499387653888,0.0055132536087982,simulator,event_window,False,simulated_measured
1,156.02625393867493,2026-05-07 16:07:01.246484518+00:00,51.24617004394531,0.0,1.0,-0.1000042557716369,41.0692138671875,40.93334579467773,40.20797348022461,40.20797348022461,75.3066635131836,77.3702392578125,77.42460632324219,78.38029479980469,23.889066696166992,24.21923828125,24.227935791015625,24.380847930908203,-0.0015323254995849,-0.0047249421388145,0.0069768021578502,0.0069906884864803,simulator,event_window,False,simulated_measured
1,156.0417652130127,2026-05-07 16:07:01.261995792+00:00,51.28290939331055,0.0,1.0,-0.1169540584087371,41.11134719848633,40.92293548583984,40.22796249389648,40.22796249389648,75.30410766601562,77.36775970458984,77.41999053955078,78.37571716308594,23.888656616210938,24.21884155273437,24.22719955444336,24.380115509033203,-0.0012240285849993,-0.005690902917121,0.0067556489675792,0.0067695322464809,simulator,event_window,False,simulated_measured
1,156.05716109275818,2026-05-07 16:07:01.277391672+00:00,51.31353759765625,0.0,1.0,-0.2079143524169922,41.214385986328125,40.87187576293945,40.6694450378418,40.6694450378418,75.30154418945312,77.36527252197266,77.41535186767578,78.37113952636719,23.888246536254883,24.21844482421875,24.22645568847656,24.379383087158203,0.0006815910258948,-0.0075242528673113,0.0171967974900859,0.0172108247536548,simulator,event_window,False,simulated_measured
1,156.07345294952393,2026-05-07 16:07:01.293683529+00:00,51.38490295410156,0.0,1.0,-0.2640422582626343,41.35161972045898,40.90858459472656,40.2990837097168,40.2990837097168,75.29843139648438,77.36225128173828,77.4097671508789,78.36564636230469,23.88774871826172,24.217960357666016,24.225563049316406,24.378501892089844,0.0026192005201761,-0.0080124936869445,0.0065337116898627,0.0065475919082234,simulator,event_window,False,simulated_measured
1,156.08889842033386,2026-05-07 16:07:01.309129+00:00,51.43338394165039,0.0,1.0,-0.306017130613327,41.50194549560547,40.939208984375,40.63104248046875,40.63104248046875,75.29581451416016,77.35973358154297,77.40511322021484,78.36106872558594,23.8873291015625,24.21755599975586,24.22481918334961,24.377769470214844,0.0053155256025989,-0.0082056315127798,0.0138683383832893,0.0138823197470152,simulator,event_window,False,simulated_measured
1,156.10393738746643,2026-05-07 16:07:01.324167967+00:00,51.49456787109375,0.0,1.0,-0.3531583547592163,41.61963272094727,40.92947006225586,40.64547348022461,40.64547348022461,75.29318237304688,77.35721588134766,77.40045928955078,78.35649108886719,23.88690948486328,24.21715545654297,24.22407341003418,24.377037048339844,0.0069684369907416,-0.0096196997342711,0.0130233673193664,0.013037337030842,simulator,event_window,False,simulated_measured
1,156.11962580680847,2026-05-07 16:07:01.339856386+00:00,51.5608024597168,0.0,1.0,-0.3843426704406738,41.7646369934082,40.988914489746094,40.78736877441406,40.78736877441406,75.2905502319336,77.35469818115234,77.39580535888672,78.35191345214844,23.88648796081543,24.21675109863281,24.22332763671875,24.376304626464844,0.0091787004033214,-0.0094553907710668,0.0152540158254337,0.0152680162978147,simulator,event_window,False,simulated_measured
1,156.13469099998474,2026-05-07 16:07:01.354921579+00:00,51.6348876953125,0.0,1.0,-0.4275543391704559,41.889156341552734,41.00356674194336,40.99288177490234,40.694461822509766,75.28791809082031,77.35218048095703,77.39115142822266,78.34732818603516,23.88606643676757,24.21634864807129,24.222583770751957,24.375572204589844,0.0107352435479979,-0.0105230339524353,0.0189055023428785,0.0115020233112501,simulator,event_window,False,simulated_measured
1,156.15048122406006,2026-05-07 16:07:01.370711803+00:00,51.71518707275391,0.0,1.0,-0.4247906804084778,42.07981872558594,41.02994918823242,41.46144104003906,40.63394165039063,75.28528594970703,77.34966278076172,77.38651275634766,78.34271240234375,23.885644912719727,24.21594619750977,24.22184181213379,24.374834060668945,0.0137591634180316,-0.0114237588454234,0.0289516944528556,0.008429486156066,simulator,event_window,False,simulated_measured
1,156.16557145118713,2026-05-07 16:07:01.385802031+00:00,51.82409286499024,0.0,1.0,-0.4437818229198456,42.20312881469727,41.06283187866211,41.5745735168457,40.67236709594727,75.2821273803711,77.34664154052734,77.3810043334961,78.33717346191406,23.88513946533203,24.21546173095703,24.22096061706543,24.373947143554688,0.014593260526263,-0.012710592253629,0.0295911199753244,0.0072619373256139,simulator,event_window,False,simulated_measured
1,156.18134450912476,2026-05-07 16:07:01.401575089+00:00,51.924583435058594,0.0,1.0,-0.4614849090576172,42.33669662475586,41.09015274047851,41.20718383789063,41.20718383789063,75.27949523925781,77.34412384033203,77.37647247314453,78.33255767822266,23.88471984863281,24.215059280395508,24.22023582458496,24.37320899963379,0.0158345509465875,-0.0139656963378075,0.0185177650338141,0.0185318105136809,simulator,event_window,False,simulated_measured
1,156.19636011123657,2026-05-07 16:07:01.416590691+00:00,52.02812194824219,0.0,1.0,-0.4993342161178589,42.46595764160156,41.11549758911133,41.37924575805664,41.37924575805664,75.27686309814453,77.34160614013672,77.37198638916016,78.3279800415039,23.88429832458496,24.214656829833984,24.21951675415039,24.37247657775879,0.0169083310418065,-0.0153209667049194,0.0207352550191364,0.020749331078451,simulator,event_window,False,simulated_measured
1,156.2118363380432,2026-05-07 16:07:01.432066917+00:00,52.14222717285156,0.0,1.0,-0.5708587765693665,42.59543991088867,41.14471435546875,41.56006240844727,41.4700927734375,75.27423095703125,77.3390884399414,77.36748504638672,78.3233642578125,23.88387680053711,24.21425437927246,24.21879768371582,24.37173843383789,0.0177768375383735,-0.016777600998353,0.0229521227711091,0.0207517019691128,simulator,event_window,False,simulated_measured
1,156.22719883918762,2026-05-07 16:07:01.447429419+00:00,52.252742767333984,0.0,1.0,-0.5196070671081543,42.865604400634766,41.17707824707031,41.9814682006836,41.9814682006836,75.2715835571289,77.3365707397461,77.36294555664062,78.3187484741211,23.883453369140625,24.213851928710938,24.21807098388672,24.37099838256836,0.022065885246352,-0.0180853819250318,0.0311390293743263,0.0311532489029138,simulator,event_window,False,simulated_measured
1,156.24349522590637,2026-05-07 16:07:01.463725805+00:00,52.39236831665039,0.0,1.0,-0.3854474425315857,42.99057388305664,41.28229904174805,41.9781494140625,41.9781494140625,75.26891326904297,77.33402252197266,77.3583755493164,78.31413269042969,23.883026123046875,24.21344375610352,24.21733856201172,24.370262145996097,0.0223138503399542,-0.0181997586245394,0.028309748045348,0.0283239285578131,simulator,event_window,False,simulated_measured
1,156.25923466682434,2026-05-07 16:07:01.479465246+00:00,52.57286071777344,0.0,1.0,-0.2188131213188171,43.0011100769043,41.50130462646485,42.19616317749024,42.19616317749024,75.26570892333984,77.3309555053711,77.3528823852539,78.30859375,23.88251304626465,24.21295166015625,24.216461181640625,24.36937522888184,0.0190537469172049,-0.0163798217852483,0.0301015671998734,0.0301157724217355,simulator,event_window,False,simulated_measured
1,156.2752730846405,2026-05-07 16:07:01.495503664+00:00,52.75077819824219,0.0,1.0,-0.0996719896793365,43.06685256958008,41.7568359375,42.05413436889648,41.59199142456055,75.2630386352539,77.32839965820312,77.3482894897461,78.3039779663086,23.8820858001709,24.212543487548828,24.21572494506836,24.368637084960938,0.0171694204639381,-0.0136614624726802,0.0231717046283375,0.0119417805687696,simulator,event_window,False,simulated_measured
1,156.29129576683044,2026-05-07 16:07:01.511526346+00:00,52.92205047607422,0.0,1.0,0.0252977907657623,42.937477111816406,42.08407974243164,42.77742004394531,41.67723083496094,75.26034545898438,77.32584381103516,77.34363555908203,78.29936218261719,23.881654739379883,24.212135314941406,24.21498107910156,24.367897033691406,0.0108317925389407,-0.0091487496656529,0.0374008985834737,0.0107340018104469,simulator,event_window,False,simulated_measured
1,156.30738353729248,2026-05-07 16:07:01.527614117+00:00,53.139984130859375,0.0,1.0,-0.0166610926389694,42.96826553344727,42.44279098510742,42.350704193115234,42.350704193115234,75.25707244873047,77.3227767944336,77.33805084228516,78.2938232421875,23.88113212585449,24.21164321899414,24.214088439941406,24.36701202392578,0.0074080929985504,-0.0048012908787449,0.0228404860724056,0.0228545911631041,simulator,event_window,False,simulated_measured
1,156.32339310646057,2026-05-07 16:07:01.543623686+00:00,53.33382034301758,0.0,1.0,-0.0982987806200981,43.02302169799805,42.71134948730469,42.521095275878906,42.521095275878906,75.25432586669922,77.32022094726562,77.33338165283203,78.28923034667969,23.880691528320312,24.21123504638672,24.213340759277344,24.36627578735352,0.0050258875796389,-0.0021439625684076,0.0232233527641427,0.0232374631346181,simulator,event_window,False,simulated_measured
1,156.338933467865,2026-05-07 16:07:01.559164047+00:00,53.53269577026367,0.0,1.0,-0.1278333216905594,43.16151809692383,42.83988952636719,42.77762222290039,42.77762222290039,75.25157928466797,77.31763458251953,77.32868957519531,78.28465270996094,23.88025283813477,24.2108211517334,24.212589263916016,24.36554336547852,0.0045154716719313,-0.0028591282494578,0.0255721556564278,0.0255862984171717,simulator,event_window,False,simulated_measured
1,156.35441136360168,2026-05-07 16:07:01.574641943+00:00,53.74458694458008,0.0,1.0,-0.1641338616609573,43.39022445678711,43.00148391723633,42.97900390625,42.97900390625,75.24883270263672,77.3150405883789,77.3239974975586,78.28005981445312,23.87981414794922,24.21040725708008,24.21183967590332,24.364809036254883,0.0058569010135449,-0.0030439738791898,0.0263377681471825,0.0263519214658127,simulator,event_window,False,simulated_measured
1,156.36993551254272,2026-05-07 16:07:01.590166092+00:00,54.00265884399414,0.0,1.0,-0.2038338929414749,43.63885498046875,43.09030151367188,43.350040435791016,43.350040435791016,75.24553680419922,77.31192779541016,77.31842041015625,78.27452087402344,23.87928581237793,24.20990753173828,24.210947036743164,24.363922119140625,0.006786159075911,-0.0057589745267309,0.0302510318836415,0.0302652391666389,simulator,event_window,False,simulated_measured
1,156.38508892059326,2026-05-07 16:07:01.605319500+00:00,54.2306022644043,0.0,1.0,-0.2624821364879608,43.92072677612305,43.23031997680664,43.56364059448242,43.56364059448242,75.24279022216797,77.30933380126953,77.31390380859375,78.26990509033203,23.87884521484375,24.20949363708496,24.210224151611328,24.36318588256836,0.0090301030114852,-0.0067208664845728,0.0309757094911156,0.0309899267675028,simulator,event_window,False,simulated_measured
1,156.4004783630371,2026-05-07 16:07:01.620708942+00:00,54.4697380065918,0.0,1.0,-0.3332444429397583,44.16652297973633,43.32210540771485,43.78266143798828,43.78266143798828,75.24004364013672,77.30670166015625,77.30950164794922,78.26528930664062,23.878406524658203,24.20907211303711,24.20952033996582,24.362445831298828,0.0102223136095809,-0.0089819653120118,0.0316100529000309,0.0316242789240883,simulator,event_window,False,simulated_measured
1,156.41581535339355,2026-05-07 16:07:01.636045933+00:00,54.71111679077149,0.0,1.0,-0.3873046040534973,44.41393661499024,43.45674514770508,44.22060012817383,44.22060012817383,75.23729705810547,77.30406951904297,77.30508422851562,78.26067352294922,23.877967834472656,24.20865058898925,24.208812713623047,24.36170768737793,0.0113994686427347,-0.0102878432463813,0.0373319312202906,0.0373462361497236,simulator,event_window,False,simulated_measured
1,156.43134951591492,2026-05-07 16:07:01.651580095+00:00,54.96264266967773,0.0,1.0,-0.4450336694717407,44.67472457885742,43.6298828125,44.562984466552734,44.562984466552734,75.23455047607422,77.30143737792969,77.3006591796875,78.25605773925781,23.87752723693848,24.208229064941406,24.208105087280277,24.36096954345703,0.0126825124207912,-0.0108919644214026,0.0405797185065055,0.0405940682233074,simulator,event_window,False,simulated_measured
1,156.44668126106262,2026-05-07 16:07:01.666911840+00:00,55.22615814208984,0.0,1.0,-0.4786040782928467,44.97186279296875,43.76502990722656,44.82144165039063,44.82144165039063,75.23178100585938,77.2988052368164,77.29621124267578,78.2514419555664,23.877084732055664,24.207809448242188,24.20739364624023,24.3602294921875,0.0145537896102418,-0.0125623396343836,0.0416208950404521,0.0416352591152011,simulator,event_window,False,simulated_measured
1,156.46234583854675,2026-05-07 16:07:01.682576418+00:00,55.49665069580078,0.0,1.0,-0.5189687609672546,45.19146347045898,43.93659591674805,45.21733856201172,45.21733856201172,75.22899627685547,77.29617309570312,77.291748046875,78.246826171875,23.87664031982422,24.207387924194336,24.20668029785156,24.35949325561523,0.014538808925754,-0.0135230955369904,0.0456995410245937,0.0457139613443506,simulator,event_window,False,simulated_measured
1,156.47754001617432,2026-05-07 16:07:01.697770596+00:00,55.77644348144531,0.0,1.0,-0.5385302901268005,45.5469970703125,44.1339225769043,45.51593780517578,45.51593780517578,75.22618865966797,77.29354095458984,77.28724670410156,78.2422103881836,23.876190185546875,24.206966400146484,24.20595932006836,24.358753204345703,0.0173911678530425,-0.0140633750062204,0.0473247604137281,0.0473392031454518,simulator,event_window,False,simulated_measured
1,156.49354457855225,2026-05-07 16:07:01.713775158+00:00,56.124507904052734,0.0,1.0,-0.5407546162605286,45.83092880249024,44.340213775634766,46.03826141357422,46.03826141357422,75.2228012084961,77.2903823852539,77.28184509277344,78.2366714477539,23.87564849853516,24.20646095275879,24.20509529113769,24.35786819458008,0.0173845663298879,-0.0155979123879842,0.0527737865423065,0.052788304416742,simulator,event_window,False,simulated_measured
1,156.5086362361908,2026-05-07 16:07:01.728866816+00:00,56.42438888549805,0.0,1.0,-0.5588042736053467,46.16361618041992,44.53777694702149,46.37441253662109,46.37441253662109,75.21997833251953,77.28775024414062,77.27738189697266,78.2320556640625,23.87519645690918,24.206039428710938,24.20438003540039,24.357128143310547,0.0193233903066012,-0.0164669428210365,0.0548246041499289,0.0548391503053806,simulator,event_window,False,simulated_measured
1,156.5248146057129,2026-05-07 16:07:01.745045185+00:00,56.73954391479492,0.0,1.0,-0.5926946401596069,46.46554183959961,44.7346076965332,46.62285614013672,46.62285614013672,75.2171630859375,77.28511810302734,77.27304077148438,78.2274398803711,23.87474632263184,24.20561981201172,24.203685760498047,24.35638999938965,0.0202913340844637,-0.0176074005866622,0.0545853377034275,0.0545998805593668,simulator,event_window,False,simulated_measured
1,156.54071021080017,2026-05-07 16:07:01.760940790+00:00,57.12379455566406,0.0,1.0,-0.6510086059570312,46.88615798950195,44.93056488037109,47.15346908569336,47.15346908569336,75.21379852294922,77.2819595336914,77.26793670654297,78.2219009399414,23.87420654296875,24.20511245727539,24.202869415283203,24.35550308227539,0.0226019832927404,-0.0199412290197813,0.0594129932672449,0.0594276026971225,simulator,event_window,False,simulated_measured
1,156.55584502220154,2026-05-07 16:07:01.776075602+00:00,57.45294952392578,0.0,1.0,-0.7012923955917358,47.15610122680664,45.15146255493164,47.57302474975586,47.57302474975586,75.21101379394531,77.27932739257812,77.26374816894531,78.21728515625,23.873762130737305,24.20469284057617,24.20219993591309,24.354766845703125,0.0225971887559037,-0.0207653268415415,0.0627157818492569,0.0627304368249779,simulator,event_window,False,simulated_measured
1,156.57136726379397,2026-05-07 16:07:01.791597843+00:00,57.796119689941406,0.0,1.0,-0.7375612258911133,47.51874542236328,45.31787872314453,47.984413146972656,47.984413146972656,75.20824432373047,77.27669525146484,77.25962829589844,78.21266174316406,23.87331962585449,24.20427131652832,24.201539993286133,24.354026794433597,0.0243427944464826,-0.0229918632473539,0.065541085943374,0.0655557798803712,simulator,event_window,False,simulated_measured
1,156.58650517463684,2026-05-07 16:07:01.806735754+00:00,58.13994216918945,0.0,1.0,-0.759071946144104,47.82476425170898,45.53498840332031,48.59623718261719,48.59623718261719,75.20543670654297,77.27406311035156,77.25552368164062,78.20804595947266,23.87286949157715,24.20384979248047,24.200883865356445,24.353286743164062,0.024842848851355,-0.024116613905607,0.0727455999856001,0.0727603932736937,simulator,event_window,False,simulated_measured
1,156.60257577896118,2026-05-07 16:07:01.822806358+00:00,58.493446350097656,0.0,1.0,-0.7882301807403564,48.18263626098633,45.75381851196289,49.17716598510742,49.17716598510742,75.20263671875,77.27143096923828,77.2514419555664,78.20343017578125,23.87242126464844,24.20343017578125,24.20022964477539,24.352548599243164,0.0262717651796424,-0.025352833353478,0.079008787157256,0.079023666815438,simulator,event_window,False,simulated_measured
1,156.61867952346802,2026-05-07 16:07:01.838910103+00:00,58.92929458618164,0.0,1.0,-0.8106849193572998,48.582664489746094,45.983341217041016,49.9812126159668,49.9812126159668,75.19927215576172,77.26827239990234,77.24655151367188,78.19789123535156,23.871883392333984,24.20292282104492,24.199447631835938,24.351661682128903,0.0271387646197045,-0.0277083149421776,0.0885396189201361,0.08855463000961,simulator,event_window,False,simulated_measured
1,156.63474130630493,2026-05-07 16:07:01.854971886+00:00,59.29544448852539,0.0,0.9879999756813048,-0.8050174713134766,48.95935821533203,46.17803192138672,50.738399505615234,50.738399505615234,75.19647216796875,77.26564025878906,77.2425308227539,78.19327545166016,23.871435165405277,24.202503204345703,24.19880485534668,24.350923538208008,0.0287110855116343,-0.0296210204390646,0.0982068013646759,0.0982219457657336,simulator,event_window,False,simulated_measured
1,156.65033102035522,2026-05-07 16:07:01.870561600+00:00,59.66930770874024,0.0,0.9279998540878296,-0.8143634796142578,49.28067398071289,46.35018539428711,51.483028411865234,51.483028411865234,75.19368743896484,77.26300811767578,77.23854064941406,78.18865966796875,23.870990753173828,24.20207977294922,24.198165893554688,24.35018539428711,0.0289746421912604,-0.0321060704792542,0.107342021494579,0.1073572918713976,simulator,event_window,False,simulated_measured
1,156.66644191741943,2026-05-07 16:07:01.886672497+00:00,60.0355224609375,0.0,0.8679997324943542,-0.8465420007705688,49.75618743896485,46.59878921508789,51.61919021606445,51.61919021606445,75.19087219238281,77.2603759765625,77.23450469970703,78.18404388427734,23.87053871154785,24.20166015625,24.1975212097168,24.34944725036621,0.0325660302495753,-0.032850464420345,0.1034980931760365,0.103513310544631,simulator,event_window,False,simulated_measured
1,156.68195986747742,2026-05-07 16:07:01.902190447+00:00,60.413673400878906,0.0,0.8679997324943542,-1.0254662036895752,50.24864959716797,46.88169479370117,44.75994491577149,44.75994491577149,75.18753814697266,77.25721740722656,77.22954559326172,78.17850494384766,23.870006561279297,24.201154708862305,24.196727752685547,24.348560333251957,0.0362586863641671,-0.0330692998019436,-0.0491259524479794,-0.0491128397829389,simulator,event_window,False,simulated_measured
1,156.6976010799408,2026-05-07 16:07:01.917831659+00:00,60.45462417602539,0.0,0.9279998540878296,-1.035260558128357,50.095848083496094,47.00178146362305,50.83494567871094,50.64593505859375,75.1848373413086,77.25458526611328,77.22538757324219,78.17388916015625,23.86957359313965,24.200733184814453,24.19606208801269,24.34782218933105,0.0324077124323041,-0.0312491807203197,0.0791989955275618,0.0752012270315964,simulator,event_window,False,simulated_measured
1,156.71316027641296,2026-05-07 16:07:01.933390856+00:00,60.64358139038086,0.0,0.9879999756813048,-0.7965342402458191,50.28030014038086,47.169429779052734,51.38620376586914,51.38620376586914,75.1822509765625,77.251953125,77.22135925292969,78.16927337646484,23.869159698486328,24.20031356811523,24.195417404174805,24.34708404541016,0.0329803325475763,-0.0308230549529165,0.0875028098804877,0.087517806672243,simulator,event_window,False,simulated_measured
1,156.72827219963074,2026-05-07 16:07:01.948502779+00:00,60.9261360168457,0.0,1.0,-0.7164567708969116,50.471473693847656,47.4549446105957,49.408573150634766,49.408573150634766,75.17975616455078,77.24932098388672,77.21735382080078,78.16465759277344,23.86876106262207,24.19989013671875,24.19477653503418,24.346343994140625,0.0320990601901769,-0.0294785806317787,0.040800209216091,0.040814561973486,simulator,event_window,False,simulated_measured
1,156.74433064460754,2026-05-07 16:07:01.964561224+00:00,61.134498596191406,0.0,1.0,-0.595597505569458,50.526100158691406,47.71960067749024,51.08924865722656,51.08924865722656,75.17725372314453,77.24662780761719,77.21328735351562,78.16004180908203,23.86836051940918,24.19945907592773,24.19412612915039,24.34560775756836,0.0296946508304123,-0.027392227793795,0.0725359435107411,0.0725507339076472,simulator,event_window,False,simulated_measured
1,156.7594723701477,2026-05-07 16:07:01.979702950+00:00,61.40458297729492,0.0,1.0,-0.436016321182251,50.590309143066406,48.09041976928711,51.74872589111328,51.74872589111328,75.17467498779297,77.2439193725586,77.20917510986328,78.15542602539062,23.86794853210449,24.19902801513672,24.19346809387207,24.344867706298828,0.0264683894621899,-0.024145495243283,0.0816022188046248,0.0816171342265343,simulator,event_window,False,simulated_measured
1,156.77460598945618,2026-05-07 16:07:01.994836569+00:00,61.71297073364258,0.0,1.0,-0.383901983499527,50.715118408203125,48.54170227050781,49.55154037475586,49.55154037475586,75.17192840576172,77.2412109375,77.20500946044922,78.15081024169922,23.867507934570312,24.19859313964844,24.19280242919922,24.34412956237793,0.0238586964705653,-0.0199102690814603,0.0305033335129949,0.0305175442752616,simulator,event_window,False,simulated_measured
1,156.79068279266355,2026-05-07 16:07:02.010913372+00:00,61.981407165527344,0.0,1.0,-0.2564615905284881,50.56184768676758,49.00421142578125,51.31078338623047,51.31078338623047,75.16850280761719,77.23796081542969,77.19984436035156,78.14527130126953,23.86696052551269,24.198074340820312,24.19197463989257,24.343242645263672,0.0163435534268356,-0.014857029694855,0.0624681202853449,0.0624827718457838,simulator,event_window,False,simulated_measured
1,156.8060324192047,2026-05-07 16:07:02.026262999+00:00,62.28548812866211,0.0,1.0,-0.1902613192796707,50.59891891479492,49.56672286987305,51.68907165527344,51.68907165527344,75.16564178466797,77.2352523803711,77.19552612304688,78.14065551757812,23.86650276184082,24.19763946533203,24.1912841796875,24.342504501342773,0.0121232425134625,-0.0084134587756247,0.0650758911247992,0.065090578646705,simulator,event_window,False,simulated_measured
1,156.82210493087769,2026-05-07 16:07:02.042335510+00:00,62.63615036010742,0.0,1.0,-0.2263193577528,50.713985443115234,49.951805114746094,51.63150787353515,51.63150787353515,75.16278076171875,77.2325439453125,77.19117736816406,78.13607788085938,23.866044998168945,24.197206497192383,24.190587997436523,24.341772079467773,0.0087457460222653,-0.0063042815084154,0.0579336836875188,0.0579482727175431,simulator,event_window,False,simulated_measured
1,156.83768701553345,2026-05-07 16:07:02.057917595+00:00,63.07322311401367,0.0,1.0,-0.2493656277656555,50.92659759521485,50.47364807128906,51.401214599609375,51.401214599609375,75.15934753417969,77.22929382324219,77.18600463867188,78.13069915771484,23.86549568176269,24.196685791015625,24.189760208129883,24.34091186523437,0.0059552697247311,-0.0028810721987995,0.0459165887786172,0.0459310120914884,simulator,event_window,False,simulated_measured
1,156.85281014442444,2026-05-07 16:07:02.073040724+00:00,63.425559997558594,0.0,1.0,-0.2512699961662292,51.1600341796875,50.824737548828125,51.40997695922851,51.40997695922851,75.15645599365234,77.22654724121094,77.18179321289062,78.12623596191406,23.86503219604492,24.19624710083008,24.1890869140625,24.340198516845703,0.0049525306799484,-0.001522865378619,0.0402836987169654,0.0402980443516196,simulator,event_window,False,simulated_measured
1,156.86883878707886,2026-05-07 16:07:02.089069366+00:00,63.76085662841797,0.0,1.0,-0.2222270518541336,51.34651184082031,51.19112396240234,51.6506462097168,51.6506462097168,75.1535415649414,77.22380065917969,77.1776351928711,78.1217269897461,23.86456680297852,24.19580841064453,24.18842124938965,24.3394775390625,0.0033116038314353,0.0003864749134747,0.0396575470445528,0.0396718840445013,simulator,event_window,False,simulated_measured
1,156.88414525985718,2026-05-07 16:07:02.104375839+00:00,64.08351135253906,0.0,1.0,-0.1718279719352722,51.60437774658203,51.44416046142578,52.03791809082031,52.03791809082031,75.15060424804688,77.22105407714844,77.17355346679688,78.11711883544922,23.864097595214844,24.195369720458984,24.187767028808597,24.33873748779297,0.0032733542241698,0.000269608173981,0.0421789746482796,0.0421933464190122,simulator,event_window,False,simulated_measured
1,156.90018153190613,2026-05-07 16:07:02.120412111+00:00,64.4122543334961,0.0,1.0,-0.1746826767921447,51.8510627746582,51.72394943237305,52.33429336547851,52.33429336547851,75.14766693115234,77.21830749511719,77.1695327758789,78.11250305175781,23.86362648010254,24.194929122924805,24.18712615966797,24.338001251220703,0.0029243967764511,0.0005768923745701,0.0427652735996337,0.0427796534554976,simulator,event_window,False,simulated_measured
1,156.91539573669434,2026-05-07 16:07:02.135626316+00:00,64.75385284423828,0.0,1.0,-0.1316443979740142,52.10369110107422,51.959720611572266,52.52725601196289,52.52725601196289,75.14472961425781,77.21556091308594,77.1655044555664,78.1078872680664,23.863157272338867,24.194488525390625,24.18648147583008,24.33726119995117,0.0024942932813696,-0.0001646609033065,0.0410888481537614,0.0411032048915209,simulator,event_window,False,simulated_measured
1,156.93123531341553,2026-05-07 16:07:02.151465893+00:00,65.16143798828125,0.0,1.0,-0.1155151203274726,52.40400314331055,52.28056716918945,52.79649353027344,52.79649353027344,75.14120483398438,77.21226501464844,77.16059875488281,78.10244750976562,23.862592697143555,24.19396209716797,24.18569564819336,24.33639144897461,0.001965658759317,-0.0002833615923719,0.039879733973142,0.0398940740370747,simulator,event_window,False,simulated_measured
1,156.94616270065308,2026-05-07 16:07:02.166393280+00:00,65.49613189697266,0.0,1.0,-0.0977260321378707,52.61466217041016,52.56514358520508,53.10910034179688,53.10910034179688,75.13826751708984,77.20951843261719,77.1563720703125,78.09798431396484,23.86212158203125,24.193523406982425,24.185020446777344,24.335678100585938,0.0008527040143004,2.1857884434206557e-05,0.0406914509334315,0.0407058021910367,simulator,event_window,False,simulated_measured
1,156.96155214309692,2026-05-07 16:07:02.181782722+00:00,65.8292007446289,0.0,1.0,-0.0714644864201545,52.88603591918945,52.85033416748047,53.43450546264648,53.43450546264648,75.13533020019531,77.20677185058594,77.1520767211914,78.09358978271484,23.86165237426757,24.193084716796875,24.1843318939209,24.33497428894043,0.0009248371014556,0.0003602928611357,0.0417701429538057,0.041784509086701,simulator,event_window,False,simulated_measured
1,156.97709250450134,2026-05-07 16:07:02.197323084+00:00,66.1527099609375,0.0,1.0,-0.0456036478281021,53.11763000488281,53.12080764770508,53.92050552368164,53.92050552368164,75.13239288330078,77.20402526855469,77.14768981933594,78.0891342163086,23.861183166503903,24.19264411926269,24.183629989624023,24.33426094055176,0.0003917055387727,0.0005627238406515,0.0461043539056369,0.0461187798078113,simulator,event_window,False,simulated_measured
1,156.99314832687378,2026-05-07 16:07:02.213378906+00:00,66.47705078125,0.0,1.0,-0.0339965224266052,53.4343376159668,53.41360092163086,54.29493713378906,54.29493713378906,75.12945556640625,77.20124053955078,77.1432876586914,78.08467102050781,23.8607120513916,24.19219970703125,24.18292617797852,24.33354759216309,0.0014464209924414,0.001169021085501,0.0482292759812474,0.0482437311863472,simulator,event_window,False,simulated_measured
1,157.00838685035706,2026-05-07 16:07:02.228617430+00:00,66.82870483398438,0.0,1.0,-0.0104173868894577,53.73357772827149,53.6941032409668,54.32309722900391,54.32309722900391,75.12651824951172,77.19845581054688,77.13903045654297,78.08026123046875,23.86024284362793,24.19175338745117,24.18224334716797,24.332841873168945,0.0017555246640597,0.0011308367170876,0.0432542752903499,0.0432686618896047,simulator,event_window,False,simulated_measured
1,157.0242760181427,2026-05-07 16:07:02.244506598+00:00,67.2642593383789,0.0,1.0,0.0025946348905563,54.09518051147461,54.09502410888672,54.26448059082031,54.26448059082031,75.12299346923828,77.19511413574219,77.13406372070312,78.07513427734375,23.859678268432617,24.191219329833984,24.18144989013672,24.33202171325684,0.0019665946778169,0.0020750378930822,0.0353804972836246,0.0353947753025538,simulator,event_window,False,simulated_measured
1,157.03922653198242,2026-05-07 16:07:02.259457111+00:00,67.61084747314453,0.0,1.0,-0.0198337733745574,54.35481643676758,54.325138092041016,54.53989028930664,54.53989028930664,75.12003326416016,77.19232940673828,77.12998962402344,78.07089233398438,23.85920524597168,24.190773010253903,24.180797576904297,24.331342697143555,0.0016146921623036,0.0011790398037481,0.0353008596427735,0.0353151365634905,simulator,event_window,False,simulated_measured
1,157.05440998077393,2026-05-07 16:07:02.274640560+00:00,67.9355239868164,0.0,1.0,-0.0091398209333419,54.57429122924805,54.60218811035156,55.06145477294922,55.06145477294922,75.11705780029297,77.18954467773438,77.12586212158203,78.0665512084961,23.85872840881348,24.190326690673828,24.180137634277344,24.33064842224121,0.0008527971436822,0.0014756792023034,0.0402062203306845,0.0402205648969025,simulator,event_window,False,simulated_measured
1,157.06992626190186,2026-05-07 16:07:02.290156841+00:00,68.25419616699219,0.0,1.0,-0.0272733867168426,54.84825134277344,54.8018798828125,55.62652969360352,55.62652969360352,75.11407470703125,77.18675994873047,77.12171173095703,78.0620346069336,23.858251571655277,24.18988037109375,24.179473876953125,24.32992553710937,0.0011806846531954,0.000445395416698,0.045975001029235,0.0459894251476178,simulator,event_window,False,simulated_measured
1,157.08604311943054,2026-05-07 16:07:02.306273699+00:00,68.58858489990234,0.0,1.0,-0.0328195393085479,55.09056091308594,55.071102142333984,56.00898742675781,56.00898742675781,75.1110610961914,77.18397521972656,77.11752319335938,78.05751037597656,23.85776901245117,24.189435958862305,24.17880249023437,24.329200744628903,0.0007011160195733,0.0004588147041042,0.0480320711120854,0.048046523597707,simulator,event_window,False,simulated_measured
1,157.10126972198486,2026-05-07 16:07:02.321500301+00:00,68.92864990234375,0.0,1.0,-0.0232021659612655,55.36679458618164,55.35868453979492,56.29408264160156,56.29408264160156,75.10804748535156,77.18115997314453,77.11328887939453,78.0530014038086,23.857288360595703,24.18898582458496,24.17812728881836,24.328479766845703,0.0007570117119872,0.0007216120720452,0.0481698625881692,0.0481843169739513,simulator,event_window,False,simulated_measured
1,157.11732721328735,2026-05-07 16:07:02.337557793+00:00,69.35347747802734,0.0,1.0,-0.02951280772686,55.7431640625,55.67989730834961,56.43683242797851,56.43683242797851,75.10442352294922,77.17778778076172,77.10823059082031,78.04773712158203,23.856708526611328,24.188446044921875,24.177316665649418,24.32763671875,0.0013880553551166,0.0003626610051812,0.0443909089424299,0.0444053112159967,simulator,event_window,False,simulated_measured
1,157.13350892066956,2026-05-07 16:07:02.353739500+00:00,69.71073150634766,0.0,1.0,-0.017917513847351,56.037559509277344,55.9975700378418,56.54275894165039,56.54275894165039,75.10137176513672,77.1749267578125,77.10405731201172,78.04344177246094,23.856220245361328,24.18798828125,24.17664909362793,24.326950073242188,0.0015176460598969,0.0009141551268347,0.0409887830140645,0.041003138371914,simulator,event_window,False,simulated_measured
1,157.14927411079407,2026-05-07 16:07:02.369504690+00:00,70.06066131591797,0.0,1.0,-0.010311335325241,56.34812545776367,56.33818817138672,56.74571990966797,56.74571990966797,75.09832000732422,77.17208099365234,77.09991455078125,78.0392074584961,23.855731964111328,24.18753242492676,24.175987243652344,24.32627296447754,0.0020381883310516,0.0019728024502343,0.0395073681351607,0.0395217030641248,simulator,event_window,False,simulated_measured
1,157.1652479171753,2026-05-07 16:07:02.385478497+00:00,70.47428894042969,0.0,1.0,0.002955749630928,56.7009391784668,56.6861457824707,57.0819206237793,57.0819206237793,75.09464263916016,77.16869354248047,77.09498596191406,78.03416442871094,23.85514259338379,24.18699073791504,24.17519760131836,24.32546615600586,0.0023942860772148,0.0022441182052166,0.0395289029303407,0.0395432381562723,simulator,event_window,False,simulated_measured
1,157.179913520813,2026-05-07 16:07:02.400144100+00:00,70.818359375,0.0,1.0,-0.0077909231185913,56.92802810668945,56.926300048828125,57.40373992919922,57.40373992919922,75.091552734375,77.16576385498047,77.09087371826172,78.02996826171875,23.85464859008789,24.1865234375,24.17453956604004,24.32479476928711,0.0015192750181303,0.0016001611533107,0.0403105938491745,0.0403249398547158,simulator,event_window,False,simulated_measured
1,157.19536185264587,2026-05-07 16:07:02.415592432+00:00,71.15779876708984,0.0,1.0,0.0037644952535629,57.22818374633789,57.19096755981445,57.81316757202149,57.81316757202149,75.08846282958984,77.16282653808594,77.08675384521484,78.02572631835938,23.854154586791992,24.18605232238769,24.17388153076172,24.324115753173828,0.0019971599708992,0.0014568204449272,0.0427326066364952,0.0427469860418778,simulator,event_window,False,simulated_measured
1,157.21049571037292,2026-05-07 16:07:02.430726290+00:00,71.4925537109375,0.0,1.0,0.000106081366539,57.48797607421875,57.461692810058594,58.27435302734375,58.27435302734375,75.08537292480469,77.1598892211914,77.08259582519531,78.02139282226562,23.853660583496097,24.18558120727539,24.17321395874023,24.323421478271484,0.0018327884881956,0.0014860293983982,0.0461292484044906,0.0461436746499632,simulator,event_window,False,simulated_measured
1,157.22657537460327,2026-05-07 16:07:02.446805954+00:00,71.82958984375,0.0,1.0,0.0118768066167831,57.70977783203125,57.76517868041992,58.686485290527344,58.686485290527344,75.08228302001953,77.15695190429688,77.0783920288086,78.01702880859375,23.85316467285156,24.18511199951172,24.172542572021484,24.322723388671875,0.0009791892747343,0.0020514574883438,0.0485844385450535,0.0485988986478869,simulator,event_window,False,simulated_measured
1,157.2422740459442,2026-05-07 16:07:02.462504625+00:00,72.17735290527344,0.0,1.0,0.0109972059726715,58.05876922607422,58.04782485961914,58.93396759033203,58.93396759033203,75.07919311523438,77.15400695800781,77.07418823242188,78.0127182006836,23.852670669555664,24.184640884399418,24.17187118530273,24.32203483581543,0.0021804058453915,0.0021028330973049,0.0479327759549725,0.0479472270713021,simulator,event_window,False,simulated_measured
1,157.25762391090393,2026-05-07 16:07:02.477854490+00:00,72.6101303100586,0.0,1.0,0.003052681684494,58.43595504760742,58.39747619628906,59.05538940429688,59.05538940429688,75.07547760009766,77.15043640136719,77.06929016113281,78.0075912475586,23.852075576782227,24.184070587158203,24.171085357666016,24.32121467590332,0.0026791005272377,0.0021302036389276,0.0438329832629078,0.0438473778426138,simulator,event_window,False,simulated_measured
1,157.27318334579468,2026-05-07 16:07:02.493413925+00:00,72.9749755859375,0.0,1.0,-0.0204559415578842,58.70781326293945,58.66682052612305,59.14223861694336,59.14223861694336,75.07234954833984,77.14742279052734,77.06535339355469,78.00334167480469,23.85157585144043,24.18358612060547,24.170455932617188,24.320533752441406,0.002307496132005,0.0017189353997606,0.0401416693304883,0.0401560130065405,simulator,event_window,False,simulated_measured
1,157.28937458992004,2026-05-07 16:07:02.509605168+00:00,73.34776306152344,0.0,1.0,-0.0220115482807159,58.93798828125,58.89489364624024,59.157020568847656,59.157020568847656,75.06918334960938,77.1443862915039,77.0615005493164,77.999267578125,23.8510684967041,24.18310165405273,24.16983985900879,24.319881439208984,0.0011230650769193,0.0005022232491103,0.0351138358452589,0.0351281101868956,simulator,event_window,False,simulated_measured
1,157.3052966594696,2026-05-07 16:07:02.525527239+00:00,73.7033462524414,0.0,1.0,-0.0291560739278793,59.19744110107422,59.20737075805664,59.486961364746094,59.486961364746094,75.06598663330078,77.1413345336914,77.05763244628906,77.99520874023438,23.850557327270508,24.18261337280273,24.169219970703125,24.319232940673828,0.0006789419980797,0.0009580098618466,0.0358652729590251,0.0358795576630679,simulator,event_window,False,simulated_measured
1,157.32082223892212,2026-05-07 16:07:02.541052818+00:00,74.10086059570312,0.0,1.0,-0.0162154585123062,59.52141571044922,59.46821212768555,60.13999176025391,60.13999176025391,75.06214141845703,77.13771057128906,77.0528793334961,77.99016571044922,23.849943161010746,24.18203353881836,24.168460845947266,24.31842613220215,0.0007579137303537,-2.5513115379682816e-05,0.0416187926041664,0.0416331566499226,simulator,event_window,False,simulated_measured
1,157.3362317085266,2026-05-07 16:07:02.556462288+00:00,74.43488311767578,0.0,1.0,-0.0047011673450469,59.82485580444336,59.83161163330078,60.55660629272461,60.55660629272461,75.05896759033203,77.13478088378906,77.04878997802734,77.9859619140625,23.84943389892578,24.181564331054688,24.16780662536621,24.31775283813477,0.0013460346980451,0.0015703975691361,0.0441279273785948,0.0441423260256148,simulator,event_window,False,simulated_measured
1,157.35196352005005,2026-05-07 16:07:02.572194099+00:00,74.78215026855469,0.0,1.0,0.0070997178554534,60.08070373535156,60.08522415161133,60.87133026123047,60.87133026123047,75.0557632446289,77.13175964355469,77.04463195800781,77.98180389404297,23.848922729492188,24.181081771850582,24.16714096069336,24.317089080810547,0.0009585532517963,0.0011451012666137,0.0446806208237542,0.0446950270924819,simulator,event_window,False,simulated_measured
1,157.36703538894653,2026-05-07 16:07:02.587265968+00:00,75.14801788330078,0.0,1.0,0.0087418258190155,60.40045928955078,60.32486724853515,60.93423461914063,60.93423461914063,75.05255889892578,77.12870788574219,77.0405502319336,77.97779083251953,23.84840965270996,24.180593490600582,24.166488647460938,24.31644630432129,0.0013865261745897,0.000244413325332,0.0406687769382918,0.04068312788322,simulator,event_window,False,simulated_measured
1,157.38257360458374,2026-05-07 16:07:02.602804184+00:00,75.50682830810547,0.0,1.0,-0.0189298242330551,60.64842224121094,60.66367721557617,61.154693603515625,61.154693603515625,75.04939270019531,77.12565612792969,77.03650665283203,77.9737548828125,23.847902297973636,24.180105209350582,24.16584014892578,24.31579971313477,0.0007193833624297,0.0010823254242156,0.0394707209622733,0.0394850553858685,simulator,event_window,False,simulated_measured
1,157.39818453788757,2026-05-07 16:07:02.618415117+00:00,75.84584045410156,0.0,1.0,0.0014850795269012,61.05818557739258,60.896244049072266,61.61951446533203,61.61951446533203,75.04671478271484,77.12260437011719,77.03246307373047,77.96957397460938,23.84747314453125,24.179616928100582,24.16519355773925,24.31513214111328,0.0029774272002083,0.0004284382441472,0.0426899751781908,0.0427043539956806,simulator,event_window,False,simulated_measured
1,157.4142346382141,2026-05-07 16:07:02.634465218+00:00,76.23248291015625,0.0,0.0,-0.0302924364805221,61.441383361816406,61.29710006713867,61.2739372253418,61.2739372253418,75.04368591308594,77.11894226074219,77.02747344970703,77.96441650390625,23.84698867797852,24.179031372070312,24.16439437866211,24.314306259155277,0.0041531451447813,0.0019064056509703,0.031583569993097,0.0315977956519519,simulator,event_window,False,simulated_measured
1,157.42982363700867,2026-05-07 16:07:02.650054216+00:00,76.46698760986328,0.0,0.0,-0.0544304996728897,61.53921890258789,61.56900787353515,58.589500427246094,58.32202911376953,75.04093933105469,77.11589050292969,77.0230712890625,77.96022033691406,23.84654998779297,24.178543090820312,24.16369247436523,24.313634872436523,0.002667713316697,0.0032645417978642,-0.0166355416178197,-0.0211112735011591,simulator,event_window,False,simulated_measured
1,157.44491147994995,2026-05-07 16:07:02.665142059+00:00,76.36273956298828,0.0,0.0,-0.0507156103849411,61.395843505859375,61.39743423461914,59.600215911865234,59.600215911865234,75.03804016113281,77.11283111572266,77.01858520507812,77.95623016357422,23.846086502075195,24.17805290222168,24.162973403930664,24.31299591064453,0.0016972983190275,0.0018345651139042,0.0016938946413658,0.0017077081180796,simulator,event_window,False,simulated_measured
1,157.46043753623962,2026-05-07 16:07:02.680668116+00:00,76.28524017333984,0.0,0.0,-0.0211732238531112,61.278099060058594,61.26458358764648,59.72037506103515,59.72037506103515,75.03514862060547,77.1097412109375,77.01407623291016,77.95225524902344,23.845623016357425,24.17755889892578,24.16225242614746,24.312360763549805,0.0007919400511982,0.0006823912039759,0.004733083895122,0.0047469392826133,simulator,event_window,False,simulated_measured
1,157.475515127182,2026-05-07 16:07:02.695745707+00:00,76.27621459960938,0.0,0.0,0.0080274241045117,61.2703742980957,61.218204498291016,59.34732055664063,59.34732055664063,75.03231811523438,77.10665130615234,77.00947570800781,77.94820404052734,23.845170974731445,24.17706298828125,24.161516189575195,24.31171226501465,0.0007841857669714,4.316384632852e-05,-0.0014250245318592,-0.0014112540654079,simulator,event_window,False,simulated_measured
1,157.49083423614502,2026-05-07 16:07:02.711064816+00:00,76.23562622070312,0.0,0.0,0.0701921284198761,61.20948791503906,61.21537399291992,59.40251541137695,59.40251541137695,75.029541015625,77.1035385131836,77.0048599243164,77.94403076171875,23.8447265625,24.17656707763672,24.160778045654297,24.311044692993164,0.0003219686485396,0.0005293308512595,3.582399477219944e-05,4.9614606496550806e-05,simulator,event_window,False,simulated_measured
1,157.50689005851746,2026-05-07 16:07:02.727120638+00:00,76.1799545288086,0.0,0.0,0.160534992814064,61.13124084472656,61.23374176025391,59.404579162597656,59.404579162597656,75.02632904052734,77.09976959228516,76.99932098388672,77.93901824951172,23.84421157836914,24.17596435546875,24.15989112854004,24.31024169921875,-0.0002266989955749,0.0015609393174875,0.0008014105006677,0.00081521166992,simulator,event_window,False,simulated_measured
1,157.52317309379578,2026-05-07 16:07:02.743403673+00:00,76.13629913330078,0.0,0.0,0.2389764636754989,61.05175018310547,61.31378936767578,59.2545280456543,59.46853256225586,75.02376556396484,77.09678649902344,76.99482727050781,77.93498229980469,23.84380340576172,24.17548561096191,24.15917205810547,24.30959701538086,-0.0009542227912602,0.0034452570889189,-0.0011541373352154,0.0024671328808754,simulator,event_window,False,simulated_measured
1,157.53878903388977,2026-05-07 16:07:02.759019613+00:00,76.0880355834961,0.0,0.0,0.2659363448619842,60.972076416015625,61.37347412109375,59.20496368408203,59.42985916137695,75.02127838134766,77.09392547607422,76.99049377441406,77.93112182617188,23.84340476989746,24.17502784729004,24.158477783203125,24.308979034423828,-0.0016251180392887,0.0050591588731443,-0.0013565874297821,0.002450674763456,simulator,event_window,False,simulated_measured
1,157.55428814888,2026-05-07 16:07:02.774518728+00:00,76.0389633178711,0.0,0.0,0.3590838313102722,60.895503997802734,61.40462875366211,59.09025192260742,59.484107971191406,75.0189208984375,77.09117126464844,76.98599243164062,77.92737579345703,23.843027114868164,24.17458724975586,24.157758712768555,24.308380126953125,-0.0022354386445436,0.0062183018296693,-0.0026482625532229,0.0040132615061854,simulator,event_window,False,simulated_measured
1,157.56954383850098,2026-05-07 16:07:02.789774418+00:00,75.98410034179688,0.0,0.0,0.393577516078949,60.84612274169922,61.51039123535156,58.98761749267578,59.56819152832031,75.01663208007812,77.08856964111328,76.98133850097656,77.92354583740234,23.842660903930664,24.174171447753903,24.157012939453125,24.30776596069336,-0.0023247097595524,0.0086791717738905,-0.0036617030270025,0.0061584357584107,simulator,event_window,False,simulated_measured
1,157.5856122970581,2026-05-07 16:07:02.805842876+00:00,75.9144287109375,0.0,0.0,0.4322731792926788,60.66460418701172,61.66447830200195,58.941890716552734,59.7182731628418,75.01374816894531,77.08558654785156,76.97575378417969,77.91883850097656,23.842199325561523,24.173694610595703,24.15612030029297,24.30701446533203,-0.004388113814242,0.0121340208779203,-0.0035203613892177,0.0096191886490957,simulator,event_window,False,simulated_measured
1,157.60035800933838,2026-05-07 16:07:02.820588589+00:00,75.85330200195312,0.0,0.0,0.4855043590068817,60.62451934814453,61.78257751464844,58.87021255493164,59.84706115722656,75.01126861572266,77.08341217041016,76.97109985351562,77.91490173339844,23.8418025970459,24.1733455657959,24.15537643432617,24.306385040283203,-0.0042441879126228,0.0148896448053958,-0.0039301213009139,0.0126118866353248,simulator,event_window,False,simulated_measured
1,157.61596632003784,2026-05-07 16:07:02.836196899+00:00,75.79391479492188,0.0,0.0,0.505280077457428,60.55563354492188,61.87651824951172,58.831634521484375,59.93385696411133,75.00862884521484,77.0811538696289,76.96644592285156,77.91106414794922,23.841381072998047,24.172985076904297,24.15463256835937,24.30577087402344,-0.0045963117604332,0.0172292008224546,-0.0038029079116748,0.0148750389612137,simulator,event_window,False,simulated_measured
1,157.6315381526947,2026-05-07 16:07:02.851768732+00:00,75.7342758178711,0.0,0.0,0.6098228693008423,60.482906341552734,61.85069274902344,58.79263305664063,60.03378677368164,75.00581359863281,77.07874298095703,76.9617919921875,77.9073486328125,23.840930938720703,24.17259979248047,24.153886795043945,24.30517578125,-0.0050088739471061,0.0176053482124616,-0.0036793584632144,0.0173676984590447,simulator,event_window,False,simulated_measured
1,157.6466999053955,2026-05-07 16:07:02.866930485+00:00,75.7342758178711,0.0,0.0,0.6098228693008423,60.482906341552734,61.85069274902344,58.79263305664063,60.03378677368164,75.00581359863281,77.07874298095703,76.9617919921875,77.9073486328125,23.840930938720703,24.17259979248047,24.153886795043945,24.30517578125,-0.0050088739471061,0.0176053482124616,-0.0036793584632144,0.0173676984590447,simulator,event_window,False,simulated_measured
1,157.6622257232666,2026-05-07 16:07:02.882456303+00:00,75.7342758178711,0.0,0.0,0.6098228693008423,60.482906341552734,61.85069274902344,58.79263305664063,60.03378677368164,75.00581359863281,77.07874298095703,76.9617919921875,77.9073486328125,23.840930938720703,24.17259979248047,24.153886795043945,24.30517578125,-0.0050088739471061,0.0176053482124616,-0.0036793584632144,0.0173676984590447,simulator,event_window,False,simulated_measured
1,157.6773443222046,2026-05-07 16:07:02.897574902+00:00,74.94889068603516,0.7508978843688965,0.0,0.2571475505828857,49.59342956542969,52.87392425537109,56.62862014770508,59.09931564331055,75.00153350830078,77.07495880126953,76.95527648925781,77.90239715576172,23.84024429321289,24.17199325561523,24.1528434753418,24.30438232421875,-0.1756000330298202,-0.1209701463485007,-0.0302953806239161,0.0120265958802168,simulator,event_window,False,simulated_measured
1,157.69256067276,2026-05-07 16:07:02.912791252+00:00,73.88176727294922,0.0991156846284866,0.0,0.4079777896404266,55.86090087890625,47.164527893066406,58.428558349609375,59.431034088134766,74.99311828613281,77.0667495727539,76.94415283203125,77.89329528808594,23.838897705078125,24.17068099975586,24.151063919067383,24.30292701721191,-0.0580026248765275,-0.2045635176600519,0.0149779085328138,0.0324064159865624,simulator,event_window,False,simulated_measured
1,157.70847940444946,2026-05-07 16:07:02.928709984+00:00,73.81133270263672,0.0403808541595935,0.0,0.3235088586807251,55.471435546875,43.79303359985352,57.703857421875,58.67794799804688,74.98920440673828,77.06291961669922,76.93951416015625,77.88917541503906,23.83827209472656,24.170066833496097,24.15032196044922,24.302268981933597,-0.0636776482250485,-0.2607194622726038,0.0033454685261367,0.020296869907618,simulator,event_window,False,simulated_measured
1,157.72458744049072,2026-05-07 16:07:02.944818020+00:00,73.73987579345703,0.0,0.0,0.246474951505661,55.471435546875,43.79303359985352,58.16716003417969,58.62963104248047,74.98592376708984,77.0597152709961,76.93563842773438,77.88578033447266,23.83774757385254,24.1695556640625,24.149702072143555,24.30172348022461,-0.0627703141600835,-0.2600030696604076,0.0123813890373158,0.0204446254318977,simulator,event_window,False,simulated_measured
1,157.7402024269104,2026-05-07 16:07:02.960433006+00:00,73.7281723022461,0.0,0.0,0.0988005921244621,55.471435546875,43.79303359985352,57.74607467651367,58.13160705566406,74.9825668334961,77.05651092529297,76.9317855834961,77.88240814208984,23.83721160888672,24.16904067993164,24.14908599853516,24.30118560791016,-0.0626215398307011,-0.259885603740666,0.0052120693384078,0.0119371605716069,simulator,event_window,False,simulated_measured
1,157.75532817840576,2026-05-07 16:07:02.975558758+00:00,73.70328521728516,0.0,0.0,0.1230455487966537,55.471435546875,43.79303359985352,57.50947570800781,58.02256393432617,74.97920989990234,77.05330657958984,76.92784118652344,77.87842559814453,23.836673736572266,24.168529510498047,24.14845466613769,24.3005485534668,-0.0623050191042502,-0.2596356923587484,0.001431519077812,0.0103800271100353,simulator,event_window,False,simulated_measured
1,157.77085137367249,2026-05-07 16:07:02.991081953+00:00,73.6351318359375,0.1642784625291824,0.0,0.1857153177261352,55.81022262573242,42.1787338256836,57.19388961791992,57.59873962402344,74.97518157958984,77.04945373535156,76.92301177978516,77.87353515625,23.83602905273437,24.167911529541016,24.147682189941406,24.299766540527344,-0.0557049376415806,-0.2862670294316123,-0.0031420919955508,0.0039280641084942,simulator,event_window,False,simulated_measured
1,157.78645420074463,2026-05-07 16:07:03.006684780+00:00,73.50123596191406,0.305390328168869,0.0,0.3257606625556946,54.616241455078125,35.84880447387695,56.577186584472656,56.98817443847656,74.97183990478516,77.04621124267578,76.91893005371094,77.86969757080078,23.835494995117188,24.16739273071289,24.147029876708984,24.29915237426757,-0.0742233976932793,-0.3922746891494763,-0.0120945081011684,-0.0049044452594042,simulator,event_window,False,simulated_measured
1,157.80157470703125,2026-05-07 16:07:03.021805286+00:00,73.01292419433594,1.0,0.0,0.1014495491981506,44.18133163452149,48.809791564941406,55.13096618652344,55.59614562988281,74.96852111816406,77.04402160644531,76.91532135009766,77.86615753173828,23.834962844848636,24.16704368591309,24.14645004272461,24.298583984375,-0.2460924516490794,-0.1670201416377147,-0.0309090105704251,-0.0227186192456583,simulator,event_window,False,simulated_measured
1,157.81683778762817,2026-05-07 16:07:03.037068367+00:00,72.31260681152344,1.0,0.0,0.3990029990673065,54.7575798034668,54.58800506591797,54.43219375610352,54.17699432373047,74.96543884277344,77.0434341430664,76.91134643554688,77.86215209960938,23.834470748901367,24.16695022583008,24.145814895629883,24.29794311523437,-0.0565709180387216,-0.0593880434390574,-0.0339257324509361,-0.0384418069791465,simulator,event_window,False,simulated_measured
1,157.83225750923157,2026-05-07 16:07:03.052488089+00:00,71.66423034667969,1.0,0.0,0.2236309051513672,42.74628829956055,56.33280944824219,53.67586135864258,55.35553359985352,74.96218872070312,77.04200744628906,76.90721130371094,77.8579330444336,23.83395004272461,24.16672134399414,24.145153045654297,24.29726791381836,-0.2568525326136194,-0.0205410036648902,-0.0387302501725475,-0.0086356812464103,simulator,event_window,False,simulated_measured
1,157.84762692451477,2026-05-07 16:07:03.067857504+00:00,70.97802734375,1.0,0.0,0.3700783252716064,51.73296737670898,47.756160736083984,53.81147384643555,53.79012298583984,74.95884704589844,77.04077911376953,76.90283203125,77.8536376953125,23.833415985107425,24.16652488708496,24.14445304870605,24.296581268310547,-0.0919233728341752,-0.1616357129879965,-0.0269847289772809,-0.0273573810599704,simulator,event_window,False,simulated_measured
1,157.86311984062195,2026-05-07 16:07:03.083350420+00:00,70.366943359375,0.8322131633758545,0.0,0.4015587866306305,43.34752655029297,51.489501953125,54.071102142333984,50.071624755859375,74.95565795898438,77.0396728515625,76.8982925415039,77.84898376464844,23.832904815673828,24.16634750366211,24.143726348876957,24.29583740234375,-0.2325065680124688,-0.0882468041142519,-0.0137994736760324,-0.0867331773026052,simulator,event_window,False,simulated_measured
1,157.8782868385315,2026-05-07 16:07:03.098517418+00:00,69.83866882324219,0.9800184965133668,0.0,0.3565863668918609,50.36717987060547,51.262840270996094,52.87432861328125,46.9896354675293,74.9529800415039,77.03811645507812,76.893798828125,77.84429931640625,23.83247756958008,24.166099548339844,24.143007278442383,24.29508781433105,-0.1014738632679795,-0.0853940932804577,-0.0283326555150732,-0.1364632867445439,simulator,event_window,False,simulated_measured
1,157.89381909370422,2026-05-07 16:07:03.114049673+00:00,69.08158874511719,0.8540351390838623,0.0,0.2457193434238433,48.960208892822266,46.75469970703125,50.96537780761719,49.65827178955078,74.94938659667969,77.03508758544922,76.88832092285156,77.83866882324219,23.83190155029297,24.16561508178711,24.14213180541992,24.29418563842773,-0.11700147575215,-0.1566841855545631,-0.0531490367402459,-0.077420144857119,simulator,event_window,False,simulated_measured
1,157.90952348709106,2026-05-07 16:07:03.129754066+00:00,68.62757873535156,0.8000683784484863,0.0,0.4480440020561218,48.19220733642578,47.81913757324219,53.74604797363281,44.02256774902344,74.94656372070312,77.03223419189453,76.8837661743164,77.83397674560547,23.831449508666992,24.16515731811523,24.141403198242188,24.29343605041504,-0.1251025020487832,-0.1317788679786959,0.0051168485171524,-0.1767127740453028,simulator,event_window,False,simulated_measured
1,157.92452311515808,2026-05-07 16:07:03.144753695+00:00,68.18488311767578,0.3365026414394378,0.0,0.1699490845203399,49.58742141723633,41.3900032043457,49.037841796875,52.05725860595703,74.94341278076172,77.02925872802734,76.879150390625,77.82984924316406,23.83094596862793,24.16468048095703,24.140663146972656,24.29277610778809,-0.0939285263692929,-0.2436293831494882,-0.0769782344679778,-0.0201313189682926,simulator,event_window,False,simulated_measured
1,157.94023633003235,2026-05-07 16:07:03.160466909+00:00,67.74629211425781,0.3108207285404205,0.0,0.3895519375801086,49.04122543334961,33.90738296508789,51.43821334838867,52.376766204833984,74.94024658203125,77.02628326416016,76.87442016601562,77.82698059082031,23.8304386138916,24.16420555114746,24.139907836914062,24.29231643676757,-0.0981074159137089,-0.3763570308153836,-0.0255287304338704,-0.007734631906179,simulator,event_window,False,simulated_measured
1,157.95551133155823,2026-05-07 16:07:03.175741911+00:00,67.5215072631836,0.3510312736034393,0.0,0.3792067766189575,47.45206069946289,25.95391845703125,51.31405258178711,51.99615097045898,74.93708038330078,77.02330780029297,76.86968994140625,77.82286071777344,23.829933166503903,24.16372871398925,24.13915061950684,24.291656494140625,-0.1244277646352465,-0.5210522944887805,-0.0246446268295796,-0.0116659658791321,simulator,event_window,False,simulated_measured
1,157.97110152244568,2026-05-07 16:07:03.191332102+00:00,67.23258972167969,0.4157122671604156,0.0,0.3574586510658264,46.407508850097656,16.75790023803711,49.64834976196289,52.633079528808594,74.93401336669922,77.02033233642578,76.86495971679688,77.81900024414062,23.82944107055664,24.163253784179688,24.13839340209961,24.291038513183597,-0.1400217872709768,-0.6894246022059765,-0.0522502643661408,0.0047398421187165,simulator,event_window,False,simulated_measured
1,157.9862036705017,2026-05-07 16:07:03.206434250+00:00,66.82064819335938,0.8367760181427002,0.0,0.3343453407287597,45.312767028808594,22.542999267578125,46.91777420043945,51.57598876953125,74.93111419677734,77.01736450195312,76.8602294921875,77.81532287597656,23.828977584838867,24.162776947021484,24.137636184692383,24.290451049804688,-0.155131862968785,-0.5796333030096287,-0.0988534779147443,-0.0093698044003222,simulator,event_window,False,simulated_measured
1,158.0015504360199,2026-05-07 16:07:03.221781015+00:00,66.43960571289062,0.4857529699802398,0.0,0.4197836816310882,48.49734878540039,20.035737991333008,43.38175582885742,52.23471832275391,74.92848205566406,77.0144271850586,76.85549926757812,77.8111801147461,23.828556060791016,24.16230773925781,24.13687896728516,24.28978729248047,-0.09056851898351,-0.6242442917291458,-0.1619908251911196,0.0090365407966712,simulator,event_window,False,simulated_measured
1,158.01693439483645,2026-05-07 16:07:03.237164974+00:00,66.03341674804688,0.5706900358200073,0.0,0.2895966470241546,42.53975296020508,15.031709671020508,44.01926040649414,50.640167236328125,74.92488861083984,77.01092529296875,76.84982299804688,77.80594635009766,23.82798194885254,24.16174697875977,24.135971069335938,24.288951873779297,-0.1973795393921502,-0.716357111654041,-0.1444455268110845,-0.0157485913064766,simulator,event_window,False,simulated_measured
1,158.03328251838684,2026-05-07 16:07:03.253513098+00:00,65.74169921875,0.223352313041687,0.0,0.1902608126401901,47.86557388305664,11.467533111572266,45.579246520996094,50.91128158569336,74.92176055908203,77.00802612304688,76.8450927734375,77.8012924194336,23.827482223510746,24.161285400390625,24.135215759277344,24.2882080078125,-0.0928870274594397,-0.7826516401317511,-0.1101948587752256,-0.0060883347818762,simulator,event_window,False,simulated_measured
1,158.04902410507202,2026-05-07 16:07:03.269254684+00:00,65.54192352294922,0.1437438428401947,0.0,0.1804288029670715,46.98728561401367,7.371268749237059,46.51057052612305,51.27029037475586,74.91863250732422,77.005126953125,76.84034729003906,77.79663848876953,23.826980590820312,24.16082000732422,24.134456634521484,24.28746223449707,-0.1068174969291565,-0.8598637950535053,-0.0892458093195623,0.0039712523942068,simulator,event_window,False,simulated_measured
1,158.06428265571594,2026-05-07 16:07:03.284513235+00:00,65.36837005615234,0.0322814658284187,0.0,0.0814967080950737,45.938907623291016,5.464387893676758,49.51348114013672,49.87191009521485,74.9155044555664,77.00222778320312,76.83561706542969,77.79198455810547,23.82648086547852,24.160356521606445,24.133697509765625,24.28671646118164,-0.1244276457928985,-0.8958399561684351,-0.0278696556648465,-0.0208188842804053,simulator,event_window,False,simulated_measured
1,158.07981371879578,2026-05-07 16:07:03.300044298+00:00,65.2647476196289,0.0,0.0,0.1054428666830062,45.88752746582031,5.413009166717529,50.93038940429688,49.03329849243164,74.91175079345703,76.99874877929688,76.82994079589844,77.7863998413086,23.82588005065918,24.159799575805664,24.132789611816406,24.285823822021484,-0.1240183127968335,-0.8966554950515588,0.0015370690224949,-0.0357555902221861,simulator,event_window,False,simulated_measured
1,158.09573197364807,2026-05-07 16:07:03.315962553+00:00,65.22701263427734,0.0,0.0,0.1367337554693222,45.88752746582031,5.413009166717529,50.44052505493164,49.18788146972656,74.90862274169922,76.995849609375,76.82521057128906,77.78174591064453,23.82537841796875,24.15933609008789,24.13203430175781,24.285079956054688,-0.1235115418318625,-0.8965957084198721,-0.00752219240499,-0.0321561103403641,simulator,event_window,False,simulated_measured
1,158.11132192611694,2026-05-07 16:07:03.331552505+00:00,65.16981506347656,0.0863940343260765,0.0,0.2025672495365142,45.763614654541016,4.222576141357422,50.28676986694336,48.923072814941406,74.9054946899414,76.99295043945312,76.82046508789062,77.77709197998047,23.824878692626957,24.158870697021484,24.131275177001957,24.28433418273925,-0.1251111855388215,-0.9192656616342956,-0.0096790976266851,-0.036521735835348,simulator,event_window,False,simulated_measured
1,158.12738013267517,2026-05-07 16:07:03.347610712+00:00,65.08507537841797,0.1541919708251953,0.0,0.2584609389305115,44.8818588256836,1.1894068717956543,49.819969177246094,48.9503288269043,74.9023666381836,76.99003601074219,76.81571197509766,77.7724380493164,23.82437896728516,24.15840530395508,24.13051414489746,24.28359031677246,-0.140851065577143,-0.9772293031914376,-0.017594609856638,-0.0347298314930055,simulator,event_window,False,simulated_measured
1,158.14217138290405,2026-05-07 16:07:03.362401962+00:00,64.84236907958984,0.1212052628397941,0.0,0.474543035030365,45.610137939453125,0.0,49.98095703125,51.11903762817383,74.89922332763672,76.98709106445312,76.81114959716797,77.76800537109375,23.823875427246097,24.157934188842773,24.129783630371097,24.28288078308105,-0.1236420224084177,-1.0,-0.0107310272565218,0.0118088611885054,simulator,event_window,False,simulated_measured
1,158.15793371200562,2026-05-07 16:07:03.378164291+00:00,64.68582153320312,0.4158567786216736,0.0,0.4962451457977295,48.915260314941406,0.0,49.92547607421875,50.436519622802734,74.89655303955078,76.98408508300781,76.80664825439453,77.76409149169922,23.823448181152344,24.157453536987305,24.12906265258789,24.28225326538086,-0.0578624716744251,-1.0,-0.0094376637909255,0.0007156585738421,simulator,event_window,False,simulated_measured
1,158.1733319759369,2026-05-07 16:07:03.393562555+00:00,63.73676300048828,1.0,0.0,1.230785608291626,47.36547088623047,13.374521255493164,46.81721496582031,47.92802047729492,74.89945983886719,76.98052978515625,76.8010482788086,77.76058959960938,23.82391357421875,24.156883239746097,24.12816619873047,24.281694412231445,-0.0741281317886485,-0.7385338141299104,-0.0572766454767813,-0.0348958743057193,simulator,event_window,False,simulated_measured
1,158.18938040733337,2026-05-07 16:07:03.409610987+00:00,62.75739288330078,1.0,0.0,0.3679395318031311,42.35610580444336,33.435916900634766,42.22270965576172,49.61371612548828,74.89852142333984,76.97769165039062,76.79627990722656,77.75682067871094,23.82376289367676,24.156429290771484,24.127403259277344,24.281089782714844,-0.1591274726678156,-0.3361413273148061,-0.1365247343694056,0.0146389900431667,simulator,event_window,False,simulated_measured
1,158.20444202423096,2026-05-07 16:07:03.424672604+00:00,62.31349182128906,0.4796120524406433,0.0,0.6415389180183411,33.46189880371094,49.14084243774414,39.8914680480957,48.65519714355469,74.89558410644531,76.97512817382812,76.79151153564453,77.75410461425781,23.82329368591309,24.156021118164062,24.12664031982422,24.280656814575195,-0.3309670215322136,-0.0173750236917323,-0.1783882809795626,0.0021248499937689,simulator,event_window,False,simulated_measured
1,158.21997165679932,2026-05-07 16:07:03.440202236+00:00,62.119266510009766,0.7113584280014038,0.0,1.0850834846496582,18.80669593811035,42.9375228881836,37.02568435668945,47.91032791137695,74.89263153076172,76.97345733642578,76.7867431640625,77.75096893310547,23.82282066345215,24.15575408935547,24.125877380371097,24.28015518188477,-0.6228056171612488,-0.1387327041600982,-0.2350281222442165,-0.0101314924597335,simulator,event_window,False,simulated_measured
1,158.23528695106506,2026-05-07 16:07:03.455517530+00:00,61.687137603759766,0.8676559925079346,0.0,0.9422606229782104,0.0,48.93799209594727,32.7795524597168,47.85631561279297,74.88965606689453,76.97248077392578,76.78197479248047,77.747314453125,23.82234573364257,24.15559768676757,24.12511444091797,24.279571533203125,-1.0,-0.0114951206100869,-0.3180114308551165,-0.0043210527708786,simulator,event_window,False,simulated_measured
1,158.2510223388672,2026-05-07 16:07:03.471252918+00:00,61.208717346191406,0.8489239811897278,0.0,0.7316223382949829,0.0,40.46677017211914,26.21051597595215,47.0654411315918,74.8860855102539,76.97132873535156,76.77625274658203,77.74201202392578,23.82177352905273,24.155412673950195,24.12419891357422,24.27872085571289,-1.0,-0.1762175154542018,-0.4504199161575267,-0.0131218399035255,simulator,event_window,False,simulated_measured
1,158.267156124115,2026-05-07 16:07:03.487386703+00:00,60.76048278808594,0.7475910186767578,0.0,0.8493964672088623,0.0,41.66564178466797,18.9669132232666,46.945831298828125,74.88311004638672,76.97025299072266,76.771484375,77.73738098144531,23.82129669189453,24.15523910522461,24.123435974121097,24.27798080444336,-1.0,-0.1455549280497617,-0.5993693833327653,-0.0083680731030412,simulator,event_window,False,simulated_measured
1,158.28336930274963,2026-05-07 16:07:03.503599882+00:00,60.29147720336914,0.3359842896461487,0.0,0.6230180263519287,0.0,46.3201904296875,13.457592010498049,46.90370178222656,74.87947845458984,76.96844482421875,76.76576232910156,77.73179626464844,23.82071685791016,24.15495109558105,24.122520446777344,24.277088165283203,-1.0,-0.0427140142274111,-0.7135293539835501,-0.0015510181154562,simulator,event_window,False,simulated_measured
1,158.29872846603394,2026-05-07 16:07:03.518959045+00:00,60.06109237670898,0.0,0.0,0.5392882823944092,0.0,47.051700592041016,12.21517848968506,46.29038619995117,74.87642669677734,76.9666748046875,76.76099395751953,77.72714233398438,23.82022857666016,24.15466690063477,24.12175750732422,24.276342391967773,-1.0,-0.0238661180110433,-0.7389790987677904,-0.0108269840542181,simulator,event_window,False,simulated_measured
1,158.31392979621887,2026-05-07 16:07:03.534160376+00:00,59.91531753540039,0.0,0.0,0.506923258304596,0.0,47.31100463867188,12.290156364440918,46.21540832519531,74.87337493896484,76.9646987915039,76.7562255859375,77.72248840332031,23.81974029541016,24.15435028076172,24.120994567871097,24.275596618652344,-1.0,-0.0160985636937263,-0.7367379630121804,-0.0100264019256265,simulator,event_window,False,simulated_measured
1,158.32971048355105,2026-05-07 16:07:03.549941063+00:00,59.75031280517578,0.4449222683906555,0.0,0.4335692822933197,0.0,45.11413192749024,18.11334228515625,44.80620574951172,74.87032318115234,76.96244812011719,76.7514419555664,77.71781158447266,23.81925201416016,24.15399169921875,24.12023162841797,24.27484893798828,-1.0,-0.0591947948433653,-0.6109305732934456,-0.0375622064255165,simulator,event_window,False,simulated_measured
1,158.34576654434204,2026-05-07 16:07:03.565997124+00:00,59.25465774536133,0.3719756603240967,0.0,0.3501428067684173,0.0,40.408164978027344,37.73799133300781,39.28213882446289,74.86727142333984,76.95990753173828,76.74683380126953,77.71308135986328,23.81876373291016,24.15358543395996,24.11949348449707,24.274093627929688,-1.0,-0.1502837491527657,-0.1826181673970898,-0.1491611432720113,simulator,event_window,False,simulated_measured
1,158.36139225959778,2026-05-07 16:07:03.581622839+00:00,58.96567535400391,0.0,0.0,0.2356759011745453,0.0,45.31792449951172,42.425777435302734,36.76325607299805,74.86421966552734,76.95738983154297,76.74211883544922,77.7083511352539,23.81827545166016,24.15318298339844,24.11874008178711,24.27333641052246,-1.0,-0.0423693799932656,-0.0765801061750861,-0.1998168986485585,simulator,event_window,False,simulated_measured
1,158.37679934501648,2026-05-07 16:07:03.597029924+00:00,58.806297302246094,0.0,0.0,0.3876732885837555,0.0,46.95816802978515,42.3359375,36.85309600830078,74.86055755615234,76.95442199707031,76.73644256591797,77.70267486572266,23.81768798828125,24.15270614624023,24.11783027648925,24.27242660522461,-1.0,-0.0050194300896329,-0.0760381485254824,-0.1956874845231963,simulator,event_window,False,simulated_measured
1,158.39219570159912,2026-05-07 16:07:03.612426281+00:00,58.6982536315918,0.0,0.0,0.4064221084117889,0.0,46.83781814575195,42.261077880859375,36.92795944213867,74.85750579833984,76.9520034790039,76.7317123413086,77.69794464111328,23.81719970703125,24.152320861816406,24.11707305908203,24.271671295166016,-1.0,-0.0057427530653192,-0.0759742297315226,-0.1925701276270168,simulator,event_window,False,simulated_measured
1,158.4073362350464,2026-05-07 16:07:03.627566814+00:00,58.58747863769531,0.0,0.0,0.4197472929954529,0.0,46.83372116088867,42.18621826171875,37.00281524658203,74.85445404052734,76.94964599609375,76.72698211669922,77.6932144165039,23.81671142578125,24.15194320678711,24.11631774902344,24.27091407775879,-1.0,-0.0039499828170174,-0.0758669945200131,-0.1894036527952887,simulator,event_window,False,simulated_measured
1,158.42364263534546,2026-05-07 16:07:03.643873215+00:00,58.47933197021485,0.0,0.0,0.4080829620361328,0.0,46.8574447631836,42.11136245727539,37.07767105102539,74.85140228271484,76.94729614257812,76.72223663330078,77.68848419189453,23.81622314453125,24.151567459106445,24.11555862426757,24.27015686035156,-1.0,-0.0016024914342778,-0.0758008088749254,-0.1862617559095253,simulator,event_window,False,simulated_measured
1,158.43948006629944,2026-05-07 16:07:03.659710646+00:00,58.37252807617188,0.0,0.0,0.4183872938156128,0.0,46.86788177490234,42.03651428222656,37.15251922607422,74.84835052490234,76.94497680664062,76.71746826171875,77.68375396728516,23.81573486328125,24.151195526123047,24.114795684814453,24.26940155029297,-1.0,0.0004470606266779,-0.0757554715947836,-0.1831271759151762,simulator,event_window,False,simulated_measured
1,158.45452213287354,2026-05-07 16:07:03.674752712+00:00,58.19160461425781,0.0,0.0,0.4496451020240783,7.499356269836426,46.85255432128906,41.961669921875,37.22736358642578,74.84532928466797,76.94271850585938,76.71269989013672,77.67899322509766,23.81525230407715,24.150835037231445,24.114032745361328,24.268638610839844,-0.8394380308613424,0.0032293508366048,-0.0745326011268197,-0.1789367173345111,simulator,event_window,False,simulated_measured
1,158.4700562953949,2026-05-07 16:07:03.690286875+00:00,57.72743988037109,0.0,0.0,0.555248498916626,31.46824073791504,46.84102249145508,41.871864318847656,37.31717300415039,74.84183502197266,76.9401626586914,76.70697784423828,77.67327117919922,23.81469345092773,24.15042495727539,24.11311721801757,24.267723083496097,-0.3208445362762896,0.0110470319891295,-0.0690878585343258,-0.1703381481838954,simulator,event_window,False,simulated_measured
1,158.48535752296448,2026-05-07 16:07:03.705588102+00:00,57.15068435668945,1.0,0.0,1.6128747463226318,45.23563003540039,34.061790466308594,38.26408386230469,43.41946792602539,74.8396224975586,76.93793487548828,76.70232391357422,77.66850280761719,23.81433868408203,24.150070190429688,24.11237144470215,24.26696014404297,-0.0138607590143426,-0.2573685672147882,-0.1407123327351134,-0.024925620876819,simulator,event_window,False,simulated_measured
1,158.50073504447937,2026-05-07 16:07:03.720965624+00:00,56.41022872924805,1.0,0.0,1.7800613641738892,34.24932098388672,45.00167465209961,38.278934478759766,43.298118591308594,74.83721923828125,76.9357681274414,76.69788360595703,77.66404724121094,23.81395530700684,24.14972305297852,24.11166000366211,24.266246795654297,-0.2435623484326857,-0.0059731752328101,-0.1290952204313777,-0.0148874584372985,simulator,event_window,False,simulated_measured
1,158.51599526405334,2026-05-07 16:07:03.736225843+00:00,55.60417175292969,1.0,0.0,2.0245068073272705,35.273475646972656,33.92462921142578,37.14771270751953,42.58277893066406,74.8349838256836,76.93380737304688,76.69328308105469,77.6598892211914,23.813596725463867,24.14941024780273,24.110923767089844,24.26558303833008,-0.2096491746721916,-0.2397874707368319,-0.1425804210209579,-0.0171181691534664,simulator,event_window,False,simulated_measured
1,158.53152632713318,2026-05-07 16:07:03.751756907+00:00,54.65894317626953,1.0,0.0,2.019899606704712,39.02250671386719,42.48617172241211,37.07857894897461,42.7431869506836,74.83231353759766,76.9324722290039,76.68866729736328,77.65618896484375,23.81316947937012,24.14919662475586,24.11018753051757,24.264989852905277,-0.1105265973114273,-0.0314687024108549,-0.1293761799568138,0.0036455261662005,simulator,event_window,False,simulated_measured
1,158.5475652217865,2026-05-07 16:07:03.767795801+00:00,53.80040740966797,1.0,0.0,2.054630279541016,27.083396911621097,42.83279800415039,36.43411636352539,42.305931091308594,74.82954406738281,76.93138122558594,76.68405151367188,77.6529769897461,23.812726974487305,24.14902114868164,24.109447479248047,24.264476776123047,-0.3728136431123402,-0.0079851571328354,-0.130856731496873,0.0092305223034954,simulator,event_window,False,simulated_measured
1,158.56383562088013,2026-05-07 16:07:03.784066200+00:00,52.89017105102539,1.0,0.0,2.144340991973877,35.08263397216797,34.1381721496582,33.9093132019043,41.68584060668945,74.8262710571289,76.93073272705078,76.67851257324219,77.6495132446289,23.81220245361328,24.14891815185547,24.108562469482425,24.2639217376709,-0.1735886876673849,-0.195747199014555,-0.1771650759723627,0.0115521447819453,simulator,event_window,False,simulated_measured
1,158.57852005958557,2026-05-07 16:07:03.798750639+00:00,52.1535758972168,1.0,0.0,2.2547366619110107,31.81919860839844,39.98637008666992,35.99281311035156,40.9051399230957,74.82356262207031,76.93083190917969,76.67389678955078,77.646728515625,23.811769485473636,24.14893341064453,24.10782241821289,24.263477325439453,-0.2398764658256491,-0.0446661203515857,-0.1142719579925645,0.0066267676395346,simulator,event_window,False,simulated_measured
1,158.5944995880127,2026-05-07 16:07:03.814730167+00:00,51.52688217163086,1.0,0.0,1.8395278453826904,17.604408264160156,41.40937805175781,32.655731201171875,40.66440963745117,74.82084655761719,76.9305419921875,76.66928100585938,77.64382934570312,23.81133460998535,24.148887634277344,24.107086181640625,24.263011932373047,-0.5743363157026802,0.0013643656070174,-0.1866185900888679,0.0128736900056378,simulator,event_window,False,simulated_measured
1,158.60914778709412,2026-05-07 16:07:03.829378366+00:00,50.99828720092773,0.9415302276611328,0.0,1.928386211395264,0.0,32.352542877197266,33.51287078857422,39.9601936340332,74.81809997558594,76.9302978515625,76.66466522216797,77.64051055908203,23.810895919799805,24.14884757995605,24.106346130371097,24.262481689453125,-1.0,-0.2095395948131588,-0.1566172072779649,0.0056495806748972,simulator,event_window,False,simulated_measured
1,158.62453174591064,2026-05-07 16:07:03.844762325+00:00,50.35234832763672,0.9197150468826294,0.0,1.5167169570922852,3.720981121063232,42.70026016235352,34.61054992675781,39.58586502075195,74.81536102294922,76.92957305908203,76.66004943847656,77.63665008544922,23.81045722961425,24.148731231689453,24.105607986450195,24.261863708496097,-0.9079302912688412,0.0566668447968108,-0.1178194788027353,0.009009122558758,simulator,event_window,False,simulated_measured
1,158.64034152030945,2026-05-07 16:07:03.860572100+00:00,49.82095718383789,0.869231104850769,0.0,1.1456830501556396,12.114181518554688,33.10742950439453,31.78872871398925,38.90169906616211,74.81265258789062,76.92823028564453,76.65543365478516,77.63233947753906,23.81002426147461,24.14851760864257,24.104869842529297,24.261173248291016,-0.6970569159931972,-0.1719802697143586,-0.1811020437765902,0.0021464353201758,simulator,event_window,False,simulated_measured
1,158.65557146072388,2026-05-07 16:07:03.875802040+00:00,49.066062927246094,0.833544909954071,0.0,0.996170163154602,27.86756896972656,31.06645965576172,36.18677520751953,37.41984176635742,74.80940246582031,76.92626953125,76.64989471435547,77.6268081665039,23.80950355529785,24.148202896118164,24.10398292541504,24.26028823852539,-0.2923852032338044,-0.2110711428524688,-0.0534635007386445,-0.0211967145209032,simulator,event_window,False,simulated_measured
1,158.6710729598999,2026-05-07 16:07:03.891303539+00:00,48.48215866088867,0.7889750599861145,0.0,0.8926528692245483,39.58928680419922,36.96468734741211,32.93271255493164,35.89882278442383,74.80670166015625,76.92440795898438,76.64527893066406,77.6221923828125,23.80907249450684,24.147905349731445,24.10324478149414,24.259552001953125,0.0173602434021307,-0.049980809214095,-0.1282052499979202,-0.0496732765749335,simulator,event_window,False,simulated_measured
1,158.68646931648254,2026-05-07 16:07:03.906699896+00:00,48.07822799682617,0.5517088770866394,0.0,0.8104175329208374,29.000463485717773,32.4908561706543,32.10200119018555,33.5648307800293,74.80401611328125,76.92253112792969,76.64066314697266,77.6175765991211,23.808643341064453,24.147605895996097,24.10250473022461,24.258811950683597,-0.2484886937145374,-0.1579459043173101,-0.1430561858763541,-0.1039944648247209,simulator,event_window,False,simulated_measured
1,158.70177006721497,2026-05-07 16:07:03.922000647+00:00,47.60924530029297,0.4597784876823425,0.0,0.5831811428070068,37.59294509887695,36.457611083984375,31.82862663269043,35.418724060058594,74.8013687133789,76.920654296875,76.63604736328125,77.61296081542969,23.80821990966797,24.14730453491211,24.101768493652344,24.25807380676269,-0.0162288417809897,-0.04583342217129,-0.1419841769952181,-0.0451914528341449,simulator,event_window,False,simulated_measured
1,158.7170786857605,2026-05-07 16:07:03.937309265+00:00,47.29317474365234,0.4184599220752716,0.0,0.6521040797233582,30.867197036743164,34.00616455078125,31.281496047973636,35.647850036621094,74.79866790771484,76.91881561279297,76.63143157958984,77.60834503173828,23.80778694152832,24.147010803222656,24.10102844238281,24.2573356628418,-0.1868367217058631,-0.1040444319589197,-0.1510976404745661,-0.0325922624691517,simulator,event_window,False,simulated_measured
1,158.7330949306488,2026-05-07 16:07:03.953325510+00:00,46.93001937866211,0.4718589186668396,0.0,0.4637373089790344,33.226322174072266,33.937889099121094,29.751922607421875,35.336795806884766,74.79595947265625,76.9169692993164,76.62681579589844,77.60372924804688,23.807353973388672,24.14671516418457,24.10029029846191,24.256595611572266,-0.1179147278447778,-0.0989240836118325,-0.1863586787268506,-0.0336129165327938,simulator,event_window,False,simulated_measured
1,158.7488112449646,2026-05-07 16:07:03.969041824+00:00,46.50447845458984,0.5097633600234985,0.0,0.7600542306900024,28.990549087524418,35.384822845458984,31.80864906311035,36.31461715698242,74.79270935058594,76.91473388671875,76.62127685546875,77.59819030761719,23.80683326721191,24.14635848999023,24.099403381347656,24.25571060180664,-0.2233225509566372,-0.0519100628753399,-0.1221523702736547,0.0022160998871734,simulator,event_window,False,simulated_measured
1,158.76483130455017,2026-05-07 16:07:03.985061884+00:00,46.11906814575195,0.5430443286895752,0.0,0.7636568546295166,30.4322509765625,34.03334426879883,28.57385635375977,36.90776062011719,74.79000091552734,76.91290283203125,76.61666107177734,77.59356689453125,23.806400299072266,24.14606475830078,24.09866523742676,24.25497055053711,-0.1778849741386273,-0.0805007213578865,-0.2048354176382238,0.0270979319313076,simulator,event_window,False,simulated_measured
1,158.78040719032288,2026-05-07 16:07:04.000637770+00:00,45.73166275024414,0.6094521880149841,0.0,1.1052579879760742,29.172142028808597,35.04560470581055,29.75217628479004,35.81010818481445,74.78729248046875,76.91111755371094,76.61204528808594,77.58892059326172,23.805967330932617,24.14577865600586,24.09792709350586,24.254226684570312,-0.2052503234876569,-0.0451308650032717,-0.1650308286909638,0.0049936649509971,simulator,event_window,False,simulated_measured
1,158.79603576660156,2026-05-07 16:07:04.016266346+00:00,45.341453552246094,0.0,0.0,1.1418977975845337,30.902732849121097,39.37194061279297,31.969446182250977,37.710899353027344,74.78458404541016,76.90945434570312,76.60742950439453,77.5843276977539,23.80553436279297,24.145511627197266,24.09718894958496,24.25349235534668,-0.1508576888395187,0.0819786030265818,-0.0950837885503462,0.0674465415803531,simulator,event_window,False,simulated_measured
1,158.81187868118286,2026-05-07 16:07:04.032109261+00:00,45.09957885742188,0.0,0.0,1.4572519063949585,34.73463439941406,37.440956115722656,33.782352447509766,36.70893859863281,74.78129577636719,76.90763854980469,76.60189056396484,77.57899475097656,23.805007934570312,24.14522171020508,24.096302032470703,24.25263977050781,-0.0404463136298202,0.0344314923023445,-0.0386398931806982,0.0446577350560188,simulator,event_window,False,simulated_measured
1,158.82762908935547,2026-05-07 16:07:04.047859669+00:00,44.93333053588867,0.0,0.0,1.5578566789627075,34.390682220458984,37.84670639038086,33.51160430908203,36.67901611328125,74.7785873413086,76.90620422363281,76.59727478027344,77.57469940185547,23.80457305908203,24.14499282836914,24.095563888549805,24.251953125,-0.0464329994306229,0.0495104570345343,-0.0428162803444324,0.0476681720139764,simulator,event_window,False,simulated_measured
1,158.84283304214478,2026-05-07 16:07:04.063063622+00:00,44.79838562011719,0.0,0.0,1.6472561359405518,33.95113754272461,37.65888977050781,33.10843276977539,36.58808517456055,74.77587890625,76.90486145019531,76.59265899658203,77.57048034667969,23.804140090942383,24.144777297973636,24.094825744628903,24.251277923583984,-0.0557847752275447,0.0474479186241185,-0.0514833607742858,0.0482189357820015,simulator,event_window,False,simulated_measured
1,158.8585081100464,2026-05-07 16:07:04.078738689+00:00,44.65325546264648,0.0,0.0,1.6891157627105713,33.99391555786133,37.56218719482422,33.078739166259766,36.43959045410156,74.7731704711914,76.90354919433594,76.58802795410156,77.56636810302734,23.80370712280273,24.144567489624023,24.09408569335937,24.25061798095703,-0.0515223598300959,0.0481538538609722,-0.0492539821303668,0.0473577332773185,simulator,event_window,False,simulated_measured
1,158.87377071380615,2026-05-07 16:07:04.094001293+00:00,44.513404846191406,0.0,0.0,1.722386360168457,33.98671340942383,37.51320266723633,33.0106086730957,36.39055252075195,74.77046203613281,76.90231323242188,76.58340454101562,77.56228637695312,23.80327415466309,24.144371032714844,24.093345642089844,24.24996566772461,-0.0487440481693296,0.0500757230579773,-0.0482313148876801,0.0492343928664855,simulator,event_window,False,simulated_measured
1,158.88932585716248,2026-05-07 16:07:04.109556437+00:00,44.38661956787109,0.0,0.0,1.7007769346237185,33.921024322509766,37.47503280639648,32.87070846557617,36.25893783569336,74.76775360107422,76.90116119384766,76.57878875732422,77.55824279785156,23.80284118652344,24.14418601989746,24.092605590820312,24.24931907653809,-0.0478707219223226,0.0520036347654695,-0.049557850280975,0.0484257768440516,simulator,event_window,False,simulated_measured
1,158.9046037197113,2026-05-07 16:07:04.124834299+00:00,44.25136947631836,0.0,0.0,1.633281707763672,33.8696403503418,37.39983749389648,32.76870346069336,36.18502807617188,74.76448059082031,76.8997573852539,76.57329559326172,77.5533676147461,23.802316665649418,24.14396095275879,24.09172821044922,24.248538970947266,-0.0464073345945269,0.053101639959932,-0.0496113591989543,0.0494865606095515,simulator,event_window,False,simulated_measured
1,158.92039251327515,2026-05-07 16:07:04.140623093+00:00,44.154441833496094,0.0,0.0,1.513761281967163,33.81855773925781,37.35380172729492,32.67234420776367,36.1187744140625,74.76173400878906,76.89851379394531,76.56871795654297,77.54920196533203,23.801877975463867,24.143760681152344,24.09099578857422,24.24787139892578,-0.0457553894773847,0.0541142871864497,-0.0503259063537843,0.0498645935191595,simulator,event_window,False,simulated_measured
1,158.93638491630554,2026-05-07 16:07:04.156615496+00:00,44.06724166870117,0.0,0.0,1.3486504554748535,33.75163269042969,37.384071350097656,32.58777618408203,36.103118896484375,74.75898742675781,76.89718627929688,76.56413269042969,77.54490661621094,23.801437377929688,24.14355087280273,24.090261459350582,24.24718475341797,-0.0457592661360116,0.0570560572572937,-0.0509096626180805,0.0514861038844782,simulator,event_window,False,simulated_measured
1,158.9517195224762,2026-05-07 16:07:04.171950102+00:00,43.99129486083984,0.0,0.0,1.219048261642456,33.72006607055664,37.36178970336914,32.49492263793945,36.11712646484375,74.75624084472656,76.89573669433594,76.55951690673828,77.54046630859375,23.80099868774414,24.14331817626953,24.089523315429688,24.24647521972656,-0.0450058656694141,0.0582498504945943,-0.0519800945541054,0.0537100631977067,simulator,event_window,False,simulated_measured
1,158.96706652641296,2026-05-07 16:07:04.187297106+00:00,43.92543411254883,0.0,0.0,1.0975217819213867,33.68761444091797,37.373985290527344,32.43856430053711,36.096187591552734,74.75349426269531,76.89418029785156,76.55490112304688,77.5359115600586,23.800559997558597,24.143068313598636,24.08878326416016,24.245746612548828,-0.0444944187130393,0.0601825155645174,-0.0522053421618621,0.0546781674741909,simulator,event_window,False,simulated_measured
1,158.98327898979187,2026-05-07 16:07:04.203509569+00:00,43.85501480102539,0.0,0.0,0.9604092836380004,33.69511032104492,37.314544677734375,32.393531799316406,36.056766510009766,74.75019836425781,76.89218139648438,76.54936218261719,77.5303726196289,23.800031661987305,24.142749786376957,24.08789825439453,24.24485969543457,-0.0427471824328126,0.0601960315167826,-0.0520013187672406,0.0552180195528999,simulator,event_window,False,simulated_measured
1,158.99850249290466,2026-05-07 16:07:04.218733072+00:00,43.80338668823242,0.0,0.0,0.8863323926925659,33.642234802246094,37.28461837768555,32.41395568847656,36.02583694458008,74.74745178222656,76.89046478271484,76.54474639892578,77.5257568359375,23.799591064453125,24.142475128173828,24.087158203125,24.244121551513672,-0.0431228570937072,0.0605943330588911,-0.0502855654932892,0.0555554992707274,simulator,event_window,False,simulated_measured
1,159.01376843452454,2026-05-07 16:07:04.233999014+00:00,43.75628662109375,0.0,0.0,0.8212665319442749,33.6616096496582,37.23609161376953,32.405757904052734,35.95210647583008,74.74470520019531,76.88874816894531,76.54013061523438,77.52116394042969,23.79915237426757,24.142200469970703,24.08642196655273,24.243385314941406,-0.0415411902164559,0.0603541030985301,-0.049503725478688,0.0545290935112574,simulator,event_window,False,simulated_measured
1,159.02929759025574,2026-05-07 16:07:04.249528170+00:00,43.71160125732422,0.0,0.0,0.7922748923301697,33.69217300415039,37.184814453125,32.41097640991211,35.86897659301758,74.74195861816406,76.88703155517578,76.53551483154297,77.51661682128906,23.79871368408203,24.14192581176757,24.085681915283203,24.242658615112305,-0.0396902491057332,0.0599763911572572,-0.0483788340656249,0.0531662978011735,simulator,event_window,False,simulated_measured
1,159.04454731941223,2026-05-07 16:07:04.264777898+00:00,43.66707611083984,0.0,0.0,0.7342616319656372,33.7308464050293,37.10431289672851,32.47723388671875,35.78797912597656,74.73921203613281,76.88531494140625,76.53089904785156,77.51207733154297,23.79827308654785,24.141651153564453,24.084943771362305,24.241931915283203,-0.037607658059972,0.0587601093338132,-0.0454611387949565,0.0518595285343177,simulator,event_window,False,simulated_measured
1,159.06025910377502,2026-05-07 16:07:04.280489683+00:00,43.62907028198242,0.0,0.0,0.6996771693229675,33.72307586669922,37.016845703125,32.483787536621094,35.73678207397461,74.73644256591797,76.88359832763672,76.52628326416016,77.50753784179688,23.79783058166504,24.141376495361328,24.084205627441406,24.24120712280273,-0.0369912044581506,0.0571843849865796,-0.0444368418396351,0.0512697516541622,simulator,event_window,False,simulated_measured
1,159.0756344795227,2026-05-07 16:07:04.295865059+00:00,43.58042526245117,0.0,0.0,0.6718177199363708,33.729949951171875,36.94845199584961,32.54202651977539,35.6229248046875,74.73310089111328,76.88153839111328,76.52074432373047,77.50204467773438,23.79729652404785,24.14104461669922,24.08331871032715,24.24032592773437,-0.0357197638681101,0.0564089538486918,-0.0416551240190538,0.049090111667245,simulator,event_window,False,simulated_measured
1,159.09097337722778,2026-05-07 16:07:04.311203957+00:00,43.54072952270508,0.0,0.0,0.654145359992981,33.77009201049805,36.81996154785156,32.54446029663086,35.55731201171875,74.73031616210938,76.87982177734375,76.51612854003906,77.49746704101562,23.796850204467773,24.140769958496097,24.08258056640625,24.23959350585937,-0.0336919997103075,0.0536949990399129,-0.0407096698122272,0.0481125096980237,simulator,event_window,False,simulated_measured
1,159.1063175201416,2026-05-07 16:07:04.326548100+00:00,43.50171661376953,0.0,0.0,0.6814579367637634,33.74040985107422,36.73515701293945,32.57787322998047,35.43714904785156,74.72753143310547,76.87810516357422,76.51151275634766,77.49288940429688,23.796405792236328,24.14049530029297,24.08184051513672,24.23886108398437,-0.0336754983558329,0.0522108968385059,-0.0388635927202571,0.0455072855782563,simulator,event_window,False,simulated_measured
1,159.12196111679077,2026-05-07 16:07:04.342191696+00:00,43.45882034301758,0.0,0.0,0.6871735453605652,33.76236343383789,36.63639068603515,32.57075881958008,35.392303466796875,74.72474670410156,76.87638854980469,76.50689697265625,77.48831176757812,23.79595947265625,24.140220642089844,24.081104278564453,24.23812866210937,-0.0320923116952381,0.0504177156260157,-0.0381249994269368,0.0452148678074926,simulator,event_window,False,simulated_measured
1,159.13726091384888,2026-05-07 16:07:04.357491493+00:00,43.41545867919922,0.0,0.0,0.7146568894386292,33.721961975097656,36.61422729492188,32.54523468017578,35.338897705078125,74.721923828125,76.87464141845703,76.50228118896484,77.48373413085938,23.795507431030277,24.139942169189453,24.08036422729492,24.23739624023437,-0.032284999013103,0.0508307410105017,-0.0379188443413758,0.0446800192586895,simulator,event_window,False,simulated_measured
1,159.1534309387207,2026-05-07 16:07:04.373661518+00:00,43.37077713012695,0.0,0.0,0.7114323377609253,33.69707107543945,36.54655075073242,32.52733612060547,35.281375885009766,74.71910095214844,76.87284851074219,76.49766540527344,77.47915649414062,23.795055389404297,24.13965606689453,24.079626083374023,24.23666381835937,-0.0320030642451213,0.04996900814043,-0.0374573374441766,0.0440540739984784,simulator,event_window,False,simulated_measured
1,159.16925144195557,2026-05-07 16:07:04.389482021+00:00,43.31415939331055,0.0,0.0,0.710513710975647,33.6663703918457,36.49319839477539,32.48392105102539,35.24819564819336,74.71571350097656,76.87068176269531,76.49209594726562,77.47370910644531,23.79451370239257,24.13930892944336,24.0787353515625,24.23579406738281,-0.0316208294267906,0.0498066690315854,-0.0374855676477862,0.0444356402778867,simulator,event_window,False,simulated_measured
1,159.18432092666626,2026-05-07 16:07:04.404551506+00:00,43.26737594604492,0.0,0.0,0.7263943552970886,33.62730026245117,36.508575439453125,32.45976257324219,35.212162017822266,74.712890625,76.8688735961914,76.4874038696289,77.46916961669922,23.7940616607666,24.13901901245117,24.07798385620117,24.23506736755371,-0.0316987840697845,0.0513846196024505,-0.0371614371205663,0.0444960874753828,simulator,event_window,False,simulated_measured
1,159.19960618019104,2026-05-07 16:07:04.419836760+00:00,43.220680236816406,0.0,0.0,0.7046719789505005,33.57765197753906,36.41132736206055,32.41075897216797,35.199981689453125,74.71006774902344,76.8670425415039,76.48271179199219,77.4646224975586,23.793609619140625,24.13872528076172,24.077232360839844,24.23434066772461,-0.0320838010226179,0.049716933355409,-0.0375763254637415,0.0452628684863527,simulator,event_window,False,simulated_measured
1,159.21477627754211,2026-05-07 16:07:04.435006857+00:00,43.17207717895508,0.0,0.0,0.7238083481788635,33.55564498901367,36.4363899230957,32.39474105834961,35.16617202758789,74.70724487304688,76.86519622802734,76.47798156738281,77.46004486083984,23.79315948486328,24.138431549072266,24.07647705078125,24.23360824584961,-0.0316292145512564,0.0516220552352117,-0.0369690109809485,0.045434516189891,simulator,event_window,False,simulated_measured
1,159.23035621643066,2026-05-07 16:07:04.450586796+00:00,43.1264877319336,0.0,0.0,0.7024950385093689,33.49317169189453,36.38425064086914,32.35338592529297,35.118003845214844,74.70437622070312,76.86332702636719,76.47325134277344,77.4554672241211,23.792699813842773,24.13813209533691,24.075719833374023,24.23287582397461,-0.0324103411786041,0.0512273080189631,-0.0371816863421456,0.0451061782023025,simulator,event_window,False,simulated_measured
1,159.2455723285675,2026-05-07 16:07:04.465802908+00:00,43.0793342590332,0.0,0.0,0.6988189220428467,33.49275588989258,36.354270935058594,32.32889175415039,35.08707046508789,74.7014389038086,76.8614273071289,76.46852111816406,77.45088958740234,23.7922306060791,24.137828826904297,24.0749626159668,24.23214340209961,-0.0313632690552371,0.05151082005007,-0.0368575419182348,0.0453285430493082,simulator,event_window,False,simulated_measured
1,159.2611186504364,2026-05-07 16:07:04.481349230+00:00,43.03596878051758,0.0,0.0,0.6896581649780273,33.42999267578125,36.258575439453125,32.29676818847656,35.04201889038086,74.69850158691406,76.8595199584961,76.46379089355469,77.4463119506836,23.7917594909668,24.137523651123047,24.074207305908203,24.23141098022461,-0.0322042062140449,0.0497996965732241,-0.0368450147873227,0.0450383276134394,simulator,event_window,False,simulated_measured
1,159.2771599292755,2026-05-07 16:07:04.497390509+00:00,42.98311996459961,0.0,0.0,0.6943703293800354,33.39226531982422,36.209720611572266,32.23884582519531,34.97312545776367,74.69497680664062,76.85723114013672,76.45811462402344,77.4408187866211,23.79119682312012,24.137157440185547,24.073299407958984,24.23052978515625,-0.032107824227868,0.0496742114807506,-0.0373902776816491,0.0442661321949116,simulator,event_window,False,simulated_measured
1,159.29263138771057,2026-05-07 16:07:04.512861967+00:00,42.93706130981445,0.0,0.0,0.6910499334335327,33.31464385986328,36.19474029541016,32.19193649291992,34.964134216308594,74.6920394897461,76.8553237915039,76.45338439941406,77.43624114990234,23.79072570800781,24.136852264404297,24.072540283203125,24.22979736328125,-0.0333218765860783,0.0503654723602775,-0.0377598384017598,0.0451175597685284,simulator,event_window,False,simulated_measured
1,159.30877947807312,2026-05-07 16:07:04.529010057+00:00,42.89375686645508,0.0,0.0,0.6783947348594666,33.29415512084961,36.11598587036133,32.15538787841797,34.88765335083008,74.68910217285156,76.8534164428711,76.44865417480469,77.4316635131836,23.79025650024414,24.136547088623047,24.07178497314453,24.22906494140625,-0.0329410570119734,0.0491381466426856,-0.0378819525953758,0.043884276159344,simulator,event_window,False,simulated_measured
1,159.32472348213196,2026-05-07 16:07:04.544954062+00:00,42.83852005004883,0.0,0.0,0.6693794131278992,33.242313385009766,36.102088928222656,32.09525680541992,34.89301300048828,74.68556213378906,76.85112762451172,76.44297790527344,77.4261703491211,23.789690017700195,24.136180877685547,24.070877075195312,24.22818756103516,-0.0332018443525393,0.0500867109848075,-0.0384428745052829,0.0453908552554487,simulator,event_window,False,simulated_measured
1,159.3395357131958,2026-05-07 16:07:04.559766293+00:00,42.80311965942383,0.0,0.0,0.6815845966339111,33.20009231567383,36.05998229980469,32.08792495727539,34.79924011230469,74.68318939208984,76.84960174560547,76.43919372558594,77.4225082397461,23.789310455322266,24.135936737060547,24.07027053833008,24.22760009765625,-0.0336311984514026,0.0497294357091937,-0.0378674571092704,0.0434436984649755,simulator,event_window,False,simulated_measured
1,159.35483932495117,2026-05-07 16:07:04.575069904+00:00,42.75050735473633,0.0,0.0,0.6850640177726746,33.13276290893555,35.99013137817383,31.98163604736328,34.798038482666016,74.67961883544922,76.84729766845703,76.43351745605469,77.4170150756836,23.788738250732425,24.13556671142578,24.06936264038086,24.22672271728516,-0.0344041019293788,0.0489854114013694,-0.0398742933668134,0.044691771638762,simulator,event_window,False,simulated_measured
1,159.37046766281128,2026-05-07 16:07:04.590698242+00:00,42.70571899414063,0.0,0.0,0.6947038769721985,33.11452865600586,35.966949462890625,31.974496841430664,34.731224060058594,74.6766128540039,76.84535217285156,76.42878723144531,77.41243743896484,23.788257598876957,24.135255813598636,24.068605422973636,24.22599029541016,-0.0339233789890761,0.0494091732724604,-0.0390818969437193,0.0437794325774718,simulator,event_window,False,simulated_measured
1,159.38580989837646,2026-05-07 16:07:04.606040478+00:00,42.66444778442383,0.0,0.0,0.6997779011726379,33.03155899047852,35.92991638183594,31.87772560119629,34.666015625,74.67359924316406,76.8434066772461,76.42405700683594,77.4078598022461,23.78777503967285,24.134944915771484,24.067848205566406,24.22525787353516,-0.035411732177581,0.0493427522687752,-0.041063402997493,0.0428275181578841,simulator,event_window,False,simulated_measured
1,159.401611328125,2026-05-07 16:07:04.621841908+00:00,42.61701583862305,0.0,0.0,0.6915083527565002,33.00273513793945,35.88319396972656,31.868024826049805,34.672996520996094,74.67058563232422,76.84146118164062,76.41932678222656,77.40328216552734,23.78729248046875,24.134634017944336,24.06709289550781,24.22452545166016,-0.0351808149302291,0.0491445920655266,-0.0402882651255225,0.0441983997183104,simulator,event_window,False,simulated_measured
1,159.41763472557068,2026-05-07 16:07:04.637865305+00:00,42.563575744628906,0.0,0.0,0.6955710053443909,32.975868225097656,35.829444885253906,31.78422164916992,34.5406494140625,74.66693115234375,76.83912658691406,76.41365051269531,77.39778900146484,23.78670883178711,24.134260177612305,24.066184997558597,24.22364616394043,-0.0347558773862852,0.0488883542035445,-0.041610230211898,0.0415187103061074,simulator,event_window,False,simulated_measured
1,159.43315839767456,2026-05-07 16:07:04.653388977+00:00,42.51480484008789,0.0,0.0,0.7125418782234192,32.90048599243164,35.78084945678711,31.768688201904297,34.57522201538086,74.66387176513672,76.8371810913086,76.40892028808594,77.3932113647461,23.78621864318848,24.13394927978516,24.06542587280273,24.22291374206543,-0.035857658206808,0.0486673497937915,-0.0409797297505533,0.0437571676797168,simulator,event_window,False,simulated_measured
1,159.44911241531372,2026-05-07 16:07:04.669342995+00:00,42.46906280517578,0.0,0.0,0.6954176425933838,32.88042449951172,35.78853225708008,31.733917236328125,34.50680160522461,74.66078186035156,76.83523559570312,76.40419006347656,77.38863372802734,23.78572463989257,24.13363647460937,24.06467056274414,24.22218132019043,-0.0354077434596091,0.0500222455160139,-0.0409975828125063,0.0428136635768117,simulator,event_window,False,simulated_measured
1,159.46521496772766,2026-05-07 16:07:04.685445547+00:00,42.42142105102539,0.0,0.0,0.7060295343399048,32.83193588256836,35.74134063720703,31.720930099487305,34.501983642578125,74.6576919555664,76.83326721191406,76.39945983886719,77.3840560913086,23.78523063659668,24.133323669433597,24.06391334533691,24.22144889831543,-0.0357485270218762,0.0498153427649108,-0.0403134800722025,0.0438390398551442,simulator,event_window,False,simulated_measured
1,159.4808225631714,2026-05-07 16:07:04.701053143+00:00,42.36344528198242,0.0,0.0600000023841857,0.7081286311149597,32.78870391845703,35.724021911621094,31.66253662109375,34.50258255004883,74.65398406982422,76.83088684082031,76.39378356933594,77.3785171508789,23.784637451171875,24.13294219970703,24.06300544738769,24.22056198120117,-0.0357003479445704,0.0507426578127838,-0.0407691742481124,0.0452857123558945,simulator,event_window,False,simulated_measured
1,159.49670910835266,2026-05-07 16:07:04.716939688+00:00,42.31567001342773,0.0,0.1200000122189521,0.6835309267044067,32.806297302246094,35.71760940551758,31.64877700805664,34.47403335571289,74.65089416503906,76.82890319824219,76.38905334472656,77.37389373779297,23.784143447875977,24.132625579833984,24.06224822998047,24.21982192993164,-0.0340936367175964,0.051740145502602,-0.0401035070816842,0.0455999624315706,simulator,event_window,False,simulated_measured
1,159.51232624053955,2026-05-07 16:07:04.732556820+00:00,42.27181625366211,0.0,0.1799999922513961,0.6969130635261536,32.72581100463867,35.63947296142578,31.61550712585449,34.392147064208984,74.6478042602539,76.8268814086914,76.38432312011719,77.36930084228516,23.78364944458008,24.132301330566406,24.061492919921875,24.219087600708008,-0.0354637764168714,0.0505280536828751,-0.0401177991420472,0.0441984982187184,simulator,event_window,False,simulated_measured
1,159.5283281803131,2026-05-07 16:07:04.748558760+00:00,42.225284576416016,0.0,0.2399999648332595,0.6706960201263428,32.736236572265625,35.61017990112305,31.577625274658203,34.39995574951172,74.64471435546875,76.82485961914062,76.37959289550781,77.3647232055664,23.783153533935547,24.131977081298828,24.060733795166016,24.218355178833008,-0.0340932568498008,0.050821311671539,-0.0402114251434548,0.0455865354262317,simulator,event_window,False,simulated_measured
1,159.54367113113403,2026-05-07 16:07:04.763901711+00:00,42.17313003540039,0.0,0.3119999468326568,0.6714147925376892,32.702518463134766,35.57765579223633,31.5887393951416,34.35033416748047,74.64100646972656,76.82243347167969,76.37391662597656,77.3592300415039,23.782560348510746,24.13158798217773,24.0598258972168,24.21747589111328,-0.0338948501292178,0.0511598969419078,-0.0386862499077677,0.0453694752441828,simulator,event_window,False,simulated_measured
1,159.5592179298401,2026-05-07 16:07:04.779448509+00:00,42.13165664672851,0.0,0.3719999194145202,0.667039692401886,32.63287734985352,35.50278854370117,31.564716339111328,34.333160400390625,74.6379165649414,76.8204116821289,76.36918640136719,77.35465240478516,23.782066345214844,24.13126564025879,24.059070587158203,24.21674346923828,-0.0350032181029482,0.0499804651569377,-0.0384717490634224,0.0458753551844968,simulator,event_window,False,simulated_measured
1,159.57530045509338,2026-05-07 16:07:04.795531034+00:00,42.09120178222656,0.0,0.4319998919963836,0.6718782782554626,32.63219451904297,35.4931755065918,31.587968826293945,34.26373291015625,74.63482666015625,76.81838989257812,76.36445617675781,77.35005950927734,23.781572341918945,24.130943298339844,24.058311462402344,24.21600914001465,-0.0340959481351558,0.0507050516946496,-0.0368386002855025,0.0447636005122491,simulator,event_window,False,simulated_measured
1,159.59139943122864,2026-05-07 16:07:04.811630011+00:00,42.05495834350586,0.0,0.491999864578247,0.6696209907531738,32.585411071777344,35.47419357299805,31.56791305541992,34.302520751953125,74.6317367553711,76.81636810302734,76.35972595214844,77.34540557861328,23.781078338623047,24.130619049072266,24.05755615234375,24.21526336669922,-0.034649491787125,0.0510481544311349,-0.036620592457071,0.0468477207909507,simulator,event_window,False,simulated_measured
1,159.60748028755188,2026-05-07 16:07:04.827710867+00:00,42.01393508911133,0.0,0.5640000104904175,0.6727941036224365,32.59705352783203,35.452789306640625,31.61406135559082,34.24214553833008,74.6280288696289,76.8139419555664,76.35404968261719,77.3398208618164,23.78048515319824,24.13022994995117,24.05664825439453,24.214370727539062,-0.0333616567712901,0.0514396229291707,-0.0342702152568573,0.0460255482087352,simulator,event_window,False,simulated_measured
1,159.62353801727295,2026-05-07 16:07:04.843768597+00:00,41.98554229736328,0.0,0.6240001320838928,0.6813033819198608,32.574249267578125,35.42770767211914,31.571977615356445,34.26534652709961,74.62493896484375,76.81192016601562,76.34931945800781,77.33516693115234,23.779991149902344,24.129905700683597,24.055891036987305,24.213626861572266,-0.0333846645715277,0.0514063001298397,-0.0349035603152233,0.0474421454107829,simulator,event_window,False,simulated_measured
1,159.63910508155823,2026-05-07 16:07:04.859335661+00:00,41.95963287353515,0.0,0.6840002536773682,0.682106614112854,32.59986114501953,35.410499572753906,31.62322235107422,34.248573303222656,74.6218490600586,76.80987548828125,76.34458923339844,77.33051300048828,23.77949523925781,24.129579544067383,24.05513381958008,24.21288299560547,-0.0320273128634437,0.0515445182860601,-0.0327402049958206,0.0475758748937349,simulator,event_window,False,simulated_measured
1,159.65517926216123,2026-05-07 16:07:04.875409842+00:00,41.938018798828125,0.0,0.7560003995895386,0.6870875358581543,32.53205108642578,35.40407180786133,31.60337448120117,34.220218658447266,74.6181411743164,76.80740356445312,76.33891296386719,77.3249282836914,23.778902053833008,24.12918472290039,24.05422592163086,24.21198844909668,-0.0335429283339308,0.0518954885180238,-0.0328490971526251,0.0472480332809241,simulator,event_window,False,simulated_measured
1,159.6707158088684,2026-05-07 16:07:04.890946388+00:00,41.92203521728515,0.0,0.8160005211830139,0.6811997890472412,32.582210540771484,35.4123420715332,31.6381778717041,34.224952697753906,74.61505126953125,76.80534362792969,76.33418273925781,77.32027435302734,23.77840805053711,24.12885475158691,24.053468704223636,24.21124267578125,-0.0316837506593606,0.0525423565702771,-0.0314148659353186,0.047792248684878,simulator,event_window,False,simulated_measured
1,159.68593430519104,2026-05-07 16:07:04.906164885+00:00,41.91563034057617,0.0,0.8760006427764893,0.6806454062461853,32.54156494140625,35.32721328735352,31.644683837890625,34.18415451049805,74.6119613647461,76.80330657958984,76.32945251464844,77.31562042236328,23.77791404724121,24.128528594970703,24.052711486816406,24.210498809814453,-0.0327439260978945,0.0501725647099864,-0.0310676552818,0.0467031337667656,simulator,event_window,False,simulated_measured
1,159.70121264457703,2026-05-07 16:07:04.921443224+00:00,41.91120147705078,0.0,0.9360007643699646,0.6877478957176208,32.509307861328125,35.33030700683594,31.63275718688965,34.172733306884766,74.60887145996094,76.80128479003906,76.32472229003906,77.31100463867188,23.777420043945312,24.128204345703125,24.05195617675781,24.209760665893555,-0.0336006151291309,0.0503755158834546,-0.0313304878682159,0.0464639925841265,simulator,event_window,False,simulated_measured
1,159.7164707183838,2026-05-07 16:07:04.936701298+00:00,41.91245651245117,0.0,0.99600088596344,0.680811882019043,32.54723358154297,35.33232879638672,31.731660842895508,34.1779670715332,74.60578155517578,76.79922485351562,76.31999206542969,77.30638885498047,23.77692413330078,24.12787628173828,24.051198959350582,24.209022521972656,-0.0325021746812304,0.050404169535944,-0.0283309217626811,0.0465929246551803,simulator,event_window,False,simulated_measured
1,159.73202872276306,2026-05-07 16:07:04.952259302+00:00,41.92243957519531,0.0,1.0,0.6738601326942444,32.515167236328125,35.27741241455078,31.710023880004883,34.187355041503906,74.60269165039062,76.79716491699219,76.31524658203125,77.3017578125,23.776430130004883,24.127546310424805,24.050437927246097,24.208282470703125,-0.0336855425730038,0.0485218000871385,-0.029224704131521,0.0466311063245914,simulator,event_window,False,simulated_measured
1,159.74807000160217,2026-05-07 16:07:04.968300581+00:00,41.93685150146485,0.0,1.0,0.664437472820282,32.51475524902344,35.31148147583008,31.77346611022949,34.19124984741211,74.59898376464844,76.79469299316406,76.30952453613281,77.29617309570312,23.77583694458008,24.12715148925781,24.049522399902344,24.207387924194336,-0.0340298636717715,0.0491737263615403,-0.0276167564107632,0.0463906202009949,simulator,event_window,False,simulated_measured
1,159.76334071159363,2026-05-07 16:07:04.983571291+00:00,41.95497131347656,0.0,1.0,0.6466831564903259,32.56915664672852,35.334800720214844,31.81404685974121,34.234134674072266,74.59589385986328,76.79263305664062,76.30475616455078,77.29151916503906,23.77534294128418,24.126821517944336,24.04875946044922,24.206642150878903,-0.0328315585753146,0.0494131632191627,-0.0267953345417348,0.0472505799869933,simulator,event_window,False,simulated_measured
1,159.77895855903623,2026-05-07 16:07:04.999189138+00:00,41.9847526550293,0.0,1.0,0.6552819609642029,32.515174865722656,35.335487365722656,31.88011932373047,34.25788879394531,74.59280395507812,76.79057312011719,76.29998779296875,77.286865234375,23.77484893798828,24.12649154663086,24.047996520996097,24.20589828491211,-0.035119504207917,0.0486891538728766,-0.0254659147767368,0.0472338691135234,simulator,event_window,False,simulated_measured
1,159.79487490653992,2026-05-07 16:07:05.015105486+00:00,42.0164794921875,0.0,1.0,0.6223483681678772,32.61209487915039,35.34576797485352,31.952173233032227,34.31456756591797,74.58971405029297,76.78851318359375,76.29522705078125,77.28221130371094,23.77435302734375,24.126161575317383,24.04723739624023,24.205154418945312,-0.0329741820704714,0.0482021621369743,-0.0240008581681577,0.0481744104565842,simulator,event_window,False,simulated_measured
1,159.80968952178955,2026-05-07 16:07:05.029920101+00:00,42.05622482299805,0.0,1.0,0.6447960734367371,32.58089065551758,35.40161895751953,32.060791015625,34.32208251953125,74.58662414550781,76.78645324707031,76.29045867919922,77.27755737304688,23.77385902404785,24.125831604003903,24.04647445678711,24.204408645629883,-0.0348124766819658,0.0488662889006499,-0.0216085656746233,0.0474131660399754,simulator,event_window,False,simulated_measured
1,159.825434923172,2026-05-07 16:07:05.045665503+00:00,42.10022735595703,0.0,1.0,0.6406368613243103,32.69650650024414,35.44841003417969,32.08818435668945,34.40028762817383,74.58353424072266,76.78439331054688,76.28569030761719,77.27290344238281,23.773365020751957,24.125503540039062,24.045711517333984,24.20366477966309,-0.0323998125708077,0.0491548894674551,-0.0217960836246345,0.048702530269691,simulator,event_window,False,simulated_measured
1,159.84129524230957,2026-05-07 16:07:05.061525822+00:00,42.16701126098633,0.0,1.0,0.6493781208992004,32.66550064086914,35.483741760253906,32.17308044433594,34.43486785888672,74.57982635498047,76.78192138671875,76.27996826171875,77.26731872558594,23.77277183532715,24.12510681152344,24.04479598999023,24.202770233154297,-0.0348484079705422,0.0485372883700079,-0.0207614114760722,0.0480941188887473,simulator,event_window,False,simulated_measured
1,159.85688829421997,2026-05-07 16:07:05.077118874+00:00,42.225887298583984,0.0,1.0,0.6488897800445557,32.760868072509766,35.54408645629883,32.260337829589844,34.50211715698242,74.57673645019531,76.77986145019531,76.27519989013672,77.26266479492188,23.77227783203125,24.124778747558597,24.04403305053711,24.2020263671875,-0.0333802838089096,0.048855987924119,-0.0194746615477768,0.048676762277416,simulator,event_window,False,simulated_measured
1,159.87202262878418,2026-05-07 16:07:05.092253208+00:00,42.29117965698242,0.0,1.0,0.6570634841918945,32.803279876708984,35.617305755615234,32.45866775512695,34.57106399536133,74.57364654541016,76.77780151367188,76.27043151855469,77.25801086425781,23.77178382873535,24.124446868896484,24.043270111083984,24.201282501220703,-0.0336231836168338,0.0493939466339348,-0.0149697099437209,0.0491501085075372,simulator,event_window,False,simulated_measured
1,159.88754081726074,2026-05-07 16:07:05.107771397+00:00,42.363059997558594,0.0,1.0,0.6769417524337769,32.88423156738281,35.69331741333008,32.603126525878906,34.66035461425781,74.570556640625,76.77574157714844,76.26566314697266,77.25335693359375,23.771289825439453,24.12411880493164,24.04250717163086,24.200536727905277,-0.0328821311004957,0.0498491013815678,-0.0122645957115137,0.0500751042627154,simulator,event_window,False,simulated_measured
1,159.90285682678223,2026-05-07 16:07:05.123087406+00:00,42.44374465942383,0.0,1.0,0.6677699685096741,32.95616149902344,35.75875473022461,32.71580505371094,34.74290084838867,74.56746673583984,76.77371978759766,76.26089477539062,77.24870300292969,23.77079391479492,24.123794555664062,24.04174423217773,24.199790954589844,-0.0326091800056679,0.0497744122413126,-0.0107350713144537,0.0505750122642272,simulator,event_window,False,simulated_measured
1,159.91885256767273,2026-05-07 16:07:05.139083147+00:00,42.54827117919922,0.0,1.0,0.7013087868690491,33.03947448730469,35.86833572387695,32.85956573486328,34.886497497558594,74.56375885009766,76.77128601074219,76.25517272949219,77.24311828613281,23.77020072937012,24.12340545654297,24.040828704833984,24.198898315429688,-0.0325461771220831,0.0504045567515645,-0.008828980539501,0.0523255970712985,simulator,event_window,False,simulated_measured
1,159.9339997768402,2026-05-07 16:07:05.154230356+00:00,42.6395378112793,0.0,1.0,0.7267990112304688,33.127952575683594,35.99270248413086,33.05289840698242,34.989891052246094,74.5606689453125,76.76927947998047,76.25040435791016,77.23843383789062,23.76970672607422,24.123085021972656,24.04006576538086,24.198150634765625,-0.0320316888057762,0.0517905332336396,-0.0051313298753032,0.0531852907149681,simulator,event_window,False,simulated_measured
1,159.94933152198792,2026-05-07 16:07:05.169562101+00:00,42.74197769165039,0.0,1.0,0.7074573040008545,33.229026794433594,36.10737991333008,33.12003326416016,35.160945892333984,74.55755615234375,76.76721954345703,76.24563598632812,77.23375701904297,23.76920890808105,24.12275505065918,24.03930282592773,24.19740104675293,-0.0314054050370274,0.0526128120510311,-0.005499867587571,0.0557974768205944,simulator,event_window,False,simulated_measured
1,159.9646921157837,2026-05-07 16:07:05.184922695+00:00,42.85817337036133,0.0,1.0,0.6789344549179077,33.337589263916016,36.15749740600586,33.19944381713867,35.24695587158203,74.55442810058594,76.7651596069336,76.2408676147461,77.2291030883789,23.768707275390625,24.122425079345703,24.03853988647461,24.1966552734375,-0.0308755135577991,0.051216081162239,-0.0058181161349487,0.0555107011324804,simulator,event_window,False,simulated_measured
1,159.98011183738708,2026-05-07 16:07:05.200342417+00:00,42.976219177246094,0.0,1.0,0.654586136341095,33.457061767578125,36.33725357055664,33.3126220703125,35.39582443237305,74.55130004882812,76.76321411132812,76.23609924316406,77.22442626953125,23.768207550048828,24.122114181518555,24.037776947021484,24.19590759277344,-0.0300739473073863,0.053540373561876,-0.0051690084361454,0.0570572509267099,simulator,event_window,False,simulated_measured
1,159.99582958221436,2026-05-07 16:07:05.216060162+00:00,43.11914443969727,0.0,1.0,0.5806893706321716,33.57734298706055,36.17230987548828,33.42522048950195,35.52950668334961,74.54817199707031,76.76115417480469,76.23133087158203,77.21975708007812,23.76770782470703,24.12178421020508,24.03701400756836,24.19515991210937,-0.0298135060869439,0.0452818202169704,-0.0051150985888024,0.0575325064754734,simulator,event_window,False,simulated_measured
1,160.01165962219238,2026-05-07 16:07:05.231890202+00:00,43.30253982543945,0.0,1.0,0.5215832591056824,33.70319366455078,36.1758041381836,33.854007720947266,35.582763671875,74.54441833496094,76.75868225097656,76.2256088256836,77.21417236328125,23.76710700988769,24.12138938903809,24.03609848022461,24.19426727294922,-0.0303015113347413,0.0409553784110354,0.0033799382458929,0.0546321091140844,simulator,event_window,False,simulated_measured
1,160.027423620224,2026-05-07 16:07:05.247654200+00:00,43.46307373046875,0.0,1.0,0.4971266984939575,33.851993560791016,36.32078552246094,34.1436767578125,35.64250183105469,74.5412826538086,76.75659942626953,76.22084045410156,77.2094955444336,23.766605377197266,24.121055603027344,24.035335540771484,24.19351959228516,-0.0296177462397715,0.0412669536924312,0.0082275117060743,0.0525007820698764,simulator,event_window,False,simulated_measured
2,504.804616689682,2026-05-07 16:12:50.024847269+00:00,233.88754272460932,0.0,1.0,0.4730778336524963,187.35731506347656,187.785888671875,184.44744873046875,184.44744873046875,79.8320083618164,73.85411834716797,75.4049072265625,74.47360229492188,24.613121032714844,23.656658172607425,23.90478515625,23.75577545166016,-0.0019722990929567,0.0004218124410311,0.0121252408738175,0.0121391982000236,simulator,event_window,False,simulated_measured
2,504.8199841976166,2026-05-07 16:12:50.040214777+00:00,234.0124053955078,0.0,1.0,0.5138022899627686,187.44125366210932,187.96511840820312,184.535888671875,184.535888671875,79.82975006103516,73.85242462158203,75.40631103515625,74.475830078125,24.61275863647461,23.65638732910156,23.905010223388672,23.75613212585449,-0.0020579283329813,0.0008423442794396,0.0120702390905107,0.0120841956582358,simulator,event_window,False,simulated_measured
2,504.83517360687256,2026-05-07 16:12:50.055404186+00:00,234.1204376220703,0.0,1.0,0.5581843256950378,187.44723510742188,187.9934844970703,184.54034423828125,184.54034423828125,79.82754516601562,73.85066223144531,75.40772247314453,74.47802734375,24.61240768432617,23.656105041503903,23.905235290527344,23.75648498535156,-0.0024865867344179,0.0005314857814568,0.0116276556030956,0.0116416060675423,simulator,event_window,False,simulated_measured
2,504.8505606651306,2026-05-07 16:12:50.070791245+00:00,234.2230682373047,0.0,1.0,0.618044376373291,187.55484008789065,188.10055541992188,184.5990447998047,184.5990447998047,79.82535552978516,73.84900665283203,75.40922546386719,74.48027038574219,24.61205673217773,23.65584182739257,23.90547561645508,23.75684356689453,-0.0023512954156836,0.0006626771659656,0.0115060343082955,0.0115199830955703,simulator,event_window,False,simulated_measured
2,504.86648631095886,2026-05-07 16:12:50.086716890+00:00,234.32345581054688,0.0,1.0,0.6176736354827881,187.5666656494141,188.1835174560547,184.78501892089844,184.78501892089844,79.8230209350586,73.8476333618164,75.41040802001953,74.48226928710938,24.611682891845703,23.65562057495117,23.905664443969727,23.757164001464844,-0.0027158265971721,0.0006751334532293,0.0120912945857789,0.0121052514438617,simulator,event_window,False,simulated_measured
2,504.88203263282776,2026-05-07 16:12:50.102263212+00:00,234.42257690429688,0.0,1.0,0.6867507100105286,187.6240234375,188.2909240722656,184.8450164794922,184.8450164794922,79.82107543945312,73.84605407714844,75.41149139404297,74.48430633544922,24.611371994018555,23.65536880493164,23.905838012695312,23.757488250732425,-0.0028326690687127,0.0008229156341361,0.0119918265695733,0.0120057820559804,simulator,event_window,False,simulated_measured
2,504.897477388382,2026-05-07 16:12:50.117707968+00:00,234.5394744873047,0.0,1.0,0.7711343169212341,187.63912963867188,188.4126739501953,184.9477081298828,184.9477081298828,79.81871795654297,73.84437561035156,75.4126205444336,74.4870834350586,24.61099433898925,23.655099868774418,23.90601921081543,23.757932662963867,-0.0032494254164415,0.0009709069189494,0.012049373754337,0.0120633300343266,simulator,event_window,False,simulated_measured
2,504.9133498668671,2026-05-07 16:12:50.133580445+00:00,234.6353912353516,0.0,1.0,0.7941099405288696,187.68148803710932,188.51828002929688,185.06146240234372,185.06146240234372,79.81641387939453,73.84331512451172,75.41338348388672,74.4896240234375,24.610626220703125,23.654930114746097,23.90614128112793,23.758338928222656,-0.0034319692755571,0.0011225383583013,0.0122578759195148,0.0122718350747736,simulator,event_window,False,simulated_measured
2,504.9289650917053,2026-05-07 16:12:50.149195671+00:00,234.7325134277344,0.0,1.0,0.8349031209945679,187.73263549804688,188.63169860839844,185.11163330078125,185.11163330078125,79.81379699707031,73.84278869628906,75.41448211669922,74.49198913574219,24.610206604003903,23.65484619140625,23.90631675720215,23.758718490600582,-0.0035728311414444,0.0013103748971603,0.0121133608487968,0.012127318011176,simulator,event_window,False,simulated_measured
2,504.944207906723,2026-05-07 16:12:50.164438486+00:00,234.8278961181641,0.0,1.0,0.8917809128761292,187.7639617919922,188.68067932128903,185.17958068847656,185.17958068847656,79.81084442138672,73.84202575683594,75.41534423828125,74.49465942382812,24.60973358154297,23.65472412109375,23.906455993652344,23.759145736694336,-0.0038113583723443,0.001163559249095,0.0120736165041119,0.012087573118412,simulator,event_window,False,simulated_measured
2,504.9600102901459,2026-05-07 16:12:50.180240870+00:00,234.91778564453125,0.0,1.0,0.980249285697937,187.77728271484372,188.80506896972656,185.29324340820312,185.29324340820312,79.8077163696289,73.84210205078125,75.41584014892578,74.49749755859375,24.60923385620117,23.654735565185547,23.90653419494629,23.759599685668945,-0.0041218948687692,0.0014402461920524,0.0123073244505977,0.0123212842877578,simulator,event_window,False,simulated_measured
2,504.9758911132813,2026-05-07 16:12:50.196121693+00:00,235.018310546875,0.0,1.0,1.0501056909561155,187.8498687744141,188.89903259277344,185.49777221679688,185.49777221679688,79.80439758300781,73.84236145019531,75.41633605957031,74.50081634521484,24.60870361328125,23.65477752685547,23.906614303588867,23.760129928588867,-0.0041630680116729,0.0015100768544344,0.0129912464933061,0.0130052157618316,simulator,event_window,False,simulated_measured
2,504.9916241168976,2026-05-07 16:12:50.211854696+00:00,235.10302734375,0.0,1.0,1.10167133808136,187.90028381347656,188.99855041503903,185.54888916015625,185.54888916015625,79.80132293701172,73.84259796142578,75.41667938232422,74.50365447998047,24.608211517333984,23.654815673828125,23.90666961669922,23.76058387756348,-0.0042547410915233,0.0016766298823824,0.0129052719193714,0.0129192400022974,simulator,event_window,False,simulated_measured
2,505.0066599845886,2026-05-07 16:12:50.226890564+00:00,235.18951416015625,0.0,1.0,1.1867564916610718,187.91990661621097,189.01841735839844,185.56549072265625,185.56549072265625,79.79837036132812,73.84281158447266,75.41730499267578,74.50672149658203,24.607738494873047,23.65485000610352,23.906768798828125,23.761075973510746,-0.0045169595049899,0.0014135353116242,0.0126233878374868,0.0126373520331981,simulator,event_window,False,simulated_measured
2,505.0221827030182,2026-05-07 16:12:50.242413282+00:00,235.27098083496097,0.0,1.0,1.276621699333191,187.98992919921875,189.20101928710932,185.625732421875,185.625732421875,79.79617309570312,73.84357452392578,75.41798400878906,74.51008605957031,24.60738754272461,23.654972076416016,23.906877517700195,23.761613845825195,-0.0044908551009631,0.0020338626312521,0.0126013720414044,0.0126153359335152,simulator,event_window,False,simulated_measured
2,505.0378389358521,2026-05-07 16:12:50.258069515+00:00,235.34556579589844,0.0,1.0,1.2762290239334106,187.98085021972656,189.2290496826172,185.7895050048828,185.7895050048828,79.79405212402344,73.84407043457031,75.41848754882812,74.51322174072266,24.60704803466797,23.655052185058597,23.906957626342773,23.762115478515625,-0.004854411570668,0.0018647069477981,0.0131735694471448,0.0131875412299253,simulator,event_window,False,simulated_measured
2,505.0534613132477,2026-05-07 16:12:50.273691893+00:00,235.43753051757807,0.0,1.0,1.3673837184906006,188.08197021484372,189.35096740722656,185.76809692382807,185.76809692382807,79.79180908203125,73.8448486328125,75.4193344116211,74.5174789428711,24.606689453125,23.655176162719727,23.907093048095703,23.76279640197754,-0.0047080206789597,0.0021186023669979,0.0126611117366595,0.0126750764525878,simulator,event_window,False,simulated_measured
2,505.0690131187439,2026-05-07 16:12:50.289243698+00:00,235.51014709472656,0.0,1.0,1.4346392154693604,188.09494018554688,189.43344116210932,185.84115600585932,185.84115600585932,79.7897720336914,73.8460922241211,75.42021179199219,74.52132415771484,24.60636329650879,23.65537452697754,23.90723419189453,23.763412475585938,-0.0049462930656393,0.0022459602080509,0.0127470081625347,0.0127609740629848,simulator,event_window,False,simulated_measured
2,505.08507442474365,2026-05-07 16:12:50.305305004+00:00,235.5787353515625,0.0,1.0,1.4683886766433716,188.1283416748047,189.48416137695312,185.9220733642578,185.9220733642578,79.78724670410156,73.8471908569336,75.42102813720703,74.52529907226562,24.605958938598636,23.65555000305176,23.90736389160156,23.764047622680664,-0.0050593528529694,0.0022224285001541,0.0128929821963004,0.0129069501097498,simulator,event_window,False,simulated_measured
2,505.0997803211212,2026-05-07 16:12:50.320010900+00:00,235.6465759277344,0.0,1.0,1.5241369009017944,188.1096343994141,189.53208923339844,185.94119262695312,185.94119262695312,79.78386688232422,73.8485107421875,75.42179870605469,74.52971649169922,24.605419158935547,23.65576171875,23.90748786926269,23.76475524902344,-0.0054446948335173,0.0021873252262247,0.0127055098965662,0.0127194752247503,simulator,event_window,False,simulated_measured
2,505.1149935722351,2026-05-07 16:12:50.335224152+00:00,235.714599609375,0.0,1.0,1.5222229957580566,188.10012817382807,189.64854431152344,186.00567626953125,186.00567626953125,79.78028106689453,73.85022735595703,75.42243957519531,74.53439331054688,24.60484504699707,23.656036376953125,23.907590866088867,23.7655029296875,-0.0057819544125945,0.0025137099540493,0.0127643591095842,0.0127783252493061,simulator,event_window,False,simulated_measured
2,505.1304705142975,2026-05-07 16:12:50.350701094+00:00,235.78277587890625,0.0,1.0,1.3591387271881104,188.23191833496097,189.7685089111328,186.1395721435547,186.1395721435547,79.77650451660156,73.85212707519531,75.42285919189453,74.53878021240234,24.60424041748047,23.656339645385746,23.907657623291016,23.76620483398437,-0.0053730453491125,0.0028578039137212,0.0132003455950768,0.0132143177471035,simulator,event_window,False,simulated_measured
2,505.14651012420654,2026-05-07 16:12:50.366740704+00:00,235.85885620117188,0.0,1.0,1.2438781261444092,188.42572021484372,189.6854248046875,186.25003051757807,186.25003051757807,79.77256774902344,73.8538589477539,75.4230728149414,74.54301452636719,24.60361099243164,23.6566162109375,23.907691955566406,23.766881942749023,-0.0046701507600096,0.0020953871500455,0.013474576731471,0.0134885526651775,simulator,event_window,False,simulated_measured
2,505.1625335216522,2026-05-07 16:12:50.382764101+00:00,235.95509338378903,0.0,1.0,1.262082576751709,188.63034057617188,189.65640258789065,186.2284698486328,186.2284698486328,79.76782989501953,73.85549926757812,75.42399597167969,74.54769897460938,24.60285186767578,23.656879425048828,23.907838821411133,23.76763153076172,-0.0039956735641758,0.0015334103476647,0.0129439447245545,0.0129579133407831,simulator,event_window,False,simulated_measured
2,505.17803263664246,2026-05-07 16:12:50.398263216+00:00,236.0333709716797,0.0,1.0,1.2530180215835571,188.7874755859375,189.60003662109372,186.27053833007807,186.27053833007807,79.76429748535156,73.85638427734375,75.42505645751953,74.55098724365234,24.60228729248047,23.657020568847656,23.908008575439453,23.76815795898437,-0.0034965584612246,0.0009037065519401,0.012836759492282,0.0128507266304134,simulator,event_window,False,simulated_measured
2,505.1934418678284,2026-05-07 16:12:50.413672447+00:00,236.1130523681641,0.0,1.0,1.234217405319214,188.93832397460932,189.55804443359372,186.3208923339844,186.3208923339844,79.7612533569336,73.85714721679688,75.42623901367188,74.55408477783203,24.60179901123047,23.65714263916016,23.9081974029541,23.768653869628903,-0.0030368743259133,0.0003443271213148,0.0127686610636035,0.0127826272626498,simulator,event_window,False,simulated_measured
2,505.20955991745,2026-05-07 16:12:50.429790497+00:00,236.1916046142578,0.0,1.0,1.1714847087860107,189.07501220703125,189.57241821289065,186.4266662597656,186.4266662597656,79.758544921875,73.85774230957031,75.42725372314453,74.55683898925781,24.601367950439453,23.6572380065918,23.90835952758789,23.76909446716309,-0.0026474254818926,8.746285423222311e-05,0.0130065911327432,0.0130205606128734,simulator,event_window,False,simulated_measured
2,505.225679397583,2026-05-07 16:12:50.445909977+00:00,236.2845458984375,0.0,1.0,1.1551854610443115,189.22000122070312,189.6367645263672,186.4464111328125,186.4464111328125,79.75582885742188,73.85903930664062,75.42860412597656,74.5601806640625,24.60093307495117,23.657445907592773,23.90857696533203,23.769628524780277,-0.0022752265501051,3.3408538963719536e-05,0.0127153779492281,0.0127293434134938,simulator,event_window,False,simulated_measured
2,505.2414858341217,2026-05-07 16:12:50.461716413+00:00,236.3629608154297,0.0,1.0,1.1174015998840332,189.3805084228516,189.6759796142578,186.4881896972656,186.4881896972656,79.75389862060547,73.86030578613281,75.4299087524414,74.56309509277344,24.600624084472656,23.65764808654785,23.908784866333008,23.770095825195312,-0.001760181785669,-9.163007409829228e-05,0.0126062552659911,0.012620219225442,simulator,event_window,False,simulated_measured
2,505.2564504146576,2026-05-07 16:12:50.476680994+00:00,236.44436645507807,0.0,1.0,1.105465054512024,189.4727935791016,189.76910400390625,186.5120849609375,186.5120849609375,79.75147247314453,73.86182403564453,75.43089294433594,74.56635284423828,24.60023498535156,23.65789222717285,23.90894317626953,23.77061653137207,-0.001617591686334,5.486222869843793e-05,0.0123873276211636,0.0124012885615769,simulator,event_window,False,simulated_measured
2,505.2720022201538,2026-05-07 16:12:50.492232800+00:00,236.5280609130859,0.0,1.0,1.106961965560913,189.6192321777344,189.8401031494141,186.42987060546875,186.42987060546875,79.74967193603516,73.863525390625,75.43257904052734,74.56990051269531,24.599946975708008,23.658164978027344,23.90921211242676,23.771183013916016,-0.0011995143117577,7.501953805966188e-05,0.0115829971341874,0.0115969469827885,simulator,event_window,False,simulated_measured
2,505.2880573272705,2026-05-07 16:12:50.508287907+00:00,236.6262969970703,0.0,1.0,1.0536261796951294,189.8355255126953,189.91616821289065,186.5414581298828,186.5414581298828,79.7490234375,73.86580657958984,75.43445587158203,74.57433319091797,24.59984397888184,23.65852928161621,23.909513473510746,23.771892547607425,-0.0004753385006069,6.037887261700625e-05,0.0117682667897676,0.0117822191932592,simulator,event_window,False,simulated_measured
2,505.3035755157471,2026-05-07 16:12:50.523806095+00:00,236.7066345214844,0.0,1.0,1.006251573562622,189.9417724609375,190.0093536376953,186.5584259033203,186.5584259033203,79.74881744384766,73.86820983886719,75.43614196777344,74.57808685302734,24.59981155395508,23.658912658691406,23.90978240966797,23.77249336242676,-0.0002553511304735,0.0002114905495753,0.011516874666309,0.0115308236030735,simulator,event_window,False,simulated_measured
2,505.3196139335632,2026-05-07 16:12:50.539844513+00:00,236.7901306152344,0.0,1.0,0.9425281882286072,190.00845336914065,190.16946411132807,186.53448486328125,186.53448486328125,79.74872589111328,73.87033081054688,75.43861389160156,74.58207702636719,24.599796295166016,23.659252166748047,23.910179138183597,23.77313232421875,-0.0002570311999849,0.0007013257691579,0.0110304350101069,0.0110443772388113,simulator,event_window,False,simulated_measured
2,505.3342804908752,2026-05-07 16:12:50.554511070+00:00,236.8776397705078,0.0,1.0,0.910774290561676,190.10464477539065,190.2257080078125,186.4464111328125,186.4464111328125,79.7486572265625,73.8720932006836,75.44200897216797,74.5865249633789,24.59978485107422,23.659534454345703,23.910720825195312,23.77384376525879,-0.0001204329786469,0.000627493808913,0.0101797427352208,0.0101936732327785,simulator,event_window,False,simulated_measured
2,505.3498005867005,2026-05-07 16:12:50.570031166+00:00,236.9636077880859,0.0,1.0,0.8311803340911865,190.14402770996097,190.30929565429688,186.54293823242188,186.54293823242188,79.74840545654297,73.87345123291016,75.4452896118164,74.59115600585938,24.59974479675293,23.659751892089844,23.91124725341797,23.774585723876957,-0.000276114838793,0.000704005402238,0.0103360605331317,0.0103499931863304,simulator,event_window,False,simulated_measured
2,505.3653302192688,2026-05-07 16:12:50.585560799+00:00,237.0487518310547,0.0,1.0,0.7715743780136108,190.2107696533203,190.2861785888672,186.6171417236328,186.6171417236328,79.74777221679688,73.87447357177734,75.448486328125,74.59552764892578,24.59964370727539,23.659915924072266,23.91175842285156,23.77528381347656,-0.000284414993917,0.000223055973926,0.010374913823347,0.010388847012337,simulator,event_window,False,simulated_measured
2,505.38089632987976,2026-05-07 16:12:50.601126909+00:00,237.1548309326172,0.0,1.0,0.7111186981201172,190.263916015625,190.38816833496097,186.6820068359375,186.6820068359375,79.748046875,73.87544250488281,75.45247650146484,74.60089111328125,24.599687576293945,23.660070419311523,23.91239547729492,23.776142120361328,-0.0004523833686069,0.0003115178715089,0.0102740071651667,0.010287938962642,simulator,event_window,False,simulated_measured
2,505.3969259262085,2026-05-07 16:12:50.617156506+00:00,237.23507690429688,0.0,1.0,0.7040561437606812,190.31040954589844,190.4749298095703,186.79383850097656,186.79383850097656,79.74866485595703,73.8765869140625,75.45545959472656,74.60541534423828,24.59978485107422,23.660253524780277,23.912872314453125,23.7768669128418,-0.0005463152382745,0.0004288535111034,0.0105372757388511,0.0105512111668311,simulator,event_window,False,simulated_measured
2,505.4125168323517,2026-05-07 16:12:50.632747412+00:00,237.3176727294922,0.0,1.0,0.6928090453147888,190.37994384765625,190.62396240234372,186.84640502929688,186.84640502929688,79.74984741210938,73.87813568115234,75.45872497558594,74.6096420288086,24.5999755859375,23.66050148010254,23.91339492797852,23.77754211425781,-0.00052911779909,0.0008631545754245,0.0104698503209641,0.0104837848191396,simulator,event_window,False,simulated_measured
2,505.42760133743286,2026-05-07 16:12:50.647831917+00:00,237.4005889892578,0.0,1.0,0.6395890116691589,190.44583129882807,190.72752380371097,186.9298095703125,186.9298095703125,79.75137329101562,73.87905883789062,75.4622573852539,74.6139144897461,24.6002197265625,23.660648345947266,23.91396141052246,23.778226852416992,-0.0005324202210114,0.0010571407173907,0.0105678224818424,0.0105817583310654,simulator,event_window,False,simulated_measured
2,505.4436042308808,2026-05-07 16:12:50.663834810+00:00,237.4987030029297,0.0,1.0,0.6884245872497559,190.48777770996097,190.8900451660156,186.94102478027344,186.94102478027344,79.75318145751953,73.88047790527344,75.46676635742188,74.61986541748047,24.600509643554688,23.660877227783203,23.914682388305664,23.77917861938477,-0.000725268608625,0.0014962513059888,0.0102109487688195,0.0102248796967121,simulator,event_window,False,simulated_measured
2,505.45882654190063,2026-05-07 16:12:50.679057121+00:00,237.5800323486328,0.0,1.0,0.6768189072608948,190.56710815429688,191.01080322265625,187.01808166503903,187.01808166503903,79.75469970703125,73.8819351196289,75.47067260742188,74.62501525878906,24.60075187683105,23.661109924316406,23.915307998657227,23.78000259399414,-0.000651329333736,0.0017867500775401,0.0102813946168613,0.0102953265162106,simulator,event_window,False,simulated_measured
2,505.4744713306427,2026-05-07 16:12:50.694701910+00:00,237.65594482421875,0.0,1.0,0.6654360294342041,190.56256103515625,191.09075927734372,187.1174774169922,187.1174774169922,79.75544738769531,73.88317108154297,75.47480773925781,74.62984466552734,24.60087203979492,23.66130828857422,23.91596984863281,23.78077507019043,-0.0009943808537976,0.0018859659976413,0.0104954582812071,0.0105093931325193,simulator,event_window,False,simulated_measured
2,505.4891953468323,2026-05-07 16:12:50.709425926+00:00,237.7408599853516,0.0,1.0,0.6875100135803223,190.53184509277344,191.1636199951172,187.1051177978516,187.1051177978516,79.75489044189453,73.88380432128906,75.47879028320312,74.63565063476562,24.60078239440918,23.661407470703125,23.91660690307617,23.78170394897461,-0.0015121687922037,0.001909988284604,0.0100678121327693,0.0100817410867908,simulator,event_window,False,simulated_measured
2,505.5051198005676,2026-05-07 16:12:50.725350380+00:00,237.82798767089844,0.0,1.0,0.7052494287490845,190.50518798828125,191.1807098388672,187.1364593505859,187.1364593505859,79.75334167480469,73.88444519042969,75.48274230957031,74.6413803100586,24.60053443908691,23.661510467529297,23.917238235473636,23.782621383666992,-0.0020176084750315,0.0016324780540726,0.009866908506489,0.0098808346900258,simulator,event_window,False,simulated_measured
2,505.5206320285797,2026-05-07 16:12:50.740862608+00:00,237.90866088867188,0.0,1.0,0.7616420388221741,190.48117065429688,191.1380615234375,187.2220458984375,187.2220458984375,79.75191497802734,73.88533782958984,75.48619842529297,74.64683532714844,24.60030746459961,23.66165351867676,23.91779136657715,23.783493041992188,-0.0024817923372141,0.0010694643031183,0.0099861738021169,0.0100001016303363,simulator,event_window,False,simulated_measured
2,505.5366976261139,2026-05-07 16:12:50.756928205+00:00,237.9784240722656,0.0,1.0,0.8091444969177246,190.48727416992188,191.2563934326172,187.44468688964844,187.44468688964844,79.75077819824219,73.88664245605469,75.48859405517578,74.65155029296875,24.60012435913086,23.661863327026367,23.918174743652344,23.78424835205078,-0.0027422602712509,0.0013955733012576,0.0108908019402875,0.0109047422434354,simulator,event_window,False,simulated_measured
2,505.5522425174713,2026-05-07 16:12:50.772473097+00:00,238.0693817138672,0.0,1.0,0.5959659814834595,190.609130859375,191.37887573242188,187.4808349609375,187.4808349609375,79.74991607666016,73.888916015625,75.49129486083984,74.65702056884766,24.599987030029297,23.6622257232666,23.918607711791992,23.78512382507324,-0.0024855637360128,0.0016540341541926,0.010699449751828,0.0107133874162066,simulator,event_window,False,simulated_measured
2,505.5679204463959,2026-05-07 16:12:50.788151026+00:00,238.14666748046875,0.0,1.0,0.5760048627853394,190.7206268310547,191.3513336181641,187.53536987304688,187.53536987304688,79.74966430664062,73.89080810546875,75.49372100830078,74.6612548828125,24.59994506835937,23.66252899169922,23.918994903564453,23.78580093383789,-0.0022259848998745,0.0011848619160863,0.0106653468082607,0.0106792840023557,simulator,event_window,False,simulated_measured
2,505.5835852622986,2026-05-07 16:12:50.803815842+00:00,238.22088623046875,0.0,1.0,0.6438247561454773,190.9093780517578,191.4252166748047,187.56480407714844,187.56480407714844,79.75010681152344,73.89299774169922,75.49658966064453,74.6655044555664,24.600017547607425,23.662879943847656,23.91945457458496,23.78647994995117,-0.0015496825011602,0.001259387538349,0.0105090469870907,0.010522982025793,simulator,event_window,False,simulated_measured
2,505.5996890068054,2026-05-07 16:12:50.819919586+00:00,238.28958129882807,0.0,1.0,0.6107317209243774,191.2183380126953,191.45721435546875,187.6592712402344,187.6592712402344,79.75190734863281,73.89490509033203,75.49980926513672,74.66947174072266,24.600303649902344,23.663185119628903,23.91996955871582,23.7871150970459,-0.0002221342313764,0.0011380577559791,0.0107265303861532,0.0107404684239769,simulator,event_window,False,simulated_measured
2,505.6154463291168,2026-05-07 16:12:50.835676908+00:00,238.3751373291016,0.0,1.0,0.6306514143943787,191.24853515625,191.55426025390625,187.78057861328125,187.78057861328125,79.75257873535156,73.89691162109375,75.50377655029297,74.67430114746094,24.600412368774418,23.66350555419922,23.920604705810547,23.787887573242188,-0.0004231399424652,0.001286010963595,0.0110168900309104,0.011030832072828,simulator,event_window,False,simulated_measured
2,505.631196975708,2026-05-07 16:12:50.851427555+00:00,238.45263671875,0.0,1.0,0.5894386768341064,191.3856964111328,191.59861755371097,187.6484832763672,187.6484832763672,79.75288391113281,73.89879608154297,75.50818634033203,74.67884063720703,24.60046005249023,23.663806915283203,23.921310424804688,23.78861427307129,-3.1359931343510894e-05,0.0011923710582957,0.0099773253179071,0.009991253024105,simulator,event_window,False,simulated_measured
2,505.6465473175049,2026-05-07 16:12:50.866777897+00:00,238.52394104003903,0.0,1.0,0.5058350563049316,191.50108337402344,191.64007568359372,187.77127075195312,187.77127075195312,79.75411224365234,73.9002456665039,75.51244354248047,74.68331146240234,24.600658416748047,23.664039611816406,23.9219913482666,23.789329528808597,0.0002724131690043,0.0011096480718328,0.010336082239664,0.0103500148931621,simulator,event_window,False,simulated_measured
2,505.66240668296814,2026-05-07 16:12:50.882637262+00:00,238.5909576416016,0.0,1.0,0.4726428091526031,191.5882110595703,191.63653564453125,187.94818115234372,187.94818115234372,79.7552490234375,73.90089416503906,75.51561737060547,74.68830871582031,24.600839614868164,23.66414260864257,23.92249870300293,23.790128707885746,0.0004464201304079,0.0008099638352465,0.0110039239729002,0.0110178658360144,simulator,event_window,False,simulated_measured
2,505.6777334213257,2026-05-07 16:12:50.897964001+00:00,238.68722534179688,0.0,1.0,0.4143956303596496,191.64801025390625,191.6260986328125,187.7760162353516,187.7760162353516,79.75582122802734,73.90101623535156,75.5207290649414,74.69515991210938,24.60093116760254,23.664161682128903,23.923316955566406,23.79122543334961,0.0003550554908964,0.0003518309506798,0.0096704346553837,0.0096843581295233,simulator,event_window,False,simulated_measured
2,505.693496465683,2026-05-07 16:12:50.913727045+00:00,238.76597595214844,0.0,0.0,0.3067466616630554,191.5829620361328,191.6132049560547,186.0384521484375,186.0384521484375,79.75447082519531,73.90076446533203,75.5257568359375,74.70000457763672,24.60071563720703,23.664121627807617,23.924121856689453,23.79199981689453,-0.0003143086010619,-4.539558126448462e-05,-2.367749370568717e-06,1.1422335685074003e-05,simulator,event_window,False,simulated_measured
2,505.7086598873138,2026-05-07 16:12:50.928890467+00:00,238.66119384765625,0.0,0.0,0.297527939081192,191.3760681152344,191.4457550048828,185.90823364257807,185.90823364257807,79.75308990478516,73.90065002441406,75.53011322021484,74.70469665527344,24.600494384765625,23.66410446166992,23.92481803894043,23.79275131225586,-0.000955458081341,-0.0004806139434267,-0.0002635879990628,-0.0002498015162653,simulator,event_window,False,simulated_measured
2,505.7247304916382,2026-05-07 16:12:50.944961071+00:00,238.5128173828125,0.0,0.0,0.2527768015861511,191.3119354248047,191.2743682861328,185.76817321777344,185.76817321777344,79.75313568115234,73.90107727050781,75.53359985351562,74.7082290649414,24.60050201416016,23.664173126220703,23.925376892089844,23.79331588745117,-0.0006689638659992,-0.000754172598529,-0.000395316562992,-0.0003815318967467,simulator,event_window,False,simulated_measured
2,505.7403881549835,2026-05-07 16:12:50.960618734+00:00,238.369140625,0.0,0.0,0.2280735224485397,191.19625854492188,191.1107635498047,185.67059326171875,185.67059326171875,79.75369262695312,73.90155792236328,75.53556060791016,74.71155548095703,24.600589752197266,23.664249420166016,23.925689697265625,23.793848037719727,-0.0006712284340516,-0.0010070888994266,-0.0003181928042467,-0.0003044070744556,simulator,event_window,False,simulated_measured
2,505.75570464134216,2026-05-07 16:12:50.975935221+00:00,238.1903381347656,0.0,0.0,0.1706408113241195,191.2376708984375,191.0142517089844,185.54592895507807,185.54592895507807,79.756103515625,73.90237426757812,75.53886413574219,74.71521759033203,24.600975036621097,23.664379119873047,23.92621803283691,23.79443359375,0.0002955514637081,-0.0007620491279252,-0.0002394785614566,-0.000225691746187,simulator,event_window,False,simulated_measured
2,505.7717967033386,2026-05-07 16:12:50.992027283+00:00,238.0432891845703,0.0,0.0,0.1197394877672195,191.01971435546875,190.9418487548828,185.46112060546875,185.46112060546875,79.75861358642578,73.9027328491211,75.54166412353516,74.71792602539062,24.60137939453125,23.66443634033203,23.926666259765625,23.79486846923828,-0.0002272822179393,-0.0005237694009706,-7.913364945311141e-05,-6.534462300833432e-05,simulator,event_window,False,simulated_measured
2,505.7870960235596,2026-05-07 16:12:51.007326603+00:00,237.89060974121097,0.0,0.0,0.0701065063476562,190.9774932861328,190.8968505859375,185.4119873046875,185.4119873046875,79.76087188720703,73.90264892578125,75.545166015625,74.72058868408203,24.60173797607422,23.6644229888916,23.927227020263672,23.7952938079834,0.000193255670926,-0.0001179922990526,0.0002975466921468,0.0003113409130581,simulator,event_window,False,simulated_measured
2,505.8026087284088,2026-05-07 16:12:51.022839308+00:00,237.74363708496097,0.0,0.0,0.0045094639062881,190.83380126953125,190.71873474121097,185.2994842529297,185.2994842529297,79.76290130615234,73.90138244628906,75.54890441894531,74.72325897216797,24.60206413269043,23.664220809936523,23.927824020385746,23.79572105407715,5.855969216628232e-05,-0.0004333814064154,0.0003085995930376,0.0003223939663696,simulator,event_window,False,simulated_measured
2,505.8181252479553,2026-05-07 16:12:51.038355827+00:00,237.59751892089844,0.0,0.0,-0.0112270563840866,190.65196228027344,190.58050537109372,185.14598083496097,185.14598083496097,79.7646713256836,73.89949798583984,75.5526123046875,74.72622680664062,24.60234832763672,23.66391944885254,23.928417205810547,23.79619598388672,-0.0002799299933826,-0.0005435787832958,9.45988255209862e-05,0.0001083902477572,simulator,event_window,False,simulated_measured
2,505.8333206176758,2026-05-07 16:12:51.053551197+00:00,237.245361328125,1.0,0.0,-0.0346068143844604,182.3348846435547,180.1967315673828,182.10690307617188,182.10690307617188,79.7658920288086,73.89705657958984,75.55510711669922,74.72892761230469,24.602542877197266,23.66352844238281,23.92881774902344,23.796628952026367,-0.0424729105557007,-0.0535962134551977,-0.0148613154926926,-0.0148477303142752,simulator,event_window,False,simulated_measured
2,505.8490476608277,2026-05-07 16:12:51.069278240+00:00,236.0518035888672,1.0,0.0,-0.0538423061370849,182.0723876953125,177.3037109375,181.207763671875,181.207763671875,79.76753234863281,73.89424896240234,75.55721282958984,74.73125457763672,24.602806091308597,23.6630802154541,23.92915344238281,23.79700088500977,-0.0390167961117424,-0.0640820172386719,-0.0147687650660623,-0.0147551786113639,simulator,event_window,False,simulated_measured
2,505.865070104599,2026-05-07 16:12:51.085300684+00:00,235.0272979736328,1.0,0.0,-0.0604298114776611,181.5638427734375,177.5821533203125,180.2083740234375,180.2083740234375,79.7690200805664,73.89286804199219,75.55828094482422,74.73281860351562,24.603042602539062,23.66285896301269,23.92932510375977,23.797250747680664,-0.0375235966726215,-0.0585260676264904,-0.015931444516767,-0.015917874095555,simulator,event_window,False,simulated_measured
2,505.8808422088623,2026-05-07 16:12:51.101072788+00:00,233.9820098876953,1.0,0.0,-0.0474686026573181,181.30453491210932,178.71743774414062,179.09361267089844,179.09361267089844,79.77132415771484,73.89234161376953,75.55860900878906,74.73336791992188,24.603412628173828,23.66277503967285,23.92937660217285,23.797338485717773,-0.0346045836131908,-0.048274399141355,-0.0176498309905572,-0.017636284266097,simulator,event_window,False,simulated_measured
2,505.8962233066559,2026-05-07 16:12:51.116453886+00:00,232.94134521484372,1.0,0.0,-0.0801618695259094,180.47789001464844,179.4008331298828,178.01919555664062,178.25619506835938,79.77364349365234,73.89277648925781,75.55829620361328,74.73367309570312,24.603782653808597,23.662843704223636,23.9293270111084,23.797388076782227,-0.0347129977006606,-0.040367018031994,-0.0191808213381312,-0.0178614990604955,simulator,event_window,False,simulated_measured
2,505.9117031097412,2026-05-07 16:12:51.131933689+00:00,231.7066802978516,1.0,0.0,-0.0515161156654357,179.51625061035156,179.010498046875,177.11129760742188,177.11129760742188,79.77633666992188,73.89374542236328,75.55744934082031,74.7337417602539,24.60421371459961,23.66299819946289,23.92919158935547,23.79739761352539,-0.0347401401189014,-0.0373526150558405,-0.0189832917078877,-0.0189697633720077,simulator,event_window,False,simulated_measured
2,505.9277899265289,2026-05-07 16:12:51.148020506+00:00,230.6942596435547,1.0,0.0,-0.0667430758476257,178.2875518798828,177.98936462402344,176.06808471679688,176.4330596923828,79.77803802490234,73.89440155029297,75.5566177368164,74.73353576660156,24.60448455810547,23.663105010986328,23.92905807495117,23.797365188598636,-0.0371397320753466,-0.0386433070805319,-0.0204817181381354,-0.0184377198657694,simulator,event_window,False,simulated_measured
2,505.94333052635193,2026-05-07 16:12:51.163561106+00:00,229.6986389160156,1.0,0.0,-0.0577737689018249,176.64341735839844,176.53668212890625,175.26004028320312,175.51312255859375,79.77869415283203,73.89452362060547,75.55542755126953,74.73307037353516,24.604591369628903,23.663124084472656,23.92886734008789,23.797290802001957,-0.0418840526149179,-0.0423565823693145,-0.0207509031179772,-0.0193233060944353,simulator,event_window,False,simulated_measured
2,505.9594082832336,2026-05-07 16:12:51.179638863+00:00,228.69924926757807,1.0,0.0,-0.0518867969512939,175.3424835205078,174.95196533203125,174.63668823242188,174.87579345703125,79.77879333496094,73.8938217163086,75.55442810058594,74.73270416259766,24.60460662841797,23.66301155090332,23.928709030151367,23.79723358154297,-0.0447843105332534,-0.046805832891721,-0.0199698374954844,-0.018614488090475,simulator,event_window,False,simulated_measured
2,505.9746210575104,2026-05-07 16:12:51.194851637+00:00,227.49136352539065,1.0,0.0,-0.0911058783531189,174.74703979492188,173.68463134765625,173.70590209960938,173.87466430664062,79.77909851074219,73.89266204833984,75.55320739746094,74.73206329345703,24.604656219482425,23.662826538085938,23.928512573242188,23.7971305847168,-0.0429735377529274,-0.0486862652621343,-0.0200174207522827,-0.0190518014142332,simulator,event_window,False,simulated_measured
2,505.990238904953,2026-05-07 16:12:51.210469484+00:00,226.45846557617188,1.0,0.0,-0.1001214981079101,174.66465759277344,173.6346435546875,172.92584228515625,172.92584228515625,79.77989959716797,73.8922119140625,75.55211639404297,74.7311782836914,24.60478401184082,23.66275405883789,23.9283390045166,23.79698944091797,-0.0390616872338948,-0.0446222798991833,-0.0199685028221829,-0.01995498807248,simulator,event_window,False,simulated_measured
2,506.0053298473358,2026-05-07 16:12:51.225560427+00:00,225.41580200195312,1.0,0.0,-0.1318748593330383,174.6857147216797,173.7429962158203,172.3054656982422,172.3054656982422,79.78142547607422,73.892333984375,75.55136108398438,74.73030090332031,24.60502815246582,23.66277313232422,23.9282169342041,23.79684829711914,-0.0345004710605983,-0.0396042295727179,-0.0189675098953335,-0.0189539813418203,simulator,event_window,False,simulated_measured
2,506.0209925174713,2026-05-07 16:12:51.241223097+00:00,224.36151123046875,1.0,0.0,-0.1442082524299621,174.53880310058594,173.484130859375,171.89366149902344,171.89366149902344,79.78373718261719,73.89298248291016,75.55127716064453,74.72968292236328,24.605398178100582,23.66287612915039,23.928203582763672,23.79674911499023,-0.0307793256629855,-0.0365289102280256,-0.0167132200007382,-0.0166996603603022,simulator,event_window,False,simulated_measured
2,506.0361623764038,2026-05-07 16:12:51.256392956+00:00,223.30963134765625,1.0,0.0,-0.1353136897087097,173.9095458984375,172.98431396484375,171.4457550048828,171.4457550048828,79.78636932373047,73.89395141601562,75.55187225341797,74.7298355102539,24.60581970214844,23.66303253173828,23.928298950195312,23.79677391052246,-0.0297246480068653,-0.0347794525646735,-0.0146557737050785,-0.0146421856922158,simulator,event_window,False,simulated_measured
2,506.05179357528687,2026-05-07 16:12:51.272024155+00:00,222.2705993652344,1.0,0.0,-0.1420994400978088,173.3769073486328,171.98269653320312,170.8412628173828,170.8412628173828,79.78939819335938,73.89471435546875,75.55278778076172,74.730712890625,24.60630416870117,23.66315460205078,23.92844581604004,23.796913146972656,-0.0281745595090007,-0.0358823733980463,-0.0135400751104977,-0.0135264717120201,simulator,event_window,False,simulated_measured
2,506.06762051582336,2026-05-07 16:12:51.287851095+00:00,221.2401123046875,1.0,0.0,-0.1626209616661071,172.72714233398438,170.37620544433594,170.18853759765625,170.18853759765625,79.7928466796875,73.89469909667969,75.55408477783203,74.73178100585938,24.60685539245605,23.66315078735352,23.928653717041016,23.79708480834961,-0.0273070900003075,-0.0404395026125596,-0.0127318410419099,-0.0127182264977893,simulator,event_window,False,simulated_measured
2,506.0827651023865,2026-05-07 16:12:51.302995682+00:00,220.01889038085932,1.0,0.0,-0.1730509996414184,171.61778259277344,168.555908203125,169.35964965820312,169.35964965820312,79.79685974121094,73.89371490478516,75.55593872070312,74.73342895507812,24.607498168945312,23.662994384765625,23.9289493560791,23.797348022460938,-0.0281900331727544,-0.0454222672196888,-0.0120870671924814,-0.0120734437568534,simulator,event_window,False,simulated_measured
2,506.0979061126709,2026-05-07 16:12:51.318136692+00:00,219.0098419189453,1.0,0.0,-0.1991504430770874,170.1295623779297,167.1044464111328,168.60946655273438,168.60946655273438,79.7992935180664,73.89247131347656,75.55767822265625,74.73495483398438,24.607887268066406,23.66279602050781,23.92922782897949,23.797592163085938,-0.0321786780394017,-0.0492821152559992,-0.0119315843870648,-0.0119179588073107,simulator,event_window,False,simulated_measured
2,506.1134257316589,2026-05-07 16:12:51.333656311+00:00,218.0225982666016,1.0,0.0,-0.17841237783432,167.97454833984375,165.46388244628906,167.80429077148438,167.80429077148438,79.80010986328125,73.89085388183594,75.5595703125,74.73641967773438,24.60801696777344,23.66253662109375,23.92953109741211,23.797826766967773,-0.0401110248273161,-0.0543531310021632,-0.0121972181888142,-0.0121835962721814,simulator,event_window,False,simulated_measured
2,506.1288073062897,2026-05-07 16:12:51.349037886+00:00,217.01791381835932,1.0,0.0,-0.2009258866310119,167.384033203125,164.3919219970703,166.8973846435547,166.8973846435547,79.80078887939453,73.88909912109375,75.56120300292969,74.73802947998047,24.608125686645508,23.662256240844727,23.929792404174805,23.798084259033203,-0.0390573341511444,-0.0561300094640705,-0.0129875265837671,-0.0129739155655802,simulator,event_window,False,simulated_measured
2,506.1442601680756,2026-05-07 16:12:51.364490747+00:00,215.9922637939453,1.0,0.0,-0.1814875602722168,167.19920349121094,164.9392547607422,165.73345947265625,165.96018981933594,79.80194091796875,73.88817596435547,75.56197357177734,74.7394027709961,24.60831069946289,23.662107467651367,23.929916381835938,23.798303604125977,-0.0355603860682215,-0.0484905162962198,-0.0152166578210504,-0.0138558339123302,simulator,event_window,False,simulated_measured
2,506.1598362922669,2026-05-07 16:12:51.380066872+00:00,214.96002197265625,1.0,0.0,-0.1619538068771362,166.56346130371094,166.22779846191406,164.52862548828125,164.79592895507812,79.80339813232422,73.88865661621094,75.56136322021484,74.74005126953125,24.608543395996097,23.662185668945312,23.92981719970703,23.79840850830078,-0.0346138319834399,-0.0364522428699612,-0.0176811769925709,-0.0160716722640774,simulator,event_window,False,simulated_measured
2,506.174763917923,2026-05-07 16:12:51.394994497+00:00,213.91891479492188,1.0,0.0,-0.1818528175354004,166.12301635742188,166.05606079101562,163.9443817138672,163.9443817138672,79.80538177490234,73.89012908935547,75.5607681274414,74.73991394042969,24.60886001586914,23.66242027282715,23.92972183227539,23.798385620117188,-0.0324806622334837,-0.032763149773576,-0.0164056038621501,-0.0163920399796513,simulator,event_window,False,simulated_measured
2,506.19033551216125,2026-05-07 16:12:51.410566092+00:00,212.8775634765625,1.0,0.0,-0.238517165184021,165.99964904785156,165.63137817382812,163.29043579101562,163.29043579101562,79.80812072753906,73.89198303222656,75.56057739257812,74.73970794677734,24.609298706054688,23.662717819213867,23.929691314697266,23.79835319519043,-0.0284697854512389,-0.0305174102360443,-0.015536652473047,-0.0155230766076061,simulator,event_window,False,simulated_measured
2,506.2055678367615,2026-05-07 16:12:51.425798416+00:00,211.62332153320312,1.0,0.0,-0.2614575624465942,165.3792266845703,164.90908813476562,162.52532958984375,162.52532958984375,79.81210327148438,73.89482879638672,75.56048583984375,74.73977661132812,24.609935760498047,23.66317176818848,23.92967796325684,23.798364639282227,-0.0263643600623069,-0.0290243178229492,-0.0143420635926031,-0.014328471253641,simulator,event_window,False,simulated_measured
2,506.2212319374085,2026-05-07 16:12:51.441462517+00:00,210.5726318359375,1.0,0.0,-0.281160831451416,164.67291259765625,164.32054138183594,161.89791870117188,161.89791870117188,79.81572723388672,73.89753723144531,75.56073760986328,74.74008178710938,24.610515594482425,23.663604736328125,23.929718017578125,23.798412322998047,-0.0256852564715778,-0.0276620834514835,-0.0132479558008855,-0.0132343483740483,simulator,event_window,False,simulated_measured
2,506.2364332675934,2026-05-07 16:12:51.456663847+00:00,209.5202484130859,1.0,0.0,-0.3237429857254028,164.10153198242188,163.43931579589844,161.4460906982422,161.4460906982422,79.81954193115234,73.90033721923828,75.56180572509766,74.74080657958984,24.61112594604492,23.66405487060547,23.92988967895508,23.79852867126465,-0.0241890937551014,-0.0280188898007576,-0.0110593532835393,-0.0110457156756158,simulator,event_window,False,simulated_measured
2,506.25227069854736,2026-05-07 16:12:51.472501278+00:00,208.4670257568359,1.0,0.0,-0.4087948203086853,163.70919799804688,162.60435485839844,160.84646606445312,160.66796875,79.82400512695312,73.9027099609375,75.56352996826172,74.741943359375,24.611839294433597,23.66443252563477,23.930164337158203,23.79870986938477,-0.021603831572197,-0.0280988590599684,-0.0097545683250679,-0.0108398401174171,simulator,event_window,False,simulated_measured
2,506.2679789066314,2026-05-07 16:12:51.488209486+00:00,207.4263153076172,1.0,0.0,-0.4476749897003174,162.70167541503906,161.40476989746094,160.1395721435547,159.9374237060547,79.82848358154297,73.9045639038086,75.56558990478516,74.74333953857422,24.61255645751953,23.664730072021484,23.93049430847168,23.79893493652344,-0.0227465663575897,-0.0304285876366329,-0.0091600574573584,-0.0103971744963627,simulator,event_window,False,simulated_measured
2,506.2829124927521,2026-05-07 16:12:51.503143071+00:00,206.383544921875,1.0,0.0,-0.4778646826744079,161.68826293945312,160.4190216064453,159.51016235351562,159.163330078125,79.8325424194336,73.90599822998047,75.56774139404297,74.74493408203125,24.61320686340332,23.664958953857425,23.93083953857422,23.7991886138916,-0.0239266390662845,-0.0314811336025893,-0.0080678112793491,-0.0102109783342433,simulator,event_window,False,simulated_measured
2,506.29840993881226,2026-05-07 16:12:51.518640518+00:00,205.3561553955078,1.0,0.0,-0.5047810077667236,160.55589294433594,158.74871826171875,158.93687438964844,158.47625732421875,79.83597564697266,73.90641784667969,75.57073211669922,74.74663543701172,24.61375617980957,23.665027618408203,23.931316375732425,23.799461364746097,-0.0259134250787221,-0.0367704619917937,-0.0066881025181643,-0.0095531747237295,simulator,event_window,False,simulated_measured
2,506.3130714893341,2026-05-07 16:12:51.533302069+00:00,204.32794189453125,1.0,0.0,-0.598720133304596,159.57424926757812,157.61740112304688,157.98202514648438,157.6133575439453,79.83902740478516,73.90634155273438,75.57402038574219,74.74850463867188,24.61424446105957,23.665014266967773,23.93184280395508,23.799760818481445,-0.0269972180803094,-0.0388222888254458,-0.0076871612077478,-0.0099891749732574,simulator,event_window,False,simulated_measured
2,506.3290863037109,2026-05-07 16:12:51.549316883+00:00,203.1003265380859,1.0,0.0,-0.6257490515708923,158.36148071289062,155.79893493652344,157.06448364257812,156.6464385986328,79.84222412109375,73.905517578125,75.57766723632812,74.75099182128906,24.614755630493164,23.66488265991211,23.93242645263672,23.800159454345703,-0.0285555648392207,-0.0441689104376177,-0.0074873207781288,-0.0101153560799931,simulator,event_window,False,simulated_measured
2,506.3442189693451,2026-05-07 16:12:51.564449549+00:00,202.08457946777344,1.0,0.0,-0.6452342867851257,157.34091186523438,154.3175811767578,156.1849365234375,155.65345764160156,79.84442138671875,73.90435791015625,75.58061981201172,74.75261688232422,24.61510848999023,23.664697647094727,23.932899475097656,23.80041885375977,-0.0299647407858159,-0.0484984018791458,-0.0080845273330433,-0.0114462663825695,simulator,event_window,False,simulated_measured
2,506.35951495170593,2026-05-07 16:12:51.579745531+00:00,201.06190490722656,1.0,0.0,-0.7038917541503906,156.50204467773438,153.09591674804688,155.26449584960938,154.82029724121094,79.8467788696289,73.90293884277344,75.58338928222656,74.75403594970703,24.6154842376709,23.664470672607425,23.93334197998047,23.80064582824707,-0.0302288596981964,-0.0512296493100102,-0.0089146445772199,-0.0117364279852112,simulator,event_window,False,simulated_measured
2,506.3747508525848,2026-05-07 16:12:51.594981432+00:00,200.05294799804688,1.0,0.0,-0.7378942966461182,155.6390380859375,151.465576171875,154.3760528564453,153.77053833007812,79.84899139404297,73.90117645263672,75.58572387695312,74.75494384765625,24.61583709716797,23.66418838500977,23.9337158203125,23.800790786743164,-0.0307124933507624,-0.0565991238535676,-0.009615872956623,-0.0134868868951126,simulator,event_window,False,simulated_measured
2,506.3899903297424,2026-05-07 16:12:51.610220909+00:00,199.0340881347656,1.0,0.0,-0.7791261672973633,154.64230346679688,150.7845458984375,153.4407958984375,152.77471923828125,79.85124969482422,73.89957427978516,75.58734130859375,74.75532531738281,24.616199493408203,23.66393280029297,23.93397521972656,23.800851821899418,-0.0319899210120088,-0.0560333338436938,-0.0105768367328726,-0.014858274234191,simulator,event_window,False,simulated_measured
2,506.4056248664856,2026-05-07 16:12:51.625855446+00:00,198.0056610107422,1.0,0.0,-0.8099168539047241,153.9612579345703,149.88619995117188,152.55828857421875,151.82469177246094,79.85357666015625,73.8979263305664,75.58863830566406,74.75520324707031,24.61657333374023,23.663667678833008,23.934181213378903,23.80083274841309,-0.0312474103855788,-0.0567836253239762,-0.0111580203631631,-0.015899427738819,simulator,event_window,False,simulated_measured
2,506.4215936660767,2026-05-07 16:12:51.641824245+00:00,196.76910400390625,1.0,0.0,-0.8936727643013,153.25094604492188,149.01315307617188,151.52655029296875,150.52792358398438,79.85697937011719,73.89602661132812,75.58964538574219,74.75444030761719,24.617116928100582,23.66336441040039,23.93434333801269,23.800710678100582,-0.029656974305768,-0.0563846742357935,-0.0116733133310101,-0.0181732822028606,simulator,event_window,False,simulated_measured
2,506.4369184970856,2026-05-07 16:12:51.657149076+00:00,195.7311248779297,1.0,0.0,-0.9221105575561525,152.4361572265625,148.58560180664062,150.58636474609375,149.76614379882812,79.85981750488281,73.8946533203125,75.59013366699219,74.75353240966797,24.617570877075195,23.663145065307617,23.93442153930664,23.80056571960449,-0.0296975395206674,-0.0541023965129783,-0.0125969792163433,-0.0179616705421521,simulator,event_window,False,simulated_measured
2,506.4524555206299,2026-05-07 16:12:51.672686100+00:00,194.70608520507807,1.0,0.0,-0.9729481339454652,151.66053771972656,147.41641235351562,149.78643798828125,148.68267822265625,79.8628158569336,73.89311218261719,75.59027099609375,74.75223541259766,24.61804962158203,23.66289710998535,23.9344425201416,23.80035781860352,-0.029552380142039,-0.0566049300501982,-0.0126715247738211,-0.0199335245280541,simulator,event_window,False,simulated_measured
2,506.46802711486816,2026-05-07 16:12:51.688257694+00:00,193.68389892578125,1.0,0.0,-1.0083348751068115,150.55221557617188,145.99864196777344,149.04116821289062,147.7270965576172,79.86540222167969,73.89122772216797,75.59050750732422,74.75057220458984,24.618465423583984,23.662595748901367,23.93448066711425,23.80009078979492,-0.0315601211763703,-0.060747009093655,-0.0123992268459991,-0.021093242624311,simulator,event_window,False,simulated_measured
2,506.4834156036377,2026-05-07 16:12:51.703646183+00:00,192.65798950195312,1.0,0.0,-1.023029327392578,149.55902099609375,145.03338623046875,148.1788787841797,146.9166259765625,79.86754608154297,73.88931274414062,75.59044647216797,74.7489013671875,24.61880683898925,23.66229057312012,23.934471130371097,23.799823760986328,-0.0328259793754718,-0.0619883059825226,-0.0128844923791717,-0.0212796795848566,simulator,event_window,False,simulated_measured
2,506.4992237091065,2026-05-07 16:12:51.719454288+00:00,191.6060333251953,1.0,0.0,-1.1173535585403442,149.13827514648438,145.0318603515625,147.34730529785156,145.86868286132812,79.8702163696289,73.88787078857422,75.59027862548828,74.74698638916016,24.619234085083008,23.662059783935547,23.93444442749023,23.79951858520508,-0.0302518305584569,-0.0568483534836302,-0.0130350905691798,-0.0229257575927919,simulator,event_window,False,simulated_measured
2,506.51510095596313,2026-05-07 16:12:51.735331535+00:00,190.34381103515625,1.0,0.0,-1.1755551099777222,147.79635620117188,145.76852416992188,146.42132568359375,144.5997314453125,79.8729476928711,73.88720703125,75.59015655517578,74.74420928955078,24.61967086791992,23.66195297241211,23.934425354003903,23.799072265625,-0.0326046418624268,-0.0457717144186168,-0.0127338007705374,-0.0250027087063415,simulator,event_window,False,simulated_measured
2,506.5305542945862,2026-05-07 16:12:51.750784874+00:00,189.28453063964844,1.0,0.0,-1.2836912870407104,147.1527099609375,145.17674255371094,145.7692108154297,143.7194366455078,79.87540435791016,73.8869857788086,75.58997344970703,74.74187469482422,24.62006378173828,23.66191864013672,23.93439483642578,23.7987003326416,-0.0314274101311569,-0.0443272238383386,-0.0116304106823547,-0.0255152055965396,simulator,event_window,False,simulated_measured
2,506.5466375350952,2026-05-07 16:12:51.766868114+00:00,188.21788024902344,1.0,0.0,-1.3895387649536133,146.34165954589844,144.22265625,145.41941833496094,143.01608276367188,79.87781524658203,73.8868637084961,75.59075164794922,74.73973083496094,24.62044906616211,23.66189765930176,23.934520721435547,23.79835700988769,-0.0313070693717855,-0.0452275001930347,-0.0084143811819499,-0.024788792544943,simulator,event_window,False,simulated_measured
2,506.5620920658112,2026-05-07 16:12:51.782322645+00:00,187.1656494140625,1.0,0.0,-1.467764377593994,145.54379272460938,142.42984008789062,144.53501892089844,142.34950256347656,79.88037109375,73.88617706298828,75.59190368652344,74.7376937866211,24.620859146118164,23.661788940429688,23.934703826904297,23.798030853271484,-0.0311722379805884,-0.0517952408124324,-0.0089042074354784,-0.0238771222715391,simulator,event_window,False,simulated_measured
2,506.5771517753601,2026-05-07 16:12:51.797382355+00:00,186.13478088378903,1.0,0.0,-1.463257074356079,144.23953247070312,139.36752319335938,144.02810668945312,141.5006866455078,79.88238525390625,73.88421630859375,75.5936279296875,74.73579406738281,24.62118148803711,23.661474227905277,23.93498039245605,23.797727584838867,-0.0345366186536225,-0.067043619629142,-0.0069104460991556,-0.0243238293263284,simulator,event_window,False,simulated_measured
2,506.59329891204834,2026-05-07 16:12:51.813529491+00:00,184.9188690185547,1.0,0.0,-1.509629726409912,143.2132568359375,134.46302795410156,142.91671752929688,140.68374633789062,79.88492584228516,73.88056182861328,75.59608459472656,74.73365020751953,24.6215877532959,23.660888671875,23.935373306274418,23.79738426208496,-0.035102846455805,-0.0939567112038459,-0.0080940427162023,-0.0235783969810163,simulator,event_window,False,simulated_measured
2,506.6088168621063,2026-05-07 16:12:51.829047441+00:00,183.9093170166016,1.0,0.0,-1.568641185760498,142.60870361328125,129.28114318847656,142.1519775390625,139.71104431152344,79.88746643066406,73.87708282470703,75.59838104248047,74.73174285888672,24.621994018554688,23.66033363342285,23.935741424560547,23.79707908630371,-0.0339016664418166,-0.1240914981276225,-0.0079858465021673,-0.0250065668986624,simulator,event_window,False,simulated_measured
2,506.6248636245728,2026-05-07 16:12:51.845094204+00:00,182.94692993164065,1.0,0.0,-1.4873270988464355,141.41519165039062,131.4452362060547,141.18019104003906,138.5158233642578,79.89022064208984,73.87301635742188,75.60028839111328,74.72932434082031,24.6224365234375,23.659683227539062,23.9360466003418,23.79669189453125,-0.036947477461706,-0.1047444648310808,-0.0095847162274779,-0.0282625392775111,simulator,event_window,False,simulated_measured
2,506.6406605243683,2026-05-07 16:12:51.860891104+00:00,181.77249145507807,1.0,0.0,-1.5741674900054932,140.3388214111328,133.30026245117188,140.14453125,137.2082061767578,79.8935546875,73.86918640136719,75.60224914550781,74.72582244873047,24.62296867370605,23.659069061279297,23.93635940551757,23.796131134033203,-0.0381027178250316,-0.0862442262265835,-0.0104979695879958,-0.0312167756812536,simulator,event_window,False,simulated_measured
2,506.6555700302124,2026-05-07 16:12:51.875800610+00:00,181.0104217529297,1.0,0.0,-1.5310590267181396,139.34649658203125,125.9574737548828,139.46664428710938,136.7376708984375,79.89555358886719,73.86571502685547,75.60334014892578,74.72364807128906,24.62328720092773,23.65851402282715,23.9365348815918,23.79578399658203,-0.0408831815196205,-0.1329429955770518,-0.0111385070215573,-0.0304743997557328,simulator,event_window,False,simulated_measured
2,506.67050766944885,2026-05-07 16:12:51.890738249+00:00,179.93914794921875,1.0,0.0,-1.7081232070922852,138.15098571777344,135.509521484375,138.70523071289062,135.5191650390625,79.89773559570312,73.86516571044922,75.604736328125,74.72064208984375,24.62363815307617,23.65842628479004,23.93675804138184,23.79530334472656,-0.0434506940625289,-0.0616357759082725,-0.0106820846780009,-0.0333934342935263,simulator,event_window,False,simulated_measured
2,506.6857841014862,2026-05-07 16:12:51.906014681+00:00,178.69871520996094,1.0,0.0,-1.809644341468811,136.77101135253906,134.70083618164062,137.66241455078125,135.33026123046875,79.89974975585938,73.86549377441406,75.60591125488281,74.71719360351562,24.623958587646484,23.658477783203125,23.93694496154785,23.794750213623047,-0.0464320168060953,-0.0607609270744031,-0.0113042964976379,-0.0280404902604385,simulator,event_window,False,simulated_measured
2,506.7013132572174,2026-05-07 16:12:51.921543837+00:00,177.78512573242188,1.0,0.0,-1.7874104976654053,135.3658905029297,135.40696716308594,137.36325073242188,134.35922241210938,79.90033721923828,73.86680603027344,75.60681915283203,74.71515655517578,24.624053955078125,23.658689498901367,23.93709182739257,23.79442596435547,-0.051378739124873,-0.0509854362177988,-0.0083833026449815,-0.0300558193422355,simulator,event_window,False,simulated_measured
2,506.7173755168915,2026-05-07 16:12:51.937606096+00:00,176.60011291503906,1.0,0.0,-1.6908280849456787,134.843017578125,134.18594360351562,137.06846618652344,129.3251495361328,79.9010238647461,73.86823272705078,75.60911560058594,74.70974731445312,24.624164581298828,23.658916473388672,23.93745803833008,23.79356002807617,-0.0487021428417629,-0.053232509118678,-0.0038717188427219,-0.0601323629994894,simulator,event_window,False,simulated_measured
2,506.7336711883545,2026-05-07 16:12:51.953901768+00:00,175.5346221923828,1.0,0.0,-1.7657428979873655,132.89639282226562,132.68409729003906,135.77670288085938,130.3208770751953,79.9013671875,73.86872863769531,75.6116943359375,74.70675659179688,24.624217987060547,23.65899658203125,23.93787002563477,23.793081283569336,-0.0567443030208165,-0.0581464592157897,-0.0072699601584764,-0.0471470375911168,simulator,event_window,False,simulated_measured
2,506.74921345710754,2026-05-07 16:12:51.969444036+00:00,174.33245849609375,1.0,0.0,-1.5184955596923828,132.25816345214844,127.80883026123048,135.15426635742188,131.3783721923828,79.90101623535156,73.86629486083984,75.6147232055664,74.7035140991211,24.624162673950195,23.65860748291016,23.9383544921875,23.79256248474121,-0.054800973647648,-0.0864971746903634,-0.0050066023526259,-0.0327910535060904,simulator,event_window,False,simulated_measured
2,506.7647294998169,2026-05-07 16:12:51.984960079+00:00,173.40756225585938,0.5839652419090271,0.0,-1.2669912576675415,132.97488403320312,121.56241607666016,135.3770294189453,128.57736206054688,79.9007339477539,73.86343383789062,75.61773681640625,74.69960021972656,24.624116897583008,23.65814971923828,23.9388370513916,23.791934967041016,-0.0446101570811653,-0.1265087080841267,0.0019490582532655,-0.048363345428441,simulator,event_window,False,simulated_measured
2,506.78025126457214,2026-05-07 16:12:52.000481844+00:00,172.50009155273438,0.6043399572372437,0.0,-1.2167071104049685,131.04507446289062,116.04974365234376,133.7545928955078,127.22189331054688,79.90059661865234,73.86103820800781,75.62083435058594,74.69572448730469,24.624095916748047,23.65776634216309,23.939332962036133,23.79131507873535,-0.0535222593545618,-0.1617334333866419,-0.0048510978267971,-0.053442049250683,simulator,event_window,False,simulated_measured
2,506.7962875366211,2026-05-07 16:12:52.016518116+00:00,171.7848663330078,0.6248963475227356,0.0,-1.2294319868087769,131.20693969726562,108.00777435302734,132.92312622070312,124.02474975585938,79.90071868896484,73.85701751708984,75.62348175048828,74.69107055664062,24.62411499023437,23.657123565673828,23.939756393432617,23.790571212768555,-0.0484076602882359,-0.2165750379985402,-0.0069197614325365,-0.0733875281248481,simulator,event_window,False,simulated_measured
2,506.8124179840088,2026-05-07 16:12:52.032648563+00:00,171.1339874267578,0.6100965142250061,0.0,-1.199538230895996,132.9455108642578,90.06175231933594,132.55210876464844,120.9872589111328,79.90116882324219,73.85029602050781,75.62572479248047,74.68573760986328,24.624187469482425,23.65604782104492,23.94011688232422,23.789718627929688,-0.032131311413315,-0.3442603980076191,-0.0059251964279365,-0.0926432985451091,simulator,event_window,False,simulated_measured
2,506.82829451560974,2026-05-07 16:12:52.048525095+00:00,170.65963745117188,0.5665923953056335,0.0,-1.0815500020980835,133.0168914794922,76.06671905517578,131.94464111328125,119.2677993774414,79.9010009765625,73.84466552734375,75.62654876708984,74.6812973022461,24.62416076660156,23.6551456451416,23.94024658203125,23.78900718688965,-0.0289200028987167,-0.4446188245139648,-0.007730524179511,-0.1030524030803395,simulator,event_window,False,simulated_measured
2,506.84358739852905,2026-05-07 16:12:52.063817978+00:00,170.2171630859375,0.5501964688301086,0.0,-0.8334824442863464,133.2398681640625,63.00941848754883,131.38316345214844,118.19681549072266,79.90044403076172,73.83901977539062,75.62659454345703,74.67692565917969,24.62407112121582,23.65424346923828,23.94025421142578,23.788307189941406,-0.0247636535206953,-0.5387573984664571,-0.0093846327798836,-0.1087960332469015,simulator,event_window,False,simulated_measured
2,506.8594059944153,2026-05-07 16:12:52.079636574+00:00,169.74696350097656,0.5333658456802368,0.0,-0.7872229218482971,132.8291015625,50.01853561401367,131.26309204101562,115.74820709228516,79.89981842041016,73.8333740234375,75.6260986328125,74.67254638671875,24.62397003173828,23.653339385986328,23.94017601013184,23.787607192993164,-0.0250771406564037,-0.63283925012433,-0.007548459006214,-0.124841043720032,simulator,event_window,False,simulated_measured
2,506.87475752830505,2026-05-07 16:12:52.094988108+00:00,169.190185546875,0.4695279002189636,0.0,-0.6271017789840698,132.37867736816406,36.09917831420898,129.93881225585938,119.5262451171875,79.89812469482422,73.82655334472656,75.62416076660156,74.66828155517578,24.623699188232425,23.65224838256836,23.939865112304688,23.786924362182617,-0.0251856728503615,-0.7341421798484382,-0.0143279988185648,-0.0933017176515752,simulator,event_window,False,simulated_measured
2,506.89081263542175,2026-05-07 16:12:52.111043215+00:00,168.8207550048828,0.4786650240421295,0.0,-0.559790849685669,131.82730102539062,24.56699752807617,129.39198303222656,115.64073944091795,79.8967514038086,73.82086944580078,75.62137603759766,74.66366577148438,24.62347984313965,23.651338577270508,23.93942070007324,23.78618621826172,-0.0271216139066723,-0.8186767337828847,-0.0163281915392629,-0.1208566304289181,simulator,event_window,False,simulated_measured
2,506.90645241737366,2026-05-07 16:12:52.126682996+00:00,168.49427795410156,0.4429315030574798,0.0,-0.5434533953666687,131.70449829101562,13.933056831359863,129.0660400390625,112.02022552490234,79.89494323730469,73.81515502929688,75.61827850341797,74.65901947021484,24.623191833496097,23.65042495727539,23.93892478942871,23.78544235229492,-0.0261445836795558,-0.8969641065667945,-0.0169049196157847,-0.1467309972353807,simulator,event_window,False,simulated_measured
2,506.92213559150696,2026-05-07 16:12:52.142366171+00:00,168.16456604003906,0.4204921424388885,0.0,-0.5437506437301636,131.4813690185547,6.98716926574707,128.245849609375,109.24131774902344,79.89315795898438,73.80939483642578,75.61488342285156,74.65436553955078,24.62290573120117,23.649503707885746,23.93838119506836,23.784698486328125,-0.0258883012039816,-0.9482281048528296,-0.0212370473334144,-0.1662667486162958,simulator,event_window,False,simulated_measured
2,506.9371898174286,2026-05-07 16:12:52.157420397+00:00,167.62313842773438,0.8816794157028198,0.0,-0.5807223320007324,127.2451171875,15.28139877319336,124.11717987060548,114.56957244873048,79.89149475097656,73.80375671386719,75.6112289428711,74.6505126953125,24.62263870239257,23.648601531982425,23.93779754638672,23.784082412719727,-0.0542285694754886,-0.8864057284803617,-0.049687097539938,-0.1227770042251378,simulator,event_window,False,simulated_measured
2,506.9532120227814,2026-05-07 16:12:52.173442602+00:00,166.64476013183594,1.0,0.0,-0.5319006443023682,123.92705535888672,29.798694610595703,120.3106689453125,116.28367614746094,79.89002227783203,73.79731750488281,75.60694885253906,74.6463394165039,24.62240219116211,23.647571563720703,23.937110900878903,23.78341484069824,-0.0734827689810693,-0.7771909297393094,-0.0734237305441752,-0.1044253879253661,simulator,event_window,False,simulated_measured
2,506.9686291217804,2026-05-07 16:12:52.188859701+00:00,165.58998107910156,1.0,0.0,-0.5502946376800537,122.93146514892578,44.19616317749024,119.86831665039062,114.79222869873048,79.8890609741211,73.79300689697266,75.60384368896484,74.64297485351562,24.622249603271484,23.646881103515625,23.93661499023437,23.78287506103516,-0.075071772201352,-0.6674340348310648,-0.0709500929691311,-0.1102804889139978,simulator,event_window,False,simulated_measured
2,506.9847218990326,2026-05-07 16:12:52.204952478+00:00,164.49188232421875,1.0,0.0,-0.6387719511985779,123.0202178955078,60.12885284423828,123.02090454101562,114.04926300048828,79.88819122314453,73.78999328613281,75.60200500488281,74.6402359008789,24.62211036682129,23.646398544311523,23.93632125854492,23.78243827819824,-0.0682249995284715,-0.5445237488109486,-0.0401505069078291,-0.1101379290541902,simulator,event_window,False,simulated_measured
2,507.0002861022949,2026-05-07 16:12:52.220516682+00:00,163.38417053222656,1.0,0.0,-0.8211925029754639,122.7046127319336,75.02462768554688,125.66770935058594,113.61234283447266,79.88729858398438,73.78750610351562,75.6016845703125,74.6375503540039,24.621967315673828,23.645999908447266,23.93626976013184,23.782007217407227,-0.0643144037806701,-0.4278351675255413,-0.0128516690359311,-0.107536997546453,simulator,event_window,False,simulated_measured
2,507.01560711860657,2026-05-07 16:12:52.235837698+00:00,162.537353515625,0.789685845375061,0.0,-0.7499619722366333,114.12068176269533,88.68779754638672,125.89402770996094,115.39022064208984,79.88334655761719,73.78519439697266,75.60279846191406,74.63506317138672,24.62133407592773,23.6456298828125,23.936447143554688,23.7816104888916,-0.1252374016059956,-0.3201110617768363,-0.0059215977849836,-0.088848692223828,simulator,event_window,False,simulated_measured
2,507.03120017051697,2026-05-07 16:12:52.251430749+00:00,161.36441040039062,1.0,0.0,-1.0087029933929443,122.45724487304688,104.30984497070312,124.408935546875,118.87936401367188,79.88194274902344,73.78266906738281,75.60589599609375,74.63324737548828,24.62111091613769,23.645227432250977,23.93694305419922,23.78131866455078,-0.0545125658712275,-0.1945384119251236,-0.0105074856404511,-0.054474162799204,simulator,event_window,False,simulated_measured
2,507.0466895103455,2026-05-07 16:12:52.266920090+00:00,160.37474060058594,0.8243865966796875,0.0,-0.9896427392959596,123.89366149902344,113.03655242919922,124.14855194091795,123.06298065185548,79.8810806274414,73.7792739868164,75.60960388183594,74.6325454711914,24.6209716796875,23.644683837890625,23.937536239624023,23.78120803833008,-0.0375190249350784,-0.1217660415071922,-0.0064850977500775,-0.0151589420186486,simulator,event_window,False,simulated_measured
2,507.0626547336578,2026-05-07 16:12:52.282885313+00:00,159.67642211914062,0.5744110941886902,0.0,-0.8282628655433655,124.59303283691406,111.9785385131836,123.8807144165039,124.22118377685548,79.87875366210938,73.77481079101562,75.61398315429688,74.63165283203125,24.62060165405273,23.643970489501957,23.938236236572266,23.781064987182617,-0.0278528722899992,-0.1261813859627709,-0.0042929026628529,-0.0015425679474758,simulator,event_window,False,simulated_measured
2,507.07773423194885,2026-05-07 16:12:52.297964811+00:00,159.14862060546875,0.815462052822113,0.0,-0.8319071531295776,125.20716094970705,102.97205352783205,122.47875213623048,123.11041259765624,79.8795166015625,73.77027130126953,75.61849975585938,74.63093566894531,24.62072372436523,23.64324378967285,23.9389591217041,23.780948638916016,-0.0198211619349447,-0.1937981608561539,-0.0122965552380255,-0.0071889750750094,simulator,event_window,False,simulated_measured
2,507.0934443473816,2026-05-07 16:12:52.313674927+00:00,158.56695556640625,0.7236603498458862,0.0,-0.5171235799789429,123.5260238647461,93.7717742919922,122.44064331054688,122.13097381591795,79.88021087646484,73.76573181152344,75.62353515625,74.63005065917969,24.620834350585938,23.64251708984375,23.93976593017578,23.780807495117188,-0.0294345955559407,-0.2631370250308119,-0.0089818485637337,-0.0114746402430333,simulator,event_window,False,simulated_measured
2,507.1085479259491,2026-05-07 16:12:52.328778505+00:00,157.95265197753906,0.938356876373291,0.0,-0.4375268518924713,122.04661560058594,98.148681640625,120.51319885253906,120.45328521728516,79.88179779052734,73.76121520996094,75.62605285644531,74.62802124023438,24.62108612060547,23.64179420471191,23.940168380737305,23.78048324584961,-0.0373290835740769,-0.2257435392270312,-0.0207887673964802,-0.0212620895859334,simulator,event_window,False,simulated_measured
2,507.124582529068,2026-05-07 16:12:52.344813108+00:00,156.92816162109375,1.0,0.0,-0.3181854486465454,122.83895111083984,108.9669418334961,119.86522674560548,117.73460388183594,79.8853988647461,73.75714874267578,75.62623596191406,74.62410736083984,24.62166404724121,23.641143798828125,23.9401969909668,23.779857635498047,-0.0247538490098722,-0.134790727776666,-0.0196954498605711,-0.0371072359775683,simulator,event_window,False,simulated_measured
2,507.13933062553406,2026-05-07 16:12:52.359561205+00:00,156.03868103027344,1.0,0.0,-0.1342336535453796,118.88150024414062,111.22291564941406,119.91647338867188,115.28248596191406,79.8854751586914,73.75479125976562,75.62610626220703,74.6202392578125,24.621675491333008,23.640766143798828,23.94017791748047,23.779237747192383,-0.0507927666274663,-0.1118439170340863,-0.0136858321525427,-0.0517873483300053,simulator,event_window,False,simulated_measured
2,507.15445947647095,2026-05-07 16:12:52.374690056+00:00,155.2108612060547,0.9087404012680054,0.0,-0.037355899810791,117.98704528808594,112.92594146728516,115.73258209228516,116.27901458740234,79.88422393798828,73.75208282470703,75.6231918334961,74.61722564697266,24.62147521972656,23.64033317565918,23.93971061706543,23.77875518798828,-0.052910003816785,-0.0934350985916976,-0.0430213952043805,-0.0384897523969208,simulator,event_window,False,simulated_measured
2,507.1703898906708,2026-05-07 16:12:52.390620470+00:00,154.35162353515625,0.7942802309989929,0.0,0.1097079515457153,114.93096923828124,109.0407943725586,116.11709594726562,116.03678131103516,79.88157653808594,73.74987030029297,75.62007904052734,74.6141128540039,24.62105178833008,23.63997840881348,23.939212799072266,23.77825736999512,-0.0723056749946007,-0.1197519040049047,-0.0344969321256229,-0.0351514358128201,simulator,event_window,False,simulated_measured
2,507.1858515739441,2026-05-07 16:12:52.406082153+00:00,153.544921875,0.6769234538078308,0.0,0.2160019874572754,110.41340637207033,113.61522674560548,118.26677703857422,116.12638092041016,79.87776947021484,73.74755859375,75.61786651611328,74.61080932617188,24.62044334411621,23.639610290527344,23.93885803222656,23.777729034423828,-0.1040879386997877,-0.0780054129949732,-0.0114560141872235,-0.0293333311478208,simulator,event_window,False,simulated_measured
2,507.20161485672,2026-05-07 16:12:52.421845436+00:00,152.995361328125,0.4308852255344391,0.0,0.1606764793395996,106.4705581665039,114.93435668945312,116.52853393554688,117.90818786621094,79.87333679199219,73.74488067626953,75.61505126953125,74.60758972167969,24.619733810424805,23.63918113708496,23.93840789794922,23.77721405029297,-0.1329776360137109,-0.0639503283281911,-0.0224866141865933,-0.0108995844292296,simulator,event_window,False,simulated_measured
2,507.2175660133362,2026-05-07 16:12:52.437796593+00:00,152.4822998046875,0.4033224284648895,0.0,0.308630496263504,98.70401000976562,116.62781524658205,117.43865966796876,117.73609924316406,79.86798095703125,73.74203491210938,75.61114501953125,74.60383605957031,24.618877410888672,23.63872528076172,23.937782287597656,23.776613235473636,-0.1935185250840712,-0.046962485379099,-0.0115371611368189,-0.0090199931895922,simulator,event_window,False,simulated_measured
2,507.233601808548,2026-05-07 16:12:52.453832388+00:00,152.08872985839844,0.3690351545810699,0.0,0.3172632753849029,89.48052978515625,117.42807006835938,117.65284729003906,117.65284729003906,79.86344909667969,73.73937225341797,75.6084213256836,74.60111999511719,24.618152618408203,23.6382999420166,23.93734741210937,23.77617835998535,-0.2669889081737175,-0.0379399518614966,-0.0071718023343015,-0.0071581111165927,simulator,event_window,False,simulated_measured
2,507.2491734027863,2026-05-07 16:12:52.469403982+00:00,151.73182678222656,0.2991621196269989,0.0,0.3678679168224334,81.60760498046875,117.50702667236328,117.73942565917967,117.73942565917967,79.85889434814453,73.73611450195312,75.60628509521484,74.5989761352539,24.61742401123047,23.637779235839844,23.9370059967041,23.77583694458008,-0.3299102444533416,-0.0350286034424894,-0.0041041544288205,-0.0040904209078861,simulator,event_window,False,simulated_measured
2,507.2657413482666,2026-05-07 16:12:52.485971928+00:00,151.38714599609375,0.1621980965137481,0.0,0.2926713526248932,74.88015747070312,116.9757080078125,117.77144622802734,117.58716583251952,79.85340118408203,73.73117065429688,75.60407257080078,74.59701538085938,24.61654281616211,23.636987686157227,23.9366512298584,23.775522232055664,-0.3837502160025869,-0.0372046802198456,-0.0015652203031137,-0.003113753153336,simulator,event_window,False,simulated_measured
2,507.2802639007568,2026-05-07 16:12:52.500494479+00:00,151.1497802734375,0.1844323575496673,0.0,0.2431634664535522,79.88475036621094,114.1038055419922,117.50733184814452,117.15809631347656,79.8488540649414,73.72666931152344,75.60253143310547,74.59542083740234,24.615816116333008,23.636266708374023,23.93640518188477,23.775266647338867,-0.341530907286485,-0.0593676767749674,-0.0022398848614362,-0.0051915413810659,simulator,event_window,False,simulated_measured
2,507.296302318573,2026-05-07 16:12:52.516532898+00:00,150.78311157226562,0.4214934110641479,0.0,0.1618079841136932,96.26776885986328,106.2039794921875,116.48920440673828,116.10287475585938,79.84549713134766,73.72212982177734,75.60112762451172,74.59345245361328,24.615280151367188,23.63554000854492,23.936180114746097,23.774951934814453,-0.2045603451688272,-0.1223620818889587,-0.0084795583841409,-0.0117542502499545,simulator,event_window,False,simulated_measured
2,507.3120121955872,2026-05-07 16:12:52.532242774+00:00,149.83663940429688,0.9669827818870544,0.0,0.0917189121246337,115.27835083007812,114.41764831542967,114.25715637207033,113.29242706298828,79.8440933227539,73.72415924072266,75.59957122802734,74.5910873413086,24.61505508422852,23.6358642578125,23.935932159423828,23.77457427978516,-0.0414632604800875,-0.0485142621819941,-0.0213349446152811,-0.0295849125704893,simulator,event_window,False,simulated_measured
2,507.327073097229,2026-05-07 16:12:52.547303677+00:00,148.82232666015625,1.0,0.3000000119209289,-0.0718785524368286,112.14968872070312,112.43596649169922,113.31375122070312,110.57121276855467,79.84251403808594,73.72415924072266,75.59768676757812,74.58765411376953,24.614803314208984,23.6358642578125,23.935630798339844,23.774024963378903,-0.0611223189030882,-0.0586211060409948,-0.0228005331724139,-0.0464385917515831,simulator,event_window,False,simulated_measured
2,507.3425886631012,2026-05-07 16:12:52.562819242+00:00,148.0819854736328,0.0,0.5,-0.3356054127216339,120.72467803955078,121.74545288085938,115.99735260009766,109.8747329711914,79.84061431884766,73.72203826904297,75.59537506103516,74.58212280273438,24.61449813842773,23.63552665710449,23.93526077270508,23.77313995361328,0.0157173237055598,0.0244194377310924,0.0053436588534845,-0.0477076686071773,simulator,event_window,False,simulated_measured
2,507.3586163520813,2026-05-07 16:12:52.578846931+00:00,147.9988555908203,0.0,0.5,-0.3705759942531585,118.83019256591795,116.90711975097656,115.60148620605467,109.95040130615234,79.8398666381836,73.7193832397461,75.59380340576172,74.57750701904297,24.6143798828125,23.63510131835937,23.935009002685547,23.77239990234375,0.0003396344102848,-0.0157398699424232,0.0024754703239837,-0.0465165815638224,simulator,event_window,False,simulated_measured
2,507.3743133544922,2026-05-07 16:12:52.594543934+00:00,147.70811462402344,0.0,0.4636363685131073,-0.4277656674385071,119.0530242919922,117.54798126220705,115.64888763427734,117.04288482666016,79.83943939208984,73.71612548828125,75.59265899658203,74.5798110961914,24.61431121826172,23.634580612182617,23.9348258972168,23.77276992797852,0.0041881914542167,-0.0083963655579004,0.0048605567096706,0.0169868702760611,simulator,event_window,False,simulated_measured
2,507.3898215293884,2026-05-07 16:12:52.610052109+00:00,147.61997985839844,0.0,0.3272727131843567,-0.3950913250446319,118.9485321044922,117.92205047607422,115.44332122802734,113.22872161865234,79.8389892578125,73.71288299560547,75.5912094116211,74.57649230957031,24.614238739013672,23.63406181335449,23.934593200683597,23.772239685058597,0.0039058334660999,-0.0046469075286473,0.0036732863840454,-0.0155670410020076,simulator,event_window,False,simulated_measured
2,507.4049484729767,2026-05-07 16:12:52.625179052+00:00,147.48309326171875,0.0,0.1909090876579284,-0.5778598785400391,118.8213119506836,117.53587341308594,115.54914093017578,113.81060791015624,79.83894348144531,73.70968627929688,75.58902740478516,74.57225036621094,24.61423110961914,23.633548736572266,23.93424415588379,23.771560668945312,0.0037628962626063,-0.0069857272613255,0.0055257055496318,-0.0095896081035383,simulator,event_window,False,simulated_measured
2,507.420704126358,2026-05-07 16:12:52.640934706+00:00,147.2885284423828,0.0,0.0272727310657501,-0.553213357925415,118.79161071777344,117.40071105957033,115.5657730102539,114.6038818359375,79.83905029296875,73.70440673828125,75.58634948730469,74.5679702758789,24.61424827575684,23.63270568847656,23.933815002441406,23.7708740234375,0.0048376068055058,-0.0068174197604891,0.0069989083062507,-0.0013688971014818,simulator,event_window,False,simulated_measured
2,507.4359543323517,2026-05-07 16:12:52.656184912+00:00,147.1388702392578,0.0,0.0,-0.6306633949279785,118.78202056884766,117.2606201171875,115.5270538330078,114.35956573486328,79.83892822265625,73.699951171875,75.58415222167969,74.56399536132812,24.614227294921875,23.63199234008789,23.93346405029297,23.770238876342773,0.0057784454714457,-0.00699357382883,0.0076854209385246,-0.0024842453397442,simulator,event_window,False,simulated_measured
2,507.45138931274414,2026-05-07 16:12:52.671619892+00:00,146.9998321533203,0.0,0.0,-0.8632800579071045,118.65962982177734,117.2606201171875,115.48894500732422,114.00704956054688,79.83834075927734,73.69544982910156,75.58192443847656,74.56083679199219,24.6141357421875,23.631271362304688,23.933107376098636,23.76973342895508,0.0056924340562742,-0.006054350220231,0.0083058096422192,-0.0046185318121977,simulator,event_window,False,simulated_measured
2,507.4669382572174,2026-05-07 16:12:52.687168837+00:00,146.8573455810547,0.0,0.0,-0.9283519983291626,118.54761505126952,117.2606201171875,115.39556884765624,113.73252868652344,79.83731842041016,73.69092559814453,75.5796127319336,74.5576400756836,24.61397171020508,23.63054847717285,23.932737350463867,23.769222259521484,0.0057178995834572,-0.0050899864146952,0.0084680707644777,-0.0060519082388836,simulator,event_window,False,simulated_measured
2,507.4823822975159,2026-05-07 16:12:52.702612877+00:00,146.7138671875,0.0,0.0,-0.8680140972137451,118.39813995361328,117.2606201171875,115.2938003540039,113.67549896240234,79.83613586425781,73.68638610839844,75.57709503173828,74.55376434326172,24.6137809753418,23.62982177734375,23.932334899902344,23.76860237121582,0.0054321020959722,-0.0041170171022698,0.0085640514070521,-0.0055787696240819,simulator,event_window,False,simulated_measured
2,507.497832775116,2026-05-07 16:12:52.718063354+00:00,146.57406616210938,0.0,0.0,-1.1596418619155884,118.2980499267578,116.86407470703124,115.57044219970705,114.49288940429688,79.83487701416016,73.68211364746094,75.5745620727539,74.54999542236328,24.61357879638672,23.629138946533203,23.931930541992188,23.76799964904785,0.0055403031395109,-0.0065381864731283,0.011948319105089,0.0025269654780806,simulator,event_window,False,simulated_measured
2,507.5132439136505,2026-05-07 16:12:52.733474493+00:00,146.46170043945312,0.0,0.0,-1.1854737997055054,118.3249969482422,116.70440673828124,114.99159240722656,113.77215576171876,79.83384704589844,73.67818450927734,75.57231140136719,74.54615020751953,24.613414764404297,23.62850952148437,23.931570053100582,23.767383575439453,0.0065409827396041,-0.0071343796780092,0.0076523228887639,-0.0030196506475806,simulator,event_window,False,simulated_measured
2,507.5283989906311,2026-05-07 16:12:52.748629570+00:00,146.30751037597656,0.0,0.0,-1.3856271505355835,118.34476470947266,116.79124450683594,115.21307373046876,115.21307373046876,79.83306884765625,73.67597198486328,75.57044219970703,74.5418930053711,24.613290786743164,23.628154754638672,23.93127059936523,23.76670265197754,0.0077700859876113,-0.0053484687849416,0.0106571137116644,0.0106710507922243,simulator,event_window,False,simulated_measured
2,507.54364681243896,2026-05-07 16:12:52.763877392+00:00,146.0838623046875,0.0,0.0,-1.5252954959869385,118.3930206298828,116.61261749267578,115.07391357421876,115.07391357421876,79.83235931396484,73.67379760742188,75.56900024414062,74.53732299804688,24.613178253173828,23.6278076171875,23.931039810180664,23.76597213745117,0.009724492913983,-0.0053493046213094,0.0109817945514709,0.0109957361094177,simulator,event_window,False,simulated_measured
2,507.5591993331909,2026-05-07 16:12:52.779429913+00:00,145.8969268798828,0.0,0.0,-1.6013081073760986,118.38633728027344,116.33678436279295,112.73824310302734,112.97783660888672,79.83187866210938,73.671875,75.56831359863281,74.53507995605469,24.613100051879883,23.627500534057617,23.930931091308597,23.765613555908203,0.0109611644137104,-0.0064306155921143,-0.0082691738970999,-0.0061478231168403,simulator,event_window,False,simulated_measured
2,507.57477712631226,2026-05-07 16:12:52.795007706+00:00,145.7124786376953,0.0,0.0,-1.5922600030899048,118.2114028930664,116.1357192993164,115.0952606201172,113.70295715332033,79.83146667480469,73.6698226928711,75.56845092773438,74.53177642822266,24.61303329467773,23.62717056274414,23.930952072143555,23.76508331298828,0.0107451317215665,-0.0068922800816461,0.0137465498331916,0.0014971027512613,simulator,event_window,False,simulated_measured
2,507.5903396606445,2026-05-07 16:12:52.810570240+00:00,145.5718994140625,0.0,0.0,-1.6758044958114624,118.08880615234376,115.99359130859376,114.34165954589844,112.64905548095705,79.83113861083984,73.66700744628906,75.56935119628906,74.52932739257812,24.61298179626465,23.6267204284668,23.931095123291016,23.764692306518555,0.0106719578968039,-0.0071497812553921,0.008081481578537,-0.0068274923022039,simulator,event_window,False,simulated_measured
2,507.6054282188416,2026-05-07 16:12:52.825658798+00:00,145.38319396972656,0.0,0.0,-1.6192388534545898,117.83698272705078,115.77352905273438,114.30747985839844,112.5135269165039,79.83120727539062,73.6629409790039,75.57070922851562,74.52706909179688,24.612993240356445,23.626070022583008,23.93131256103516,23.764331817626957,0.0098257493294553,-0.0077471485657092,0.0090882250427439,-0.0067348087285064,simulator,event_window,False,simulated_measured
2,507.6209769248962,2026-05-07 16:12:52.841207504+00:00,145.20053100585938,0.0,0.0,-1.6597501039505005,117.54054260253906,115.53640747070312,114.04879760742188,112.4065933227539,79.8314437866211,73.65847778320312,75.57247924804688,74.52430725097656,24.61302947998047,23.625356674194336,23.931596755981445,23.76388931274414,0.0085525208260945,-0.0085337292669134,0.0080711843707543,-0.0064304696722798,simulator,event_window,False,simulated_measured
2,507.63700318336487,2026-05-07 16:12:52.857233763+00:00,144.9801483154297,0.0,0.0,-1.6095918416976929,117.16666412353516,115.33094787597656,113.8542938232422,112.21412658691406,79.83165740966797,73.65312194824219,75.57476806640625,74.5203857421875,24.61306381225586,23.624500274658203,23.931962966918945,23.763261795043945,0.0068726823985494,-0.008792427456034,0.0078817201930811,-0.0066239684159772,simulator,event_window,False,simulated_measured
2,507.6525557041168,2026-05-07 16:12:52.872786283+00:00,144.80215454101562,0.0,0.0,-1.4503520727157593,116.83772277832033,115.30740356445312,113.66315460205078,112.0029754638672,79.83155059814453,73.6486587524414,75.5762710571289,74.5169906616211,24.6130485534668,23.6237850189209,23.93220329284668,23.762718200683597,0.0052801160834234,-0.0077766142540625,0.0074265117284497,-0.007274404141413,simulator,event_window,False,simulated_measured
2,507.6680791378021,2026-05-07 16:12:52.888309717+00:00,144.62619018554688,0.0,0.0,-1.3647801876068115,116.49766540527344,115.2535400390625,113.43338012695312,111.86486053466795,79.83097839355469,73.64419555664062,75.57722473144531,74.51300048828125,24.612957000732425,23.623071670532227,23.932355880737305,23.7620792388916,0.0035737863972331,-0.007033453096769,0.0066132017311597,-0.0072922262450507,simulator,event_window,False,simulated_measured
2,507.68361139297485,2026-05-07 16:12:52.903841972+00:00,144.45118713378906,0.0,0.0,-1.3541470766067505,116.2055435180664,115.04287719726562,113.2878189086914,111.69828033447266,79.8300552368164,73.63970184326172,75.57743835449219,74.50888061523438,24.612808227539062,23.622352600097656,23.93239021301269,23.76142120361328,0.0022700746923507,-0.0076476350616045,0.0065394345988527,-0.0075696096728775,simulator,event_window,False,simulated_measured
2,507.6996822357178,2026-05-07 16:12:52.919912815+00:00,144.24221801757812,0.0,0.0,-1.281749963760376,115.95372009277344,114.58993530273438,113.12467956542967,111.4183120727539,79.82845306396484,73.63430786132812,75.57670593261719,74.50422668457031,24.612552642822266,23.621488571166992,23.932273864746097,23.76067543029785,0.0015469832500611,-0.0101226845009728,0.006546085997207,-0.0086229381105648,simulator,event_window,False,simulated_measured
2,507.71571040153503,2026-05-07 16:12:52.935940981+00:00,144.06759643554688,0.0,0.0,-1.2739484310150146,115.7725830078125,114.2415542602539,112.96820831298828,111.2535400390625,79.82676696777344,73.6299057006836,75.5755386352539,74.50011444091797,24.612281799316406,23.620784759521484,23.93208694458008,23.76001739501953,0.0011944763815756,-0.0119359866270698,0.0063721841945756,-0.0088891933746736,simulator,event_window,False,simulated_measured
2,507.7312250137329,2026-05-07 16:12:52.951455593+00:00,143.88633728027344,0.0,0.0120000001043081,-1.244276762008667,115.71407318115234,113.9978485107422,112.836181640625,111.12608337402344,79.8250503540039,73.6257095336914,75.57402801513672,74.49564361572266,24.61200714111328,23.62011337280273,23.93184471130371,23.759302139282227,0.0019490926376797,-0.0128017267907364,0.006462314659531,-0.0087775409417945,simulator,event_window,False,simulated_measured
2,507.747261762619,2026-05-07 16:12:52.967492342+00:00,143.70703125,0.0,0.072000004351139,-1.233278751373291,115.64671325683594,113.77023315429688,113.00231170654295,111.05370330810548,79.82344055175781,73.62165069580078,75.57210540771484,74.49103546142578,24.611751556396484,23.61946487426757,23.931537628173828,23.75856590270996,0.002615257587091,-0.0135435427517588,0.0092017725328013,-0.0081871948640944,simulator,event_window,False,simulated_measured
2,507.7635757923126,2026-05-07 16:12:52.983806372+00:00,143.49732971191406,0.0,0.1440000087022781,-1.2704219818115234,115.65003967285156,113.51311492919922,113.01675415039062,111.39256286621094,79.82167053222656,73.61705017089844,75.5697021484375,74.4854965209961,24.611467361450195,23.618728637695312,23.93115234375,23.757678985595703,0.0041093223486832,-0.0143346006335935,0.0108057527675147,-0.0037070439458979,simulator,event_window,False,simulated_measured
2,507.7790968418121,2026-05-07 16:12:52.999327421+00:00,143.32858276367188,0.0,0.2039999812841415,-1.3333001136779783,115.6450424194336,113.32160186767578,113.10554504394533,111.99506378173828,79.82061767578125,73.61322021484375,75.5676040649414,74.48088073730469,24.611297607421875,23.618114471435547,23.930816650390625,23.756940841674805,0.0052480649651798,-0.0148390521960999,0.0127908862328665,0.0028610360068566,simulator,event_window,False,simulated_measured
2,507.7942054271698,2026-05-07 16:12:53.014436007+00:00,143.16648864746094,0.0,0.2639999687671661,-1.3997418880462646,115.64275360107422,113.1388931274414,113.19503784179688,112.63558959960938,79.81990814208984,73.60923767089844,75.56590270996094,74.47626495361328,24.61118507385254,23.617477416992188,23.930543899536133,23.756202697753903,0.0063662958211037,-0.015313822131636,0.0147398357682952,0.0097385717960847,simulator,event_window,False,simulated_measured
2,507.8098304271698,2026-05-07 16:12:53.030061007+00:00,143.00672912597656,0.0,0.3239999413490295,-1.4860169887542725,115.62731170654295,112.9719009399414,113.42111206054688,113.42111206054688,79.81958770751953,73.60498809814453,75.56465911865234,74.47164916992188,24.611133575439453,23.616798400878903,23.93034553527832,23.75546264648437,0.0073560235514844,-0.0156687963610826,0.0179023614389997,0.0179163984323782,simulator,event_window,False,simulated_measured
2,507.8254156112671,2026-05-07 16:12:53.045646191+00:00,142.87124633789062,0.0,0.3839999139308929,-1.5565265417099,115.54669952392578,112.81119537353516,113.61444091796876,113.61444091796876,79.81932830810547,73.60054779052734,75.56392669677734,74.46703338623047,24.61109161376953,23.616086959838867,23.93022918701172,23.75472450256348,0.007608318157537,-0.0161369343891254,0.0206043068621328,0.020618381115657,simulator,event_window,False,simulated_measured
2,507.8409972190857,2026-05-07 16:12:53.061227798+00:00,142.7318572998047,0.0,0.455999881029129,-1.7059540748596191,115.47200775146484,112.6177978515625,113.69934844970705,113.69934844970705,79.81919860839844,73.5951919555664,75.56378936767578,74.46153259277344,24.611072540283203,23.61523056030273,23.930206298828125,23.75384521484375,0.0079403531058026,-0.0168644434331091,0.0223644818820314,0.0223785804085763,simulator,event_window,False,simulated_measured
2,507.85676860809326,2026-05-07 16:12:53.076999187+00:00,142.63058471679688,0.0,0.5159999132156372,-1.77274751663208,115.58932495117188,112.5539321899414,113.6798095703125,113.6798095703125,79.81941223144531,73.59072875976562,75.56382751464844,74.4572982788086,24.611106872558597,23.614517211914062,23.930212020874023,23.7531681060791,0.0096807990619665,-0.016724316625725,0.0229145806542048,0.0229286867666762,simulator,event_window,False,simulated_measured
2,507.8719308376312,2026-05-07 16:12:53.092161417+00:00,142.54400634765625,0.0,0.5760000348091125,-1.7963132858276367,115.66709899902344,112.55339813232422,113.76962280273438,113.76962280273438,79.81966400146484,73.58626556396484,75.56415557861328,74.45321655273438,24.61114501953125,23.61380195617676,23.930265426635746,23.752513885498047,0.0109738332710069,-0.0161317630888462,0.0243445274569322,0.0243586532885387,simulator,event_window,False,simulated_measured
2,507.88736271858215,2026-05-07 16:12:53.107593298+00:00,142.4772491455078,0.0,0.6360001564025879,-1.781987547874451,115.53162384033205,112.60761260986328,113.91619873046876,113.91619873046876,79.81974029541016,73.58180236816406,75.56463623046875,74.44923400878906,24.61115837097168,23.61308860778809,23.93034172058105,23.751876831054688,0.0102628629081995,-0.0151966455950253,0.0261448205311558,0.0261589711890157,simulator,event_window,False,simulated_measured
2,507.9034185409546,2026-05-07 16:12:53.123649120+00:00,142.42431640625,0.0,0.6960002779960632,-1.7972464561462402,115.37229919433594,112.6108856201172,114.0929183959961,114.0929183959961,79.81975555419922,73.57733917236328,75.56525421142578,74.44532775878906,24.611160278320312,23.61237335205078,23.93044090270996,23.751251220703125,0.0092446049231833,-0.0148020037374461,0.0281186558971651,0.0281328337744468,simulator,event_window,False,simulated_measured
2,507.91863560676575,2026-05-07 16:12:53.138866186+00:00,142.39260864257812,0.0,0.7560003995895386,-1.864890217781067,115.21824645996094,112.57351684570312,114.11145782470705,114.11145782470705,79.81959533691406,73.57290649414062,75.56629943847656,74.44164276123047,24.61113548278809,23.61166381835937,23.930606842041016,23.75066375732422,0.0081214316182323,-0.0149096220980828,0.0285146961941864,0.0285288795329106,simulator,event_window,False,simulated_measured
2,507.9338915348053,2026-05-07 16:12:53.154122114+00:00,142.36448669433594,0.0,0.828000545501709,-1.8604484796524048,115.03821563720705,112.54257202148438,114.30023193359376,114.30023193359376,79.81941223144531,73.56756591796875,75.5677490234375,74.43724822998047,24.611106872558597,23.610809326171875,23.93083953857422,23.74995994567871,0.0067450496083045,-0.0149858729356278,0.0304196673682348,0.0304338769767356,simulator,event_window,False,simulated_measured
2,507.9494502544403,2026-05-07 16:12:53.169680834+00:00,142.3521270751953,0.0,0.8880006670951843,-1.8665904998779297,114.87702178955078,112.51008605957033,114.6070327758789,114.6070327758789,79.81922149658203,73.56310272216797,75.56884002685547,74.43348693847656,24.61107635498047,23.610095977783203,23.93101501464844,23.749357223510746,0.0054216657382595,-0.0151847036208252,0.0332751907920405,0.0332894397785454,simulator,event_window,False,simulated_measured
2,507.9653341770172,2026-05-07 16:12:53.185564756+00:00,142.3568878173828,0.0,0.9480007886886596,-1.8299193382263184,114.76265716552734,112.47712707519533,114.86720275878906,114.86720275878906,79.81884002685547,73.55865478515625,75.56993865966797,74.42974090576172,24.61101531982422,23.609384536743164,23.931190490722656,23.74875831604004,0.0043871385155038,-0.0155061227062676,0.035586200285929,0.0356004811415269,simulator,event_window,False,simulated_measured
2,507.9800987243652,2026-05-07 16:12:53.200329304+00:00,142.36514282226562,0.0,1.0,-1.8097939491271973,114.70384979248048,112.44912719726562,115.37030029296876,115.37030029296876,79.81858825683594,73.55422973632812,75.57091522216797,74.42572784423828,24.610973358154297,23.60867691040039,23.931346893310547,23.74811553955078,0.0038142551219688,-0.0158082724577568,0.0400615690051109,0.04007591157657,simulator,event_window,False,simulated_measured
2,507.9953961372376,2026-05-07 16:12:53.215626717+00:00,142.38938903808594,0.0,1.0,-1.7611812353134155,114.65632629394533,112.44156646728516,115.63155364990234,115.63155364990234,79.81829071044922,73.54981994628906,75.57184600830078,74.42170715332031,24.61092758178711,23.60797119140625,23.931495666503903,23.747472763061523,0.0032275003206769,-0.0160420243925566,0.0422392603655876,0.042253632967667,simulator,event_window,False,simulated_measured
2,508.01117157936096,2026-05-07 16:12:53.231402159+00:00,142.4183807373047,0.0,1.0,-1.6660462617874146,114.62574768066406,112.41851806640624,115.90585327148438,115.90585327148438,79.81803894042969,73.54535675048828,75.57271575927734,74.41751861572266,24.610885620117188,23.60725784301757,23.9316349029541,23.746803283691406,0.0027557718854678,-0.0164439776542395,0.0444989774300306,0.0445133811938744,simulator,event_window,False,simulated_measured
2,508.02660870552063,2026-05-07 16:12:53.246839285+00:00,142.45101928710938,0.0,1.0,-1.6887071132659912,114.60587310791016,112.39279174804688,116.03624725341795,116.03624725341795,79.81786346435547,73.5409164428711,75.57340240478516,74.41343688964844,24.610858917236328,23.60654640197754,23.93174362182617,23.74614906311035,0.0023521946567099,-0.0168943606543637,0.045434451751388,0.0454488684155329,simulator,event_window,False,simulated_measured
2,508.0420308113098,2026-05-07 16:12:53.262261391+00:00,142.49073791503906,0.0,1.0,-1.636951208114624,114.57689666748048,112.3794937133789,116.1468276977539,116.1468276977539,79.81744384765625,73.53560638427734,75.57405853271484,74.40860748291016,24.610790252685547,23.605697631835938,23.931848526000977,23.745376586914062,0.0018194340234831,-0.0172846829442379,0.0461390441892803,0.0461534705698376,simulator,event_window,False,simulated_measured
2,508.0580749511719,2026-05-07 16:12:53.278305531+00:00,142.53244018554688,0.0,1.0,-1.5878326892852783,114.48890686035156,112.36911010742188,116.17786407470705,116.17786407470705,79.81684112548828,73.53117370605469,75.57460021972656,74.4046859741211,24.610694885253903,23.60498809814453,23.93193626403809,23.744749069213867,0.0007571944577211,-0.0176629807438264,0.046112427957597,0.0461268539711137,simulator,event_window,False,simulated_measured
2,508.073561668396,2026-05-07 16:12:53.293792248+00:00,142.5596923828125,0.0,1.0,-1.581443428993225,114.45560455322266,112.34927368164062,116.49810028076172,116.49810028076172,79.8163833618164,73.52671813964844,75.57501220703125,74.40049743652344,24.61062240600586,23.60427474975586,23.9320011138916,23.74407958984375,0.0002748436684147,-0.0180241456297046,0.0487954344951964,0.0488098975076889,simulator,event_window,False,simulated_measured
2,508.0896563529968,2026-05-07 16:12:53.309886932+00:00,142.6052703857422,0.0,1.0,-1.615196704864502,114.51837921142578,112.3341293334961,116.39185333251952,116.39185333251952,79.81580352783203,73.52140808105469,75.57569122314453,74.39574432373047,24.61052703857422,23.603424072265625,23.932109832763672,23.74331855773925,0.0005035846460257,-0.0184703195878999,0.047504027626859,0.0475184728306985,simulator,event_window,False,simulated_measured
2,508.10572147369385,2026-05-07 16:12:53.325952053+00:00,142.63699340820312,0.0,1.0,-1.639769434928894,114.74380493164062,112.4076156616211,116.52548217773438,116.52548217773438,79.81546020507812,73.5169448852539,75.57603454589844,74.39176940917969,24.6104736328125,23.602710723876957,23.932165145874023,23.74268341064453,0.0022500896395849,-0.0180466649317335,0.0484734247838325,0.0484878833557731,simulator,event_window,False,simulated_measured
2,508.1214663982392,2026-05-07 16:12:53.341696978+00:00,142.65969848632812,0.0,1.0,-1.6382348537445068,115.03485107421876,112.56315612792967,116.7917022705078,116.7917022705078,79.81539916992188,73.51248168945312,75.57625579833984,74.3876953125,24.610464096069336,23.60199737548828,23.932201385498047,23.74203109741211,0.0046323654914064,-0.0168444177500169,0.0507015693717611,0.0507160586700781,simulator,event_window,False,simulated_measured
2,508.1364209651947,2026-05-07 16:12:53.356651545+00:00,142.69532775878906,0.0,1.0,-1.550511360168457,115.27906036376952,112.7255859375,116.97135925292967,116.97135925292967,79.81517028808594,73.50801849365234,75.57662200927734,74.38358306884766,24.610427856445312,23.601282119750977,23.93225860595703,23.74137306213379,0.0065137384005307,-0.0156715500980844,0.052055079520459,0.0520695874838399,simulator,event_window,False,simulated_measured
2,508.15221405029297,2026-05-07 16:12:53.372444630+00:00,142.74484252929688,0.0,1.0,-1.466363787651062,115.40961456298828,112.90679931640624,117.12449645996094,117.12449645996094,79.81462860107422,73.50355529785156,75.5770263671875,74.37940979003906,24.610340118408203,23.600568771362305,23.932323455810547,23.740705490112305,0.007304090069474,-0.0144311698684428,0.0530670042721361,0.0530815261900787,simulator,event_window,False,simulated_measured
2,508.1675982475281,2026-05-07 16:12:53.387828827+00:00,142.82196044921875,0.0,1.0,-1.5113977193832395,115.41788482666016,113.14069366455078,117.02188873291016,117.02188873291016,79.81385040283203,73.49819946289062,75.57762908935547,74.37462615966797,24.61021614074707,23.59971237182617,23.93242073059082,23.739940643310547,0.0068323322741619,-0.0129227635673305,0.0515763433654057,0.0515908447269588,simulator,event_window,False,simulated_measured
2,508.1835539340973,2026-05-07 16:12:53.403784513+00:00,142.8948516845703,0.0,1.0,-1.575572848320007,115.40431213378906,113.28047943115234,116.69482421875,116.69482421875,79.8132553100586,73.49373626708984,75.5783920288086,74.37095642089844,24.61012077331543,23.598997116088867,23.93254280090332,23.73935317993164,0.0062004039173266,-0.0122073599438879,0.0481023782309599,0.0481168316861249,simulator,event_window,False,simulated_measured
2,508.19886541366577,2026-05-07 16:12:53.419095993+00:00,142.96058654785156,0.0,1.0,-1.622310996055603,115.4098892211914,113.39844512939452,116.61949920654295,116.61949920654295,79.81291198730469,73.48927307128906,75.57915496826172,74.36724853515625,24.61006546020508,23.598283767700195,23.93266487121582,23.73875999450684,0.0057863456046893,-0.0116333837342603,0.046944223570615,0.046958661054691,simulator,event_window,False,simulated_measured
2,508.2142856121063,2026-05-07 16:12:53.434516191+00:00,143.01119995117188,0.0,1.0,-1.6024044752120972,115.4435043334961,113.49313354492188,116.73597717285156,116.73597717285156,79.81283569335938,73.48480987548828,75.57975769042969,74.36344146728516,24.61005401611328,23.59756851196289,23.932762145996097,23.73815155029297,0.0057232344493398,-0.0111581784373688,0.0476190008186176,0.0476334476079511,simulator,event_window,False,simulated_measured
2,508.230162858963,2026-05-07 16:12:53.450393438+00:00,143.06558227539062,0.0,1.0,-1.5614749193191528,115.43211364746094,113.57083892822266,116.86679077148438,116.86679077148438,79.81250762939453,73.4803695678711,75.5801773071289,74.3595962524414,24.61000061035156,23.596858978271484,23.93282890319824,23.73753547668457,0.0052417413751184,-0.0108572852948334,0.0483942871516083,0.0484087446322316,simulator,event_window,False,simulated_measured
2,508.2452971935272,2026-05-07 16:12:53.465527773+00:00,143.12586975097656,0.0,1.0,-1.514439821243286,115.46585845947266,113.65337371826172,116.8851318359375,116.8851318359375,79.81205749511719,73.47590637207031,75.5807113647461,74.35578918457031,24.60992813110352,23.59614562988281,23.93291473388672,23.736927032470703,0.0051120567293836,-0.0105553998221636,0.048117148141032,0.048131601799876,simulator,event_window,False,simulated_measured
2,508.2608025074005,2026-05-07 16:12:53.481033087+00:00,143.2067108154297,0.0,1.0,-1.5203746557235718,115.43757629394533,113.74388122558594,116.79258728027344,116.79258728027344,79.81124877929688,73.47054290771484,75.5816879272461,74.35115051269531,24.609798431396484,23.595287322998047,23.933069229125977,23.736183166503903,0.0042986120175048,-0.0103264510495644,0.0466960945554149,0.0467105286177622,simulator,event_window,False,simulated_measured
2,508.27646470069885,2026-05-07 16:12:53.496695280+00:00,143.28256225585938,0.0,1.0,-1.551762580871582,115.4240951538086,113.82530975341795,116.57320404052734,116.57320404052734,79.81066131591797,73.46607971191406,75.58289337158203,74.34733581542969,24.60970687866211,23.594572067260746,23.93326187133789,23.735572814941406,0.0036497299291873,-0.0101422420196154,0.0441769172877559,0.0441913166103524,simulator,event_window,False,simulated_measured
2,508.29217171669006,2026-05-07 16:12:53.512402296+00:00,143.35577392578125,0.0,1.0,-1.5174187421798706,115.3906707763672,113.93221282958984,116.43963623046876,116.43963623046876,79.80986022949219,73.46160125732422,75.5839614868164,74.34362030029297,24.60957717895508,23.59385681152344,23.933433532714844,23.7349796295166,0.0028466795657049,-0.0097185762820798,0.0424478659563345,0.0424622414351099,simulator,event_window,False,simulated_measured
2,508.30745220184326,2026-05-07 16:12:53.527682781+00:00,143.42601013183594,0.0,1.0,-1.509394288063049,115.3886260986328,114.054931640625,116.45584869384766,116.45584869384766,79.8092041015625,73.45709991455078,75.58496856689453,74.33983612060547,24.609472274780277,23.59313583374023,23.93359375,23.734373092651367,0.0023378207779034,-0.0091373896188224,0.042082449749649,0.0420968201892917,simulator,event_window,False,simulated_measured
2,508.3232729434967,2026-05-07 16:12:53.543503523+00:00,143.48822021484375,0.0,1.0,-1.4365015029907229,115.41474151611328,114.1752700805664,116.6847152709961,116.6847152709961,79.80850219726562,73.45259857177734,75.58556365966797,74.33592224121094,24.609359741210938,23.59241485595703,23.93368911743164,23.733747482299805,0.0021300083769582,-0.0085219854868884,0.0436777293693189,0.0436921218080554,simulator,event_window,False,simulated_measured
2,508.3384878635407,2026-05-07 16:12:53.558718443+00:00,143.5569305419922,0.0,1.0,-1.419811725616455,115.4605712890625,114.27748107910156,116.79708862304688,116.79708862304688,79.8077163696289,73.4480972290039,75.58611297607422,74.33194732666016,24.60923385620117,23.59169578552246,23.93377685546875,23.73311233520508,0.0020481041971613,-0.0081093767959965,0.0441828302583315,0.0441972296624686,simulator,event_window,False,simulated_measured
2,508.3545460700989,2026-05-07 16:12:53.574776649+00:00,143.64393615722656,0.0,1.0,-1.3269761800765991,115.5125961303711,114.40756225585938,116.90960693359376,116.90960693359376,79.806640625,73.44269561767578,75.58659362792969,74.32723999023438,24.60906219482422,23.5908317565918,23.93385505676269,23.73235893249512,0.0018923950007196,-0.0075817907000453,0.0445556858477758,0.0445700903936354,simulator,event_window,False,simulated_measured
2,508.3701577186585,2026-05-07 16:12:53.590388298+00:00,143.7311553955078,0.0,1.0,-1.3454155921936035,115.54383087158205,114.52335357666016,116.79837799072266,116.79837799072266,79.80553436279297,73.43819427490234,75.58707427978516,74.32342529296875,24.60888671875,23.590110778808597,23.933931350708008,23.731748580932617,0.0015551730569076,-0.0071801999848886,0.0429286289663419,0.0429430110748956,simulator,event_window,False,simulated_measured
2,508.38564825057983,2026-05-07 16:12:53.605878830+00:00,143.82586669921875,0.0,1.0,-1.3226395845413208,115.59919738769533,114.64669799804688,116.60130310058594,116.60130310058594,79.80431365966797,73.4336929321289,75.58771514892578,74.31968688964844,24.60869026184082,23.58938980102539,23.93403434753418,23.73114967346191,0.0013752463578999,-0.0067653986335254,0.0404832627014455,0.0404976110881105,simulator,event_window,False,simulated_measured
2,508.4010291099548,2026-05-07 16:12:53.621259689+00:00,143.91989135742188,0.0,1.0,-1.2897000312805176,115.63664245605467,114.77740478515624,116.52021026611328,116.52021026611328,79.80300903320312,73.42919158935547,75.58837890625,74.31590270996094,24.608482360839844,23.58867073059082,23.934141159057617,23.730545043945312,0.0010451905171076,-0.006282660771976,0.039080348754954,0.0390946777952707,simulator,event_window,False,simulated_measured
2,508.417090177536,2026-05-07 16:12:53.637320757+00:00,144.03289794921875,0.0,1.0,-1.221827268600464,115.6592254638672,114.92379760742188,116.5445785522461,116.5445785522461,79.80122375488281,73.42378997802734,75.58905029296875,74.31133270263672,24.60819625854492,23.58780670166016,23.93424797058105,23.729812622070312,0.0004551252885336,-0.00579587801784,0.0384822340737514,0.0384965548659961,simulator,event_window,False,simulated_measured
2,508.4333562850952,2026-05-07 16:12:53.653586864+00:00,144.1255340576172,0.0,1.0,-1.200472354888916,115.75942993164062,115.03492736816406,116.63459777832033,116.63459777832033,79.79991912841797,73.4192886352539,75.58948516845703,74.30741882324219,24.607986450195312,23.587085723876957,23.93431854248047,23.72918701171875,0.0006783007533928,-0.0054741346866654,0.0386163636267815,0.0386306862686887,simulator,event_window,False,simulated_measured
2,508.4491763114929,2026-05-07 16:12:53.669406891+00:00,144.224609375,0.0,1.0,-1.1521458625793457,115.81024932861328,115.1483154296875,116.64021301269533,116.64021301269533,79.79866027832031,73.41478729248047,75.58998107910156,74.30351257324219,24.60778427124023,23.58636474609375,23.934396743774418,23.728561401367188,0.0004298879533246,-0.0051777111610891,0.0379528531206436,0.0379671666126628,simulator,event_window,False,simulated_measured
2,508.46475172042847,2026-05-07 16:12:53.684982300+00:00,144.34593200683594,0.0,1.0,-1.1436679363250732,115.92300415039062,115.3267593383789,116.68184661865234,116.68184661865234,79.79719543457031,73.40938568115234,75.59033203125,74.29888916015625,24.60755157470703,23.58550262451172,23.93445205688477,23.727821350097656,0.0005622443126345,-0.0044734905101182,0.0374506305665036,0.0374649371328146,simulator,event_window,False,simulated_measured
2,508.4802978038788,2026-05-07 16:12:53.700528383+00:00,144.4518585205078,0.0,1.0,-1.050527811050415,115.98493194580078,115.4570770263672,116.6952896118164,116.6952896118164,79.79560852050781,73.40487670898438,75.59043884277344,74.29512023925781,24.60729598999023,23.584779739379883,23.934471130371097,23.727218627929688,0.0003626555493259,-0.0040794032007946,0.0368093059939123,0.0368236037162819,simulator,event_window,False,simulated_measured
2,508.4958539009094,2026-05-07 16:12:53.716084480+00:00,144.56739807128906,0.0,1.0,-1.0141297578811646,116.05775451660156,115.582275390625,116.58917999267578,116.58917999267578,79.79383087158203,73.4003677368164,75.59072875976562,74.29137420654297,24.60701370239257,23.58405876159668,23.93451690673828,23.726619720458984,0.0001907448774278,-0.0037962669912524,0.035038674037779,0.0350529473429257,simulator,event_window,False,simulated_measured
2,508.51133251190186,2026-05-07 16:12:53.731563091+00:00,144.6798858642578,0.0,1.0,-1.0525681972503662,116.1834716796875,115.72211456298828,116.57353973388672,116.57353973388672,79.7924575805664,73.39582824707031,75.59117889404297,74.28754425048828,24.60679244995117,23.58333206176757,23.934589385986328,23.72600746154785,0.0004956958103592,-0.0033664729036458,0.0340951964342037,0.0341094567286832,simulator,event_window,False,simulated_measured
2,508.5273764133453,2026-05-07 16:12:53.747606993+00:00,144.79832458496094,0.0,1.0,-1.019160270690918,116.2621612548828,115.8626480102539,116.43132019042967,116.43132019042967,79.7910385131836,73.39128875732422,75.59171295166016,74.2837905883789,24.6065673828125,23.58260536193848,23.93467330932617,23.72540664672852,0.0003544025587678,-0.002972349532634,0.0319887889609507,0.0320030202078229,simulator,event_window,False,simulated_measured
2,508.5436873435974,2026-05-07 16:12:53.763917923+00:00,144.94117736816406,0.0,1.0,-0.9658538103103638,116.36602783203124,116.0029296875,116.4426727294922,116.4426727294922,79.78907012939453,73.3858413696289,75.59209442138672,74.27946472167969,24.606250762939453,23.58173370361328,23.934734344482425,23.724714279174805,0.0002612800941426,-0.0027490415850554,0.0310721936834339,0.0310864122903493,simulator,event_window,False,simulated_measured
2,508.5593633651733,2026-05-07 16:12:53.779593945+00:00,145.05307006835938,0.0,1.0,-0.946382701396942,116.46619415283205,116.1159210205078,116.630615234375,116.630615234375,79.7875747680664,73.38130187988281,75.5921630859375,74.27583312988281,24.60601043701172,23.58100891113281,23.93474578857422,23.7241325378418,0.0003500344383289,-0.0025477008195139,0.0319397358695954,0.0319539664400196,simulator,event_window,False,simulated_measured
2,508.5744180679321,2026-05-07 16:12:53.794648647+00:00,145.17431640625,0.0,1.0,-0.974859356880188,116.60674285888672,116.23670196533205,116.47354125976562,116.47354125976562,79.78629302978516,73.37700653076172,75.5924301147461,74.27232360839844,24.605806350708008,23.580320358276367,23.93478775024414,23.72357177734375,0.0007207555226733,-0.0023440916419074,0.029689263801792,0.0297034633379418,simulator,event_window,False,simulated_measured
2,508.5900838375092,2026-05-07 16:12:53.810314417+00:00,145.3005828857422,0.0,1.0,-0.9412860870361328,116.73318481445312,116.35250854492188,116.3876953125,116.3876953125,79.78492736816406,73.37293243408203,75.59293365478516,74.2688217163086,24.60558700561523,23.57966995239257,23.93486976623535,23.723011016845703,0.0009353110223948,-0.0022179560755097,0.0280361966794233,0.0280503734195829,simulator,event_window,False,simulated_measured
2,508.60549449920654,2026-05-07 16:12:53.825725079+00:00,145.42037963867188,0.0,1.0,-0.90398508310318,116.87274169921876,116.43890380859376,116.45771026611328,116.45771026611328,79.78345489501953,73.36882019042969,75.59335327148438,74.265380859375,24.6053524017334,23.579010009765625,23.9349365234375,23.722461700439453,0.0013063969729036,-0.0022996520410292,0.0278072271978495,0.0278214007804928,simulator,event_window,False,simulated_measured
2,508.6211791038513,2026-05-07 16:12:53.841409683+00:00,145.5668182373047,0.0,1.0,-0.8963208198547363,116.99495697021484,116.56135559082033,116.5116195678711,116.5116195678711,79.78167724609375,73.36385345458984,75.59402465820312,74.26121520996094,24.60506820678711,23.57821655273437,23.935043334960938,23.72179412841797,0.0013451190145912,-0.0022551616230267,0.0272485669741728,0.0272627328528261,simulator,event_window,False,simulated_measured
2,508.6365950107575,2026-05-07 16:12:53.856825590+00:00,145.6944122314453,0.0,1.0,-0.890565037727356,117.1387710571289,116.64462280273438,116.43638610839844,116.43638610839844,79.78038787841797,73.35979461669922,75.59477233886719,74.25779724121094,24.60486221313477,23.57756805419922,23.935163497924805,23.72124671936035,0.0016979852182605,-0.0024168225509111,0.025686208839867,0.0257003531734174,simulator,event_window,False,simulated_measured
2,508.6520977020264,2026-05-07 16:12:53.872328281+00:00,145.81881713867188,0.0,1.0,-0.8975991606712341,117.29254913330078,116.73497009277344,116.41989135742188,116.41989135742188,79.77913665771484,73.35586547851562,75.59551239013672,74.25460052490234,24.60466194152832,23.57693862915039,23.93528175354004,23.72073554992676,0.0021572820996986,-0.0024958872593665,0.0246659695553643,0.0246800998196952,simulator,event_window,False,simulated_measured
2,508.66782212257385,2026-05-07 16:12:53.888052702+00:00,145.9423065185547,0.0,1.0,-0.8770345449447632,117.40599822998048,116.80856323242188,116.52297973632812,116.52297973632812,79.77811431884766,73.35189819335938,75.59619140625,74.25149536132812,24.6044979095459,23.576303482055664,23.93539047241211,23.720239639282227,0.002277802988756,-0.0027116037337403,0.0247055077069595,0.024719638516526,simulator,event_window,False,simulated_measured
2,508.68369245529175,2026-05-07 16:12:53.903923035+00:00,146.08602905273438,0.0,1.0,-0.8449928760528564,117.55838012695312,116.90799713134766,116.65483856201172,116.65483856201172,79.77645874023438,73.34723663330078,75.59690856933594,74.2476806640625,24.604232788085938,23.57555770874023,23.93550491333008,23.719629287719727,0.0025913229355774,-0.0028446454737368,0.0248558091394304,0.0248699420216713,simulator,event_window,False,simulated_measured
2,508.699383020401,2026-05-07 16:12:53.919613600+00:00,146.21185302734375,0.0,1.0,-0.8404278755187988,117.66862487792967,116.98441314697266,116.68687438964844,116.68687438964844,79.77493286132812,73.34344482421875,75.59767150878906,74.24451446533203,24.603988647460938,23.574951171875,23.93562698364257,23.7191219329834,0.0026679418711754,-0.003051534768513,0.0242550642760446,0.024269188873943,simulator,event_window,False,simulated_measured
2,508.7147843837738,2026-05-07 16:12:53.935014963+00:00,146.33609008789062,0.0,1.0,-0.8814653754234314,117.8219223022461,117.02542877197266,116.73789978027344,116.73789978027344,79.773681640625,73.33968353271484,75.59843444824219,74.24143981933594,24.603790283203125,23.57434844970703,23.93574905395508,23.718629837036133,0.0031218484681363,-0.0035486875205439,0.0238329985510337,0.0238471173285961,simulator,event_window,False,simulated_measured
2,508.73045587539673,2026-05-07 16:12:53.950686455+00:00,146.4612274169922,0.0,1.0,-0.7942148447036743,118.05077362060548,117.06946563720705,116.8197250366211,116.8197250366211,79.77250671386719,73.3358154296875,75.5994644165039,74.23828887939453,24.603599548339844,23.57373046875,23.9359130859375,23.71812629699707,0.0042115234953705,-0.0040254154207421,0.0236752531666553,0.0236893697688902,simulator,event_window,False,simulated_measured
2,508.7464153766632,2026-05-07 16:12:53.966645956+00:00,146.58351135253906,0.0,1.0,-0.5707904100418091,118.1318130493164,117.2030792236328,117.0159149169922,117.0159149169922,79.77116394042969,73.33170318603516,75.60022735595703,74.23512268066406,24.60338592529297,23.57307243347168,23.93603515625,23.717618942260746,0.0040625785128105,-0.0037205081276511,0.0245390264077365,0.0245531549215063,simulator,event_window,False,simulated_measured
2,508.7624437808991,2026-05-07 16:12:53.982674360+00:00,146.7433624267578,0.0,1.0,-0.5219708681106567,118.15673065185548,117.4135971069336,117.11351013183594,117.11351013183594,79.76943969726562,73.32656860351562,75.60076904296875,74.23161315917969,24.603111267089844,23.572250366210938,23.93612289428711,23.71705818176269,0.0031803857137704,-0.0030182309063579,0.0242765406368867,0.0242906655309469,simulator,event_window,False,simulated_measured
2,508.7778363227844,2026-05-07 16:12:53.998066902+00:00,146.87936401367188,0.0,1.0,-0.5224016904830933,118.1690902709961,117.58965301513672,117.07957458496094,117.07957458496094,79.76779174804688,73.32245635986328,75.60118103027344,74.22892761230469,24.602846145629883,23.571592330932617,23.936187744140625,23.716629028320312,0.0023563392385936,-0.0024478360767556,0.023031595270434,0.0230457029965511,simulator,event_window,False,simulated_measured
2,508.7935461997986,2026-05-07 16:12:54.013776779+00:00,147.01295471191406,0.0,1.0,-0.5329575538635254,118.2354965209961,117.77651977539062,117.17488098144533,117.17488098144533,79.76634216308594,73.3187026977539,75.60153198242188,74.22626495361328,24.602615356445312,23.57099151611328,23.93624496459961,23.71620178222656,0.0020082697253969,-0.0017704995040057,0.022933988904094,0.0229480952842076,simulator,event_window,False,simulated_measured
2,508.80887031555176,2026-05-07 16:12:54.029100895+00:00,147.13973999023438,0.0,1.0,-0.4814085364341736,118.29869842529295,117.9344482421875,117.3744125366211,117.3744125366211,79.76485443115234,73.31522369384766,75.6015396118164,74.2236328125,24.60237693786621,23.5704345703125,23.93624687194824,23.715782165527344,0.0016800280292637,-0.0012932507705343,0.023792966594945,0.0238070848204621,simulator,event_window,False,simulated_measured
2,508.82442450523376,2026-05-07 16:12:54.044655085+00:00,147.26954650878906,0.0,1.0,-0.4647666811943054,118.39957427978516,118.06099700927734,117.54078674316406,117.54078674316406,79.76342010498047,73.31204223632812,75.60159301757812,74.2208251953125,24.60214614868164,23.56992721557617,23.936254501342773,23.71533203125,0.0016505272123037,-0.0011028212097216,0.02434048597027,0.0243546117461437,simulator,event_window,False,simulated_measured
2,508.84053206443787,2026-05-07 16:12:54.060762644+00:00,147.42196655273438,0.0,1.0,-0.42845618724823,118.53076934814452,118.2795867919922,117.7196273803711,117.7196273803711,79.76168823242188,73.30825805664062,75.60161590576172,74.21737670898438,24.601869583129883,23.569320678710938,23.93625831604004,23.71478080749512,0.0017236693321589,-0.0002880395353825,0.0248383600191608,0.0248524926607762,simulator,event_window,False,simulated_measured
2,508.855854511261,2026-05-07 16:12:54.076085091+00:00,147.56234741210938,0.0,1.0,-0.4506936967372894,118.64602661132812,118.42051696777344,117.61341857910156,117.61341857910156,79.76026916503906,73.30503845214844,75.60183715820312,74.21471405029297,24.60164260864257,23.56880569458008,23.936294555664062,23.714353561401367,0.0017438290913573,-4.907400997355982e-05,0.0229396496754357,0.0229537561336119,simulator,event_window,False,simulated_measured
2,508.8717966079712,2026-05-07 16:12:54.092027187+00:00,147.69857788085938,0.0,1.0,-0.3908047974109649,118.7603530883789,118.57074737548828,117.64483642578124,117.64483642578124,79.75867462158203,73.30184173583984,75.6022720336914,74.21212005615234,24.60138702392578,23.568294525146484,23.936363220214844,23.713939666748047,0.0017842490078927,0.0002960023685953,0.0222691404079409,0.0222832376197157,simulator,event_window,False,simulated_measured
2,508.8869159221649,2026-05-07 16:12:54.107146502+00:00,147.834716796875,0.0,1.0,-0.3630128502845764,118.83248901367188,118.68714141845705,117.67227172851562,117.67227172851562,79.75674438476562,73.29856872558594,75.60272216796875,74.209716796875,24.601078033447266,23.567771911621097,23.93643569946289,23.71355438232422,0.0014696508343197,0.0003558722848353,0.0215659253075641,0.0215800128219196,simulator,event_window,False,simulated_measured
2,508.90247559547424,2026-05-07 16:12:54.122706175+00:00,147.97509765625,0.0,1.0,-0.3207562565803528,118.88899993896484,118.76522827148438,117.73993682861328,117.73993682861328,79.7547836303711,73.29476928710938,75.60332489013672,74.20732879638672,24.600765228271484,23.567163467407227,23.93653106689453,23.713172912597656,0.0009953758865719,6.438725029545012e-05,0.0211836611136266,0.0211977433565142,simulator,event_window,False,simulated_measured
2,508.9176890850067,2026-05-07 16:12:54.137919664+00:00,148.13836669921875,0.0,1.0,-0.3029455244541168,118.9733428955078,118.92691802978516,117.83049774169922,117.83049774169922,79.75238037109375,73.29042053222656,75.60403442382812,74.20441436767578,24.600379943847656,23.56646728515625,23.9366455078125,23.712705612182617,0.0006014895916219,0.0003221879405763,0.0208427634641468,0.0208568410060154,simulator,event_window,False,simulated_measured
2,508.9334700107575,2026-05-07 16:12:54.153700590+00:00,148.27484130859375,0.0,1.0,-0.2810018658638,119.08698272705078,119.01213073730467,117.92657470703124,117.92657470703124,79.7506103515625,73.28707885742188,75.60440826416016,74.20206451416016,24.60009765625,23.565933227539062,23.93670463562012,23.712329864501957,0.0006353848543747,0.0001175592574653,0.0207347744810482,0.020748850533736,simulator,event_window,False,simulated_measured
2,508.94868421554565,2026-05-07 16:12:54.168914795+00:00,148.4084930419922,0.0,1.0,-0.2107844948768615,119.14749908447266,119.10674285888672,118.09539031982422,118.09539031982422,79.74859619140625,73.2837142944336,75.60452270507812,74.19985961914062,24.59977531433105,23.565393447875977,23.936723709106445,23.711977005004883,0.0002422803641226,1.124302552613088e-05,0.0212754329437543,0.021289516452186,simulator,event_window,False,simulated_measured
2,508.9643018245697,2026-05-07 16:12:54.184532404+00:00,148.53451538085938,0.0,1.0,-0.2069114744663238,119.24987030029295,119.23251342773438,118.4287338256836,118.4287338256836,79.7466049194336,73.28042602539062,75.60447692871094,74.197265625,24.59945678710937,23.564868927001957,23.93671607971191,23.71156311035156,0.0002523130926213,0.0002178597150075,0.0232892146965617,0.0233033259752808,simulator,event_window,False,simulated_measured
2,508.9799742698669,2026-05-07 16:12:54.200204849+00:00,148.6671600341797,0.0,1.0,-0.1599091738462448,119.34929656982422,119.3427734375,118.5124740600586,118.5124740600586,79.74424743652344,73.2773208618164,75.60443115234375,74.19468688964844,24.59907913208008,23.56437110900879,23.936708450317383,23.71114921569824,0.0001930927730593,0.0002495637322859,0.0230991257867572,0.023113234444128,simulator,event_window,False,simulated_measured
2,508.99578332901,2026-05-07 16:12:54.216013908+00:00,148.8415069580078,0.0,1.0,-0.1290461719036102,119.45347595214844,119.46561431884766,118.40663146972656,118.40663146972656,79.74107360839844,73.27340698242188,75.60455322265625,74.19197082519531,24.59857177734375,23.563745498657227,23.936729431152344,23.710716247558597,-0.0001064522846062,0.0001062741506108,0.0209880570726208,0.0210021366181056,simulator,event_window,False,simulated_measured
2,509.0113320350647,2026-05-07 16:12:54.231562614+00:00,148.97491455078125,0.0,1.0,-0.1112977117300033,119.54674530029295,119.55887603759766,118.62984466552734,118.62984466552734,79.73838806152344,73.2699203491211,75.6046142578125,74.18954467773438,24.59814071655273,23.56318664550781,23.936737060546875,23.7103271484375,-0.0002218423266335,-9.283523853986786e-06,0.021996741317906,0.0220108347732654,simulator,event_window,False,simulated_measured
3,787.1502130031586,2026-05-07 16:17:32.370443583+00:00,227.9074249267578,0.0,0.0,0.006189938634634,182.809326171875,182.80419921875,177.47630310058594,177.47630310058594,82.25553131103516,80.69415283203125,80.69595336914062,82.59346771240234,25.000885009765625,24.75106430053711,24.751352310180664,25.054954528808597,-0.0006470327274614,-0.0005640130144823,-0.0005741142426115,-0.0005603320420073,simulator,event_window,False,simulated_measured
3,787.1659009456635,2026-05-07 16:17:32.386131525+00:00,227.45669555664065,0.8872621059417725,0.0,-0.0052243769168853,173.88954162597656,173.57411193847656,174.57176208496094,174.57176208496094,82.25150299072266,80.69147491455078,80.69518280029297,82.59349060058594,25.00024032592773,24.75063705444336,24.75122833251953,25.05495834350586,-0.0475245956404885,-0.0491467045599334,-0.0149824590535578,-0.0149688755457245,simulator,event_window,False,simulated_measured
3,787.1814386844635,2026-05-07 16:17:32.401669264+00:00,226.56411743164065,0.9507039785385132,0.0,-0.0225859284400939,172.76797485351562,171.1103973388672,173.5746307373047,173.5746307373047,82.2481689453125,80.68888854980469,80.69428253173828,82.59294128417969,24.999706268310547,24.750221252441406,24.75108528137207,25.05487060546875,-0.0499397528788796,-0.0589502998030034,-0.0167503157172185,-0.0167367565883367,simulator,event_window,False,simulated_measured
3,787.197464466095,2026-05-07 16:17:32.417695045+00:00,225.59982299804688,1.0,0.0,-0.0433586239814758,172.46844482421875,169.38064575195312,172.1792755126953,172.1792755126953,82.24580383300781,80.68668365478516,80.69254302978516,82.591552734375,24.99932861328125,24.74987030029297,24.75080680847168,25.054649353027344,-0.0475330270846664,-0.0644816311879992,-0.0204856207650904,-0.0204721131465048,simulator,event_window,False,simulated_measured
3,787.2135372161865,2026-05-07 16:17:32.433767796+00:00,224.3909912109375,1.0,0.0,-0.0308910906314849,171.8113555908203,169.37364196777344,170.82923889160156,170.82923889160156,82.24327850341797,80.68470764160156,80.68961334228516,82.58918762207031,24.998924255371097,24.74955368041992,24.750337600708008,25.054269790649418,-0.0460502906149474,-0.0594807288135997,-0.0229304401712734,-0.0229169662670352,simulator,event_window,False,simulated_measured
3,787.2291026115417,2026-05-07 16:17:32.449333191+00:00,223.35171508789065,1.0,0.0,-0.0486453771591186,171.95774841308594,170.07473754882812,169.82894897460938,169.82894897460938,82.24174499511719,80.6837387084961,80.68696594238281,82.5868911743164,24.998680114746097,24.74939727783203,24.749914169311523,25.05390167236328,-0.0407948743844187,-0.0511931590686343,-0.0241318936742879,-0.0241184363382349,simulator,event_window,False,simulated_measured
3,787.245237827301,2026-05-07 16:17:32.465468407+00:00,222.33799743652344,1.0,0.0,-0.0668091475963592,170.75140380859375,169.97523498535156,168.7795867919922,168.7795867919922,82.2400131225586,80.68295288085938,80.68399047851562,82.58439636230469,24.998401641845703,24.749271392822266,24.749439239501957,25.053503036499023,-0.0431813634620091,-0.0474248449789461,-0.0257398840103177,-0.0257264488486408,simulator,event_window,False,simulated_measured
3,787.2603058815002,2026-05-07 16:17:32.480536461+00:00,221.3450164794922,1.0,0.0,-0.0395446419715881,169.44509887695312,169.83859252929688,167.38612365722656,167.73460388183594,82.23772430419922,80.6824722290039,80.68023681640625,82.581787109375,24.998035430908203,24.749195098876957,24.748836517333984,25.05308532714844,-0.0462417760048028,-0.0439206826719196,-0.0294489183512508,-0.0274149216631257,simulator,event_window,False,simulated_measured
3,787.276082277298,2026-05-07 16:17:32.496312857+00:00,220.1193084716797,1.0,0.0,-0.0822113454341888,169.01025390625,169.49569702148438,166.54940795898438,166.54940795898438,82.23531341552734,80.6822509765625,80.67603302001953,82.57833862304688,24.99765014648437,24.74916076660156,24.74816513061523,25.052534103393555,-0.043392135375545,-0.0405378936722292,-0.0289230451764852,-0.0289096539109755,simulator,event_window,False,simulated_measured
3,787.2918186187744,2026-05-07 16:17:32.512049198+00:00,219.1022186279297,1.0,0.0,-0.1064508855342865,169.03807067871094,169.2029266357422,165.24098205566406,165.45233154296875,82.23389434814453,80.6824951171875,80.67208099365234,82.57515716552734,24.99742317199707,24.74919891357422,24.74753189086914,25.052024841308597,-0.0387933105199496,-0.0377489693995287,-0.0320795036069404,-0.0308281317475215,simulator,event_window,False,simulated_measured
3,787.3068885803223,2026-05-07 16:17:32.527119160+00:00,218.0888214111328,1.0,0.0,-0.1151818633079528,168.31884765625,168.35536193847656,164.52859497070312,164.60836791992188,82.23257446289062,80.68277740478516,80.66801452636719,82.57211303710938,24.997211456298828,24.749244689941406,24.746883392333984,25.051536560058597,-0.0384355994323081,-0.0381201281897429,-0.0317741402577392,-0.0312913301126772,simulator,event_window,False,simulated_measured
3,787.3226578235626,2026-05-07 16:17:32.542888403+00:00,217.0672607421875,1.0,0.0,-0.1334933936595916,167.05850219726562,166.78433227539062,164.43002319335938,164.43002319335938,82.2308120727539,80.68236541748047,80.66454315185547,82.56932067871094,24.99692916870117,24.74917793273925,24.746326446533203,25.05109024047852,-0.0411442207898312,-0.0426114825851277,-0.0278002913450023,-0.0277868845965851,simulator,event_window,False,simulated_measured
3,787.3378660678864,2026-05-07 16:17:32.558096647+00:00,216.0340118408203,1.0,0.0,-0.178340345621109,166.47369384765625,164.86317443847656,164.56423950195312,164.56423950195312,82.22901916503906,80.68099975585938,80.66181945800781,82.56707000732422,24.99664306640625,24.748958587646484,24.74589157104492,25.050731658935547,-0.0399308427516814,-0.0491132041841047,-0.0223530929034381,-0.0223396110375132,simulator,event_window,False,simulated_measured
3,787.3535161018372,2026-05-07 16:17:32.573746681+00:00,214.8210601806641,1.0,0.0,-0.2140436172485351,165.08367919921875,162.45533752441406,164.06517028808594,164.06517028808594,82.2266845703125,80.67847442626953,80.65913391113281,82.56483459472656,24.99626922607422,24.74855613708496,24.745460510253903,25.05037307739257,-0.0425715764408763,-0.0577103545643601,-0.0198145932419698,-0.0198010763698358,simulator,event_window,False,simulated_measured
3,787.3689095973969,2026-05-07 16:17:32.589140177+00:00,213.83197021484372,1.0,0.0,-0.2513781785964966,164.0853729248047,161.2965850830078,163.3138885498047,162.99566650390625,82.2243881225586,80.67626953125,80.65670776367188,82.5627212524414,24.99590301513672,24.74820327758789,24.745073318481445,25.05003547668457,-0.0439595590038526,-0.0601039491748421,-0.0197898926194597,-0.021686370753857,simulator,event_window,False,simulated_measured
3,787.3839173316956,2026-05-07 16:17:32.604147911+00:00,212.8345947265625,1.0,0.0,-0.2883040308952331,162.7685546875,160.08473205566406,162.80950927734375,162.07354736328125,82.22189331054688,80.67393493652344,80.65465545654297,82.5604476928711,24.995502471923828,24.74782943725586,24.74474334716797,25.049671173095703,-0.0471877787940862,-0.0627941685052223,-0.0182379491925526,-0.0226624157364732,simulator,event_window,False,simulated_measured
3,787.3994512557983,2026-05-07 16:17:32.619681835+00:00,211.8459320068359,1.0,0.0,-0.3117325901985168,161.82835388183594,159.19459533691406,161.768310546875,161.16244506835938,82.21916198730469,80.67163848876953,80.65242004394531,82.55789184570312,24.99506568908691,24.74746322631836,24.744386672973636,25.04926300048828,-0.0482705234916673,-0.0636558961748854,-0.0199640309639608,-0.0236210629209463,simulator,event_window,False,simulated_measured
3,787.4154613018036,2026-05-07 16:17:32.635691881+00:00,210.83628845214844,1.0,0.0,-0.3487958312034607,161.2777862548828,159.0606231689453,160.87025451660156,160.362060546875,82.21670532226562,80.66962432861328,80.64984893798828,82.55531311035156,24.994672775268555,24.74713897705078,24.74397659301757,25.048851013183597,-0.0469663747267925,-0.0599637380581294,-0.0207375969575732,-0.0238176548412922,simulator,event_window,False,simulated_measured
3,787.4309809207916,2026-05-07 16:17:32.651211500+00:00,209.82920837402344,1.0,0.0,-0.3762770295143127,160.60853576660156,159.03543090820312,159.80287170410156,159.3512420654297,82.21428680419922,80.66785430908203,80.64701843261719,82.55253601074219,24.994285583496097,24.746856689453125,24.74352264404297,25.04840469360352,-0.0463660294777974,-0.0556016114793123,-0.0225662482337148,-0.0253151986360066,simulator,event_window,False,simulated_measured
3,787.4464390277863,2026-05-07 16:17:32.666669607+00:00,208.63482666015625,1.0,0.0,-0.4258078634738922,160.05076599121094,157.73672485351562,158.79983520507812,158.06581115722656,82.21165466308594,80.6656265258789,80.64320373535156,82.54890441894531,24.993865966796875,24.74650001525879,24.74291229248047,25.04782485961914,-0.0442375053684284,-0.0579514110879321,-0.0231408780033725,-0.0276428271463525,simulator,event_window,False,simulated_measured
3,787.4623939990997,2026-05-07 16:17:32.682624578+00:00,207.6251373291016,1.0,0.0,-0.4879735708236694,160.01039123535156,156.87635803222656,158.03074645996094,157.23007202148438,82.21002960205078,80.66360473632812,80.64017486572266,82.54576873779297,24.99360466003418,24.746177673339844,24.74242782592773,25.04732322692871,-0.0398318694307687,-0.0585335346090236,-0.0231444392160546,-0.0280803472981221,simulator,event_window,False,simulated_measured
3,787.4784324169159,2026-05-07 16:17:32.698662996+00:00,206.6046295166016,1.0,0.0,-0.5516139268875122,159.4698028564453,156.96978759765625,157.3067626953125,156.31031799316406,82.20867919921875,80.66211700439453,80.6370620727539,82.54253387451172,24.993389129638672,24.74593734741211,24.74193000793457,25.04680633544922,-0.0383491027622231,-0.0533197617959578,-0.0228166937996047,-0.0289931782456835,simulator,event_window,False,simulated_measured
3,787.494544506073,2026-05-07 16:17:32.714775085+00:00,205.6091156005859,1.0,0.0,-0.5838072896003723,158.83450317382812,155.72793579101562,156.69085693359375,154.86476135253906,82.20751190185547,80.6602783203125,80.63398742675781,82.53893280029297,24.993202209472656,24.745643615722656,24.741437911987305,25.04623031616211,-0.0375425989023106,-0.0562619803134223,-0.0219298945736237,-0.033315119995577,simulator,event_window,False,simulated_measured
3,787.510095834732,2026-05-07 16:17:32.730326414+00:00,204.42042541503903,1.0,0.0,-0.6702418327331543,157.6913299560547,153.6559295654297,156.14089965820312,153.84019470214844,82.20603942871094,80.657470703125,80.63085174560547,82.53450775146484,24.992965698242188,24.745195388793945,24.740936279296875,25.045520782470703,-0.0389133143003778,-0.0634039408314286,-0.0196953020954062,-0.0341265766079226,simulator,event_window,False,simulated_measured
3,787.5251111984253,2026-05-07 16:17:32.745341778+00:00,203.4020843505859,1.0,0.0,-0.7266972064971924,156.6194305419922,153.16793823242188,155.45156860351562,153.59658813476562,82.20452117919922,80.65542602539062,80.62835693359375,82.53128051757812,24.99272346496582,24.74486923217773,24.740535736083984,25.045005798339844,-0.0406672425909372,-0.0617042331749454,-0.0191368835880382,-0.0308280125929036,simulator,event_window,False,simulated_measured
3,787.5406885147095,2026-05-07 16:17:32.760919094+00:00,202.39450073242188,1.0,0.0,-0.7808665633201599,155.98252868652344,152.22891235351562,154.8495635986328,152.5605926513672,82.20309448242188,80.65332794189453,80.6259994506836,82.5278091430664,24.992494583129883,24.74453353881836,24.74015998840332,25.044448852539062,-0.0398119844843354,-0.062814143344397,-0.01807125909425,-0.0325726919580784,simulator,event_window,False,simulated_measured
3,787.5564272403717,2026-05-07 16:17:32.776657820+00:00,201.4036865234375,1.0,0.0,-0.8187644481658936,154.67007446289062,151.06629943847656,154.09825134277344,151.41632080078125,82.20137786865234,80.65118408203125,80.6237564086914,82.5240707397461,24.99221992492676,24.744190216064453,24.73979949951172,25.04384994506836,-0.0432071713475649,-0.0653963675477548,-0.018028260804111,-0.0351052202815574,simulator,event_window,False,simulated_measured
3,787.5719811916351,2026-05-07 16:17:32.792211771+00:00,200.41697692871097,1.0,0.0,-0.8612071871757507,153.48431396484375,149.0337371826172,153.3159637451172,150.86325073242188,82.19938659667969,80.64859008789062,80.6214828491211,82.5205307006836,24.99190139770508,24.7437744140625,24.739437103271484,25.043285369873047,-0.045867865169723,-0.0734318351494973,-0.0182033076564915,-0.0338965395479091,simulator,event_window,False,simulated_measured
3,787.587352514267,2026-05-07 16:17:32.807583094+00:00,199.4342041015625,1.0,0.0,-0.9118307828903198,152.43698120117188,146.31773376464844,152.7733154296875,149.9470672607422,82.19733428955078,80.64564514160156,80.61942291259766,82.51697540283203,24.99157333374023,24.743303298950195,24.739107131958008,25.04271697998047,-0.0477088947847981,-0.0858349548291494,-0.0168573119422262,-0.0350317705102094,simulator,event_window,False,simulated_measured
3,787.6025457382202,2026-05-07 16:17:32.822776318+00:00,198.4769744873047,1.0,0.0,-0.9046844244003296,151.1714324951172,142.6996307373047,151.8712158203125,149.03201293945312,82.19496154785156,80.64237213134766,80.6174545288086,82.51329040527344,24.991193771362305,24.74277877807617,24.738792419433597,25.042125701904297,-0.0510602699691745,-0.1041402848008558,-0.0179490209224196,-0.0362949838039915,simulator,event_window,False,simulated_measured
3,787.6176841259003,2026-05-07 16:17:32.837914705+00:00,197.3302154541016,1.0,0.0,-0.9226922988891602,150.28436279296875,137.88363647460938,150.8920440673828,147.2963409423828,82.19245910644531,80.63829803466797,80.61488342285156,82.50843811035156,24.990793228149418,24.74212646484375,24.738380432128903,25.04135131835937,-0.0511463407482648,-0.1293443387836307,-0.0186104121118438,-0.0419833619451507,simulator,event_window,False,simulated_measured
3,787.633195400238,2026-05-07 16:17:32.853425980+00:00,196.40480041503903,1.0,0.0,-0.9863437414169312,149.47238159179688,142.02674865722656,150.0849151611328,145.7012176513672,82.19039154052734,80.63461303710938,80.61270141601562,82.50408935546875,24.990463256835938,24.741539001464844,24.73803329467773,25.04065322875977,-0.0518263356242829,-0.0989573750747341,-0.0192605613852856,-0.0478929825200852,simulator,event_window,False,simulated_measured
3,787.6484150886536,2026-05-07 16:17:32.868645668+00:00,195.4679412841797,1.0,0.0,-0.9744022488594056,148.81993103027344,137.64915466308594,149.07362365722656,144.0896453857422,82.18862915039062,80.63117218017578,80.61006927490234,82.49954223632812,24.99018096923828,24.74098777770996,24.73760986328125,25.039926528930664,-0.0514404678766156,-0.1225440983867022,-0.0211999930751172,-0.0539111659741545,simulator,event_window,False,simulated_measured
3,787.66392993927,2026-05-07 16:17:32.884160519+00:00,194.53436279296875,0.9875579476356506,0.0,-0.9637333154678344,147.487548828125,141.67141723632812,148.29998779296875,142.85235595703125,82.18659973144531,80.62749481201172,80.60746765136719,82.49505615234375,24.989856719970703,24.740398406982425,24.737194061279297,25.039207458496097,-0.055421483481338,-0.0925698575727699,-0.0216066711451884,-0.0575338437559653,simulator,event_window,False,simulated_measured
3,787.679699420929,2026-05-07 16:17:32.899930+00:00,193.6184234619141,1.0,0.0,-1.007841944694519,146.92764282226562,136.03076171875,147.4525909423828,141.0977783203125,82.1847915649414,80.62385559082031,80.60465240478516,82.49032592773438,24.98956680297852,24.739816665649418,24.736743927001957,25.0384521484375,-0.054555882006285,-0.1245774287414246,-0.0225953005315315,-0.0647059334564317,simulator,event_window,False,simulated_measured
3,787.6949684619904,2026-05-07 16:17:32.915199041+00:00,192.6724090576172,1.0,0.0,-1.072461485862732,146.30130004882812,140.7035369873047,146.7609405517578,139.77484130859375,82.18338775634766,80.62046813964844,80.60209655761719,82.48564910888672,24.989341735839844,24.73927497863769,24.73633575439453,25.03770446777344,-0.053963940711307,-0.0900599575996372,-0.0224034661007161,-0.0689260766219427,simulator,event_window,False,simulated_measured
3,787.7108068466187,2026-05-07 16:17:32.931037426+00:00,191.50558471679688,1.0,0.0,-1.138440728187561,145.7631378173828,135.8355255126953,145.60952758789062,138.4871826171875,82.18217468261719,80.61680603027344,80.59867095947266,82.48014068603516,24.989147186279297,24.738689422607425,24.73578643798828,25.03682327270508,-0.0517009884857492,-0.116189384931847,-0.0241635329217303,-0.0718828028108331,simulator,event_window,False,simulated_measured
3,787.7257633209229,2026-05-07 16:17:32.945993900+00:00,190.54576110839844,1.0,0.0,-1.1767135858535769,145.10763549804688,136.350341796875,145.1512908935547,136.6405487060547,82.18151092529297,80.61369323730469,80.59597778320312,82.47530364990234,24.98904037475586,24.738189697265625,24.735355377197266,25.03604888916016,-0.0512102021834764,-0.1083709111247215,-0.0223344663202363,-0.0796458208861295,simulator,event_window,False,simulated_measured
3,787.741283416748,2026-05-07 16:17:32.961513996+00:00,189.5674591064453,1.0,0.0,-1.3234091997146606,144.5473175048828,136.57015991210938,144.5287322998047,135.7658233642578,82.18101501464844,80.61085510253906,80.59371185302734,82.47071075439453,24.98896217346191,24.737735748291016,24.73499298095703,25.03531265258789,-0.0499963364280117,-0.1023246111342733,-0.0215039007855317,-0.0808183368030951,simulator,event_window,False,simulated_measured
3,787.7566938400269,2026-05-07 16:17:32.976924419+00:00,188.5724029541016,1.0,0.0,-1.328059196472168,143.30540466308594,132.6820068359375,143.89813232421875,135.31256103515625,82.18046569824219,80.60810852050781,80.59165954589844,82.46623992919922,24.988874435424805,24.73729705810547,24.734664916992188,25.03459930419922,-0.0531886244457239,-0.1232794508055218,-0.0206324363374404,-0.0790529482907811,simulator,event_window,False,simulated_measured
3,787.7723317146301,2026-05-07 16:17:32.992562294+00:00,187.6002960205078,1.0,0.0,-1.3048354387283323,141.7423553466797,136.6742706298828,143.3398895263672,134.65301513671875,82.179443359375,80.60491943359375,80.59004974365234,82.46173858642578,24.988710403442383,24.736785888671875,24.73440742492676,25.033878326416016,-0.0586629367943215,-0.0922201569045578,-0.0193766269836204,-0.0787929638612956,simulator,event_window,False,simulated_measured
3,787.7876572608948,2026-05-07 16:17:33.007887840+00:00,186.6512756347656,1.0,0.0,-1.3252111673355105,141.30410766601562,129.8942108154297,142.6405792236328,133.75637817382812,82.17843627929688,80.60150146484375,80.58854675292969,82.4571762084961,24.988548278808597,24.73624038696289,24.734167098999023,25.03314781188965,-0.0568020306853511,-0.1328661841376054,-0.0191991678847087,-0.0802745135312419,simulator,event_window,False,simulated_measured
3,787.8036971092224,2026-05-07 16:17:33.023927689+00:00,185.4820098876953,1.0,0.0,-1.299416184425354,141.67381286621094,132.0892791748047,141.44700622558594,133.54916381835938,82.177001953125,80.59746551513672,80.58694458007812,82.45195007324219,24.988319396972656,24.735595703125,24.733909606933597,25.032310485839844,-0.0483728553535826,-0.1126538558150765,-0.0212750471413961,-0.0759104414604474,simulator,event_window,False,simulated_measured
3,787.8191330432892,2026-05-07 16:17:33.039363623+00:00,184.52679443359372,1.0,0.0,-1.2081605195999146,142.10023498535156,135.9152374267578,140.4720458984375,132.3961639404297,82.17619323730469,80.59414672851562,80.58516693115234,82.44734954833984,24.988189697265625,24.735063552856445,24.733627319335938,25.03157615661621,-0.040567575924725,-0.0822254713895802,-0.022989649463468,-0.0791462778310488,simulator,event_window,False,simulated_measured
3,787.835401058197,2026-05-07 16:17:33.055631638+00:00,183.5816650390625,1.0,0.0,-1.2379261255264282,140.8118133544922,131.5906524658203,139.56019592285156,130.97177124023438,82.17509460449219,80.59119415283203,80.58322143554688,82.44265747070312,24.988014221191406,24.734590530395508,24.73331451416016,25.030824661254883,-0.0443721027687068,-0.1068528322463214,-0.0243344733173646,-0.0843635358354075,simulator,event_window,False,simulated_measured
3,787.8511309623718,2026-05-07 16:17:33.071361542+00:00,182.65711975097656,1.0,0.0,-1.1426843404769895,139.29241943359375,126.52686309814452,138.44528198242188,129.78269958496094,82.17343139648438,80.5880126953125,80.58098602294922,82.43799591064453,24.987749099731445,24.734081268310547,24.73295783996582,25.030078887939453,-0.0498987064663432,-0.1368755376333444,-0.0272298191285434,-0.0880839034278886,simulator,event_window,False,simulated_measured
3,787.8664557933807,2026-05-07 16:17:33.086686373+00:00,181.736083984375,0.9636247754096984,0.0,-1.189377784729004,138.55239868164062,129.64303588867188,137.91683959960938,128.65377807617188,82.17166137695312,80.5845718383789,80.57889556884766,82.43331146240234,24.98746490478516,24.733531951904297,24.73262405395508,25.02932929992676,-0.0501568047123549,-0.1111360016537618,-0.0260316928623843,-0.0914348764800262,simulator,event_window,False,simulated_measured
3,787.8820612430573,2026-05-07 16:17:33.102291822+00:00,180.6462860107422,0.9784196019172668,0.0,-1.2148535251617432,137.6701202392578,131.18255615234375,136.87071228027344,128.4394073486328,82.16954040527344,80.5802993774414,80.57640075683594,82.42794799804688,24.98712539672852,24.73284912109375,24.732223510742188,25.028472900390625,-0.050511547736562,-0.0951546862264357,-0.0275882800887921,-0.0874767490152415,simulator,event_window,False,simulated_measured
3,787.897411108017,2026-05-07 16:17:33.117641687+00:00,179.7289581298828,1.0,0.0,-1.167810320854187,136.38487243652344,125.53062438964844,135.70664978027344,127.35553741455078,82.1678695678711,80.57701873779297,80.5738296508789,82.42333221435547,24.98685836791992,24.732322692871097,24.7318115234375,25.027732849121097,-0.0545747922014582,-0.1297201628039987,-0.0309375474771808,-0.0905591469321152,simulator,event_window,False,simulated_measured
3,787.9136533737183,2026-05-07 16:17:33.133883953+00:00,178.82069396972656,0.9764179587364196,0.0,-1.10935378074646,135.0980224609375,129.43394470214844,135.03402709960938,125.1164093017578,82.16594696044922,80.57377624511719,80.57118225097656,82.41839599609375,24.98655128479004,24.73180389404297,24.731388092041016,25.02694320678711,-0.0587386012288343,-0.0981014249073839,-0.0308429974056935,-0.1020106637326722,simulator,event_window,False,simulated_measured
3,787.9291954040527,2026-05-07 16:17:33.149425983+00:00,177.95814514160156,0.9654629826545716,0.0,-1.0938328504562378,134.71456909179688,123.34671020507812,134.4396209716797,122.3382797241211,82.1640853881836,80.57022857666016,80.56849670410156,82.41333770751953,24.98625373840332,24.73123550415039,24.730958938598636,25.0261344909668,-0.0568609466134014,-0.1363515657945014,-0.0304323799840955,-0.1176941026039357,simulator,event_window,False,simulated_measured
3,787.9445798397064,2026-05-07 16:17:33.164810419+00:00,177.08132934570312,0.969227969646454,0.0,-1.1530637741088867,133.7683563232422,126.95130157470705,133.58180236816406,121.67528533935548,82.1622314453125,80.56692504882812,80.56605529785156,82.40837860107422,24.98595809936523,24.73070907592773,24.730567932128903,25.025341033935547,-0.0588482594266029,-0.1067116422184109,-0.0318487295993853,-0.1181305801670542,simulator,event_window,False,simulated_measured
3,787.9598536491394,2026-05-07 16:17:33.180084229+00:00,175.96693420410156,1.0,0.0,-1.128343105316162,133.239990234375,124.83143615722656,132.5252227783203,121.40572357177734,82.16038513183594,80.56295776367188,80.56289672851562,82.402587890625,24.98566055297852,24.73007202148437,24.730064392089844,25.0244140625,-0.0566289225144647,-0.1160652878532864,-0.0334236389290919,-0.1145118017204009,simulator,event_window,False,simulated_measured
3,787.9751768112183,2026-05-07 16:17:33.195407391+00:00,175.0516357421875,1.0,0.0,-1.1764445304870603,133.0109405517578,124.21786499023438,131.81895446777344,118.71326446533205,82.1592025756836,80.55982971191406,80.56001281738281,82.39752960205078,24.9854736328125,24.72957229614257,24.729602813720703,25.023605346679688,-0.0533264922157401,-0.115810859326245,-0.0335477896803614,-0.1296222955960156,simulator,event_window,False,simulated_measured
3,787.9907395839691,2026-05-07 16:17:33.210970163+00:00,174.1265869140625,1.0,0.0,-1.159752607345581,132.27471923828125,123.66938018798828,130.9899139404297,119.67057800292967,82.15798950195312,80.55661010742188,80.55729675292969,82.3925552368164,24.985279083251957,24.72905731201172,24.729167938232425,25.02280807495117,-0.0535649976867693,-0.1150384815093302,-0.0345240417636217,-0.1179423224909994,simulator,event_window,False,simulated_measured
3,788.006076335907,2026-05-07 16:17:33.226306915+00:00,173.21978759765625,0.99224454164505,0.0,-1.1468935012817385,130.84552001953125,122.37613677978516,130.52577209472656,117.84255981445312,82.15628051757812,80.55330657958984,80.5545883178711,82.38763427734375,24.985004425048828,24.72852897644043,24.72873306274414,25.022022247314453,-0.0588899993962717,-0.1197084623968658,-0.032908728848145,-0.1268691177091068,simulator,event_window,False,simulated_measured
3,788.0218186378479,2026-05-07 16:17:33.242049217+00:00,172.30438232421875,0.9931744933128356,0.0,-1.2024041414260864,130.35008239746094,125.20215606689452,130.14268493652344,119.32801818847656,82.15464782714844,80.5497817993164,80.55237579345703,82.38273620605469,24.984743118286133,24.72796630859375,24.72838020324707,25.02123641967773,-0.0574725239740956,-0.094595238544515,-0.0306242898429882,-0.111165736413084,simulator,event_window,False,simulated_measured
3,788.0368745326996,2026-05-07 16:17:33.257105112+00:00,171.37796020507812,1.0,0.0,-1.228280782699585,129.71627807617188,118.71322631835938,129.61904907226562,118.06600189208984,82.15316772460938,80.54632568359375,80.55030059814453,82.37796783447266,24.984506607055664,24.72741317749023,24.72804832458496,25.02047348022461,-0.0569851272909626,-0.1368795067017684,-0.029305529097186,-0.115812093291963,simulator,event_window,False,simulated_measured
3,788.0524134635925,2026-05-07 16:17:33.272644043+00:00,170.4481964111328,1.0,0.0,-1.22710120677948,128.72215270996094,122.95255279541016,128.8486328125,116.64248657226562,82.15148162841797,80.543212890625,80.54813385009766,82.37321472167969,24.98423767089844,24.72691345214844,24.72770118713379,25.01971435546875,-0.0591076951497211,-0.1011806165061618,-0.029811552727285,-0.1217077665109137,simulator,event_window,False,simulated_measured
3,788.0684504508972,2026-05-07 16:17:33.288681030+00:00,169.38192749023438,0.971074104309082,0.0,-1.1083072423934937,127.79498291015624,120.16443634033205,127.62727355957033,117.41976928710938,82.149169921875,80.53892517089844,80.54513549804688,82.36727905273438,24.983867645263672,24.726226806640625,24.727222442626957,25.01876449584961,-0.0600045180063693,-0.1160327553217679,-0.0329584924273766,-0.1102892555154755,simulator,event_window,False,simulated_measured
3,788.0838325023651,2026-05-07 16:17:33.304063082+00:00,168.509765625,0.9490593671798706,0.0,-1.1479761600494385,127.20236206054688,118.36116790771484,127.5382308959961,115.35779571533205,82.14723205566406,80.53531646728516,80.54280090332031,82.36231994628906,24.983556747436523,24.72565078735352,24.72684860229492,25.01797103881836,-0.059520932043614,-0.1247916410922362,-0.0286315169814074,-0.1213891592209465,simulator,event_window,False,simulated_measured
3,788.0993690490723,2026-05-07 16:17:33.319599628+00:00,167.63436889648438,0.9527320861816406,0.0,-1.1417280435562134,126.38916015625,120.98106384277344,126.51868438720705,115.83246612548828,82.14527893066406,80.53168487548828,80.54044342041016,82.35750579833984,24.98324584960937,24.725069046020508,24.726470947265625,25.017200469970703,-0.0606535533876216,-0.1007475598947041,-0.0313646871794485,-0.113166842930344,simulator,event_window,False,simulated_measured
3,788.1147418022156,2026-05-07 16:17:33.334972382+00:00,166.7332305908203,1.0,0.0,-1.180206060409546,126.01705169677734,113.74468231201172,125.6920394897461,116.45244598388672,82.1437759399414,80.52790069580078,80.53782653808594,82.35282897949219,24.983003616333008,24.724464416503903,24.726051330566406,25.01645278930664,-0.0583572170911967,-0.1499661381300672,-0.0324925843839641,-0.103601475266431,simulator,event_window,False,simulated_measured
3,788.1303191184998,2026-05-07 16:17:33.350549698+00:00,165.86021423339844,0.9994196891784668,0.0,-1.2031984329223633,125.2138671875,124.27688598632812,125.0707015991211,114.5716323852539,82.14230346679688,80.5242691040039,80.53501892089844,82.34794616699219,24.98276901245117,24.7238826751709,24.72560310363769,25.015670776367188,-0.0594340784646422,-0.0663686416712302,-0.0322079318915796,-0.1134370823531587,simulator,event_window,False,simulated_measured
3,788.1456446647644,2026-05-07 16:17:33.365875244+00:00,165.0154571533203,0.959361970424652,0.0,-1.1182270050048828,124.54727935791016,116.25775909423828,124.53963470458984,112.5575942993164,82.14060974121094,80.5205078125,80.53215026855469,82.34302520751953,24.982498168945312,24.72328186035156,24.725143432617188,25.01488494873047,-0.0596519011694489,-0.1221413148513164,-0.031383963637942,-0.1245630792148918,simulator,event_window,False,simulated_measured
3,788.1614625453949,2026-05-07 16:17:33.381693125+00:00,163.97027587890625,1.0,0.0,-1.1514666080474854,123.41092681884766,117.49270629882812,123.47994232177734,113.4865493774414,82.13851165771484,80.51622009277344,80.52864074707031,82.337158203125,24.982162475585938,24.72259521484375,24.72458267211914,25.013946533203125,-0.0622922203522927,-0.1071611702658322,-0.0335041693462967,-0.1117116893217401,simulator,event_window,False,simulated_measured
3,788.1767694950104,2026-05-07 16:17:33.397000074+00:00,163.03761291503906,1.0,0.0,-1.2055708169937134,123.5679168701172,117.10083770751952,123.31159210205078,111.5119171142578,82.13744354248047,80.51303100585938,80.52607727050781,82.3322525024414,24.981990814208984,24.72208404541016,24.72417259216309,25.013160705566406,-0.0557283524676675,-0.1050485347722848,-0.0293005327209866,-0.1221745709544308,simulator,event_window,False,simulated_measured
3,788.192462682724,2026-05-07 16:17:33.412693262+00:00,162.0663604736328,1.0,0.0,-1.3741635084152222,124.0778579711914,118.47091674804688,122.0341339111328,113.23091888427734,82.13719177246094,80.51054382324219,80.52338409423828,82.3273696899414,24.98195075988769,24.72168731689453,24.72374153137207,25.012378692626957,-0.0461492166092092,-0.0891514749392685,-0.0335995171144423,-0.1033006898695491,simulator,event_window,False,simulated_measured
3,788.2077655792236,2026-05-07 16:17:33.427996159+00:00,161.06500244140625,1.0,0.0,-1.3841146230697632,123.28278350830078,118.5604476928711,121.84812927246094,110.8680419921875,82.13690948486328,80.50879669189453,80.52052307128906,82.32244873046875,24.981904983520508,24.721406936645508,24.723283767700195,25.01159286499023,-0.0463691753602188,-0.0827960072474925,-0.0290734508610526,-0.1165542672058905,simulator,event_window,False,simulated_measured
3,788.2234661579132,2026-05-07 16:17:33.443696737+00:00,160.06185913085938,1.0,0.0,-1.3764511346817017,122.53977966308594,117.73724365234376,121.46302032470705,109.3556671142578,82.13634490966797,80.50696563720703,80.51786041259766,82.31759643554688,24.98181533813477,24.721115112304688,24.72285842895508,25.010814666748047,-0.0461759454144207,-0.0834560459701305,-0.0260763466593269,-0.1231443179300474,simulator,event_window,False,simulated_measured
3,788.238687992096,2026-05-07 16:17:33.458918571+00:00,159.0523681640625,1.0,0.0,-1.4449527263641355,121.61619567871094,115.15770721435548,121.1085968017578,111.9151840209961,82.13562774658203,80.50458526611328,80.51594543457031,82.31291961669922,24.9817008972168,24.720733642578125,24.722551345825195,25.010066986083984,-0.0473567232744475,-0.0978470797102876,-0.0227548431048898,-0.0969255473082039,simulator,event_window,False,simulated_measured
3,788.2539563179016,2026-05-07 16:17:33.474186897+00:00,157.869873046875,1.0,0.0,-1.4457980394363403,119.86017608642578,108.35382080078124,120.70915222167967,112.55963897705078,82.13416290283203,80.50068664550781,80.51456451416016,82.30769348144531,24.98146629333496,24.720109939575195,24.72233009338379,25.00923156738281,-0.0540793983738464,-0.1447910052219143,-0.0186822953856234,-0.0849219986058678,simulator,event_window,False,simulated_measured
3,788.2696368694305,2026-05-07 16:17:33.489867449+00:00,156.97271728515625,0.8604450821876526,0.0,-1.4132407903671265,119.96450805664062,114.58544158935548,120.12732696533205,114.7680206298828,82.13272094726562,80.4959945678711,80.51325225830078,82.3037109375,24.98123550415039,24.7193603515625,24.72212028503418,25.008594512939453,-0.04784504062422,-0.0904374802443777,-0.0178307534673252,-0.0616358688723476,simulator,event_window,False,simulated_measured
3,788.2847678661346,2026-05-07 16:17:33.504998446+00:00,156.20362854003906,0.7823187112808228,0.0,-1.3810068368911743,118.99444580078124,108.31941986083984,119.93926239013672,115.86892700195312,82.13066101074219,80.49101257324219,80.51187896728516,82.29950714111328,24.98090553283691,24.718563079833984,24.721900939941406,25.00792121887207,-0.0508942485599631,-0.1359427933153701,-0.0145401158470133,-0.047970183257191,simulator,event_window,False,simulated_measured
3,788.300413608551,2026-05-07 16:17:33.520644188+00:00,155.48880004882812,0.7775949239730835,0.0,-1.4116469621658323,118.2467041015625,110.01049041748048,119.2769546508789,116.45179748535156,82.12828826904297,80.48606872558594,80.51046752929688,82.29533386230469,24.980525970458984,24.71776962280273,24.72167587280273,25.007253646850582,-0.0525223699524813,-0.1184188849207339,-0.015476414694293,-0.0387822816081974,simulator,event_window,False,simulated_measured
3,788.315821647644,2026-05-07 16:17:33.536052227+00:00,154.8229522705078,0.7202050089836121,0.0,-1.3091984987258911,117.84063720703124,110.33907318115234,118.7616958618164,116.57579803466795,82.12583923339844,80.48096466064453,80.50867462158203,82.29120635986328,24.980133056640625,24.71695327758789,24.72138786315918,25.006591796875,-0.0517152417625008,-0.1119830066909283,-0.0155135566542374,-0.0336204395787806,simulator,event_window,False,simulated_measured
3,788.3315126895905,2026-05-07 16:17:33.551743269+00:00,154.22317504882812,0.7173483371734619,0.0,-1.180184245109558,117.02558135986328,104.36318969726562,118.37149047851562,114.61832427978516,82.12310791015625,80.47586059570312,80.50657653808594,82.2863998413086,24.979698181152344,24.716136932373047,24.721052169799805,25.00582504272461,-0.0546117504815274,-0.1568108803150374,-0.0149320923198196,-0.0461521653382867,simulator,event_window,False,simulated_measured
3,788.3471055030823,2026-05-07 16:17:33.567336082+00:00,153.51914978027344,0.7264247536659241,0.0,-1.0864031314849854,116.3001708984375,106.77994537353516,117.09400939941406,112.9350128173828,82.11991882324219,80.46973419189453,80.5031967163086,82.2804946899414,24.97918701171875,24.71515655517578,24.72051239013672,25.00487899780273,-0.0561633682109535,-0.1333286753735372,-0.0210943962414927,-0.0558505767332015,simulator,event_window,False,simulated_measured
3,788.3633484840393,2026-05-07 16:17:33.583579063+00:00,152.88412475585938,0.7853702306747437,0.0,-1.0586941242218018,115.2855453491211,109.53336334228516,116.4584732055664,112.07474517822266,82.11734008789062,80.46481323242188,80.49992370605469,82.27557373046875,24.978775024414062,24.714370727539062,24.71998786926269,25.004091262817383,-0.0605114324974015,-0.1072881049418225,-0.0223635280335936,-0.059150730580806,simulator,event_window,False,simulated_measured
3,788.379086971283,2026-05-07 16:17:33.599317551+00:00,152.19354248046875,0.8426750302314758,0.0,-0.9982346892356871,113.21389770507812,106.3030242919922,115.23143768310548,110.70710754394533,82.11457061767578,80.46058654785156,80.496337890625,82.2706527709961,24.97833251953125,24.713693618774418,24.71941375732422,25.00330352783203,-0.0732074177052182,-0.129684568634813,-0.028274837428739,-0.0664147932472319,simulator,event_window,False,simulated_measured
3,788.3943574428558,2026-05-07 16:17:33.614588022+00:00,151.45901489257812,0.8646416664123535,0.5,-0.9185704588890076,111.6117706298828,108.90657043457033,114.19295501708984,109.91156768798828,82.1114730834961,80.45668029785156,80.49239349365234,82.26573944091797,24.97783660888672,24.713069915771484,24.71878242492676,25.002517700195312,-0.0818917229289705,-0.1040449045637009,-0.0323620827536405,-0.0686284712972967,simulator,event_window,False,simulated_measured
3,788.4096143245697,2026-05-07 16:17:33.629844904+00:00,150.51210021972656,0.9279850125312804,0.5,-0.875577449798584,108.69813537597656,108.51851654052734,113.2391128540039,107.59407806396484,82.10755920410156,80.4527587890625,80.48768615722656,82.25983428955078,24.977209091186523,24.712440490722656,24.7180290222168,25.00157356262207,-0.1002337249671594,-0.1016207301738404,-0.0344078269885375,-0.0825304993531732,simulator,event_window,False,simulated_measured
3,788.4249894618988,2026-05-07 16:17:33.645220041+00:00,149.69424438476562,0.9474385380744934,0.5,-0.9283694624900818,106.62456512451172,107.8223876953125,112.85923767089844,105.15608978271484,82.10436248779297,80.44982147216797,80.48395538330078,82.25491333007812,24.97669792175293,24.711971282958984,24.71743392944336,25.00078582763672,-0.1125759321097452,-0.1025068716732751,-0.0323892062431965,-0.0984205391630217,simulator,event_window,False,simulated_measured
3,788.4408688545227,2026-05-07 16:17:33.661099434+00:00,148.80882263183594,1.0,0.3818181753158569,-0.9446942806243896,107.08072662353516,106.8926773071289,112.2022933959961,103.17765045166016,82.10215759277344,80.44667053222656,80.48041534423828,82.25,24.97634506225586,24.71146774291992,24.71686553955078,25.0,-0.103476533791467,-0.104951510803551,-0.0322977571326118,-0.1101196097558036,simulator,event_window,False,simulated_measured
3,788.4561822414398,2026-05-07 16:17:33.676412821+00:00,147.93826293945312,1.0,0.2454545497894287,-0.98377525806427,106.89653778076172,105.27507781982422,111.4670867919922,99.4009780883789,82.10017395019531,80.44377136230469,80.47673797607422,82.2451171875,24.97602844238281,24.71100234985352,24.716278076171875,24.999217987060547,-0.0997520172441788,-0.1133089074326839,-0.0329813940439287,-0.1376475014281732,simulator,event_window,False,simulated_measured
3,788.4718387126923,2026-05-07 16:17:33.692069292+00:00,147.03135681152344,1.0,0.1090908944606781,-0.9409754872322084,106.49156188964844,105.18675994873048,110.5553970336914,104.3811264038086,82.09832763671875,80.44087982177734,80.47293853759766,82.240234375,24.975730895996097,24.71054077148437,24.715669631958008,24.998435974121097,-0.0976307977886913,-0.1085881513303591,-0.0349747475986489,-0.0888566760113677,simulator,event_window,False,simulated_measured
3,788.487154006958,2026-05-07 16:17:33.707384586+00:00,146.1566619873047,0.966427206993103,0.0,-0.9837952256202698,105.39354705810548,102.6444091796875,110.56282806396484,102.5772476196289,82.0962142944336,80.43771362304688,80.4693374633789,82.2353515625,24.97539520263672,24.710033416748047,24.7150936126709,24.997655868530277,-0.1015902883623892,-0.1249276266997597,-0.0291341672761371,-0.0992441129341312,simulator,event_window,False,simulated_measured
3,788.5033469200134,2026-05-07 16:17:33.723577499+00:00,145.1373291015625,0.9609902501106262,0.0,-1.1374424695968628,105.45466613769533,102.36647033691406,111.05738830566406,98.95783996582033,82.09391021728516,80.4334487915039,80.4659423828125,82.2294921875,24.975025177001957,24.7093505859375,24.714550018310547,24.99671936035156,-0.0947558915664048,-0.1211679400716234,-0.0179422580144444,-0.1249240189526543,simulator,event_window,False,simulated_measured
3,788.5188763141632,2026-05-07 16:17:33.739106894+00:00,144.30783081054688,0.9688752293586732,0.0,-1.1076337099075315,105.36235809326172,103.251708984375,109.9488296508789,100.7656021118164,82.0921401977539,80.42985534667969,80.46324920654297,82.22461700439453,24.974742889404297,24.708776473999023,24.71411895751953,24.99593734741211,-0.090349388159165,-0.1084727140235338,-0.0221563798071385,-0.1038162001860982,simulator,event_window,False,simulated_measured
3,788.5344989299774,2026-05-07 16:17:33.754729509+00:00,143.4272003173828,1.0,0.0,-1.1269524097442627,104.63735961914062,104.51449584960938,109.23848724365234,99.94843292236328,82.09062194824219,80.42647552490234,80.46046447753906,82.21977233886719,24.974498748779297,24.708236694335938,24.71367454528809,24.995162963867188,-0.091061951003928,-0.0920283293798931,-0.0225088130621553,-0.105626029142229,simulator,event_window,False,simulated_measured
3,788.5501177310944,2026-05-07 16:17:33.770348310+00:00,142.546630859375,1.0,0.0,-1.0966789722442627,103.56715393066406,101.85009765625,108.56295013427734,98.7636260986328,82.08897399902344,80.42342376708984,80.45734405517578,82.21488952636719,24.97423553466797,24.707748413085938,24.71317481994629,24.99438095092773,-0.0948008919227043,-0.1097094117073539,-0.0225526494938985,-0.1107686758396203,simulator,event_window,False,simulated_measured
3,788.5654489994049,2026-05-07 16:17:33.785679579+00:00,141.70045471191406,1.0,0.0,-1.1284632682800293,102.13147735595705,98.46266174316406,108.9968490600586,100.65730285644533,82.08706665039062,80.42044830322266,80.45429992675781,82.21000671386719,24.97393035888672,24.70727157592773,24.71268844604492,24.99360084533691,-0.1020184724656205,-0.1341799920319267,-0.0127857997231405,-0.0883067728399346,simulator,event_window,False,simulated_measured
3,788.5811493396759,2026-05-07 16:17:33.801379919+00:00,140.74298095703125,0.9275115132331848,0.0,-1.1137675046920776,100.95279693603516,106.5735321044922,105.53983306884766,103.43163299560548,82.08448028564453,80.41659545898438,80.45084381103516,82.20414733886719,24.9735164642334,24.706655502319336,24.712135314941406,24.992664337158203,-0.1063434494020526,-0.0564826211361998,-0.037593933274086,-0.0568053700229387,simulator,event_window,False,simulated_measured
3,788.5965378284454,2026-05-07 16:17:33.816768408+00:00,139.95016479492188,0.8889951705932617,0.0,-1.133480429649353,100.35338592529295,97.12151336669922,106.73597717285156,105.7221450805664,82.08208465576172,80.4131851196289,80.4482192993164,82.19927215576172,24.973133087158203,24.70610809326172,24.711715698242188,24.99188232421875,-0.1066170730870554,-0.1352923196179728,-0.0211726166570734,-0.03045664241354,simulator,event_window,False,simulated_measured
3,788.6119954586029,2026-05-07 16:17:33.832226038+00:00,139.13575744628906,0.8760809302330017,0.0,-1.12520170211792,99.50150299072266,97.73592376708984,104.22225189208984,104.22225189208984,82.07958221435547,80.40967559814453,80.44547271728516,82.19456481933594,24.972732543945312,24.705547332763672,24.711275100708008,24.991130828857425,-0.1090159760260174,-0.1247285653681565,-0.0386303882932292,-0.0386171308931236,simulator,event_window,False,simulated_measured
3,788.6271405220032,2026-05-07 16:17:33.847371101+00:00,138.3516845703125,0.8901717662811279,0.0,-1.0793522596359253,98.57298278808594,98.66307830810548,105.4175262451172,105.4175262451172,82.0770263671875,80.40618896484375,80.44251251220703,82.18982696533203,24.97232437133789,24.70499038696289,24.71080207824707,24.99037170410156,-0.1123280849659715,-0.1114180245314997,-0.0220941063505741,-0.022080620913194,simulator,event_window,False,simulated_measured
3,788.6434698104858,2026-05-07 16:17:33.863700390+00:00,137.57716369628906,0.9449757933616638,0.0,-1.0289795398712158,96.65152740478516,101.22898864746094,105.15931701660156,102.2227020263672,82.07437896728516,80.40318298339844,80.43942260742188,82.18498229980469,24.971900939941406,24.704509735107425,24.71030807495117,24.98959732055664,-0.1247312912482917,-0.0831762906386799,-0.0189975334111842,-0.046379259991012,simulator,event_window,False,simulated_measured
3,788.6592655181885,2026-05-07 16:17:33.879496098+00:00,136.6923370361328,0.9722765684127808,0.0,-1.1048144102096558,99.49715423583984,91.8763656616211,104.34669494628906,98.7507781982422,82.07184600830078,80.39954376220703,80.43560791015625,82.17912292480469,24.97149658203125,24.70392608642578,24.709697723388672,24.988658905029297,-0.0931289809354833,-0.1624959258688478,-0.020277181009852,-0.0728050848630116,simulator,event_window,False,simulated_measured
3,788.6742513179779,2026-05-07 16:17:33.894481897+00:00,135.9219512939453,0.981421947479248,0.0,-1.13446843624115,97.56963348388672,100.36363220214844,103.85316467285156,95.78683471679688,82.06997680664062,80.3964614868164,80.43241119384766,82.17424011230469,24.971195220947266,24.70343399047852,24.70918655395508,24.987876892089844,-0.1056570135290116,-0.0799444294062964,-0.0193843301893886,-0.0955367928605707,simulator,event_window,False,simulated_measured
3,788.6897716522217,2026-05-07 16:17:33.910002232+00:00,135.12777709960938,1.0,0.0,-1.0522637367248535,97.13409423828124,90.58385467529295,103.3037338256836,92.6662368774414,82.06865692138672,80.3932113647461,80.42923736572266,82.16935729980469,24.970985412597656,24.70291328430176,24.70867919921875,24.987096786499023,-0.1044164768492338,-0.1647173615035595,-0.0188394437169291,-0.1198603674814943,simulator,event_window,False,simulated_measured
3,788.7056374549866,2026-05-07 16:17:33.925868034+00:00,134.2876434326172,1.0,0.0,-1.1752151250839231,96.73886108398438,99.17642211914062,101.83688354492188,93.72816467285156,82.06756591796875,80.39019012451172,80.42591857910156,82.16447448730469,24.97080993652344,24.702430725097656,24.708147048950195,24.986316680908203,-0.1024803821729679,-0.0797630367616326,-0.026720127851129,-0.104204773947551,simulator,event_window,False,simulated_measured
3,788.7211740016937,2026-05-07 16:17:33.941404581+00:00,133.4224853515625,1.0,0.0,-1.0716638565063477,95.84066772460938,89.80309295654297,101.58431243896484,92.64264678955078,82.06635284423828,80.38711547851562,80.4224624633789,82.15959167480469,24.97061538696289,24.70193862915039,24.70759391784668,24.98553466796875,-0.1050478058991366,-0.1613329936160251,-0.0228385765719917,-0.108838099023216,simulator,event_window,False,simulated_measured
3,788.7372102737427,2026-05-07 16:17:33.957440853+00:00,132.41098022460938,0.9987537264823914,0.0,-1.2020853757858276,94.32576751708984,95.34034729003906,101.14405059814452,90.97348022460938,82.06464385986328,80.38347625732422,80.41854858398438,82.15373229980469,24.9703426361084,24.70135498046875,24.706966400146484,24.984596252441406,-0.1124652223749407,-0.1028191017084994,-0.0196412353972772,-0.1182093454676445,simulator,event_window,False,simulated_measured
3,788.7532272338867,2026-05-07 16:17:33.973457813+00:00,131.5764923095703,0.9588695764541626,0.0,-1.0156681537628174,93.13732147216795,90.61824798583984,100.8076171875,89.87312316894531,82.06291198730469,80.38018798828125,80.41544342041016,82.14884948730469,24.97006607055664,24.700828552246097,24.706470489501957,24.983816146850582,-0.1180895835987888,-0.14184715532858,-0.0167052072766712,-0.1233500489293371,simulator,event_window,False,simulated_measured
3,788.7686491012573,2026-05-07 16:17:33.988879681+00:00,130.78526306152344,0.9375725984573364,0.0,-1.4212247133255005,96.93338775634766,93.44859313964844,100.2715301513672,89.91632843017578,82.06121826171875,80.37705993652344,80.41259765625,82.14398956298828,24.96979522705078,24.700328826904297,24.706016540527344,24.9830379486084,-0.0765920406559903,-0.1096900094499871,-0.0160171561514959,-0.1176224744975031,simulator,event_window,False,simulated_measured
3,788.7847247123718,2026-05-07 16:17:34.004955292+00:00,129.84214782714844,0.8774480223655701,0.0,-1.0779569149017334,93.25701141357422,91.2102508544922,99.65396881103516,91.07666015625,82.05880737304688,80.37289428710938,80.40924835205078,82.13825988769531,24.969409942626957,24.699663162231445,24.70547866821289,24.982120513916016,-0.1051611411423227,-0.124703385226595,-0.0149742064218527,-0.0997438670218366,simulator,event_window,False,simulated_measured
3,788.8004024028778,2026-05-07 16:17:34.020632982+00:00,129.06427001953125,0.8737085461616516,0.0,-1.1440922021865845,92.01873016357422,89.0436782836914,98.95408630371094,92.02095794677734,82.05684661865234,80.36933135986328,80.4063720703125,82.13346862792969,24.96909523010254,24.69909286499023,24.705018997192383,24.981353759765625,-0.1117213189965848,-0.1403446862013573,-0.0159970555682459,-0.084927711109952,simulator,event_window,False,simulated_measured
3,788.8158721923828,2026-05-07 16:17:34.036102772+00:00,128.29039001464844,0.8999563455581665,0.0,-1.126091718673706,90.85519409179688,96.07814025878906,98.13818359375,92.1396713256836,82.05496215820312,80.36585998535156,80.40322875976562,82.12859344482422,24.968793869018555,24.69853782653809,24.704517364501957,24.98057556152344,-0.1176626417924313,-0.0668364810394346,-0.0182236088663776,-0.0782201367153048,simulator,event_window,False,simulated_measured
3,788.8310370445251,2026-05-07 16:17:34.051267624+00:00,127.56483459472656,0.8640592694282532,0.0,-1.1400015354156494,95.40480041503906,89.6343765258789,97.5560302734375,91.91514587402344,82.05305480957031,80.36229705810547,80.39985656738281,82.12371826171875,24.968488693237305,24.697967529296875,24.70397567749023,24.979793548583984,-0.0682094756158749,-0.1244702226899765,-0.0184965198617536,-0.0752362578114062,simulator,event_window,False,simulated_measured
3,788.846120595932,2026-05-07 16:17:34.066351175+00:00,126.86955261230467,0.8835142850875854,0.0,-1.097423434257507,90.6325225830078,84.51750946044922,96.8572769165039,91.44969940185548,82.05107116699219,80.3589096069336,80.3963394165039,82.1188735961914,24.968170166015625,24.69742584228516,24.703414916992188,24.979019165039062,-0.1099678551380805,-0.1699264564375794,-0.0201862249131501,-0.0748768321871999,simulator,event_window,False,simulated_measured
3,788.861822605133,2026-05-07 16:17:34.082053185+00:00,126.14459228515624,0.867255687713623,0.5,-1.0777721405029297,92.58650207519533,91.07128143310548,96.50355529785156,89.55742645263672,82.0489730834961,80.35551452636719,80.39278411865234,82.11402893066406,24.96783447265625,24.696882247924805,24.70284652709961,24.97824478149414,-0.0855539844567468,-0.1004193615730385,-0.0181540107383161,-0.0888127148597288,simulator,event_window,False,simulated_measured
3,788.877907037735,2026-05-07 16:17:34.098137617+00:00,125.35382080078124,0.8611949682235718,0.5,-1.108292579650879,89.9251480102539,91.2911376953125,95.96985626220705,86.90556335449219,82.04672241210938,80.35124969482422,80.38861846923828,82.10820007324219,24.96747589111328,24.69619941711425,24.702178955078125,24.97731208801269,-0.1062364931404878,-0.0925591348472171,-0.0174244281492581,-0.1102158063820006,simulator,event_window,False,simulated_measured
3,788.8934469223022,2026-05-07 16:17:34.113677502+00:00,124.6627960205078,0.8980686068534851,0.5,-1.1109130382537842,87.20899963378906,84.40522003173828,95.3884506225586,85.17880249023438,82.04473114013672,80.34786987304688,80.38524627685547,82.10331726074219,24.96715545654297,24.69565963745117,24.70163917541504,24.976531982421875,-0.1284275899037578,-0.1563550084143127,-0.0179635093599275,-0.1230610702469714,simulator,event_window,False,simulated_measured
3,788.9090800285339,2026-05-07 16:17:34.129310608+00:00,123.9644775390625,0.9443689584732056,0.409090906381607,-1.2270959615707395,89.22099304199219,83.35147857666016,94.34698486328124,84.13665771484375,82.04305267333984,80.34469604492188,80.38166809082031,82.09846496582031,24.96688842773437,24.695152282714844,24.701066970825195,24.975753784179688,-0.1032965701247982,-0.1621942369951585,-0.0232139119989807,-0.1289106887069386,simulator,event_window,False,simulated_measured
3,788.9241316318512,2026-05-07 16:17:34.144362211+00:00,123.2025375366211,0.9728399515151978,0.2727272510528564,-1.160017490386963,93.79302215576172,91.60400390625,93.8241729736328,86.88655853271484,82.04156494140625,80.34159088134766,80.37813568115234,82.09362030029297,24.966650009155277,24.69465446472168,24.70050048828125,24.97497940063477,-0.0515162177090797,-0.0735497703270323,-0.0226192381559159,-0.0948769474299016,simulator,event_window,False,simulated_measured
3,788.9399843215942,2026-05-07 16:17:34.160214901+00:00,122.51546478271484,0.9505703449249268,0.1363636255264282,-1.1640437841415403,86.55162811279297,84.34219360351562,93.37245178222656,83.13253784179688,82.04015350341797,80.33834075927734,80.37459564208984,82.08877563476562,24.96642303466797,24.69413375854492,24.699935913085938,24.974205017089844,-0.1198364841325536,-0.1422094256880461,-0.0218700770180871,-0.1291270324399006,simulator,event_window,False,simulated_measured
3,788.9553399085999,2026-05-07 16:17:34.175570488+00:00,121.82698059082033,0.93162739276886,0.0,-1.4254815578460691,89.03433990478516,84.81515502929688,93.00643920898438,82.73975372314453,82.038818359375,80.3349609375,80.37117004394531,82.08392333984375,24.966209411621097,24.69359397888184,24.699386596679688,24.973426818847656,-0.0894724408807339,-0.1325243975503659,-0.0201982039305823,-0.1283433927935803,simulator,event_window,False,simulated_measured
3,788.9711449146271,2026-05-07 16:17:34.191375494+00:00,120.9937744140625,0.8935410976409912,0.0,-1.2022730112075806,84.94502258300781,87.61624145507812,92.63235473632812,86.25692749023438,82.03726196289062,80.33049011230469,80.36717987060547,82.07806396484375,24.965961456298828,24.69287872314453,24.698749542236328,24.972490310668945,-0.1253104380252294,-0.097704308234112,-0.0174189738739667,-0.0850325532745336,simulator,event_window,False,simulated_measured
3,788.9862976074219,2026-05-07 16:17:34.206528187+00:00,120.3090362548828,0.9012277126312256,0.0,-1.3837076425552368,86.81462097167969,80.1519775390625,92.1057586669922,85.2208480834961,82.03609466552734,80.3267593383789,80.3639907836914,82.0732192993164,24.96577453613281,24.69228172302246,24.69823837280273,24.97171401977539,-0.1009710885593468,-0.1698754007116003,-0.0174441842447361,-0.0908777493945391,simulator,event_window,False,simulated_measured
3,789.0017259120941,2026-05-07 16:17:34.221956491+00:00,119.57858276367188,0.8961141705513,0.0,-1.3488943576812744,90.74496459960938,80.93904113769531,91.6578598022461,84.61429595947266,82.03485107421875,80.32313537597656,80.36090087890625,82.06837463378906,24.965576171875,24.69170188903809,24.69774436950684,24.97093963623047,-0.0545291005713207,-0.1566032118266482,-0.0162494125287162,-0.0918344436711465,simulator,event_window,False,simulated_measured
3,789.0171275138855,2026-05-07 16:17:34.237358093+00:00,118.89480590820312,0.8731975555419922,0.0,-1.3226420879364014,83.8468246459961,82.52273559570312,91.24081420898438,84.11109924316406,82.0335922241211,80.31939697265625,80.35787200927734,82.06352996826172,24.96537399291992,24.691102981567383,24.69725799560547,24.970165252685547,-0.1213765898275404,-0.1351555085762759,-0.0150935894411231,-0.0920433584812986,simulator,event_window,False,simulated_measured
3,789.0335459709167,2026-05-07 16:17:34.253776550+00:00,118.11101531982422,0.8566859364509583,0.0,-1.426621675491333,84.49193572998047,84.53302764892578,91.64201354980467,87.40025329589844,82.0320816040039,80.31494140625,80.35433197021484,82.05770111083984,24.965133666992188,24.690391540527344,24.69669342041016,24.96923065185547,-0.1087410793391305,-0.1082085367193707,-0.0041981831073418,-0.050276965144236,simulator,event_window,False,simulated_measured
3,789.0492758750916,2026-05-07 16:17:34.269506454+00:00,117.51238250732422,0.8475024104118347,0.0,-1.3280717134475708,88.06555938720703,76.14685821533203,90.04411315917969,88.11341094970703,82.03059387207031,80.3112564086914,80.35157012939453,82.0528335571289,24.96489524841309,24.68980026245117,24.696250915527344,24.96845245361328,-0.0663125976426797,-0.1925871678293002,-0.0165769395727236,-0.0376499676394808,simulator,event_window,False,simulated_measured
3,789.0645527839661,2026-05-07 16:17:34.284783363+00:00,116.84883880615234,0.9216776490211488,0.0,-1.3583194017410278,80.63847351074219,81.58492279052734,86.20716094970703,85.77131652832031,82.02906036376953,80.30792236328125,80.34859466552734,82.04798889160156,24.964649200439453,24.689266204833984,24.69577407836914,24.96767807006836,-0.1402010119024509,-0.1300129350788866,-0.0531359318648385,-0.0579100767249673,simulator,event_window,False,simulated_measured
3,789.0799808502197,2026-05-07 16:17:34.300211430+00:00,116.09164428710938,1.0,0.0,-1.4970479011535645,81.71302032470703,81.7053451538086,87.41697692871094,87.0909194946289,82.02763366699219,80.30560302734375,80.34542846679688,82.04312896728516,24.96442031860352,24.68889617919922,24.695268630981445,24.96689987182617,-0.1230611034609024,-0.1230460349051798,-0.0335853265432788,-0.037176688787345,simulator,event_window,False,simulated_measured
3,789.0960438251495,2026-05-07 16:17:34.316274405+00:00,115.28826141357422,1.0,0.0,-1.5269585847854614,82.72856903076172,79.31246185302734,84.22415924072266,83.63654327392578,82.02610778808594,80.304443359375,80.34228515625,82.03824615478516,24.96417617797852,24.68871116638184,24.694765090942383,24.96611785888672,-0.1059754288275429,-0.1427971028247485,-0.0623941923845947,-0.0689228505881787,simulator,event_window,False,simulated_measured
3,789.1107993125916,2026-05-07 16:17:34.331029892+00:00,114.51813507080078,1.0,0.0,-1.428950309753418,84.25235748291016,76.22797393798828,88.54659271240234,80.26530456542969,82.02449798583984,80.30270385742188,80.3393783569336,82.03336334228516,24.96392059326172,24.688432693481445,24.69430160522461,24.9653377532959,-0.083385279687966,-0.1705935670438619,-0.0076467839658563,-0.1004438557653852,simulator,event_window,False,simulated_measured
3,789.126758813858,2026-05-07 16:17:34.346989393+00:00,113.97908782958984,1.0,0.0,-1.2471414804458618,80.11737060546875,72.59717559814453,88.52843475341797,74.48977661132812,82.02272033691406,80.29916381835938,80.33645629882812,82.02750396728516,24.9636344909668,24.6878662109375,24.693832397460938,24.964401245117188,-0.1242491989913857,-0.2063631269485083,-0.0031580572068172,-0.1612236472829005,simulator,event_window,False,simulated_measured
3,789.1422874927521,2026-05-07 16:17:34.362518072+00:00,113.26544189453124,1.0,0.0,-1.530859112739563,85.78841400146484,80.14684295654297,88.34736633300781,67.9825668334961,82.02130889892578,80.2993392944336,80.33462524414062,82.02262115478516,24.963409423828125,24.68789291381836,24.693538665771484,24.96361923217773,-0.0563515130858914,-0.1183092475919979,0.0010709946406328,-0.2296735362393331,simulator,event_window,False,simulated_measured
3,789.1579773426056,2026-05-07 16:17:34.378207922+00:00,112.66329193115234,1.0,0.0,-1.3552663326263428,76.76858520507812,78.06732940673828,88.25761413574219,61.46223831176758,82.01953125,80.29859924316406,80.33352661132812,82.01773834228516,24.96312522888184,24.687774658203125,24.693363189697266,24.96283721923828,-0.1510538703876822,-0.1365957627885734,0.0053989804305347,-0.299834643319153,simulator,event_window,False,simulated_measured
3,789.1734998226166,2026-05-07 16:17:34.393730402+00:00,112.07195281982422,1.0,0.5,-1.4765095710754397,81.95051574707031,73.24356079101562,87.4788589477539,51.56390380859375,82.01715087890625,80.29753875732422,80.33303833007812,82.01285552978516,24.962743759155277,24.68760681152344,24.693286895751957,24.96205711364746,-0.0889676802568529,-0.1856711901459418,0.0017857838733255,-0.4094950624648997,simulator,event_window,False,simulated_measured
3,789.1895513534546,2026-05-07 16:17:34.409781933+00:00,111.35084533691406,1.0,0.5,-1.53442645072937,83.34263610839844,80.46556854248047,86.87039184570312,40.06991958618164,82.0146255493164,80.29542541503906,80.33321380615234,82.00699615478516,24.96234130859375,24.6872673034668,24.69331359863281,24.96112060546875,-0.0674916116448679,-0.0995826487119871,0.0012602070099976,-0.5381513955151163,simulator,event_window,False,simulated_measured
3,789.2048144340515,2026-05-07 16:17:34.425045013+00:00,110.81535339355467,0.9929239153862,0.5,-1.5165704488754272,75.40538787841797,68.11915588378906,86.81489562988281,30.183910369873047,82.0133056640625,80.29293823242188,80.33397674560547,82.00211334228516,24.962127685546875,24.68687057495117,24.693435668945312,24.960338592529297,-0.1522233025467695,-0.2340567178697092,0.0054558516053135,-0.6504170442624894,simulator,event_window,False,simulated_measured
3,789.2205929756165,2026-05-07 16:17:34.440823555+00:00,110.25931549072266,0.9001450538635254,0.409090906381607,-1.4996130466461182,81.50776672363281,75.44896697998047,86.34703063964844,20.879859924316406,82.01197814941406,80.28992462158203,80.33522033691406,81.99723052978516,24.961915969848636,24.68638801574707,24.693634033203125,24.959556579589844,-0.0789934168324941,-0.1473607997466993,0.0050804132809196,-0.7569548427424228,simulator,event_window,False,simulated_measured
3,789.23606133461,2026-05-07 16:17:34.456291914+00:00,109.85308074951172,0.886661946773529,0.2727272510528564,-1.2044737339019775,70.51427459716797,72.28723907470703,85.86595153808594,12.344449043273926,82.01034545898438,80.2867431640625,80.33668518066406,81.99234771728516,24.961654663085938,24.68587875366211,24.693870544433597,24.95877456665039,-0.2002691780093554,-0.1800701708799166,0.0031767087759053,-0.8557771233738499,simulator,event_window,False,simulated_measured
3,789.2516350746155,2026-05-07 16:17:34.471865654+00:00,109.3697509765625,1.0,0.1363636255264282,-1.1947591304779053,76.0698471069336,77.67477416992188,85.03822326660156,2.599074363708496,82.01005554199219,80.28356170654297,80.33763122558594,81.98746490478516,24.96160888671875,24.68536949157715,24.694021224975582,24.95799446105957,-0.1334485512049609,-0.1150676624252582,-0.0021031567882914,-0.969500258009308,simulator,event_window,False,simulated_measured
3,789.2669277191162,2026-05-07 16:17:34.487158298+00:00,108.82732391357422,1.0,0.0,-1.033123254776001,80.34492492675781,73.50240325927734,84.42757415771484,6.923244953155518,82.00968933105469,80.28052520751953,80.33745574951172,81.98259735107422,24.961549758911133,24.68488311767578,24.693992614746097,24.95721435546875,-0.0801870239669908,-0.1584287727843081,-0.0043308402506074,-0.9183518345409556,simulator,event_window,False,simulated_measured
3,789.2824885845184,2026-05-07 16:17:34.502719164+00:00,108.24919128417967,0.9848737120628356,0.0,-0.8103612065315247,69.80518341064453,74.39351654052734,84.58711242675781,16.159101486206055,82.00848388671875,80.27783966064453,80.33636474609375,81.97784423828125,24.96135711669922,24.6844539642334,24.693817138671875,24.95645523071289,-0.1965810989109637,-0.1436767865765785,0.0028782979811317,-0.8084124731563253,simulator,event_window,False,simulated_measured
3,789.2985873222351,2026-05-07 16:17:34.518817902+00:00,107.53897857666016,0.97681325674057,0.0,-0.926267385482788,73.95387268066406,73.36564636230469,82.73217010498047,27.46259880065918,82.00656127929688,80.27500915527344,80.33515930175781,81.97225952148438,24.961050033569336,24.684001922607425,24.693626403808597,24.95556259155273,-0.1432106752728015,-0.149931094487024,-0.0126361935148724,-0.672244182881088,simulator,event_window,False,simulated_measured
3,789.3146426677704,2026-05-07 16:17:34.534873247+00:00,106.92147827148438,0.978935182094574,0.0,-0.7150511741638184,76.08269500732422,76.67478942871094,82.0634994506836,37.93497848510742,82.0045394897461,80.2729721069336,80.33281707763672,81.96772003173828,24.96072578430176,24.68367576599121,24.69325065612793,24.954833984375,-0.1134566717415901,-0.1064580903838237,-0.0149602132437534,-0.5446455650877493,simulator,event_window,False,simulated_measured
3,789.3303892612457,2026-05-07 16:17:34.550619841+00:00,106.30441284179688,0.9899755120277404,0.0,-0.5751215815544128,73.4754867553711,75.28984069824219,80.38106536865234,48.7075080871582,82.00238037109375,80.27111053466797,80.32976531982422,81.9634780883789,24.96038055419922,24.68337631225586,24.69276237487793,24.95415496826172,-0.1388670416883529,-0.1175047535298274,-0.0295544804941896,-0.4119431659217706,simulator,event_window,False,simulated_measured
3,789.3453118801117,2026-05-07 16:17:34.565542459+00:00,105.66149139404295,1.0,0.0,-0.7150262594223022,69.60811614990234,73.4400634765625,81.80278778076172,63.42205810546875,82.0003890991211,80.26933288574219,80.3276596069336,81.95951843261719,24.96006202697754,24.683094024658203,24.69242477416992,24.953521728515625,-0.1792286725375962,-0.1339487422518368,-0.0063806001294504,-0.2296319228215815,simulator,event_window,False,simulated_measured
3,789.3613014221191,2026-05-07 16:17:34.581532001+00:00,104.87857818603516,1.0,0.0,-0.6631543636322021,68.60443878173828,63.46931838989258,75.39080047607422,71.20909881591797,81.99829864501953,80.26700592041016,80.32537841796875,81.95465850830078,24.9597282409668,24.68272018432617,24.69206047058105,24.95274543762207,-0.1850246794247625,-0.245942727532207,-0.0774280253324322,-0.1285883099399216,simulator,event_window,False,simulated_measured
3,789.376357793808,2026-05-07 16:17:34.596588373+00:00,104.18543243408205,1.0,0.0,-0.6052485108375549,71.59375,72.65464782714844,76.81129455566406,75.0565414428711,81.99697875976562,80.26493072509766,80.32275390625,81.95028686523438,24.959516525268555,24.682388305664062,24.69164085388184,24.952045440673828,-0.1438553545838782,-0.1310721982390431,-0.0537916412064656,-0.0753950097009492,simulator,event_window,False,simulated_measured
3,789.3918814659119,2026-05-07 16:17:34.612112045+00:00,103.5593490600586,1.0,0.0,-0.5284911394119263,75.17668914794922,70.71246337890625,72.38705444335938,72.38705444335938,81.99594116210938,80.26287841796875,80.31964874267578,81.94586181640625,24.9593505859375,24.68206024169922,24.691143035888672,24.95133781433105,-0.095574256174962,-0.1491873381794319,-0.1029011764721997,-0.1028888053738281,simulator,event_window,False,simulated_measured
3,789.4079115390778,2026-05-07 16:17:34.628142118+00:00,102.97061157226562,1.0,0.0,-0.5724734663963318,73.59418487548828,68.40948486328125,73.87940216064453,73.87940216064453,81.99491882324219,80.2608642578125,80.31621551513672,81.94143676757812,24.95918655395508,24.681737899780277,24.690593719482425,24.95063018798828,-0.1095506117170636,-0.1721906687911617,-0.0791714530176942,-0.0791587546836432,simulator,event_window,False,simulated_measured
3,789.4233567714691,2026-05-07 16:17:34.643587351+00:00,102.41366577148438,1.0,0.0,-0.5153923630714417,71.47403717041016,65.79474639892578,73.36857604980469,69.0421142578125,81.9937973022461,80.25875854492188,80.3125991821289,81.93697357177734,24.959007263183597,24.681400299072266,24.69001579284668,24.94991683959961,-0.130500303353557,-0.1995013655211791,-0.0805653362446183,-0.1347714250687405,simulator,event_window,False,simulated_measured
3,789.4388914108276,2026-05-07 16:17:34.659121990+00:00,101.77838134765624,0.955991804599762,0.0,-0.4804694652557373,70.46696472167969,73.57210540771484,71.98126220703125,70.02938842773438,81.99217987060547,80.25605010986328,80.30812072753906,81.9316177368164,24.95874786376953,24.68096923828125,24.68930053710937,24.949058532714844,-0.1374007859691285,-0.0992901041173217,-0.0923203214475594,-0.1169211627185309,simulator,event_window,False,simulated_measured
3,789.4544496536255,2026-05-07 16:17:34.674680233+00:00,101.28287506103516,0.8697266578674316,0.0,-0.4349920153617859,68.35371398925781,62.08480453491211,72.03775787353516,68.48983764648438,81.99051666259766,80.25338745117188,80.3043212890625,81.92716217041016,24.95848274230957,24.6805419921875,24.688690185546875,24.94834518432617,-0.1591759436561012,-0.2362053943962254,-0.087163786970841,-0.1321097708763933,simulator,event_window,False,simulated_measured
3,789.4701421260834,2026-05-07 16:17:34.690372705+00:00,100.7787094116211,0.7913589477539062,0.0,-0.453809529542923,73.96830749511719,68.16816711425781,71.06627655029297,70.01217651367188,81.98868560791016,80.25051879882812,80.30047607421875,81.9227294921875,24.95819091796875,24.680084228515625,24.68807601928711,24.94763565063477,-0.0855585119324463,-0.1571697506540482,-0.0949689830372476,-0.1083806810819971,simulator,event_window,False,simulated_measured
3,789.4861660003662,2026-05-07 16:17:34.706396580+00:00,100.30376434326172,0.7135801315307617,0.0,-0.4383489191532135,65.18863677978516,68.48590087890625,71.41119384765625,69.41278839111328,81.9865493774414,80.24754333496094,80.29666137695312,81.91832733154297,24.957847595214844,24.679607391357425,24.68746566772461,24.94693183898925,-0.1902821754064169,-0.1492318355010593,-0.0862702699716292,-0.1118282777326493,simulator,event_window,False,simulated_measured
3,789.5009875297546,2026-05-07 16:17:34.721218109+00:00,99.80516815185548,0.6771926283836365,0.0,-0.4374061524868011,71.17683410644531,62.4882698059082,71.75548553466797,69.48219299316406,81.9844970703125,80.24447631835938,80.29293060302734,81.9140625,24.95751953125,24.67911529541016,24.68686866760254,24.946250915527344,-0.1114851945390857,-0.219859617639046,-0.0772782216984456,-0.1064987391089641,simulator,event_window,False,simulated_measured
3,789.5164413452148,2026-05-07 16:17:34.736671925+00:00,99.22982788085938,0.6061959266662598,0.0,-0.4842369556427002,70.8294677734375,66.33797454833984,72.29080200195312,69.91522216796875,81.9820556640625,80.24076843261719,80.28858184814453,81.90901184082031,24.957128524780277,24.678524017333984,24.68617248535156,24.94544219970703,-0.1106949203332864,-0.1669956700141636,-0.0650045464052669,-0.0957173731719582,simulator,event_window,False,simulated_measured
3,789.5318846702576,2026-05-07 16:17:34.752115250+00:00,98.87200164794922,0.5651738047599792,0.0,-0.5036381483078003,63.639068603515625,67.91963195800781,72.58516693115234,70.45977783203125,81.98030853271484,80.23829650878906,80.28572082519531,81.90569305419922,24.95684814453125,24.67812728881836,24.685714721679688,24.94491195678711,-0.1980828140136734,-0.1440482444669445,-0.0577996791816152,-0.0853759304741627,simulator,event_window,False,simulated_measured
3,789.5472781658173,2026-05-07 16:17:34.767508745+00:00,98.35175323486328,0.4712004661560058,0.0,-0.5033345818519592,69.30130004882812,64.77254486083984,72.78876495361328,71.51478576660156,81.97743225097656,80.23458862304688,80.2813720703125,81.90074920654297,24.95639038085937,24.677534103393555,24.685020446777344,24.94411849975586,-0.1221136259538943,-0.1793912491523532,-0.0501589416684212,-0.066770585091059,simulator,event_window,False,simulated_measured
3,789.5637047290802,2026-05-07 16:17:34.783935308+00:00,97.97697448730467,0.3992427289485931,0.0,-0.4875827729701996,64.38621520996094,66.18110656738281,72.96304321289062,72.35211181640625,81.97471618652344,80.23146057128906,80.27766418457031,81.89665222167969,24.955955505371097,24.677032470703125,24.684425354003903,24.943464279174805,-0.1812564246948144,-0.1583388336503419,-0.0442427313250808,-0.052232372326461,simulator,event_window,False,simulated_measured
3,789.5792560577393,2026-05-07 16:17:34.799486637+00:00,97.65333557128906,0.3047428131103515,0.0,-0.4514559507369995,67.04682159423828,63.90054321289063,73.2556381225586,72.75924682617188,81.97196197509766,80.22836303710938,80.27387237548828,81.89241027832031,24.95551300048828,24.676536560058597,24.683818817138672,24.942785263061523,-0.1445982290870833,-0.1846487197629556,-0.0372297367605386,-0.0437404270980085,simulator,event_window,False,simulated_measured
3,789.5945749282837,2026-05-07 16:17:34.814805508+00:00,97.41422271728516,0.0,0.0,-0.3016903400421142,67.04682159423828,63.90054321289063,74.54940795898438,73.75436401367188,81.9686279296875,80.22465515136719,80.26939392089844,81.88707733154297,24.954978942871097,24.675945281982425,24.68310165405273,24.941932678222656,-0.1424985607526493,-0.1826473593230223,-0.0178212729720894,-0.0282824733466218,simulator,event_window,False,simulated_measured
3,789.6106889247894,2026-05-07 16:17:34.830919504+00:00,97.27629089355467,0.0,0.0,-0.3016816675662994,67.04682159423828,63.90054321289063,74.8193359375,74.18506622314453,81.9658432006836,80.22152709960938,80.26566314697266,81.8825912475586,24.95453453063965,24.675445556640625,24.682506561279297,24.94121551513672,-0.1412826762212753,-0.1814884033294918,-0.0128672952014352,-0.0212220675819457,simulator,event_window,False,simulated_measured
3,789.6267945766449,2026-05-07 16:17:34.847025156+00:00,97.1716766357422,0.0,0.0,-0.283338338136673,67.04682159423828,63.90054321289063,74.68538665771484,74.4025650024414,81.96305084228516,80.21839904785156,80.26192474365234,81.87808990478516,24.95408821105957,24.674943923950195,24.681907653808597,24.94049453735352,-0.1403581879484777,-0.1806072002242127,-0.0135737251903029,-0.0172956128456084,simulator,event_window,False,simulated_measured
3,789.6423327922821,2026-05-07 16:17:34.862563372+00:00,97.04344940185548,0.3643112182617187,0.0,-0.4408852458000183,64.87212371826172,59.91912841796875,73.91852569580078,73.91852569580078,81.96047973632812,80.21524810791016,80.25801849365234,81.87357330322266,24.953676223754883,24.6744384765625,24.68128204345703,24.93977165222168,-0.167142073900499,-0.230645404991714,-0.0224122170465381,-0.022398735995942,simulator,event_window,False,simulated_measured
3,789.6579484939575,2026-05-07 16:17:34.878179073+00:00,96.71514129638672,0.6959019303321838,0.0,-0.5772663354873657,64.71942138671875,50.53104782104492,71.94303894042969,71.44110107421875,81.95891571044922,80.21150970458984,80.25285339355469,81.86817169189453,24.953426361083984,24.67384147644043,24.680456161499023,24.938907623291016,-0.1662819811450474,-0.3489848086710897,-0.0453086172959957,-0.0519563099508072,simulator,event_window,False,simulated_measured
3,789.6734793186188,2026-05-07 16:17:34.893709898+00:00,96.2417449951172,0.4439045190811157,0.0,-0.5268365144729614,66.78791809082031,59.09447860717773,70.3473892211914,69.93461608886719,81.95793914794922,80.20919799804688,80.24850463867188,81.86363983154297,24.953269958496097,24.673471450805664,24.679759979248047,24.938182830810547,-0.135403546586795,-0.2349132055573082,-0.0618912434918261,-0.067382866932253,simulator,event_window,False,simulated_measured
3,789.688642501831,2026-05-07 16:17:34.908873081+00:00,95.80915069580078,0.2996879518032074,0.0,-0.4704324007034302,65.53072357177734,65.5248031616211,68.42261505126953,70.03402709960938,81.95684814453125,80.20732116699219,80.24415588378906,81.85910034179688,24.953094482421875,24.673171997070312,24.679065704345703,24.937456130981445,-0.1478481217301709,-0.1478304256576268,-0.0834390031045493,-0.0618402579192673,simulator,event_window,False,simulated_measured
3,789.7038872241974,2026-05-07 16:17:34.924117804+00:00,95.40009307861328,0.0,0.0,-0.4267444014549255,67.06224822998047,67.4483413696289,66.89863586425781,69.60918426513672,81.9553451538086,80.20549011230469,80.23980712890625,81.85455322265625,24.95285415649414,24.67287826538086,24.678367614746097,24.936729431152344,-0.1241931391403171,-0.1190530313473977,-0.1000110898940377,-0.0635331051655787,simulator,event_window,False,simulated_measured
3,789.7197463512421,2026-05-07 16:17:34.939976931+00:00,95.12255859375,0.0,0.0,-0.3045381009578705,69.1607437133789,69.8837661743164,67.06123352050781,68.79862976074219,81.95318603515625,80.20333099365234,80.23545837402344,81.8499526977539,24.95251083374023,24.67253303527832,24.67767333984375,24.93599319458008,-0.0941523457881444,-0.0845806923766377,-0.0951914235900223,-0.0717371957836947,simulator,event_window,False,simulated_measured
3,789.7356810569763,2026-05-07 16:17:34.955911636+00:00,94.91913604736328,0.0,0.0,-0.2570139765739441,70.4780502319336,70.98151397705078,67.22135925292969,67.99687194824219,81.95075225830078,80.20056915283203,80.23110961914062,81.8453369140625,24.952119827270508,24.672090530395508,24.676977157592773,24.935253143310547,-0.0749203298989904,-0.0682084425053781,-0.0910872250374612,-0.0805886918701226,simulator,event_window,False,simulated_measured
3,789.7515203952789,2026-05-07 16:17:34.971750975+00:00,94.55755615234376,0.4090566039085388,0.0,-0.5460976958274841,63.89164733886719,63.71680450439453,69.33529663085938,69.04801940917969,81.9477767944336,80.1969985961914,80.22679901123047,81.84044647216797,24.951644897460938,24.671520233154297,24.676288604736328,24.934471130371097,-0.1581651915464927,-0.1603756262055795,-0.058919373610271,-0.0628056330246212,simulator,event_window,False,simulated_measured
3,789.7664244174957,2026-05-07 16:17:34.986654997+00:00,94.05645751953124,0.4191930890083313,0.0,-0.7757270336151123,66.29792022705078,61.4700813293457,71.24381256103516,70.87346649169922,81.94535827636719,80.19398498535156,80.22454833984375,81.8372573852539,24.951255798339844,24.671037673950195,24.675926208496097,24.9339599609375,-0.1218062951645974,-0.1856662029557672,-0.027863546126044,-0.0329036581123352,simulator,event_window,False,simulated_measured
3,789.7819445133209,2026-05-07 16:17:35.002175093+00:00,93.63713073730467,0.4844993650913238,0.0,-0.9005452990531921,60.458438873291016,62.58774948120117,71.82679748535156,71.48436737060547,81.94331359863281,80.19097900390625,80.222412109375,81.83390045166016,24.950929641723636,24.670555114746097,24.675586700439453,24.93342399597168,-0.1955707307931246,-0.1671466677351794,-0.0155195414918409,-0.0201994839244772,simulator,event_window,False,simulated_measured
3,789.7970206737518,2026-05-07 16:17:35.017251253+00:00,93.20256805419922,0.5786280035972595,0.0,-1.0929808616638184,64.88540649414062,63.48438262939453,71.80301666259766,71.61793518066406,81.94181823730469,80.1879653930664,80.22093200683594,81.83091735839844,24.95069122314453,24.670074462890625,24.675350189208984,24.932945251464844,-0.1326424094283679,-0.151276336041,-0.0112568081584821,-0.0137918207714361,simulator,event_window,False,simulated_measured
3,789.8121178150177,2026-05-07 16:17:35.032348394+00:00,92.7331085205078,0.7153576612472534,0.0,-1.219099998474121,56.27351379394531,58.28447723388672,71.1434555053711,71.1434555053711,81.94058990478516,80.18495178222656,80.21988677978516,81.8283462524414,24.95049285888672,24.669591903686523,24.675182342529297,24.93253517150879,-0.2439539504944411,-0.2168492340284459,-0.0153795951250329,-0.0153660170937528,simulator,event_window,False,simulated_measured
3,789.8277094364166,2026-05-07 16:17:35.047940016+00:00,92.20948028564452,0.8646963238716125,0.0,-1.217238426208496,62.06872177124024,61.79301452636719,70.25652313232422,70.25652313232422,81.93943786621094,80.18205261230469,80.21855163574219,81.82611083984375,24.95030975341797,24.66912841796875,24.674968719482425,24.932178497314453,-0.1613586728106006,-0.1649911128327909,-0.0221330375620737,-0.0221195526615596,simulator,event_window,False,simulated_measured
3,789.8433439731598,2026-05-07 16:17:35.063574553+00:00,91.66443634033205,0.9458887577056884,0.0,-1.153241753578186,56.75308609008789,56.24909591674805,69.28790283203125,69.54598236083984,81.93842315673828,80.17955017089844,80.21676635742188,81.82376861572266,24.95014762878418,24.66872787475586,24.6746826171875,24.93180274963379,-0.2286212997307729,-0.2353864961648409,-0.0298804902975794,-0.0262536179842259,simulator,event_window,False,simulated_measured
3,789.8584446907043,2026-05-07 16:17:35.078675270+00:00,91.10101318359376,0.989170491695404,0.0,-0.8992804288864136,62.06219482421875,61.5806999206543,68.36520385742188,68.9756851196289,81.9373550415039,80.1773681640625,80.21407318115234,81.82093048095703,24.94997787475586,24.66837882995605,24.674251556396484,24.93134880065918,-0.1512438075211776,-0.1577350985839423,-0.0368795587308753,-0.0282657749193667,simulator,event_window,False,simulated_measured
3,789.873701095581,2026-05-07 16:17:35.093931675+00:00,90.56819152832033,0.9344392418861388,0.0,-0.6692983508110046,58.03314971923828,56.03231048583984,67.9332275390625,68.17212677001953,81.93630981445312,80.17504119873047,80.210693359375,81.81745910644531,24.94981002807617,24.668006896972656,24.67370986938477,24.93079376220703,-0.2016754605669105,-0.2291140601276532,-0.0373348563312876,-0.0339361518394215,simulator,event_window,False,simulated_measured
3,789.8892405033112,2026-05-07 16:17:35.109471083+00:00,89.94374084472656,0.8680407404899597,0.0,-0.5778749585151672,56.46005630493164,60.84050750732422,67.38480377197266,67.38480377197266,81.93573760986328,80.17182922363281,80.2062759399414,81.81253814697266,24.9497184753418,24.6674919128418,24.673004150390625,24.93000602722168,-0.2179232174856881,-0.1571521732242724,-0.0384769141036058,-0.0384636545870731,simulator,event_window,False,simulated_measured
3,789.904566526413,2026-05-07 16:17:35.124797106+00:00,89.40581512451172,0.8748089671134949,0.0,-0.5793856978416443,59.71562576293945,53.968223571777344,66.29471588134766,66.29471588134766,81.93604278564453,80.16905212402344,80.2021484375,81.80811309814453,24.94976806640625,24.667049407958984,24.672344207763672,24.929298400878903,-0.1678506980534163,-0.2478583378682425,-0.0483399442812501,-0.0483268207770645,simulator,event_window,False,simulated_measured
3,789.9199934005737,2026-05-07 16:17:35.140223980+00:00,88.97813415527344,0.604194700717926,0.0,-0.3608800768852234,61.50932312011719,55.85306930541992,65.22549438476562,66.16532897949219,81.93504333496094,80.16629028320312,80.19783782958984,81.80354309082031,24.949607849121097,24.66660690307617,24.671653747558597,24.928565979003903,-0.1387352236664738,-0.2178482180669162,-0.0591881490060345,-0.0456188237627264,simulator,event_window,False,simulated_measured
3,789.9360313415527,2026-05-07 16:17:35.156261921+00:00,88.65735626220703,0.4406114518642425,0.0,-0.2311350405216217,56.47385025024414,54.14407730102539,63.434452056884766,66.89659881591797,81.93352508544922,80.16349029541016,80.19352722167969,81.79896545410156,24.949363708496097,24.66615867614746,24.67096328735352,24.927833557128903,-0.2063817360945543,-0.2390371239510813,-0.0817115741465031,-0.0315795665957617,simulator,event_window,False,simulated_measured
3,789.9516861438751,2026-05-07 16:17:35.171916723+00:00,88.36261749267578,0.4006398618221283,0.0,-0.2387252002954483,59.790645599365234,42.08454132080078,60.405418395996094,67.60108184814453,81.93159484863281,80.16010284423828,80.18833923339844,81.79347229003906,24.94905471801757,24.66561508178711,24.670135498046875,24.92695617675781,-0.1569686924182811,-0.4065538514891085,-0.122643659590518,-0.0181169628799142,simulator,event_window,False,simulated_measured
3,789.9676077365875,2026-05-07 16:17:35.187838316+00:00,88.17105102539062,0.3472079336643219,0.0,-0.2003241032361984,58.272274017333984,33.296260833740234,58.38482284545898,67.4266586303711,81.92972564697266,80.15727996826172,80.18399047851562,81.78889465332031,24.94875717163086,24.66516494750977,24.669437408447266,24.92622375488281,-0.1765921914423286,-0.5294597955489659,-0.1501492865599123,-0.0185225995616015,simulator,event_window,False,simulated_measured
3,789.983669757843,2026-05-07 16:17:35.203900337+00:00,88.0010986328125,0.2895624935626983,0.0,-0.1865584105253219,60.02716445922851,25.620811462402344,56.81687927246094,66.83197021484375,81.92774963378906,80.15443420410156,80.17964172363281,81.78430938720703,24.94844055175781,24.664709091186523,24.66874313354492,24.92548942565918,-0.1501568712488007,-0.637229406002596,-0.1713751065181333,-0.0253002525398363,simulator,event_window,False,simulated_measured
3,789.9993867874146,2026-05-07 16:17:35.219617367+00:00,87.89469909667969,0.0,0.0,-0.028644049540162,58.605804443359375,24.138015747070312,56.123477935791016,67.24312591552734,81.92572784423828,80.15153503417969,80.17529296875,81.77969360351562,24.94811630249023,24.66424560546875,24.668046951293945,24.92475128173828,-0.1692755736428649,-0.6578108995029649,-0.180496926436243,-0.0181166544174362,simulator,event_window,False,simulated_measured
3,790.0145146846771,2026-05-07 16:17:35.234745264+00:00,87.74732971191406,0.2996559739112854,0.0,-0.5603639483451843,62.52117156982422,22.705286026000977,55.62579727172851,67.26838684082031,81.92549133300781,80.14863586425781,80.17090606689453,81.77507781982422,24.94807815551757,24.663780212402344,24.66734504699707,24.92401123046875,-0.1122877129685998,-0.6775811996640915,-0.1863998239518169,-0.0160981273482546,simulator,event_window,False,simulated_measured
3,790.0300130844116,2026-05-07 16:17:35.250243663+00:00,87.41484069824219,0.0,0.0,-0.1665451675653457,61.821807861328125,17.360414505004883,54.53414535522461,66.6954345703125,81.92523193359375,80.14515686035156,80.16564178466797,81.76947021484375,24.948036193847656,24.663225173950195,24.66650390625,24.923114776611328,-0.1188789773852921,-0.7525415949215224,-0.1993328044802736,-0.0207679499239642,simulator,event_window,False,simulated_measured
3,790.0460512638092,2026-05-07 16:17:35.266281843+00:00,87.3327865600586,0.0,0.0,-0.0437661744654178,61.821807861328125,17.360414505004883,54.18897247314453,67.07202911376953,81.92324829101562,80.14225769042969,80.1612548828125,81.76477813720703,24.94771957397461,24.662761688232425,24.665802001953125,24.92236328125,-0.1180511138875852,-0.752309093624303,-0.2036531019060325,-0.0143134947583118,simulator,event_window,False,simulated_measured
3,790.0616533756256,2026-05-07 16:17:35.281883955+00:00,87.2676773071289,0.0,0.0,-0.0423908978700637,61.821807861328125,17.360414505004883,54.02702713012695,67.06659698486328,81.9212646484375,80.13934326171875,80.1568603515625,81.76008605957031,24.94740295410156,24.662294387817383,24.665096282958984,24.921613693237305,-0.1173931035581152,-0.7521242947346197,-0.2054406398974549,-0.0136579769713781,simulator,event_window,False,simulated_measured
3,790.077540397644,2026-05-07 16:17:35.297770977+00:00,87.20745849609375,0.0,0.0,-0.072712168097496,61.821807861328125,17.360414505004883,53.8738899230957,67.04420471191406,81.91928100585938,80.13640594482422,80.15243530273438,81.7553939819336,24.947084426879883,24.66182518005371,24.664390563964844,24.92086410522461,-0.1167836426377796,-0.7519531307021734,-0.2071456762298476,-0.0133064329136805,simulator,event_window,False,simulated_measured
3,790.0935988426208,2026-05-07 16:17:35.313829422+00:00,87.06961822509766,0.4443884789943695,0.0,-0.2220026701688766,59.69707489013672,23.75250625610352,53.36464691162109,66.73164367675781,81.91690063476562,80.13288116455078,80.14712524414062,81.74976348876953,24.946704864501957,24.6612606048584,24.66353988647461,24.91996192932129,-0.1457884408985302,-0.6600851873243957,-0.2133968262724741,-0.0163516559447205,simulator,event_window,False,simulated_measured
3,790.1091363430023,2026-05-07 16:17:35.329366922+00:00,86.78211212158203,0.2402394413948059,0.0,-0.084319919347763,49.753055572509766,37.74626159667969,51.64404296875,65.47421264648438,81.9149169921875,80.13002014160156,80.14266967773438,81.74507141113281,24.946386337280277,24.660802841186523,24.662826538085938,24.919212341308597,-0.285719860568678,-0.4580352766353955,-0.2362368298031755,-0.0316892531665178,simulator,event_window,False,simulated_measured
3,790.1251711845398,2026-05-07 16:17:35.345401764+00:00,86.57758331298828,0.2239448279142379,0.0,-0.1089986264705658,48.68231964111328,45.18573760986328,56.68730163574219,62.293556213378906,81.91293334960938,80.12715911865234,80.13845825195312,81.7403793334961,24.946067810058597,24.66034507751465,24.662153244018555,24.918460845947266,-0.2994408057380838,-0.3496858456616822,-0.1596716412271248,-0.0765522045279839,simulator,event_window,False,simulated_measured
3,790.1406874656677,2026-05-07 16:17:35.360918045+00:00,86.18107604980469,0.0,0.0,-0.0411912724375724,47.62612533569336,45.18573760986328,65.95247650146484,57.34503936767578,81.91053771972656,80.12372589111328,80.13420104980469,81.73474884033203,24.94568634033203,24.6597957611084,24.66147232055664,24.91756057739257,-0.3114866415489169,-0.346693839790263,-0.0178272292765777,-0.145998514568218,simulator,event_window,False,simulated_measured
3,790.1562829017639,2026-05-07 16:17:35.376513481+00:00,86.13827514648438,0.0,0.0,-0.04696736484766,47.62612533569336,45.18573760986328,64.80055236816406,58.506935119628906,81.90851593017578,80.12083435058594,80.1296615600586,81.73005676269531,24.945362091064453,24.659332275390625,24.66074562072754,24.91680908203125,-0.3111445288976049,-0.3463692211029937,-0.0345023277460859,-0.1282622356641439,simulator,event_window,False,simulated_measured
3,790.1720545291901,2026-05-07 16:17:35.392285109+00:00,85.98902893066406,0.0,0.0,-0.1128361225128173,47.62612533569336,45.18573760986328,61.44613265991211,64.427490234375,81.906494140625,80.11793518066406,80.1251220703125,81.72569274902344,24.945037841796875,24.658870697021484,24.66001892089844,24.91611099243164,-0.3099489220441765,-0.345234751723502,-0.0828925868796911,-0.0383814056220431,simulator,event_window,False,simulated_measured
3,790.1873376369476,2026-05-07 16:17:35.407568216+00:00,85.87821960449219,0.0,0.0,-0.0941193252801895,47.62612533569336,45.18573760986328,60.531097412109375,65.95054626464844,81.90445709228516,80.11503601074219,80.1205825805664,81.72119903564453,24.944713592529297,24.65840530395508,24.65929412841797,24.91539192199707,-0.3090585438397306,-0.3443899030960337,-0.0953841149394091,-0.0143787731048971,simulator,event_window,False,simulated_measured
3,790.2033455371857,2026-05-07 16:17:35.423576117+00:00,85.84649658203125,0.0,0.0,-0.0139876557514071,47.62612533569336,45.18573760986328,60.511627197265625,65.60456848144531,81.90239715576172,80.11213684082031,80.11604309082031,81.71743774414062,24.94438362121582,24.657941818237305,24.65856552124023,24.91479110717773,-0.3088032189027133,-0.3441476342247603,-0.0953409134892026,-0.0191870524291305,simulator,event_window,False,simulated_measured
3,790.219123840332,2026-05-07 16:17:35.439354420+00:00,85.76071166992188,0.0969827696681022,0.0,-0.2041943967342376,45.91484451293945,47.83635330200195,60.19473648071289,65.02759552001953,81.8999252319336,80.10868072509766,80.110595703125,81.71443176269531,24.943988800048828,24.65738868713379,24.657695770263672,24.914308547973636,-0.3329724461891756,-0.3049805185656457,-0.0991783079698742,-0.0268405536589818,simulator,event_window,False,simulated_measured
3,790.2344481945038,2026-05-07 16:17:35.454678774+00:00,85.65907287597656,0.092252641916275,0.0,-0.1185355857014656,43.6201286315918,50.558685302734375,59.301902770996094,65.47166442871094,81.89783477783203,80.10584259033203,80.1060562133789,81.70977783203125,24.943653106689453,24.65693473815918,24.65696907043457,24.91356468200684,-0.3655570073567106,-0.2645558592244819,-0.1114866588281586,-0.019032327796011,simulator,event_window,False,simulated_measured
3,790.2501442432404,2026-05-07 16:17:35.470374823+00:00,85.58602142333984,0.084828682243824,0.0,-0.0869945362210273,42.378047943115234,52.87589263916016,59.03696823120117,65.08818817138672,81.89573669433594,80.10301971435547,80.10151672363281,81.70508575439453,24.94331741333008,24.656482696533203,24.65624237060547,24.912813186645508,-0.3830966303417932,-0.2301924546343668,-0.1147011441762687,-0.0239455909873187,simulator,event_window,False,simulated_measured
3,790.265674829483,2026-05-07 16:17:35.485905409+00:00,85.49677276611328,0.1352094411849975,0.0,-0.1426274627447128,39.75452423095703,55.69989013671875,58.23068237304688,65.21086883544922,81.89363861083984,80.10018157958984,80.09697723388672,81.70039367675781,24.942981719970703,24.656028747558597,24.655517578125,24.91206359863281,-0.4206835360599595,-0.1882320393037724,-0.1258804129665992,-0.0210850795635826,simulator,event_window,False,simulated_measured
3,790.2811267375946,2026-05-07 16:17:35.501357316+00:00,85.41207885742188,0.0,0.0,-0.1299869120121002,38.29272079467773,59.07427978515625,58.10091400146485,64.45743560791016,81.8915023803711,80.09735870361328,80.09243774414062,81.6957015991211,24.94264030456543,24.65557861328125,24.654788970947266,24.911312103271484,-0.4414321108792985,-0.1382001130703211,-0.1269635698057875,-0.0314357963114628,simulator,event_window,False,simulated_measured
3,790.2971642017365,2026-05-07 16:17:35.517394781+00:00,85.24696350097656,0.0,0.0,-0.3192524015903473,45.57643127441406,62.46276092529297,58.27503967285156,63.669898986816406,81.88898468017578,80.0940170288086,80.08699035644531,81.69007110595703,24.942237854003903,24.65504264831543,24.653919219970703,24.9104118347168,-0.333898471400479,-0.0870025851339797,-0.1226510638863815,-0.0414165519573673,simulator,event_window,False,simulated_measured
3,790.3132290840149,2026-05-07 16:17:35.533459663+00:00,84.75799560546875,0.7447901964187622,0.0,-0.9118576049804688,62.26294708251953,57.08525085449219,63.45196914672851,59.10435104370117,81.88894653320312,80.09123992919922,80.08258056640625,81.68537902832031,24.94223022460937,24.654598236083984,24.65321350097656,24.90966033935547,-0.0847746767340482,-0.1607902407855282,-0.0391997201154693,-0.1050197354812584,simulator,event_window,False,simulated_measured
3,790.3284645080566,2026-05-07 16:17:35.548695087+00:00,84.15390014648438,1.0,0.0,-1.2125422954559326,53.57610702514648,49.23122024536133,65.91539764404297,52.63484954833984,81.88969421386719,80.08848571777344,80.07929229736328,81.6806869506836,24.942352294921875,24.654157638549805,24.652687072753903,24.90890884399414,-0.2068123606322862,-0.2710568795517529,0.0052667596534623,-0.1972620024285223,simulator,event_window,False,simulated_measured
3,790.3445036411285,2026-05-07 16:17:35.564734221+00:00,83.64928436279297,1.0,0.0,-1.5094904899597168,60.310829162597656,53.94088745117188,63.67323303222656,48.35467529296875,81.89152526855469,80.08575439453125,80.07637023925781,81.67599487304688,24.94264411926269,24.65372085571289,24.65221786499023,24.908159255981445,-0.1017192311661935,-0.1965050583222174,-0.0230701798863728,-0.2580905127781525,simulator,event_window,False,simulated_measured
3,790.3594813346863,2026-05-07 16:17:35.579711914+00:00,82.99361419677734,1.0,0.0,-1.4918972253799438,61.9765739440918,57.12751388549805,65.03063201904297,42.37217712402344,81.8939208984375,80.0830078125,80.07360076904297,81.67127227783203,24.94302749633789,24.653282165527344,24.651775360107425,24.90740203857422,-0.069616671191275,-0.142314759630782,0.0056387314303549,-0.3447443344763179,simulator,event_window,False,simulated_measured
3,790.3755393028259,2026-05-07 16:17:35.595769882+00:00,82.2448959350586,1.0,0.0,-1.4041389226913452,60.79027938842773,52.27651596069336,64.46908569335938,36.269325256347656,81.89668273925781,80.0797119140625,80.07023620605469,81.66559600830078,24.943470001220703,24.65275382995605,24.65123748779297,24.906494140625,-0.0791175071401476,-0.2080003860954826,0.0060307372474297,-0.4340146318306438,simulator,event_window,False,simulated_measured
3,790.3910887241364,2026-05-07 16:17:35.611319304+00:00,81.65629577636719,1.0,0.0,-1.406023025512695,52.90937042236328,57.91547393798828,60.95964431762695,41.15008544921875,81.89771270751953,80.07698059082031,80.0670394897461,81.6608657836914,24.943634033203125,24.65231704711914,24.65072631835937,24.905738830566406,-0.1927241667702959,-0.1162442970748522,-0.0418766070248332,-0.3532212394904674,simulator,event_window,False,simulated_measured
3,790.4061813354492,2026-05-07 16:17:35.626411915+00:00,80.78467559814453,0.9121761322021484,0.0,-0.9680137038230896,59.869022369384766,46.26992034912109,59.130409240722656,51.25241088867188,81.89751434326172,80.07431030273438,80.06319427490234,81.65636444091797,24.943603515625,24.65188980102539,24.65011215209961,24.905017852783203,-0.0766800621795084,-0.2863306325445652,-0.0605999181258716,-0.185745819292077,simulator,event_window,False,simulated_measured
3,790.4216978549957,2026-05-07 16:17:35.641928434+00:00,79.93314361572266,0.8181588053703308,0.0,-0.8258191347122192,50.59592819213867,56.60745620727539,57.12697982788086,60.574440002441406,81.89643096923828,80.07194519042969,80.05886840820312,81.65213775634766,24.94342803955078,24.651512145996097,24.649417877197266,24.904342651367188,-0.2113801453419616,-0.1175826561264647,-0.0827598312810289,-0.0273934324499622,simulator,event_window,False,simulated_measured
3,790.4371066093445,2026-05-07 16:17:35.657337189+00:00,79.27935028076172,0.731131911277771,0.0,-0.9462053179740906,56.795711517333984,49.60129165649414,59.44963836669922,59.95297622680664,81.89494323730469,80.06989288330078,80.05440521240234,81.64817810058594,24.943191528320312,24.65118408203125,24.648704528808597,24.903709411621097,-0.1074460117740688,-0.2204208895713155,-0.0375950919957798,-0.0294333854351391,simulator,event_window,False,simulated_measured
3,790.452522277832,2026-05-07 16:17:35.672752857+00:00,78.73888397216797,0.6262430548667908,0.0,-0.9255881309509276,54.3453369140625,54.98362731933594,60.655120849609375,59.776588439941406,81.89349365234375,80.06778717041016,80.04991912841797,81.64439392089844,24.94295883178711,24.65084457397461,24.647987365722656,24.90310287475586,-0.1400918537506031,-0.1298954856260089,-0.0113401177637038,-0.0256464905529031,simulator,event_window,False,simulated_measured
3,790.4680709838867,2026-05-07 16:17:35.688301563+00:00,78.21702575683594,0.5048990845680237,0.0,-0.8268269300460815,50.99225997924805,54.69060134887695,61.496673583984375,59.37842178344727,81.89175415039062,80.06488800048828,80.044677734375,81.63956451416016,24.94268035888672,24.65038299560547,24.64714813232422,24.90233039855957,-0.1877644472254248,-0.1287582261259212,0.0090647187386909,-0.0256790612882121,simulator,event_window,False,simulated_measured
3,790.483640909195,2026-05-07 16:17:35.703871489+00:00,77.86908721923828,0.4924734830856323,0.0,-0.7824687957763672,54.33635711669922,49.65363311767578,60.98455429077149,58.960079193115234,81.89034271240234,80.06240844726562,80.04064178466797,81.63497161865234,24.942455291748047,24.649986267089844,24.646503448486328,24.901596069335938,-0.1306303650239196,-0.2054646275441465,0.0051328442623241,-0.0282206695400684,simulator,event_window,False,simulated_measured
3,790.4997274875641,2026-05-07 16:17:35.719958067+00:00,77.53697204589844,0.5045378804206848,0.0,-0.8226776123046875,52.78225326538086,53.25948333740234,60.64891815185547,58.24987411499024,81.88899993896484,80.05992889404297,80.03695678710938,81.63024139404297,24.94223976135254,24.64958953857422,24.64591217041016,24.90083885192871,-0.1518784042654435,-0.1441150266067153,0.0038825741725061,-0.0358139642862231,simulator,event_window,False,simulated_measured
3,790.5158653259277,2026-05-07 16:17:35.736095905+00:00,77.13340759277344,0.5171817541122437,0.0,-0.8177740573883057,56.43735504150391,49.7003173828125,60.09756088256836,57.29461288452149,81.8880386352539,80.05695343017578,80.03254699707031,81.62456512451172,24.94208526611328,24.649112701416016,24.645206451416016,24.89992904663086,-0.0884024133259463,-0.1971323972043822,-3.909164236126639e-05,-0.0466640846784686,simulator,event_window,False,simulated_measured
3,790.5315532684326,2026-05-07 16:17:35.751783848+00:00,76.83641052246094,0.5176988840103149,0.0,-0.7523473501205444,51.690208435058594,39.81467819213867,60.09293746948242,55.63542175292969,81.88749694824219,80.05447387695312,80.02880859375,81.61983489990234,24.941999435424805,24.64871597290039,24.644609451293945,24.899173736572266,-0.1618528978728485,-0.3543406699196303,0.0037488479410945,-0.0706934469165804,simulator,event_window,False,simulated_measured
3,790.547488451004,2026-05-07 16:17:35.767719030+00:00,76.56085205078125,0.5055780410766602,0.0,-0.738594114780426,56.08190536499024,27.7003116607666,59.65314865112305,53.65006256103515,81.88703155517578,80.05199432373047,80.02483367919922,81.61510467529297,24.941925048828125,24.64831924438477,24.64397430419922,24.89841651916504,-0.0873693823277654,-0.5491779112048487,-1.08036049302207e-05,-0.1006304949063322,simulator,event_window,False,simulated_measured
3,790.5625205039978,2026-05-07 16:17:35.782751083+00:00,76.31852722167969,0.4805491864681244,0.0,-0.6340848803520203,51.03816604614258,15.953858375549316,59.31903076171875,51.88664245605469,81.8864517211914,80.04951477050781,80.02045440673828,81.6103744506836,24.94183349609375,24.64792251586914,24.643272399902344,24.89765930175781,-0.1668098784313071,-0.7395268026171846,-0.0024543945673533,-0.1274300125141834,simulator,event_window,False,simulated_measured
3,790.5785822868347,2026-05-07 16:17:35.798812866+00:00,75.98467254638672,0.5327132344245911,0.0,-0.6154041290283203,53.34529113769531,9.174217224121094,58.0706672668457,52.04185485839844,81.88568878173828,80.0465316772461,80.01498413085938,81.60469818115234,24.94171142578125,24.647445678710938,24.642396926879883,24.896751403808597,-0.1253201414255831,-0.8495575794731614,-0.0191569606198672,-0.1209745399551958,simulator,event_window,False,simulated_measured
3,790.594624042511,2026-05-07 16:17:35.814854622+00:00,75.5772933959961,0.6908409595489502,0.0,-0.5114065408706665,49.82647705078125,17.583995819091797,57.39132308959961,51.46697235107422,81.88491821289062,80.04405212402344,80.01042938232422,81.59996795654297,24.941585540771484,24.647048950195312,24.64166831970215,24.89599609375,-0.1786128967854457,-0.7100964545829285,-0.0254063069631641,-0.1259989201051514,simulator,event_window,False,simulated_measured
3,790.6101560592651,2026-05-07 16:17:35.830386639+00:00,75.05634307861328,0.7634386420249939,0.0,-0.5926766991615295,49.7895736694336,29.622095108032227,55.7973518371582,51.952857971191406,81.88423919677734,80.0416030883789,80.00588989257812,81.5952377319336,24.941478729248047,24.646656036376957,24.640941619873047,24.89523696899414,-0.1735243942909338,-0.5082372136808441,-0.0458978352871373,-0.1116241869119121,simulator,event_window,False,simulated_measured
3,790.6261942386627,2026-05-07 16:17:35.846424818+00:00,74.47156524658203,0.803482711315155,0.0,-0.5684473514556885,52.00407791137695,42.45940399169922,54.07133483886719,52.91228485107422,81.88343048095703,80.03923034667969,80.00137329101562,81.59050750732422,24.941349029541016,24.646276473999023,24.640220642089844,24.894481658935547,-0.1299865815413485,-0.2895873252891839,-0.0681515153554597,-0.0881136457378409,simulator,event_window,False,simulated_measured
3,790.6417679786682,2026-05-07 16:17:35.861998558+00:00,73.77632904052734,0.8946614861488342,0.0,-0.9859437942504884,47.14658737182617,49.79852294921875,52.85173034667969,52.85173034667969,81.88287353515625,80.03656768798828,79.9959716796875,81.58483123779297,24.941259384155277,24.645851135253903,24.639354705810547,24.893573760986328,-0.2038181862089055,-0.15894052201217,-0.0805865282277245,-0.080573849407727,simulator,event_window,False,simulated_measured
3,790.6573722362518,2026-05-07 16:17:35.877602816+00:00,73.11563110351562,0.9146718382835388,0.0,-0.8965887427330017,55.509037017822266,47.04158401489258,53.60958099365234,50.80484390258789,81.88294219970703,80.03431701660156,79.99144744873047,81.5801010131836,24.94127082824707,24.645490646362305,24.63863182067871,24.89281463623047,-0.0541277315857732,-0.1983237941055291,-0.0589756223982792,-0.1081956804620256,simulator,event_window,False,simulated_measured
3,790.6733794212341,2026-05-07 16:17:35.893610001+00:00,72.48531341552734,0.8184585571289062,0.0,-1.0738482475280762,50.23931884765625,50.19393157958984,55.5459098815918,47.30489349365234,81.88331604003906,80.0322494506836,79.98687744140625,81.57537078857422,24.941329956054688,24.645160675048828,24.637901306152344,24.892059326171875,-0.1364792974216953,-0.1371635509649768,-0.0165081656739843,-0.1624114512669233,simulator,event_window,False,simulated_measured
3,790.6889202594757,2026-05-07 16:17:35.909150839+00:00,71.90908813476562,0.912196159362793,0.0,-1.203394055366516,50.15616989135742,46.254432678222656,54.70294952392578,48.2269401550293,81.884033203125,80.02999877929688,79.98234558105469,81.57064056396484,24.941444396972656,24.644798278808597,24.637176513671875,24.89130210876465,-0.1310003214598756,-0.1985122912785775,-0.0236721983017336,-0.1392429076340282,simulator,event_window,False,simulated_measured
3,790.7040178775787,2026-05-07 16:17:35.924248457+00:00,71.24601745605469,1.0,0.0,-1.2540041208267212,55.902931213378906,47.595664978027344,55.42309188842773,46.289188385009766,81.8853759765625,80.0277328491211,79.97795104980469,81.56591033935547,24.941659927368164,24.64443588256836,24.63647079467773,24.890544891357425,-0.0224183972598425,-0.1675961207022123,-0.001613151679738,-0.1661390111602505,simulator,event_window,False,simulated_measured
3,790.7195830345154,2026-05-07 16:17:35.939813614+00:00,70.60296630859375,1.0,0.0,-1.3302785158157349,46.10789108276367,40.09954833984375,53.36347198486328,48.78617477416992,81.88705444335938,80.02544403076172,79.97369384765625,81.5611801147461,24.94192886352539,24.64406967163086,24.635791778564453,24.889789581298828,-0.1863617756733228,-0.2923087553120047,-0.0299595939406484,-0.1131534055223029,simulator,event_window,False,simulated_measured
3,790.7346861362457,2026-05-07 16:17:35.954916716+00:00,69.78213500976562,1.0,0.0,-1.657455563545227,52.39221954345703,45.50910186767578,53.31938934326172,49.47823715209961,81.88951110839844,80.02316284179688,79.96936798095703,81.55644989013672,24.94232177734375,24.643707275390625,24.63509750366211,24.88903045654297,-0.0645909288410563,-0.1873916108576945,-0.0193599899507999,-0.0899931773999349,simulator,event_window,False,simulated_measured
3,790.7502229213715,2026-05-07 16:17:35.970453501+00:00,68.94900512695312,0.8322714567184448,0.0,-1.1516722440719604,54.63639450073242,43.54762268066406,51.3050422668457,50.46730041503906,81.89177703857422,80.02041625976562,79.96399688720703,81.55079650878906,24.942684173583984,24.643266677856445,24.634239196777344,24.888126373291016,-0.0127365462591825,-0.2130199251663322,-0.0450057868571314,-0.0605865944547576,simulator,event_window,False,simulated_measured
3,790.7659089565277,2026-05-07 16:17:35.986139536+00:00,68.37825775146484,0.9114995002746582,0.0,-1.1617965698242188,43.42747116088867,36.42474365234375,48.05987930297851,51.15995788574219,81.8929672241211,80.01812744140625,79.95953369140625,81.54646301269531,24.942874908447266,24.642900466918945,24.633525848388672,24.887434005737305,-0.2087284661179153,-0.3362481224027457,-0.0979443332459095,-0.0397444397908021,simulator,event_window,False,simulated_measured
3,790.7816398143768,2026-05-07 16:17:36.001870394+00:00,67.81207275390625,0.8879355192184448,0.0,-1.2040973901748655,49.48261642456055,44.12909698486328,50.243778228759766,49.645790100097656,81.89380645751953,80.01583862304688,79.95507049560547,81.5424575805664,24.94300842285156,24.642534255981445,24.6328125,24.88679313659668,-0.0908727645320158,-0.1891410571670658,-0.0490800365196807,-0.0603846766052992,simulator,event_window,False,simulated_measured
3,790.7970325946808,2026-05-07 16:17:36.017263174+00:00,67.2105941772461,0.9250308275222778,0.0,-1.3022966384887695,47.15572738647461,42.04762268066406,48.463375091552734,50.47946166992188,81.8941650390625,80.01358795166016,79.95056915283203,81.53863525390625,24.943065643310547,24.642173767089844,24.6320915222168,24.886180877685547,-0.1258705621505172,-0.2204732890753928,-0.0745677808015445,-0.0360563134810094,simulator,event_window,False,simulated_measured
3,790.812539100647,2026-05-07 16:17:36.032769680+00:00,66.46647644042969,0.8952658772468567,0.0,-1.4395568370819092,46.39090347290039,44.18373107910156,50.06425476074219,49.308712005615234,81.89495849609375,80.01095581054688,79.9451675415039,81.5340805053711,24.943193435668945,24.641754150390625,24.6312255859375,24.88545227050781,-0.130420672198676,-0.1717012228744664,-0.0332953808302656,-0.0478712362357713,simulator,event_window,False,simulated_measured
3,790.8279061317444,2026-05-07 16:17:36.048136711+00:00,65.79732513427734,0.875274658203125,0.0,-1.446557641029358,50.224571228027344,44.68427276611328,50.777679443359375,49.07768249511719,81.89566040039062,80.00878143310547,79.94075012207031,81.53018951416016,24.94330596923828,24.64140510559082,24.63051986694336,24.88483047485352,-0.0489857337528152,-0.1537985888692826,-0.0095482918287066,-0.0426946383113465,simulator,event_window,False,simulated_measured
3,790.8429596424103,2026-05-07 16:17:36.063190222+00:00,65.17430114746094,0.869412899017334,0.0,-1.4927544593811035,42.9214096069336,36.20179748535156,51.46102142333984,48.644493103027344,81.89677429199219,80.00658416748047,79.93663787841797,81.52600860595703,24.943483352661133,24.64105224609375,24.62986183166504,24.8841609954834,-0.1795037017170182,-0.3078805704677225,0.0133762304222799,-0.0420739527834286,simulator,event_window,False,simulated_measured
3,790.8586094379425,2026-05-07 16:17:36.078840017+00:00,64.5497817993164,0.8275189399719238,0.0,-1.6441174745559692,49.32270812988281,38.15019989013672,51.33688354492188,48.473876953125,81.89846801757812,80.0043716430664,79.93302917480469,81.521484375,24.943756103515625,24.64069938659668,24.629283905029297,24.88343811035156,-0.0480126704986073,-0.2635736342653783,0.0207124607475661,-0.0361983603965109,simulator,event_window,False,simulated_measured
3,790.8736963272095,2026-05-07 16:17:36.093926907+00:00,64.02545166015625,0.7953433990478516,0.0,-1.5663957595825195,49.43941116333008,23.01399612426757,50.67964172363281,48.39315414428711,81.90007019042969,80.00215911865234,79.9301986694336,81.51677703857422,24.944011688232425,24.64034652709961,24.62883186340332,24.88268280029297,-0.037945508906827,-0.5521148385898177,0.0158967699091239,-0.0299235498752905,simulator,event_window,False,simulated_measured
3,790.8892865180969,2026-05-07 16:17:36.109517097+00:00,63.56889724731445,0.814143717288971,0.0,-1.6739875078201294,43.76960372924805,3.590505838394165,50.0483512878418,47.6773681640625,81.90198516845703,79.99994659423828,79.92750549316406,81.51204681396484,24.944316864013672,24.639991760253903,24.628400802612305,24.88192749023437,-0.1421586633231896,-0.9296217847492309,0.0104475890923529,-0.0374079301007402,simulator,event_window,False,simulated_measured
3,790.9045197963715,2026-05-07 16:17:36.124750376+00:00,62.92691802978515,0.8217045068740845,0.0,-1.4498311281204224,49.80405044555664,0.0,49.204986572265625,48.19490432739258,81.90379333496094,79.99773406982422,79.92472076416016,81.50736999511719,24.94460678100586,24.639636993408203,24.62795639038086,24.881179809570312,-0.0139311602433822,-1.0,0.0035553951971303,-0.0170320814111712,simulator,event_window,False,simulated_measured
3,790.9199850559235,2026-05-07 16:17:36.140215635+00:00,62.36706161499024,0.7648455500602722,0.0,-1.3944028615951538,42.26629257202149,0.0,49.52940368652344,47.266414642333984,81.90531158447266,79.9955062866211,79.921875,81.502685546875,24.94485092163086,24.6392822265625,24.627498626708984,24.880428314208984,-0.1556589494072927,-1.0,0.0192401205801795,-0.0273153536296847,simulator,event_window,False,simulated_measured
3,790.9350836277008,2026-05-07 16:17:36.155314207+00:00,61.84429168701172,0.7223144769668579,0.0,-1.234212875366211,44.51714706420898,0.0,48.23909759521485,47.44786834716797,81.90654754638672,79.9932632446289,79.91873168945312,81.4980697631836,24.94504737854004,24.6389217376709,24.626996994018555,24.87969207763672,-0.1031770013521253,-1.0,0.0010787654254793,-0.0153275900147913,simulator,event_window,False,simulated_measured
3,790.9506838321686,2026-05-07 16:17:36.170914412+00:00,61.177242279052734,0.8475834727287292,0.0,-0.7909556031227112,45.45000076293945,8.854496002197266,47.78068161010742,46.2667350769043,81.90736389160156,79.99066925048828,79.91423797607422,81.49298095703125,24.945178985595703,24.63850784301757,24.626277923583984,24.878875732421875,-0.0744006705907213,-0.8196561903606745,0.0023771060860862,-0.0293701556362667,simulator,event_window,False,simulated_measured
3,790.9659209251404,2026-05-07 16:17:36.186151505+00:00,60.606082916259766,0.8975846171379089,0.0,-0.7764220237731934,39.11418151855469,21.3198356628418,46.82623672485352,45.6900520324707,81.90789794921875,79.98854064941406,79.90997314453125,81.48873901367188,24.945262908935547,24.638166427612305,24.62559509277344,24.878196716308597,-0.1959240660945529,-0.5616763270204916,-0.0083880885620738,-0.0324350666498945,simulator,event_window,False,simulated_measured
3,790.9815289974213,2026-05-07 16:17:36.201759577+00:00,59.91477584838867,0.9340288043022156,0.0,-0.572563111782074,46.93415832519531,37.15357208251953,46.01378631591797,45.256439208984375,81.90821838378906,79.98650360107422,79.9055404663086,81.48442840576172,24.945314407348636,24.637840270996097,24.62488555908203,24.87750816345215,-0.0240352596807098,-0.2273302223990834,-0.0143499988813873,-0.0305595765015764,simulator,event_window,False,simulated_measured
3,790.9976065158844,2026-05-07 16:17:36.217837095+00:00,59.2529525756836,0.9690539836883544,0.0,-0.8569438457489014,38.34067535400391,43.76876068115234,44.84397506713867,44.293495178222656,81.90836334228516,79.98503875732422,79.90107727050781,81.48006439208984,24.94533920288086,24.63760566711425,24.62417221069336,24.87681007385254,-0.1938259862090682,-0.0795895451717989,-0.028678950123289,-0.0405891210612509,simulator,event_window,False,simulated_measured
3,791.0136451721191,2026-05-07 16:17:36.233875751+00:00,58.49253463745117,0.0,0.0,-0.7722411155700684,48.672210693359375,45.43906021118164,44.00068664550781,44.00068664550781,81.9087142944336,79.98307037353516,79.89574432373047,81.47447967529297,24.94539451599121,24.637290954589844,24.62331771850586,24.87591552734375,0.036715672610005,-0.0320427228897912,-0.0345546231089156,-0.0345413095035285,simulator,event_window,False,simulated_measured
3,791.0292146205902,2026-05-07 16:17:36.249445200+00:00,58.13902282714844,0.0,0.0,-1.1142218112945557,47.50694274902344,44.90834426879883,46.90044403076172,44.10431671142578,81.9091796875,79.98140716552734,79.89131927490234,81.4697494506836,24.94546890258789,24.63702392578125,24.62261199951172,24.87516021728516,0.0180483101210711,-0.037531322451624,0.0353279074035068,-0.0263832131602984,simulator,event_window,False,simulated_measured
3,791.0453205108643,2026-05-07 16:17:36.265551090+00:00,57.93423843383789,0.0,0.0,-1.0688085556030271,48.107452392578125,44.71848678588867,47.270843505859375,44.06749725341797,81.90989685058594,79.97943115234375,79.8868637084961,81.46501922607422,24.94558334350586,24.63670921325684,24.621898651123047,24.87440299987793,0.0345609672550661,-0.0382125931067112,0.0471930322685443,-0.0237573729234968,simulator,event_window,False,simulated_measured
3,791.0613877773285,2026-05-07 16:17:36.281618357+00:00,57.78323745727539,0.0,0.0,-1.0715126991271973,48.31292724609375,44.68016052246094,46.72122573852539,43.977684020996094,81.91085052490234,79.97742462158203,79.88240051269531,81.46028900146484,24.945735931396484,24.63638687133789,24.62118530273437,24.873645782470703,0.0416948421699661,-0.0365256800689969,0.0377220660799137,-0.0232010882301649,simulator,event_window,False,simulated_measured
3,791.0774686336517,2026-05-07 16:17:36.297699213+00:00,57.589805603027344,0.0,0.0,-1.0742833614349363,48.329689025878906,44.50678634643555,47.0464973449707,43.56465530395508,81.91215515136719,79.9749984741211,79.87730407714844,81.4546127319336,24.945945739746097,24.63599967956543,24.62036895751953,24.872737884521484,0.0455562941105687,-0.0370407399576794,0.0484564048717861,-0.0291249225841887,simulator,event_window,False,simulated_measured
3,791.0935406684875,2026-05-07 16:17:36.313771248+00:00,57.44070816040039,0.0,0.0,-1.091746211051941,48.32792663574219,44.50678634643555,46.824806213378906,43.62227249145508,81.9132080078125,79.97297668457031,79.87318420410156,81.44988250732422,24.94611358642578,24.635677337646484,24.61970901489257,24.87198066711425,0.0482319928201351,-0.0345412101359835,0.0462245279247743,-0.0253174652911792,simulator,event_window,False,simulated_measured
3,791.1091275215149,2026-05-07 16:17:36.329358101+00:00,57.29153823852539,0.0,0.0,-1.0927070379257202,48.17964553833008,44.50678634643555,46.964820861816406,43.453590393066406,81.91409301757812,79.97095489501953,79.86907958984375,81.44515228271484,24.94625473022461,24.635353088378903,24.61905288696289,24.87122344970703,0.0477366846308036,-0.0320274460324967,0.0520851278777136,-0.0265584791422331,simulator,event_window,False,simulated_measured
3,791.1251573562622,2026-05-07 16:17:36.345387936+00:00,57.14092254638672,0.0,0.0,-1.1144320964813232,47.98014831542969,44.50678634643555,46.844200134277344,43.08393478393555,81.91484069824219,79.9685287475586,79.86418914794922,81.4394760131836,24.946372985839844,24.63496398925781,24.61827087402344,24.87031555175781,0.0461485823900882,-0.0294760021689731,0.0521490665418618,-0.0322954228716396,simulator,event_window,False,simulated_measured
3,791.1407470703125,2026-05-07 16:17:36.360977650+00:00,57.028953552246094,0.0,0.0,-1.1387256383895874,47.76189422607422,44.50678634643555,46.67854309082031,42.712379455566406,81.91522979736328,79.96650695800781,79.8601303100586,81.43474578857422,24.94643783569336,24.63463973999023,24.61762046813965,24.86956024169922,0.0434344528932535,-0.0275705034870287,0.0504867629042544,-0.0387573174938078,simulator,event_window,False,simulated_measured
3,791.1558170318604,2026-05-07 16:17:36.376047611+00:00,56.91553497314453,0.0,0.0,-1.210831880569458,47.49168395996094,44.34000778198242,46.48152923583984,42.535736083984375,81.91547393798828,79.96448516845703,79.85604095458984,81.42999267578125,24.946475982666016,24.63431739807129,24.616966247558597,24.868797302246097,0.039598823514499,-0.0292839011447466,0.0481375494136366,-0.0408250820590307,simulator,event_window,False,simulated_measured
3,791.1718912124634,2026-05-07 16:17:36.392121792+00:00,56.79196548461914,0.0,0.0120000001043081,-1.3710172176361084,47.30937576293945,43.57795333862305,46.32980728149414,42.37638854980469,81.91565704345703,79.96244049072266,79.85189056396484,81.42522430419922,24.946504592895508,24.63399124145508,24.61630249023437,24.86803436279297,0.0378613785292614,-0.0438914104190215,0.0469894095215936,-0.04233916643162,simulator,event_window,False,simulated_measured
3,791.1872029304504,2026-05-07 16:17:36.407433510+00:00,56.64961242675781,0.0,0.072000004351139,-1.438546061515808,47.19046401977539,43.452754974365234,46.1954345703125,42.55611801147461,81.91584014892578,79.96038055419922,79.84774017333984,81.42045593261719,24.946533203125,24.63365936279297,24.61563873291016,24.867271423339844,0.0378541766592723,-0.0442426132120269,0.0465760891667095,-0.0358607910050061,simulator,event_window,False,simulated_measured
3,791.2019965648651,2026-05-07 16:17:36.422227144+00:00,56.51094055175781,0.0,0.1320000141859054,-1.5207953453063965,47.27833938598633,43.42341232299805,46.15399169921875,42.71295928955078,81.91614532470703,79.95832061767578,79.84368133544922,81.41568756103516,24.946582794189453,24.633331298828125,24.614990234375,24.86650848388672,0.0423383359023432,-0.0425442704513929,0.0482030674364795,-0.029932824715914,simulator,event_window,False,simulated_measured
3,791.2180511951447,2026-05-07 16:17:36.438281775+00:00,56.38056945800781,0.0,0.2039999812841415,-1.5424814224243164,47.38753509521485,43.41138458251953,46.03110122680664,42.85503005981445,81.91680908203125,79.955810546875,79.83898162841797,81.40996551513672,24.94668960571289,24.63293075561523,24.61423683166504,24.86559295654297,0.0471615653343944,-0.040596122924821,0.0478294516583077,-0.0244556247073414,simulator,event_window,False,simulated_measured
3,791.2333509922028,2026-05-07 16:17:36.453581572+00:00,56.30084609985352,0.0,0.2639999687671661,-1.4631612300872805,47.57039260864258,43.39168167114258,45.95172882080078,43.127838134765625,81.91761779785156,79.9537353515625,79.83515930175781,81.40519714355469,24.94681930541992,24.632598876953125,24.613624572753903,24.864830017089844,0.0526908469593696,-0.0396736403656005,0.0475038504199478,-0.0168552814858901,simulator,event_window,False,simulated_measured
3,791.2491109371185,2026-05-07 16:17:36.469341516+00:00,56.245399475097656,0.0,0.3239999413490295,-1.3706188201904297,47.53477478027344,43.34598922729492,46.00456619262695,43.61542510986328,81.91856384277344,79.95166778564453,79.8313980102539,81.40042877197266,24.94696998596191,24.632266998291016,24.61302375793457,24.86406707763672,0.0529396197748459,-0.0397391949179916,0.0497421326067475,-0.0047600806078953,simulator,event_window,False,simulated_measured
3,791.263857126236,2026-05-07 16:17:36.484087706+00:00,56.21956634521485,0.0,0.3839999139308929,-1.2721126079559326,47.47169494628906,43.31316757202149,46.05427932739258,44.23844528198242,81.91954040527344,79.94955444335938,79.82767486572266,81.39566040039062,24.947126388549805,24.63192749023437,24.6124267578125,24.863304138183597,0.0520255307668744,-0.0400253961856869,0.051359379879345,0.0099201738275238,simulator,event_window,False,simulated_measured
3,791.2795965671539,2026-05-07 16:17:36.499827147+00:00,56.22582244873047,0.0,0.4439998865127563,-1.199818134307861,47.4362678527832,43.31274032592773,46.15982055664063,44.76364135742188,81.92047882080078,79.9474105834961,79.823974609375,81.3908920288086,24.9472770690918,24.63158416748047,24.611835479736328,24.86254119873047,0.0511234581584307,-0.0401416783524404,0.0536514989072325,0.0217961781209894,simulator,event_window,False,simulated_measured
3,791.2949714660645,2026-05-07 16:17:36.515202045+00:00,56.27091598510742,0.0,0.5039998888969421,-1.0705900192260742,47.396785736083984,43.41764831542969,46.28213882446289,45.11685943603515,81.92124938964844,79.94523620605469,79.82019805908203,81.38612365722656,24.947399139404297,24.631237030029297,24.61123275756836,24.861778259277344,0.0494069555747211,-0.0385878608866953,0.0555969586169826,0.029033609294643,simulator,event_window,False,simulated_measured
3,791.3106744289398,2026-05-07 16:17:36.530905007+00:00,56.37575912475586,0.0,0.5760000348091125,-0.8902038335800171,47.31027603149414,43.6300163269043,46.45865249633789,45.23550796508789,81.92192840576172,79.942626953125,79.81542205810547,81.38040161132812,24.947509765625,24.630821228027344,24.61046600341797,24.860862731933597,0.0455435126058569,-0.0356820249036642,0.0576522572528379,0.0298210194033174,simulator,event_window,False,simulated_measured
3,791.3257465362549,2026-05-07 16:17:36.545977116+00:00,56.505149841308594,0.0,0.6360001564025879,-0.7369575500488281,47.24595260620117,43.88666534423828,46.56563568115234,45.15275192260742,81.92225646972656,79.9404525756836,79.81129455566406,81.3756332397461,24.94756126403809,24.63047218322754,24.609806060791016,24.86009979248047,0.0417310563241197,-0.0322306989364927,0.0576602908803653,0.0255831494310732,simulator,event_window,False,simulated_measured
3,791.3412826061249,2026-05-07 16:17:36.561513186+00:00,56.65937805175781,0.0,0.6960002779960632,-0.6079953908920288,47.16177368164063,44.181827545166016,46.529544830322266,45.32347106933594,81.92240905761719,79.93827819824219,79.80703735351562,81.370849609375,24.947586059570312,24.63012313842773,24.60912704467773,24.859336853027344,0.037044421121573,-0.0283739215884838,0.0539638019789816,0.0266585844663522,simulator,event_window,False,simulated_measured
4,788.5344989299774,2026-05-07 16:17:33.754729509+00:00,143.4272003173828,1.0,0.0,-1.1269524097442627,104.63735961914062,104.51449584960938,109.23848724365234,99.94843292236328,82.09062194824219,80.42647552490234,80.46046447753906,82.21977233886719,24.974498748779297,24.708236694335938,24.71367454528809,24.995162963867188,-0.091061951003928,-0.0920283293798931,-0.0225088130621553,-0.105626029142229,simulator,event_window,False,simulated_measured
4,788.5501177310944,2026-05-07 16:17:33.770348310+00:00,142.546630859375,1.0,0.0,-1.0966789722442627,103.56715393066406,101.85009765625,108.56295013427734,98.7636260986328,82.08897399902344,80.42342376708984,80.45734405517578,82.21488952636719,24.97423553466797,24.707748413085938,24.71317481994629,24.99438095092773,-0.0948008919227043,-0.1097094117073539,-0.0225526494938985,-0.1107686758396203,simulator,event_window,False,simulated_measured
4,788.5654489994049,2026-05-07 16:17:33.785679579+00:00,141.70045471191406,1.0,0.0,-1.1284632682800293,102.13147735595705,98.46266174316406,108.9968490600586,100.65730285644533,82.08706665039062,80.42044830322266,80.45429992675781,82.21000671386719,24.97393035888672,24.70727157592773,24.71268844604492,24.99360084533691,-0.1020184724656205,-0.1341799920319267,-0.0127857997231405,-0.0883067728399346,simulator,event_window,False,simulated_measured
4,788.5811493396759,2026-05-07 16:17:33.801379919+00:00,140.74298095703125,0.9275115132331848,0.0,-1.1137675046920776,100.95279693603516,106.5735321044922,105.53983306884766,103.43163299560548,82.08448028564453,80.41659545898438,80.45084381103516,82.20414733886719,24.9735164642334,24.706655502319336,24.712135314941406,24.992664337158203,-0.1063434494020526,-0.0564826211361998,-0.037593933274086,-0.0568053700229387,simulator,event_window,False,simulated_measured
4,788.5965378284454,2026-05-07 16:17:33.816768408+00:00,139.95016479492188,0.8889951705932617,0.0,-1.133480429649353,100.35338592529295,97.12151336669922,106.73597717285156,105.7221450805664,82.08208465576172,80.4131851196289,80.4482192993164,82.19927215576172,24.973133087158203,24.70610809326172,24.711715698242188,24.99188232421875,-0.1066170730870554,-0.1352923196179728,-0.0211726166570734,-0.03045664241354,simulator,event_window,False,simulated_measured
4,788.6119954586029,2026-05-07 16:17:33.832226038+00:00,139.13575744628906,0.8760809302330017,0.0,-1.12520170211792,99.50150299072266,97.73592376708984,104.22225189208984,104.22225189208984,82.07958221435547,80.40967559814453,80.44547271728516,82.19456481933594,24.972732543945312,24.705547332763672,24.711275100708008,24.991130828857425,-0.1090159760260174,-0.1247285653681565,-0.0386303882932292,-0.0386171308931236,simulator,event_window,False,simulated_measured
4,788.6271405220032,2026-05-07 16:17:33.847371101+00:00,138.3516845703125,0.8901717662811279,0.0,-1.0793522596359253,98.57298278808594,98.66307830810548,105.4175262451172,105.4175262451172,82.0770263671875,80.40618896484375,80.44251251220703,82.18982696533203,24.97232437133789,24.70499038696289,24.71080207824707,24.99037170410156,-0.1123280849659715,-0.1114180245314997,-0.0220941063505741,-0.022080620913194,simulator,event_window,False,simulated_measured
4,788.6434698104858,2026-05-07 16:17:33.863700390+00:00,137.57716369628906,0.9449757933616638,0.0,-1.0289795398712158,96.65152740478516,101.22898864746094,105.15931701660156,102.2227020263672,82.07437896728516,80.40318298339844,80.43942260742188,82.18498229980469,24.971900939941406,24.704509735107425,24.71030807495117,24.98959732055664,-0.1247312912482917,-0.0831762906386799,-0.0189975334111842,-0.046379259991012,simulator,event_window,False,simulated_measured
4,788.6592655181885,2026-05-07 16:17:33.879496098+00:00,136.6923370361328,0.9722765684127808,0.0,-1.1048144102096558,99.49715423583984,91.8763656616211,104.34669494628906,98.7507781982422,82.07184600830078,80.39954376220703,80.43560791015625,82.17912292480469,24.97149658203125,24.70392608642578,24.709697723388672,24.988658905029297,-0.0931289809354833,-0.1624959258688478,-0.020277181009852,-0.0728050848630116,simulator,event_window,False,simulated_measured
4,788.6742513179779,2026-05-07 16:17:33.894481897+00:00,135.9219512939453,0.981421947479248,0.0,-1.13446843624115,97.56963348388672,100.36363220214844,103.85316467285156,95.78683471679688,82.06997680664062,80.3964614868164,80.43241119384766,82.17424011230469,24.971195220947266,24.70343399047852,24.70918655395508,24.987876892089844,-0.1056570135290116,-0.0799444294062964,-0.0193843301893886,-0.0955367928605707,simulator,event_window,False,simulated_measured
4,788.6897716522217,2026-05-07 16:17:33.910002232+00:00,135.12777709960938,1.0,0.0,-1.0522637367248535,97.13409423828124,90.58385467529295,103.3037338256836,92.6662368774414,82.06865692138672,80.3932113647461,80.42923736572266,82.16935729980469,24.970985412597656,24.70291328430176,24.70867919921875,24.987096786499023,-0.1044164768492338,-0.1647173615035595,-0.0188394437169291,-0.1198603674814943,simulator,event_window,False,simulated_measured
4,788.7056374549866,2026-05-07 16:17:33.925868034+00:00,134.2876434326172,1.0,0.0,-1.1752151250839231,96.73886108398438,99.17642211914062,101.83688354492188,93.72816467285156,82.06756591796875,80.39019012451172,80.42591857910156,82.16447448730469,24.97080993652344,24.702430725097656,24.708147048950195,24.986316680908203,-0.1024803821729679,-0.0797630367616326,-0.026720127851129,-0.104204773947551,simulator,event_window,False,simulated_measured
4,788.7211740016937,2026-05-07 16:17:33.941404581+00:00,133.4224853515625,1.0,0.0,-1.0716638565063477,95.84066772460938,89.80309295654297,101.58431243896484,92.64264678955078,82.06635284423828,80.38711547851562,80.4224624633789,82.15959167480469,24.97061538696289,24.70193862915039,24.70759391784668,24.98553466796875,-0.1050478058991366,-0.1613329936160251,-0.0228385765719917,-0.108838099023216,simulator,event_window,False,simulated_measured
4,788.7372102737427,2026-05-07 16:17:33.957440853+00:00,132.41098022460938,0.9987537264823914,0.0,-1.2020853757858276,94.32576751708984,95.34034729003906,101.14405059814452,90.97348022460938,82.06464385986328,80.38347625732422,80.41854858398438,82.15373229980469,24.9703426361084,24.70135498046875,24.706966400146484,24.984596252441406,-0.1124652223749407,-0.1028191017084994,-0.0196412353972772,-0.1182093454676445,simulator,event_window,False,simulated_measured
4,788.7532272338867,2026-05-07 16:17:33.973457813+00:00,131.5764923095703,0.9588695764541626,0.0,-1.0156681537628174,93.13732147216795,90.61824798583984,100.8076171875,89.87312316894531,82.06291198730469,80.38018798828125,80.41544342041016,82.14884948730469,24.97006607055664,24.700828552246097,24.706470489501957,24.983816146850582,-0.1180895835987888,-0.14184715532858,-0.0167052072766712,-0.1233500489293371,simulator,event_window,False,simulated_measured
4,788.7686491012573,2026-05-07 16:17:33.988879681+00:00,130.78526306152344,0.9375725984573364,0.0,-1.4212247133255005,96.93338775634766,93.44859313964844,100.2715301513672,89.91632843017578,82.06121826171875,80.37705993652344,80.41259765625,82.14398956298828,24.96979522705078,24.700328826904297,24.706016540527344,24.9830379486084,-0.0765920406559903,-0.1096900094499871,-0.0160171561514959,-0.1176224744975031,simulator,event_window,False,simulated_measured
4,788.7847247123718,2026-05-07 16:17:34.004955292+00:00,129.84214782714844,0.8774480223655701,0.0,-1.0779569149017334,93.25701141357422,91.2102508544922,99.65396881103516,91.07666015625,82.05880737304688,80.37289428710938,80.40924835205078,82.13825988769531,24.969409942626957,24.699663162231445,24.70547866821289,24.982120513916016,-0.1051611411423227,-0.124703385226595,-0.0149742064218527,-0.0997438670218366,simulator,event_window,False,simulated_measured
4,788.8004024028778,2026-05-07 16:17:34.020632982+00:00,129.06427001953125,0.8737085461616516,0.0,-1.1440922021865845,92.01873016357422,89.0436782836914,98.95408630371094,92.02095794677734,82.05684661865234,80.36933135986328,80.4063720703125,82.13346862792969,24.96909523010254,24.69909286499023,24.705018997192383,24.981353759765625,-0.1117213189965848,-0.1403446862013573,-0.0159970555682459,-0.084927711109952,simulator,event_window,False,simulated_measured
4,788.8158721923828,2026-05-07 16:17:34.036102772+00:00,128.29039001464844,0.8999563455581665,0.0,-1.126091718673706,90.85519409179688,96.07814025878906,98.13818359375,92.1396713256836,82.05496215820312,80.36585998535156,80.40322875976562,82.12859344482422,24.968793869018555,24.69853782653809,24.704517364501957,24.98057556152344,-0.1176626417924313,-0.0668364810394346,-0.0182236088663776,-0.0782201367153048,simulator,event_window,False,simulated_measured
4,788.8310370445251,2026-05-07 16:17:34.051267624+00:00,127.56483459472656,0.8640592694282532,0.0,-1.1400015354156494,95.40480041503906,89.6343765258789,97.5560302734375,91.91514587402344,82.05305480957031,80.36229705810547,80.39985656738281,82.12371826171875,24.968488693237305,24.697967529296875,24.70397567749023,24.979793548583984,-0.0682094756158749,-0.1244702226899765,-0.0184965198617536,-0.0752362578114062,simulator,event_window,False,simulated_measured
4,788.846120595932,2026-05-07 16:17:34.066351175+00:00,126.86955261230467,0.8835142850875854,0.0,-1.097423434257507,90.6325225830078,84.51750946044922,96.8572769165039,91.44969940185548,82.05107116699219,80.3589096069336,80.3963394165039,82.1188735961914,24.968170166015625,24.69742584228516,24.703414916992188,24.979019165039062,-0.1099678551380805,-0.1699264564375794,-0.0201862249131501,-0.0748768321871999,simulator,event_window,False,simulated_measured
4,788.861822605133,2026-05-07 16:17:34.082053185+00:00,126.14459228515624,0.867255687713623,0.5,-1.0777721405029297,92.58650207519533,91.07128143310548,96.50355529785156,89.55742645263672,82.0489730834961,80.35551452636719,80.39278411865234,82.11402893066406,24.96783447265625,24.696882247924805,24.70284652709961,24.97824478149414,-0.0855539844567468,-0.1004193615730385,-0.0181540107383161,-0.0888127148597288,simulator,event_window,False,simulated_measured
4,788.877907037735,2026-05-07 16:17:34.098137617+00:00,125.35382080078124,0.8611949682235718,0.5,-1.108292579650879,89.9251480102539,91.2911376953125,95.96985626220705,86.90556335449219,82.04672241210938,80.35124969482422,80.38861846923828,82.10820007324219,24.96747589111328,24.69619941711425,24.702178955078125,24.97731208801269,-0.1062364931404878,-0.0925591348472171,-0.0174244281492581,-0.1102158063820006,simulator,event_window,False,simulated_measured
4,788.8934469223022,2026-05-07 16:17:34.113677502+00:00,124.6627960205078,0.8980686068534851,0.5,-1.1109130382537842,87.20899963378906,84.40522003173828,95.3884506225586,85.17880249023438,82.04473114013672,80.34786987304688,80.38524627685547,82.10331726074219,24.96715545654297,24.69565963745117,24.70163917541504,24.976531982421875,-0.1284275899037578,-0.1563550084143127,-0.0179635093599275,-0.1230610702469714,simulator,event_window,False,simulated_measured
4,788.9090800285339,2026-05-07 16:17:34.129310608+00:00,123.9644775390625,0.9443689584732056,0.409090906381607,-1.2270959615707395,89.22099304199219,83.35147857666016,94.34698486328124,84.13665771484375,82.04305267333984,80.34469604492188,80.38166809082031,82.09846496582031,24.96688842773437,24.695152282714844,24.701066970825195,24.975753784179688,-0.1032965701247982,-0.1621942369951585,-0.0232139119989807,-0.1289106887069386,simulator,event_window,False,simulated_measured
4,788.9241316318512,2026-05-07 16:17:34.144362211+00:00,123.2025375366211,0.9728399515151978,0.2727272510528564,-1.160017490386963,93.79302215576172,91.60400390625,93.8241729736328,86.88655853271484,82.04156494140625,80.34159088134766,80.37813568115234,82.09362030029297,24.966650009155277,24.69465446472168,24.70050048828125,24.97497940063477,-0.0515162177090797,-0.0735497703270323,-0.0226192381559159,-0.0948769474299016,simulator,event_window,False,simulated_measured
4,788.9399843215942,2026-05-07 16:17:34.160214901+00:00,122.51546478271484,0.9505703449249268,0.1363636255264282,-1.1640437841415403,86.55162811279297,84.34219360351562,93.37245178222656,83.13253784179688,82.04015350341797,80.33834075927734,80.37459564208984,82.08877563476562,24.96642303466797,24.69413375854492,24.699935913085938,24.974205017089844,-0.1198364841325536,-0.1422094256880461,-0.0218700770180871,-0.1291270324399006,simulator,event_window,False,simulated_measured
4,788.9553399085999,2026-05-07 16:17:34.175570488+00:00,121.82698059082033,0.93162739276886,0.0,-1.4254815578460691,89.03433990478516,84.81515502929688,93.00643920898438,82.73975372314453,82.038818359375,80.3349609375,80.37117004394531,82.08392333984375,24.966209411621097,24.69359397888184,24.699386596679688,24.973426818847656,-0.0894724408807339,-0.1325243975503659,-0.0201982039305823,-0.1283433927935803,simulator,event_window,False,simulated_measured
4,788.9711449146271,2026-05-07 16:17:34.191375494+00:00,120.9937744140625,0.8935410976409912,0.0,-1.2022730112075806,84.94502258300781,87.61624145507812,92.63235473632812,86.25692749023438,82.03726196289062,80.33049011230469,80.36717987060547,82.07806396484375,24.965961456298828,24.69287872314453,24.698749542236328,24.972490310668945,-0.1253104380252294,-0.097704308234112,-0.0174189738739667,-0.0850325532745336,simulator,event_window,False,simulated_measured
4,788.9862976074219,2026-05-07 16:17:34.206528187+00:00,120.3090362548828,0.9012277126312256,0.0,-1.3837076425552368,86.81462097167969,80.1519775390625,92.1057586669922,85.2208480834961,82.03609466552734,80.3267593383789,80.3639907836914,82.0732192993164,24.96577453613281,24.69228172302246,24.69823837280273,24.97171401977539,-0.1009710885593468,-0.1698754007116003,-0.0174441842447361,-0.0908777493945391,simulator,event_window,False,simulated_measured
4,789.0017259120941,2026-05-07 16:17:34.221956491+00:00,119.57858276367188,0.8961141705513,0.0,-1.3488943576812744,90.74496459960938,80.93904113769531,91.6578598022461,84.61429595947266,82.03485107421875,80.32313537597656,80.36090087890625,82.06837463378906,24.965576171875,24.69170188903809,24.69774436950684,24.97093963623047,-0.0545291005713207,-0.1566032118266482,-0.0162494125287162,-0.0918344436711465,simulator,event_window,False,simulated_measured
4,789.0171275138855,2026-05-07 16:17:34.237358093+00:00,118.89480590820312,0.8731975555419922,0.0,-1.3226420879364014,83.8468246459961,82.52273559570312,91.24081420898438,84.11109924316406,82.0335922241211,80.31939697265625,80.35787200927734,82.06352996826172,24.96537399291992,24.691102981567383,24.69725799560547,24.970165252685547,-0.1213765898275404,-0.1351555085762759,-0.0150935894411231,-0.0920433584812986,simulator,event_window,False,simulated_measured
4,789.0335459709167,2026-05-07 16:17:34.253776550+00:00,118.11101531982422,0.8566859364509583,0.0,-1.426621675491333,84.49193572998047,84.53302764892578,91.64201354980467,87.40025329589844,82.0320816040039,80.31494140625,80.35433197021484,82.05770111083984,24.965133666992188,24.690391540527344,24.69669342041016,24.96923065185547,-0.1087410793391305,-0.1082085367193707,-0.0041981831073418,-0.050276965144236,simulator,event_window,False,simulated_measured
4,789.0492758750916,2026-05-07 16:17:34.269506454+00:00,117.51238250732422,0.8475024104118347,0.0,-1.3280717134475708,88.06555938720703,76.14685821533203,90.04411315917969,88.11341094970703,82.03059387207031,80.3112564086914,80.35157012939453,82.0528335571289,24.96489524841309,24.68980026245117,24.696250915527344,24.96845245361328,-0.0663125976426797,-0.1925871678293002,-0.0165769395727236,-0.0376499676394808,simulator,event_window,False,simulated_measured
4,789.0645527839661,2026-05-07 16:17:34.284783363+00:00,116.84883880615234,0.9216776490211488,0.0,-1.3583194017410278,80.63847351074219,81.58492279052734,86.20716094970703,85.77131652832031,82.02906036376953,80.30792236328125,80.34859466552734,82.04798889160156,24.964649200439453,24.689266204833984,24.69577407836914,24.96767807006836,-0.1402010119024509,-0.1300129350788866,-0.0531359318648385,-0.0579100767249673,simulator,event_window,False,simulated_measured
4,789.0799808502197,2026-05-07 16:17:34.300211430+00:00,116.09164428710938,1.0,0.0,-1.4970479011535645,81.71302032470703,81.7053451538086,87.41697692871094,87.0909194946289,82.02763366699219,80.30560302734375,80.34542846679688,82.04312896728516,24.96442031860352,24.68889617919922,24.695268630981445,24.96689987182617,-0.1230611034609024,-0.1230460349051798,-0.0335853265432788,-0.037176688787345,simulator,event_window,False,simulated_measured
4,789.0960438251495,2026-05-07 16:17:34.316274405+00:00,115.28826141357422,1.0,0.0,-1.5269585847854614,82.72856903076172,79.31246185302734,84.22415924072266,83.63654327392578,82.02610778808594,80.304443359375,80.34228515625,82.03824615478516,24.96417617797852,24.68871116638184,24.694765090942383,24.96611785888672,-0.1059754288275429,-0.1427971028247485,-0.0623941923845947,-0.0689228505881787,simulator,event_window,False,simulated_measured
4,789.1107993125916,2026-05-07 16:17:34.331029892+00:00,114.51813507080078,1.0,0.0,-1.428950309753418,84.25235748291016,76.22797393798828,88.54659271240234,80.26530456542969,82.02449798583984,80.30270385742188,80.3393783569336,82.03336334228516,24.96392059326172,24.688432693481445,24.69430160522461,24.9653377532959,-0.083385279687966,-0.1705935670438619,-0.0076467839658563,-0.1004438557653852,simulator,event_window,False,simulated_measured
4,789.126758813858,2026-05-07 16:17:34.346989393+00:00,113.97908782958984,1.0,0.0,-1.2471414804458618,80.11737060546875,72.59717559814453,88.52843475341797,74.48977661132812,82.02272033691406,80.29916381835938,80.33645629882812,82.02750396728516,24.9636344909668,24.6878662109375,24.693832397460938,24.964401245117188,-0.1242491989913857,-0.2063631269485083,-0.0031580572068172,-0.1612236472829005,simulator,event_window,False,simulated_measured
4,789.1422874927521,2026-05-07 16:17:34.362518072+00:00,113.26544189453124,1.0,0.0,-1.530859112739563,85.78841400146484,80.14684295654297,88.34736633300781,67.9825668334961,82.02130889892578,80.2993392944336,80.33462524414062,82.02262115478516,24.963409423828125,24.68789291381836,24.693538665771484,24.96361923217773,-0.0563515130858914,-0.1183092475919979,0.0010709946406328,-0.2296735362393331,simulator,event_window,False,simulated_measured
4,789.1579773426056,2026-05-07 16:17:34.378207922+00:00,112.66329193115234,1.0,0.0,-1.3552663326263428,76.76858520507812,78.06732940673828,88.25761413574219,61.46223831176758,82.01953125,80.29859924316406,80.33352661132812,82.01773834228516,24.96312522888184,24.687774658203125,24.693363189697266,24.96283721923828,-0.1510538703876822,-0.1365957627885734,0.0053989804305347,-0.299834643319153,simulator,event_window,False,simulated_measured
4,789.1734998226166,2026-05-07 16:17:34.393730402+00:00,112.07195281982422,1.0,0.5,-1.4765095710754397,81.95051574707031,73.24356079101562,87.4788589477539,51.56390380859375,82.01715087890625,80.29753875732422,80.33303833007812,82.01285552978516,24.962743759155277,24.68760681152344,24.693286895751957,24.96205711364746,-0.0889676802568529,-0.1856711901459418,0.0017857838733255,-0.4094950624648997,simulator,event_window,False,simulated_measured
4,789.1895513534546,2026-05-07 16:17:34.409781933+00:00,111.35084533691406,1.0,0.5,-1.53442645072937,83.34263610839844,80.46556854248047,86.87039184570312,40.06991958618164,82.0146255493164,80.29542541503906,80.33321380615234,82.00699615478516,24.96234130859375,24.6872673034668,24.69331359863281,24.96112060546875,-0.0674916116448679,-0.0995826487119871,0.0012602070099976,-0.5381513955151163,simulator,event_window,False,simulated_measured
4,789.2048144340515,2026-05-07 16:17:34.425045013+00:00,110.81535339355467,0.9929239153862,0.5,-1.5165704488754272,75.40538787841797,68.11915588378906,86.81489562988281,30.183910369873047,82.0133056640625,80.29293823242188,80.33397674560547,82.00211334228516,24.962127685546875,24.68687057495117,24.693435668945312,24.960338592529297,-0.1522233025467695,-0.2340567178697092,0.0054558516053135,-0.6504170442624894,simulator,event_window,False,simulated_measured
4,789.2205929756165,2026-05-07 16:17:34.440823555+00:00,110.25931549072266,0.9001450538635254,0.409090906381607,-1.4996130466461182,81.50776672363281,75.44896697998047,86.34703063964844,20.879859924316406,82.01197814941406,80.28992462158203,80.33522033691406,81.99723052978516,24.961915969848636,24.68638801574707,24.693634033203125,24.959556579589844,-0.0789934168324941,-0.1473607997466993,0.0050804132809196,-0.7569548427424228,simulator,event_window,False,simulated_measured
4,789.23606133461,2026-05-07 16:17:34.456291914+00:00,109.85308074951172,0.886661946773529,0.2727272510528564,-1.2044737339019775,70.51427459716797,72.28723907470703,85.86595153808594,12.344449043273926,82.01034545898438,80.2867431640625,80.33668518066406,81.99234771728516,24.961654663085938,24.68587875366211,24.693870544433597,24.95877456665039,-0.2002691780093554,-0.1800701708799166,0.0031767087759053,-0.8557771233738499,simulator,event_window,False,simulated_measured
4,789.2516350746155,2026-05-07 16:17:34.471865654+00:00,109.3697509765625,1.0,0.1363636255264282,-1.1947591304779053,76.0698471069336,77.67477416992188,85.03822326660156,2.599074363708496,82.01005554199219,80.28356170654297,80.33763122558594,81.98746490478516,24.96160888671875,24.68536949157715,24.694021224975582,24.95799446105957,-0.1334485512049609,-0.1150676624252582,-0.0021031567882914,-0.969500258009308,simulator,event_window,False,simulated_measured
4,789.2669277191162,2026-05-07 16:17:34.487158298+00:00,108.82732391357422,1.0,0.0,-1.033123254776001,80.34492492675781,73.50240325927734,84.42757415771484,6.923244953155518,82.00968933105469,80.28052520751953,80.33745574951172,81.98259735107422,24.961549758911133,24.68488311767578,24.693992614746097,24.95721435546875,-0.0801870239669908,-0.1584287727843081,-0.0043308402506074,-0.9183518345409556,simulator,event_window,False,simulated_measured
4,789.2824885845184,2026-05-07 16:17:34.502719164+00:00,108.24919128417967,0.9848737120628356,0.0,-0.8103612065315247,69.80518341064453,74.39351654052734,84.58711242675781,16.159101486206055,82.00848388671875,80.27783966064453,80.33636474609375,81.97784423828125,24.96135711669922,24.6844539642334,24.693817138671875,24.95645523071289,-0.1965810989109637,-0.1436767865765785,0.0028782979811317,-0.8084124731563253,simulator,event_window,False,simulated_measured
4,789.2985873222351,2026-05-07 16:17:34.518817902+00:00,107.53897857666016,0.97681325674057,0.0,-0.926267385482788,73.95387268066406,73.36564636230469,82.73217010498047,27.46259880065918,82.00656127929688,80.27500915527344,80.33515930175781,81.97225952148438,24.961050033569336,24.684001922607425,24.693626403808597,24.95556259155273,-0.1432106752728015,-0.149931094487024,-0.0126361935148724,-0.672244182881088,simulator,event_window,False,simulated_measured
4,789.3146426677704,2026-05-07 16:17:34.534873247+00:00,106.92147827148438,0.978935182094574,0.0,-0.7150511741638184,76.08269500732422,76.67478942871094,82.0634994506836,37.93497848510742,82.0045394897461,80.2729721069336,80.33281707763672,81.96772003173828,24.96072578430176,24.68367576599121,24.69325065612793,24.954833984375,-0.1134566717415901,-0.1064580903838237,-0.0149602132437534,-0.5446455650877493,simulator,event_window,False,simulated_measured
4,789.3303892612457,2026-05-07 16:17:34.550619841+00:00,106.30441284179688,0.9899755120277404,0.0,-0.5751215815544128,73.4754867553711,75.28984069824219,80.38106536865234,48.7075080871582,82.00238037109375,80.27111053466797,80.32976531982422,81.9634780883789,24.96038055419922,24.68337631225586,24.69276237487793,24.95415496826172,-0.1388670416883529,-0.1175047535298274,-0.0295544804941896,-0.4119431659217706,simulator,event_window,False,simulated_measured
4,789.3453118801117,2026-05-07 16:17:34.565542459+00:00,105.66149139404295,1.0,0.0,-0.7150262594223022,69.60811614990234,73.4400634765625,81.80278778076172,63.42205810546875,82.0003890991211,80.26933288574219,80.3276596069336,81.95951843261719,24.96006202697754,24.683094024658203,24.69242477416992,24.953521728515625,-0.1792286725375962,-0.1339487422518368,-0.0063806001294504,-0.2296319228215815,simulator,event_window,False,simulated_measured
4,789.3613014221191,2026-05-07 16:17:34.581532001+00:00,104.87857818603516,1.0,0.0,-0.6631543636322021,68.60443878173828,63.46931838989258,75.39080047607422,71.20909881591797,81.99829864501953,80.26700592041016,80.32537841796875,81.95465850830078,24.9597282409668,24.68272018432617,24.69206047058105,24.95274543762207,-0.1850246794247625,-0.245942727532207,-0.0774280253324322,-0.1285883099399216,simulator,event_window,False,simulated_measured
4,789.376357793808,2026-05-07 16:17:34.596588373+00:00,104.18543243408205,1.0,0.0,-0.6052485108375549,71.59375,72.65464782714844,76.81129455566406,75.0565414428711,81.99697875976562,80.26493072509766,80.32275390625,81.95028686523438,24.959516525268555,24.682388305664062,24.69164085388184,24.952045440673828,-0.1438553545838782,-0.1310721982390431,-0.0537916412064656,-0.0753950097009492,simulator,event_window,False,simulated_measured
4,789.3918814659119,2026-05-07 16:17:34.612112045+00:00,103.5593490600586,1.0,0.0,-0.5284911394119263,75.17668914794922,70.71246337890625,72.38705444335938,72.38705444335938,81.99594116210938,80.26287841796875,80.31964874267578,81.94586181640625,24.9593505859375,24.68206024169922,24.691143035888672,24.95133781433105,-0.095574256174962,-0.1491873381794319,-0.1029011764721997,-0.1028888053738281,simulator,event_window,False,simulated_measured
4,789.4079115390778,2026-05-07 16:17:34.628142118+00:00,102.97061157226562,1.0,0.0,-0.5724734663963318,73.59418487548828,68.40948486328125,73.87940216064453,73.87940216064453,81.99491882324219,80.2608642578125,80.31621551513672,81.94143676757812,24.95918655395508,24.681737899780277,24.690593719482425,24.95063018798828,-0.1095506117170636,-0.1721906687911617,-0.0791714530176942,-0.0791587546836432,simulator,event_window,False,simulated_measured
4,789.4233567714691,2026-05-07 16:17:34.643587351+00:00,102.41366577148438,1.0,0.0,-0.5153923630714417,71.47403717041016,65.79474639892578,73.36857604980469,69.0421142578125,81.9937973022461,80.25875854492188,80.3125991821289,81.93697357177734,24.959007263183597,24.681400299072266,24.69001579284668,24.94991683959961,-0.130500303353557,-0.1995013655211791,-0.0805653362446183,-0.1347714250687405,simulator,event_window,False,simulated_measured
4,789.4388914108276,2026-05-07 16:17:34.659121990+00:00,101.77838134765624,0.955991804599762,0.0,-0.4804694652557373,70.46696472167969,73.57210540771484,71.98126220703125,70.02938842773438,81.99217987060547,80.25605010986328,80.30812072753906,81.9316177368164,24.95874786376953,24.68096923828125,24.68930053710937,24.949058532714844,-0.1374007859691285,-0.0992901041173217,-0.0923203214475594,-0.1169211627185309,simulator,event_window,False,simulated_measured
4,789.4544496536255,2026-05-07 16:17:34.674680233+00:00,101.28287506103516,0.8697266578674316,0.0,-0.4349920153617859,68.35371398925781,62.08480453491211,72.03775787353516,68.48983764648438,81.99051666259766,80.25338745117188,80.3043212890625,81.92716217041016,24.95848274230957,24.6805419921875,24.688690185546875,24.94834518432617,-0.1591759436561012,-0.2362053943962254,-0.087163786970841,-0.1321097708763933,simulator,event_window,False,simulated_measured
4,789.4701421260834,2026-05-07 16:17:34.690372705+00:00,100.7787094116211,0.7913589477539062,0.0,-0.453809529542923,73.96830749511719,68.16816711425781,71.06627655029297,70.01217651367188,81.98868560791016,80.25051879882812,80.30047607421875,81.9227294921875,24.95819091796875,24.680084228515625,24.68807601928711,24.94763565063477,-0.0855585119324463,-0.1571697506540482,-0.0949689830372476,-0.1083806810819971,simulator,event_window,False,simulated_measured
4,789.4861660003662,2026-05-07 16:17:34.706396580+00:00,100.30376434326172,0.7135801315307617,0.0,-0.4383489191532135,65.18863677978516,68.48590087890625,71.41119384765625,69.41278839111328,81.9865493774414,80.24754333496094,80.29666137695312,81.91832733154297,24.957847595214844,24.679607391357425,24.68746566772461,24.94693183898925,-0.1902821754064169,-0.1492318355010593,-0.0862702699716292,-0.1118282777326493,simulator,event_window,False,simulated_measured
4,789.5009875297546,2026-05-07 16:17:34.721218109+00:00,99.80516815185548,0.6771926283836365,0.0,-0.4374061524868011,71.17683410644531,62.4882698059082,71.75548553466797,69.48219299316406,81.9844970703125,80.24447631835938,80.29293060302734,81.9140625,24.95751953125,24.67911529541016,24.68686866760254,24.946250915527344,-0.1114851945390857,-0.219859617639046,-0.0772782216984456,-0.1064987391089641,simulator,event_window,False,simulated_measured
4,789.5164413452148,2026-05-07 16:17:34.736671925+00:00,99.22982788085938,0.6061959266662598,0.0,-0.4842369556427002,70.8294677734375,66.33797454833984,72.29080200195312,69.91522216796875,81.9820556640625,80.24076843261719,80.28858184814453,81.90901184082031,24.957128524780277,24.678524017333984,24.68617248535156,24.94544219970703,-0.1106949203332864,-0.1669956700141636,-0.0650045464052669,-0.0957173731719582,simulator,event_window,False,simulated_measured
4,789.5318846702576,2026-05-07 16:17:34.752115250+00:00,98.87200164794922,0.5651738047599792,0.0,-0.5036381483078003,63.639068603515625,67.91963195800781,72.58516693115234,70.45977783203125,81.98030853271484,80.23829650878906,80.28572082519531,81.90569305419922,24.95684814453125,24.67812728881836,24.685714721679688,24.94491195678711,-0.1980828140136734,-0.1440482444669445,-0.0577996791816152,-0.0853759304741627,simulator,event_window,False,simulated_measured
4,789.5472781658173,2026-05-07 16:17:34.767508745+00:00,98.35175323486328,0.4712004661560058,0.0,-0.5033345818519592,69.30130004882812,64.77254486083984,72.78876495361328,71.51478576660156,81.97743225097656,80.23458862304688,80.2813720703125,81.90074920654297,24.95639038085937,24.677534103393555,24.685020446777344,24.94411849975586,-0.1221136259538943,-0.1793912491523532,-0.0501589416684212,-0.066770585091059,simulator,event_window,False,simulated_measured
4,789.5637047290802,2026-05-07 16:17:34.783935308+00:00,97.97697448730467,0.3992427289485931,0.0,-0.4875827729701996,64.38621520996094,66.18110656738281,72.96304321289062,72.35211181640625,81.97471618652344,80.23146057128906,80.27766418457031,81.89665222167969,24.955955505371097,24.677032470703125,24.684425354003903,24.943464279174805,-0.1812564246948144,-0.1583388336503419,-0.0442427313250808,-0.052232372326461,simulator,event_window,False,simulated_measured
4,789.5792560577393,2026-05-07 16:17:34.799486637+00:00,97.65333557128906,0.3047428131103515,0.0,-0.4514559507369995,67.04682159423828,63.90054321289063,73.2556381225586,72.75924682617188,81.97196197509766,80.22836303710938,80.27387237548828,81.89241027832031,24.95551300048828,24.676536560058597,24.683818817138672,24.942785263061523,-0.1445982290870833,-0.1846487197629556,-0.0372297367605386,-0.0437404270980085,simulator,event_window,False,simulated_measured
4,789.5945749282837,2026-05-07 16:17:34.814805508+00:00,97.41422271728516,0.0,0.0,-0.3016903400421142,67.04682159423828,63.90054321289063,74.54940795898438,73.75436401367188,81.9686279296875,80.22465515136719,80.26939392089844,81.88707733154297,24.954978942871097,24.675945281982425,24.68310165405273,24.941932678222656,-0.1424985607526493,-0.1826473593230223,-0.0178212729720894,-0.0282824733466218,simulator,event_window,False,simulated_measured
4,789.6106889247894,2026-05-07 16:17:34.830919504+00:00,97.27629089355467,0.0,0.0,-0.3016816675662994,67.04682159423828,63.90054321289063,74.8193359375,74.18506622314453,81.9658432006836,80.22152709960938,80.26566314697266,81.8825912475586,24.95453453063965,24.675445556640625,24.682506561279297,24.94121551513672,-0.1412826762212753,-0.1814884033294918,-0.0128672952014352,-0.0212220675819457,simulator,event_window,False,simulated_measured
4,789.6267945766449,2026-05-07 16:17:34.847025156+00:00,97.1716766357422,0.0,0.0,-0.283338338136673,67.04682159423828,63.90054321289063,74.68538665771484,74.4025650024414,81.96305084228516,80.21839904785156,80.26192474365234,81.87808990478516,24.95408821105957,24.674943923950195,24.681907653808597,24.94049453735352,-0.1403581879484777,-0.1806072002242127,-0.0135737251903029,-0.0172956128456084,simulator,event_window,False,simulated_measured
4,789.6423327922821,2026-05-07 16:17:34.862563372+00:00,97.04344940185548,0.3643112182617187,0.0,-0.4408852458000183,64.87212371826172,59.91912841796875,73.91852569580078,73.91852569580078,81.96047973632812,80.21524810791016,80.25801849365234,81.87357330322266,24.953676223754883,24.6744384765625,24.68128204345703,24.93977165222168,-0.167142073900499,-0.230645404991714,-0.0224122170465381,-0.022398735995942,simulator,event_window,False,simulated_measured
4,789.6579484939575,2026-05-07 16:17:34.878179073+00:00,96.71514129638672,0.6959019303321838,0.0,-0.5772663354873657,64.71942138671875,50.53104782104492,71.94303894042969,71.44110107421875,81.95891571044922,80.21150970458984,80.25285339355469,81.86817169189453,24.953426361083984,24.67384147644043,24.680456161499023,24.938907623291016,-0.1662819811450474,-0.3489848086710897,-0.0453086172959957,-0.0519563099508072,simulator,event_window,False,simulated_measured
4,789.6734793186188,2026-05-07 16:17:34.893709898+00:00,96.2417449951172,0.4439045190811157,0.0,-0.5268365144729614,66.78791809082031,59.09447860717773,70.3473892211914,69.93461608886719,81.95793914794922,80.20919799804688,80.24850463867188,81.86363983154297,24.953269958496097,24.673471450805664,24.679759979248047,24.938182830810547,-0.135403546586795,-0.2349132055573082,-0.0618912434918261,-0.067382866932253,simulator,event_window,False,simulated_measured
4,789.688642501831,2026-05-07 16:17:34.908873081+00:00,95.80915069580078,0.2996879518032074,0.0,-0.4704324007034302,65.53072357177734,65.5248031616211,68.42261505126953,70.03402709960938,81.95684814453125,80.20732116699219,80.24415588378906,81.85910034179688,24.953094482421875,24.673171997070312,24.679065704345703,24.937456130981445,-0.1478481217301709,-0.1478304256576268,-0.0834390031045493,-0.0618402579192673,simulator,event_window,False,simulated_measured
4,789.7038872241974,2026-05-07 16:17:34.924117804+00:00,95.40009307861328,0.0,0.0,-0.4267444014549255,67.06224822998047,67.4483413696289,66.89863586425781,69.60918426513672,81.9553451538086,80.20549011230469,80.23980712890625,81.85455322265625,24.95285415649414,24.67287826538086,24.678367614746097,24.936729431152344,-0.1241931391403171,-0.1190530313473977,-0.1000110898940377,-0.0635331051655787,simulator,event_window,False,simulated_measured
4,789.7197463512421,2026-05-07 16:17:34.939976931+00:00,95.12255859375,0.0,0.0,-0.3045381009578705,69.1607437133789,69.8837661743164,67.06123352050781,68.79862976074219,81.95318603515625,80.20333099365234,80.23545837402344,81.8499526977539,24.95251083374023,24.67253303527832,24.67767333984375,24.93599319458008,-0.0941523457881444,-0.0845806923766377,-0.0951914235900223,-0.0717371957836947,simulator,event_window,False,simulated_measured
4,789.7356810569763,2026-05-07 16:17:34.955911636+00:00,94.91913604736328,0.0,0.0,-0.2570139765739441,70.4780502319336,70.98151397705078,67.22135925292969,67.99687194824219,81.95075225830078,80.20056915283203,80.23110961914062,81.8453369140625,24.952119827270508,24.672090530395508,24.676977157592773,24.935253143310547,-0.0749203298989904,-0.0682084425053781,-0.0910872250374612,-0.0805886918701226,simulator,event_window,False,simulated_measured
4,789.7515203952789,2026-05-07 16:17:34.971750975+00:00,94.55755615234376,0.4090566039085388,0.0,-0.5460976958274841,63.89164733886719,63.71680450439453,69.33529663085938,69.04801940917969,81.9477767944336,80.1969985961914,80.22679901123047,81.84044647216797,24.951644897460938,24.671520233154297,24.676288604736328,24.934471130371097,-0.1581651915464927,-0.1603756262055795,-0.058919373610271,-0.0628056330246212,simulator,event_window,False,simulated_measured
4,789.7664244174957,2026-05-07 16:17:34.986654997+00:00,94.05645751953124,0.4191930890083313,0.0,-0.7757270336151123,66.29792022705078,61.4700813293457,71.24381256103516,70.87346649169922,81.94535827636719,80.19398498535156,80.22454833984375,81.8372573852539,24.951255798339844,24.671037673950195,24.675926208496097,24.9339599609375,-0.1218062951645974,-0.1856662029557672,-0.027863546126044,-0.0329036581123352,simulator,event_window,False,simulated_measured
4,789.7819445133209,2026-05-07 16:17:35.002175093+00:00,93.63713073730467,0.4844993650913238,0.0,-0.9005452990531921,60.458438873291016,62.58774948120117,71.82679748535156,71.48436737060547,81.94331359863281,80.19097900390625,80.222412109375,81.83390045166016,24.950929641723636,24.670555114746097,24.675586700439453,24.93342399597168,-0.1955707307931246,-0.1671466677351794,-0.0155195414918409,-0.0201994839244772,simulator,event_window,False,simulated_measured
4,789.7970206737518,2026-05-07 16:17:35.017251253+00:00,93.20256805419922,0.5786280035972595,0.0,-1.0929808616638184,64.88540649414062,63.48438262939453,71.80301666259766,71.61793518066406,81.94181823730469,80.1879653930664,80.22093200683594,81.83091735839844,24.95069122314453,24.670074462890625,24.675350189208984,24.932945251464844,-0.1326424094283679,-0.151276336041,-0.0112568081584821,-0.0137918207714361,simulator,event_window,False,simulated_measured
4,789.8121178150177,2026-05-07 16:17:35.032348394+00:00,92.7331085205078,0.7153576612472534,0.0,-1.219099998474121,56.27351379394531,58.28447723388672,71.1434555053711,71.1434555053711,81.94058990478516,80.18495178222656,80.21988677978516,81.8283462524414,24.95049285888672,24.669591903686523,24.675182342529297,24.93253517150879,-0.2439539504944411,-0.2168492340284459,-0.0153795951250329,-0.0153660170937528,simulator,event_window,False,simulated_measured
4,789.8277094364166,2026-05-07 16:17:35.047940016+00:00,92.20948028564452,0.8646963238716125,0.0,-1.217238426208496,62.06872177124024,61.79301452636719,70.25652313232422,70.25652313232422,81.93943786621094,80.18205261230469,80.21855163574219,81.82611083984375,24.95030975341797,24.66912841796875,24.674968719482425,24.932178497314453,-0.1613586728106006,-0.1649911128327909,-0.0221330375620737,-0.0221195526615596,simulator,event_window,False,simulated_measured
4,789.8433439731598,2026-05-07 16:17:35.063574553+00:00,91.66443634033205,0.9458887577056884,0.0,-1.153241753578186,56.75308609008789,56.24909591674805,69.28790283203125,69.54598236083984,81.93842315673828,80.17955017089844,80.21676635742188,81.82376861572266,24.95014762878418,24.66872787475586,24.6746826171875,24.93180274963379,-0.2286212997307729,-0.2353864961648409,-0.0298804902975794,-0.0262536179842259,simulator,event_window,False,simulated_measured
4,789.8584446907043,2026-05-07 16:17:35.078675270+00:00,91.10101318359376,0.989170491695404,0.0,-0.8992804288864136,62.06219482421875,61.5806999206543,68.36520385742188,68.9756851196289,81.9373550415039,80.1773681640625,80.21407318115234,81.82093048095703,24.94997787475586,24.66837882995605,24.674251556396484,24.93134880065918,-0.1512438075211776,-0.1577350985839423,-0.0368795587308753,-0.0282657749193667,simulator,event_window,False,simulated_measured
4,789.873701095581,2026-05-07 16:17:35.093931675+00:00,90.56819152832033,0.9344392418861388,0.0,-0.6692983508110046,58.03314971923828,56.03231048583984,67.9332275390625,68.17212677001953,81.93630981445312,80.17504119873047,80.210693359375,81.81745910644531,24.94981002807617,24.668006896972656,24.67370986938477,24.93079376220703,-0.2016754605669105,-0.2291140601276532,-0.0373348563312876,-0.0339361518394215,simulator,event_window,False,simulated_measured
4,789.8892405033112,2026-05-07 16:17:35.109471083+00:00,89.94374084472656,0.8680407404899597,0.0,-0.5778749585151672,56.46005630493164,60.84050750732422,67.38480377197266,67.38480377197266,81.93573760986328,80.17182922363281,80.2062759399414,81.81253814697266,24.9497184753418,24.6674919128418,24.673004150390625,24.93000602722168,-0.2179232174856881,-0.1571521732242724,-0.0384769141036058,-0.0384636545870731,simulator,event_window,False,simulated_measured
4,789.904566526413,2026-05-07 16:17:35.124797106+00:00,89.40581512451172,0.8748089671134949,0.0,-0.5793856978416443,59.71562576293945,53.968223571777344,66.29471588134766,66.29471588134766,81.93604278564453,80.16905212402344,80.2021484375,81.80811309814453,24.94976806640625,24.667049407958984,24.672344207763672,24.929298400878903,-0.1678506980534163,-0.2478583378682425,-0.0483399442812501,-0.0483268207770645,simulator,event_window,False,simulated_measured
4,789.9199934005737,2026-05-07 16:17:35.140223980+00:00,88.97813415527344,0.604194700717926,0.0,-0.3608800768852234,61.50932312011719,55.85306930541992,65.22549438476562,66.16532897949219,81.93504333496094,80.16629028320312,80.19783782958984,81.80354309082031,24.949607849121097,24.66660690307617,24.671653747558597,24.928565979003903,-0.1387352236664738,-0.2178482180669162,-0.0591881490060345,-0.0456188237627264,simulator,event_window,False,simulated_measured
4,789.9360313415527,2026-05-07 16:17:35.156261921+00:00,88.65735626220703,0.4406114518642425,0.0,-0.2311350405216217,56.47385025024414,54.14407730102539,63.434452056884766,66.89659881591797,81.93352508544922,80.16349029541016,80.19352722167969,81.79896545410156,24.949363708496097,24.66615867614746,24.67096328735352,24.927833557128903,-0.2063817360945543,-0.2390371239510813,-0.0817115741465031,-0.0315795665957617,simulator,event_window,False,simulated_measured
4,789.9516861438751,2026-05-07 16:17:35.171916723+00:00,88.36261749267578,0.4006398618221283,0.0,-0.2387252002954483,59.790645599365234,42.08454132080078,60.405418395996094,67.60108184814453,81.93159484863281,80.16010284423828,80.18833923339844,81.79347229003906,24.94905471801757,24.66561508178711,24.670135498046875,24.92695617675781,-0.1569686924182811,-0.4065538514891085,-0.122643659590518,-0.0181169628799142,simulator,event_window,False,simulated_measured
4,789.9676077365875,2026-05-07 16:17:35.187838316+00:00,88.17105102539062,0.3472079336643219,0.0,-0.2003241032361984,58.272274017333984,33.296260833740234,58.38482284545898,67.4266586303711,81.92972564697266,80.15727996826172,80.18399047851562,81.78889465332031,24.94875717163086,24.66516494750977,24.669437408447266,24.92622375488281,-0.1765921914423286,-0.5294597955489659,-0.1501492865599123,-0.0185225995616015,simulator,event_window,False,simulated_measured
4,789.983669757843,2026-05-07 16:17:35.203900337+00:00,88.0010986328125,0.2895624935626983,0.0,-0.1865584105253219,60.02716445922851,25.620811462402344,56.81687927246094,66.83197021484375,81.92774963378906,80.15443420410156,80.17964172363281,81.78430938720703,24.94844055175781,24.664709091186523,24.66874313354492,24.92548942565918,-0.1501568712488007,-0.637229406002596,-0.1713751065181333,-0.0253002525398363,simulator,event_window,False,simulated_measured
4,789.9993867874146,2026-05-07 16:17:35.219617367+00:00,87.89469909667969,0.0,0.0,-0.028644049540162,58.605804443359375,24.138015747070312,56.123477935791016,67.24312591552734,81.92572784423828,80.15153503417969,80.17529296875,81.77969360351562,24.94811630249023,24.66424560546875,24.668046951293945,24.92475128173828,-0.1692755736428649,-0.6578108995029649,-0.180496926436243,-0.0181166544174362,simulator,event_window,False,simulated_measured
4,790.0145146846771,2026-05-07 16:17:35.234745264+00:00,87.74732971191406,0.2996559739112854,0.0,-0.5603639483451843,62.52117156982422,22.705286026000977,55.62579727172851,67.26838684082031,81.92549133300781,80.14863586425781,80.17090606689453,81.77507781982422,24.94807815551757,24.663780212402344,24.66734504699707,24.92401123046875,-0.1122877129685998,-0.6775811996640915,-0.1863998239518169,-0.0160981273482546,simulator,event_window,False,simulated_measured
4,790.0300130844116,2026-05-07 16:17:35.250243663+00:00,87.41484069824219,0.0,0.0,-0.1665451675653457,61.821807861328125,17.360414505004883,54.53414535522461,66.6954345703125,81.92523193359375,80.14515686035156,80.16564178466797,81.76947021484375,24.948036193847656,24.663225173950195,24.66650390625,24.923114776611328,-0.1188789773852921,-0.7525415949215224,-0.1993328044802736,-0.0207679499239642,simulator,event_window,False,simulated_measured
4,790.0460512638092,2026-05-07 16:17:35.266281843+00:00,87.3327865600586,0.0,0.0,-0.0437661744654178,61.821807861328125,17.360414505004883,54.18897247314453,67.07202911376953,81.92324829101562,80.14225769042969,80.1612548828125,81.76477813720703,24.94771957397461,24.662761688232425,24.665802001953125,24.92236328125,-0.1180511138875852,-0.752309093624303,-0.2036531019060325,-0.0143134947583118,simulator,event_window,False,simulated_measured
4,790.0616533756256,2026-05-07 16:17:35.281883955+00:00,87.2676773071289,0.0,0.0,-0.0423908978700637,61.821807861328125,17.360414505004883,54.02702713012695,67.06659698486328,81.9212646484375,80.13934326171875,80.1568603515625,81.76008605957031,24.94740295410156,24.662294387817383,24.665096282958984,24.921613693237305,-0.1173931035581152,-0.7521242947346197,-0.2054406398974549,-0.0136579769713781,simulator,event_window,False,simulated_measured
4,790.077540397644,2026-05-07 16:17:35.297770977+00:00,87.20745849609375,0.0,0.0,-0.072712168097496,61.821807861328125,17.360414505004883,53.8738899230957,67.04420471191406,81.91928100585938,80.13640594482422,80.15243530273438,81.7553939819336,24.947084426879883,24.66182518005371,24.664390563964844,24.92086410522461,-0.1167836426377796,-0.7519531307021734,-0.2071456762298476,-0.0133064329136805,simulator,event_window,False,simulated_measured
4,790.0935988426208,2026-05-07 16:17:35.313829422+00:00,87.06961822509766,0.4443884789943695,0.0,-0.2220026701688766,59.69707489013672,23.75250625610352,53.36464691162109,66.73164367675781,81.91690063476562,80.13288116455078,80.14712524414062,81.74976348876953,24.946704864501957,24.6612606048584,24.66353988647461,24.91996192932129,-0.1457884408985302,-0.6600851873243957,-0.2133968262724741,-0.0163516559447205,simulator,event_window,False,simulated_measured
4,790.1091363430023,2026-05-07 16:17:35.329366922+00:00,86.78211212158203,0.2402394413948059,0.0,-0.084319919347763,49.753055572509766,37.74626159667969,51.64404296875,65.47421264648438,81.9149169921875,80.13002014160156,80.14266967773438,81.74507141113281,24.946386337280277,24.660802841186523,24.662826538085938,24.919212341308597,-0.285719860568678,-0.4580352766353955,-0.2362368298031755,-0.0316892531665178,simulator,event_window,False,simulated_measured
4,790.1251711845398,2026-05-07 16:17:35.345401764+00:00,86.57758331298828,0.2239448279142379,0.0,-0.1089986264705658,48.68231964111328,45.18573760986328,56.68730163574219,62.293556213378906,81.91293334960938,80.12715911865234,80.13845825195312,81.7403793334961,24.946067810058597,24.66034507751465,24.662153244018555,24.918460845947266,-0.2994408057380838,-0.3496858456616822,-0.1596716412271248,-0.0765522045279839,simulator,event_window,False,simulated_measured
4,790.1406874656677,2026-05-07 16:17:35.360918045+00:00,86.18107604980469,0.0,0.0,-0.0411912724375724,47.62612533569336,45.18573760986328,65.95247650146484,57.34503936767578,81.91053771972656,80.12372589111328,80.13420104980469,81.73474884033203,24.94568634033203,24.6597957611084,24.66147232055664,24.91756057739257,-0.3114866415489169,-0.346693839790263,-0.0178272292765777,-0.145998514568218,simulator,event_window,False,simulated_measured
4,790.1562829017639,2026-05-07 16:17:35.376513481+00:00,86.13827514648438,0.0,0.0,-0.04696736484766,47.62612533569336,45.18573760986328,64.80055236816406,58.506935119628906,81.90851593017578,80.12083435058594,80.1296615600586,81.73005676269531,24.945362091064453,24.659332275390625,24.66074562072754,24.91680908203125,-0.3111445288976049,-0.3463692211029937,-0.0345023277460859,-0.1282622356641439,simulator,event_window,False,simulated_measured
4,790.1720545291901,2026-05-07 16:17:35.392285109+00:00,85.98902893066406,0.0,0.0,-0.1128361225128173,47.62612533569336,45.18573760986328,61.44613265991211,64.427490234375,81.906494140625,80.11793518066406,80.1251220703125,81.72569274902344,24.945037841796875,24.658870697021484,24.66001892089844,24.91611099243164,-0.3099489220441765,-0.345234751723502,-0.0828925868796911,-0.0383814056220431,simulator,event_window,False,simulated_measured
4,790.1873376369476,2026-05-07 16:17:35.407568216+00:00,85.87821960449219,0.0,0.0,-0.0941193252801895,47.62612533569336,45.18573760986328,60.531097412109375,65.95054626464844,81.90445709228516,80.11503601074219,80.1205825805664,81.72119903564453,24.944713592529297,24.65840530395508,24.65929412841797,24.91539192199707,-0.3090585438397306,-0.3443899030960337,-0.0953841149394091,-0.0143787731048971,simulator,event_window,False,simulated_measured
4,790.2033455371857,2026-05-07 16:17:35.423576117+00:00,85.84649658203125,0.0,0.0,-0.0139876557514071,47.62612533569336,45.18573760986328,60.511627197265625,65.60456848144531,81.90239715576172,80.11213684082031,80.11604309082031,81.71743774414062,24.94438362121582,24.657941818237305,24.65856552124023,24.91479110717773,-0.3088032189027133,-0.3441476342247603,-0.0953409134892026,-0.0191870524291305,simulator,event_window,False,simulated_measured
4,790.219123840332,2026-05-07 16:17:35.439354420+00:00,85.76071166992188,0.0969827696681022,0.0,-0.2041943967342376,45.91484451293945,47.83635330200195,60.19473648071289,65.02759552001953,81.8999252319336,80.10868072509766,80.110595703125,81.71443176269531,24.943988800048828,24.65738868713379,24.657695770263672,24.914308547973636,-0.3329724461891756,-0.3049805185656457,-0.0991783079698742,-0.0268405536589818,simulator,event_window,False,simulated_measured
4,790.2344481945038,2026-05-07 16:17:35.454678774+00:00,85.65907287597656,0.092252641916275,0.0,-0.1185355857014656,43.6201286315918,50.558685302734375,59.301902770996094,65.47166442871094,81.89783477783203,80.10584259033203,80.1060562133789,81.70977783203125,24.943653106689453,24.65693473815918,24.65696907043457,24.91356468200684,-0.3655570073567106,-0.2645558592244819,-0.1114866588281586,-0.019032327796011,simulator,event_window,False,simulated_measured
4,790.2501442432404,2026-05-07 16:17:35.470374823+00:00,85.58602142333984,0.084828682243824,0.0,-0.0869945362210273,42.378047943115234,52.87589263916016,59.03696823120117,65.08818817138672,81.89573669433594,80.10301971435547,80.10151672363281,81.70508575439453,24.94331741333008,24.656482696533203,24.65624237060547,24.912813186645508,-0.3830966303417932,-0.2301924546343668,-0.1147011441762687,-0.0239455909873187,simulator,event_window,False,simulated_measured
4,790.265674829483,2026-05-07 16:17:35.485905409+00:00,85.49677276611328,0.1352094411849975,0.0,-0.1426274627447128,39.75452423095703,55.69989013671875,58.23068237304688,65.21086883544922,81.89363861083984,80.10018157958984,80.09697723388672,81.70039367675781,24.942981719970703,24.656028747558597,24.655517578125,24.91206359863281,-0.4206835360599595,-0.1882320393037724,-0.1258804129665992,-0.0210850795635826,simulator,event_window,False,simulated_measured
4,790.2811267375946,2026-05-07 16:17:35.501357316+00:00,85.41207885742188,0.0,0.0,-0.1299869120121002,38.29272079467773,59.07427978515625,58.10091400146485,64.45743560791016,81.8915023803711,80.09735870361328,80.09243774414062,81.6957015991211,24.94264030456543,24.65557861328125,24.654788970947266,24.911312103271484,-0.4414321108792985,-0.1382001130703211,-0.1269635698057875,-0.0314357963114628,simulator,event_window,False,simulated_measured
4,790.2971642017365,2026-05-07 16:17:35.517394781+00:00,85.24696350097656,0.0,0.0,-0.3192524015903473,45.57643127441406,62.46276092529297,58.27503967285156,63.669898986816406,81.88898468017578,80.0940170288086,80.08699035644531,81.69007110595703,24.942237854003903,24.65504264831543,24.653919219970703,24.9104118347168,-0.333898471400479,-0.0870025851339797,-0.1226510638863815,-0.0414165519573673,simulator,event_window,False,simulated_measured
4,790.3132290840149,2026-05-07 16:17:35.533459663+00:00,84.75799560546875,0.7447901964187622,0.0,-0.9118576049804688,62.26294708251953,57.08525085449219,63.45196914672851,59.10435104370117,81.88894653320312,80.09123992919922,80.08258056640625,81.68537902832031,24.94223022460937,24.654598236083984,24.65321350097656,24.90966033935547,-0.0847746767340482,-0.1607902407855282,-0.0391997201154693,-0.1050197354812584,simulator,event_window,False,simulated_measured
4,790.3284645080566,2026-05-07 16:17:35.548695087+00:00,84.15390014648438,1.0,0.0,-1.2125422954559326,53.57610702514648,49.23122024536133,65.91539764404297,52.63484954833984,81.88969421386719,80.08848571777344,80.07929229736328,81.6806869506836,24.942352294921875,24.654157638549805,24.652687072753903,24.90890884399414,-0.2068123606322862,-0.2710568795517529,0.0052667596534623,-0.1972620024285223,simulator,event_window,False,simulated_measured
4,790.3445036411285,2026-05-07 16:17:35.564734221+00:00,83.64928436279297,1.0,0.0,-1.5094904899597168,60.310829162597656,53.94088745117188,63.67323303222656,48.35467529296875,81.89152526855469,80.08575439453125,80.07637023925781,81.67599487304688,24.94264411926269,24.65372085571289,24.65221786499023,24.908159255981445,-0.1017192311661935,-0.1965050583222174,-0.0230701798863728,-0.2580905127781525,simulator,event_window,False,simulated_measured
4,790.3594813346863,2026-05-07 16:17:35.579711914+00:00,82.99361419677734,1.0,0.0,-1.4918972253799438,61.9765739440918,57.12751388549805,65.03063201904297,42.37217712402344,81.8939208984375,80.0830078125,80.07360076904297,81.67127227783203,24.94302749633789,24.653282165527344,24.651775360107425,24.90740203857422,-0.069616671191275,-0.142314759630782,0.0056387314303549,-0.3447443344763179,simulator,event_window,False,simulated_measured
4,790.3755393028259,2026-05-07 16:17:35.595769882+00:00,82.2448959350586,1.0,0.0,-1.4041389226913452,60.79027938842773,52.27651596069336,64.46908569335938,36.269325256347656,81.89668273925781,80.0797119140625,80.07023620605469,81.66559600830078,24.943470001220703,24.65275382995605,24.65123748779297,24.906494140625,-0.0791175071401476,-0.2080003860954826,0.0060307372474297,-0.4340146318306438,simulator,event_window,False,simulated_measured
4,790.3910887241364,2026-05-07 16:17:35.611319304+00:00,81.65629577636719,1.0,0.0,-1.406023025512695,52.90937042236328,57.91547393798828,60.95964431762695,41.15008544921875,81.89771270751953,80.07698059082031,80.0670394897461,81.6608657836914,24.943634033203125,24.65231704711914,24.65072631835937,24.905738830566406,-0.1927241667702959,-0.1162442970748522,-0.0418766070248332,-0.3532212394904674,simulator,event_window,False,simulated_measured
4,790.4061813354492,2026-05-07 16:17:35.626411915+00:00,80.78467559814453,0.9121761322021484,0.0,-0.9680137038230896,59.869022369384766,46.26992034912109,59.130409240722656,51.25241088867188,81.89751434326172,80.07431030273438,80.06319427490234,81.65636444091797,24.943603515625,24.65188980102539,24.65011215209961,24.905017852783203,-0.0766800621795084,-0.2863306325445652,-0.0605999181258716,-0.185745819292077,simulator,event_window,False,simulated_measured
4,790.4216978549957,2026-05-07 16:17:35.641928434+00:00,79.93314361572266,0.8181588053703308,0.0,-0.8258191347122192,50.59592819213867,56.60745620727539,57.12697982788086,60.574440002441406,81.89643096923828,80.07194519042969,80.05886840820312,81.65213775634766,24.94342803955078,24.651512145996097,24.649417877197266,24.904342651367188,-0.2113801453419616,-0.1175826561264647,-0.0827598312810289,-0.0273934324499622,simulator,event_window,False,simulated_measured
4,790.4371066093445,2026-05-07 16:17:35.657337189+00:00,79.27935028076172,0.731131911277771,0.0,-0.9462053179740906,56.795711517333984,49.60129165649414,59.44963836669922,59.95297622680664,81.89494323730469,80.06989288330078,80.05440521240234,81.64817810058594,24.943191528320312,24.65118408203125,24.648704528808597,24.903709411621097,-0.1074460117740688,-0.2204208895713155,-0.0375950919957798,-0.0294333854351391,simulator,event_window,False,simulated_measured
4,790.452522277832,2026-05-07 16:17:35.672752857+00:00,78.73888397216797,0.6262430548667908,0.0,-0.9255881309509276,54.3453369140625,54.98362731933594,60.655120849609375,59.776588439941406,81.89349365234375,80.06778717041016,80.04991912841797,81.64439392089844,24.94295883178711,24.65084457397461,24.647987365722656,24.90310287475586,-0.1400918537506031,-0.1298954856260089,-0.0113401177637038,-0.0256464905529031,simulator,event_window,False,simulated_measured
4,790.4680709838867,2026-05-07 16:17:35.688301563+00:00,78.21702575683594,0.5048990845680237,0.0,-0.8268269300460815,50.99225997924805,54.69060134887695,61.496673583984375,59.37842178344727,81.89175415039062,80.06488800048828,80.044677734375,81.63956451416016,24.94268035888672,24.65038299560547,24.64714813232422,24.90233039855957,-0.1877644472254248,-0.1287582261259212,0.0090647187386909,-0.0256790612882121,simulator,event_window,False,simulated_measured
4,790.483640909195,2026-05-07 16:17:35.703871489+00:00,77.86908721923828,0.4924734830856323,0.0,-0.7824687957763672,54.33635711669922,49.65363311767578,60.98455429077149,58.960079193115234,81.89034271240234,80.06240844726562,80.04064178466797,81.63497161865234,24.942455291748047,24.649986267089844,24.646503448486328,24.901596069335938,-0.1306303650239196,-0.2054646275441465,0.0051328442623241,-0.0282206695400684,simulator,event_window,False,simulated_measured
4,790.4997274875641,2026-05-07 16:17:35.719958067+00:00,77.53697204589844,0.5045378804206848,0.0,-0.8226776123046875,52.78225326538086,53.25948333740234,60.64891815185547,58.24987411499024,81.88899993896484,80.05992889404297,80.03695678710938,81.63024139404297,24.94223976135254,24.64958953857422,24.64591217041016,24.90083885192871,-0.1518784042654435,-0.1441150266067153,0.0038825741725061,-0.0358139642862231,simulator,event_window,False,simulated_measured
4,790.5158653259277,2026-05-07 16:17:35.736095905+00:00,77.13340759277344,0.5171817541122437,0.0,-0.8177740573883057,56.43735504150391,49.7003173828125,60.09756088256836,57.29461288452149,81.8880386352539,80.05695343017578,80.03254699707031,81.62456512451172,24.94208526611328,24.649112701416016,24.645206451416016,24.89992904663086,-0.0884024133259463,-0.1971323972043822,-3.909164236126639e-05,-0.0466640846784686,simulator,event_window,False,simulated_measured
4,790.5315532684326,2026-05-07 16:17:35.751783848+00:00,76.83641052246094,0.5176988840103149,0.0,-0.7523473501205444,51.690208435058594,39.81467819213867,60.09293746948242,55.63542175292969,81.88749694824219,80.05447387695312,80.02880859375,81.61983489990234,24.941999435424805,24.64871597290039,24.644609451293945,24.899173736572266,-0.1618528978728485,-0.3543406699196303,0.0037488479410945,-0.0706934469165804,simulator,event_window,False,simulated_measured
4,790.547488451004,2026-05-07 16:17:35.767719030+00:00,76.56085205078125,0.5055780410766602,0.0,-0.738594114780426,56.08190536499024,27.7003116607666,59.65314865112305,53.65006256103515,81.88703155517578,80.05199432373047,80.02483367919922,81.61510467529297,24.941925048828125,24.64831924438477,24.64397430419922,24.89841651916504,-0.0873693823277654,-0.5491779112048487,-1.08036049302207e-05,-0.1006304949063322,simulator,event_window,False,simulated_measured
4,790.5625205039978,2026-05-07 16:17:35.782751083+00:00,76.31852722167969,0.4805491864681244,0.0,-0.6340848803520203,51.03816604614258,15.953858375549316,59.31903076171875,51.88664245605469,81.8864517211914,80.04951477050781,80.02045440673828,81.6103744506836,24.94183349609375,24.64792251586914,24.643272399902344,24.89765930175781,-0.1668098784313071,-0.7395268026171846,-0.0024543945673533,-0.1274300125141834,simulator,event_window,False,simulated_measured
4,790.5785822868347,2026-05-07 16:17:35.798812866+00:00,75.98467254638672,0.5327132344245911,0.0,-0.6154041290283203,53.34529113769531,9.174217224121094,58.0706672668457,52.04185485839844,81.88568878173828,80.0465316772461,80.01498413085938,81.60469818115234,24.94171142578125,24.647445678710938,24.642396926879883,24.896751403808597,-0.1253201414255831,-0.8495575794731614,-0.0191569606198672,-0.1209745399551958,simulator,event_window,False,simulated_measured
4,790.594624042511,2026-05-07 16:17:35.814854622+00:00,75.5772933959961,0.6908409595489502,0.0,-0.5114065408706665,49.82647705078125,17.583995819091797,57.39132308959961,51.46697235107422,81.88491821289062,80.04405212402344,80.01042938232422,81.59996795654297,24.941585540771484,24.647048950195312,24.64166831970215,24.89599609375,-0.1786128967854457,-0.7100964545829285,-0.0254063069631641,-0.1259989201051514,simulator,event_window,False,simulated_measured
4,790.6101560592651,2026-05-07 16:17:35.830386639+00:00,75.05634307861328,0.7634386420249939,0.0,-0.5926766991615295,49.7895736694336,29.622095108032227,55.7973518371582,51.952857971191406,81.88423919677734,80.0416030883789,80.00588989257812,81.5952377319336,24.941478729248047,24.646656036376957,24.640941619873047,24.89523696899414,-0.1735243942909338,-0.5082372136808441,-0.0458978352871373,-0.1116241869119121,simulator,event_window,False,simulated_measured
4,790.6261942386627,2026-05-07 16:17:35.846424818+00:00,74.47156524658203,0.803482711315155,0.0,-0.5684473514556885,52.00407791137695,42.45940399169922,54.07133483886719,52.91228485107422,81.88343048095703,80.03923034667969,80.00137329101562,81.59050750732422,24.941349029541016,24.646276473999023,24.640220642089844,24.894481658935547,-0.1299865815413485,-0.2895873252891839,-0.0681515153554597,-0.0881136457378409,simulator,event_window,False,simulated_measured
4,790.6417679786682,2026-05-07 16:17:35.861998558+00:00,73.77632904052734,0.8946614861488342,0.0,-0.9859437942504884,47.14658737182617,49.79852294921875,52.85173034667969,52.85173034667969,81.88287353515625,80.03656768798828,79.9959716796875,81.58483123779297,24.941259384155277,24.645851135253903,24.639354705810547,24.893573760986328,-0.2038181862089055,-0.15894052201217,-0.0805865282277245,-0.080573849407727,simulator,event_window,False,simulated_measured
4,790.6573722362518,2026-05-07 16:17:35.877602816+00:00,73.11563110351562,0.9146718382835388,0.0,-0.8965887427330017,55.509037017822266,47.04158401489258,53.60958099365234,50.80484390258789,81.88294219970703,80.03431701660156,79.99144744873047,81.5801010131836,24.94127082824707,24.645490646362305,24.63863182067871,24.89281463623047,-0.0541277315857732,-0.1983237941055291,-0.0589756223982792,-0.1081956804620256,simulator,event_window,False,simulated_measured
4,790.6733794212341,2026-05-07 16:17:35.893610001+00:00,72.48531341552734,0.8184585571289062,0.0,-1.0738482475280762,50.23931884765625,50.19393157958984,55.5459098815918,47.30489349365234,81.88331604003906,80.0322494506836,79.98687744140625,81.57537078857422,24.941329956054688,24.645160675048828,24.637901306152344,24.892059326171875,-0.1364792974216953,-0.1371635509649768,-0.0165081656739843,-0.1624114512669233,simulator,event_window,False,simulated_measured
4,790.6889202594757,2026-05-07 16:17:35.909150839+00:00,71.90908813476562,0.912196159362793,0.0,-1.203394055366516,50.15616989135742,46.254432678222656,54.70294952392578,48.2269401550293,81.884033203125,80.02999877929688,79.98234558105469,81.57064056396484,24.941444396972656,24.644798278808597,24.637176513671875,24.89130210876465,-0.1310003214598756,-0.1985122912785775,-0.0236721983017336,-0.1392429076340282,simulator,event_window,False,simulated_measured
4,790.7040178775787,2026-05-07 16:17:35.924248457+00:00,71.24601745605469,1.0,0.0,-1.2540041208267212,55.902931213378906,47.595664978027344,55.42309188842773,46.289188385009766,81.8853759765625,80.0277328491211,79.97795104980469,81.56591033935547,24.941659927368164,24.64443588256836,24.63647079467773,24.890544891357425,-0.0224183972598425,-0.1675961207022123,-0.001613151679738,-0.1661390111602505,simulator,event_window,False,simulated_measured
4,790.7195830345154,2026-05-07 16:17:35.939813614+00:00,70.60296630859375,1.0,0.0,-1.3302785158157349,46.10789108276367,40.09954833984375,53.36347198486328,48.78617477416992,81.88705444335938,80.02544403076172,79.97369384765625,81.5611801147461,24.94192886352539,24.64406967163086,24.635791778564453,24.889789581298828,-0.1863617756733228,-0.2923087553120047,-0.0299595939406484,-0.1131534055223029,simulator,event_window,False,simulated_measured
4,790.7346861362457,2026-05-07 16:17:35.954916716+00:00,69.78213500976562,1.0,0.0,-1.657455563545227,52.39221954345703,45.50910186767578,53.31938934326172,49.47823715209961,81.88951110839844,80.02316284179688,79.96936798095703,81.55644989013672,24.94232177734375,24.643707275390625,24.63509750366211,24.88903045654297,-0.0645909288410563,-0.1873916108576945,-0.0193599899507999,-0.0899931773999349,simulator,event_window,False,simulated_measured
4,790.7502229213715,2026-05-07 16:17:35.970453501+00:00,68.94900512695312,0.8322714567184448,0.0,-1.1516722440719604,54.63639450073242,43.54762268066406,51.3050422668457,50.46730041503906,81.89177703857422,80.02041625976562,79.96399688720703,81.55079650878906,24.942684173583984,24.643266677856445,24.634239196777344,24.888126373291016,-0.0127365462591825,-0.2130199251663322,-0.0450057868571314,-0.0605865944547576,simulator,event_window,False,simulated_measured
4,790.7659089565277,2026-05-07 16:17:35.986139536+00:00,68.37825775146484,0.9114995002746582,0.0,-1.1617965698242188,43.42747116088867,36.42474365234375,48.05987930297851,51.15995788574219,81.8929672241211,80.01812744140625,79.95953369140625,81.54646301269531,24.942874908447266,24.642900466918945,24.633525848388672,24.887434005737305,-0.2087284661179153,-0.3362481224027457,-0.0979443332459095,-0.0397444397908021,simulator,event_window,False,simulated_measured
4,790.7816398143768,2026-05-07 16:17:36.001870394+00:00,67.81207275390625,0.8879355192184448,0.0,-1.2040973901748655,49.48261642456055,44.12909698486328,50.243778228759766,49.645790100097656,81.89380645751953,80.01583862304688,79.95507049560547,81.5424575805664,24.94300842285156,24.642534255981445,24.6328125,24.88679313659668,-0.0908727645320158,-0.1891410571670658,-0.0490800365196807,-0.0603846766052992,simulator,event_window,False,simulated_measured
4,790.7970325946808,2026-05-07 16:17:36.017263174+00:00,67.2105941772461,0.9250308275222778,0.0,-1.3022966384887695,47.15572738647461,42.04762268066406,48.463375091552734,50.47946166992188,81.8941650390625,80.01358795166016,79.95056915283203,81.53863525390625,24.943065643310547,24.642173767089844,24.6320915222168,24.886180877685547,-0.1258705621505172,-0.2204732890753928,-0.0745677808015445,-0.0360563134810094,simulator,event_window,False,simulated_measured
4,790.812539100647,2026-05-07 16:17:36.032769680+00:00,66.46647644042969,0.8952658772468567,0.0,-1.4395568370819092,46.39090347290039,44.18373107910156,50.06425476074219,49.308712005615234,81.89495849609375,80.01095581054688,79.9451675415039,81.5340805053711,24.943193435668945,24.641754150390625,24.6312255859375,24.88545227050781,-0.130420672198676,-0.1717012228744664,-0.0332953808302656,-0.0478712362357713,simulator,event_window,False,simulated_measured
4,790.8279061317444,2026-05-07 16:17:36.048136711+00:00,65.79732513427734,0.875274658203125,0.0,-1.446557641029358,50.224571228027344,44.68427276611328,50.777679443359375,49.07768249511719,81.89566040039062,80.00878143310547,79.94075012207031,81.53018951416016,24.94330596923828,24.64140510559082,24.63051986694336,24.88483047485352,-0.0489857337528152,-0.1537985888692826,-0.0095482918287066,-0.0426946383113465,simulator,event_window,False,simulated_measured
4,790.8429596424103,2026-05-07 16:17:36.063190222+00:00,65.17430114746094,0.869412899017334,0.0,-1.4927544593811035,42.9214096069336,36.20179748535156,51.46102142333984,48.644493103027344,81.89677429199219,80.00658416748047,79.93663787841797,81.52600860595703,24.943483352661133,24.64105224609375,24.62986183166504,24.8841609954834,-0.1795037017170182,-0.3078805704677225,0.0133762304222799,-0.0420739527834286,simulator,event_window,False,simulated_measured
4,790.8586094379425,2026-05-07 16:17:36.078840017+00:00,64.5497817993164,0.8275189399719238,0.0,-1.6441174745559692,49.32270812988281,38.15019989013672,51.33688354492188,48.473876953125,81.89846801757812,80.0043716430664,79.93302917480469,81.521484375,24.943756103515625,24.64069938659668,24.629283905029297,24.88343811035156,-0.0480126704986073,-0.2635736342653783,0.0207124607475661,-0.0361983603965109,simulator,event_window,False,simulated_measured
4,790.8736963272095,2026-05-07 16:17:36.093926907+00:00,64.02545166015625,0.7953433990478516,0.0,-1.5663957595825195,49.43941116333008,23.01399612426757,50.67964172363281,48.39315414428711,81.90007019042969,80.00215911865234,79.9301986694336,81.51677703857422,24.944011688232425,24.64034652709961,24.62883186340332,24.88268280029297,-0.037945508906827,-0.5521148385898177,0.0158967699091239,-0.0299235498752905,simulator,event_window,False,simulated_measured
4,790.8892865180969,2026-05-07 16:17:36.109517097+00:00,63.56889724731445,0.814143717288971,0.0,-1.6739875078201294,43.76960372924805,3.590505838394165,50.0483512878418,47.6773681640625,81.90198516845703,79.99994659423828,79.92750549316406,81.51204681396484,24.944316864013672,24.639991760253903,24.628400802612305,24.88192749023437,-0.1421586633231896,-0.9296217847492309,0.0104475890923529,-0.0374079301007402,simulator,event_window,False,simulated_measured
4,790.9045197963715,2026-05-07 16:17:36.124750376+00:00,62.92691802978515,0.8217045068740845,0.0,-1.4498311281204224,49.80405044555664,0.0,49.204986572265625,48.19490432739258,81.90379333496094,79.99773406982422,79.92472076416016,81.50736999511719,24.94460678100586,24.639636993408203,24.62795639038086,24.881179809570312,-0.0139311602433822,-1.0,0.0035553951971303,-0.0170320814111712,simulator,event_window,False,simulated_measured
4,790.9199850559235,2026-05-07 16:17:36.140215635+00:00,62.36706161499024,0.7648455500602722,0.0,-1.3944028615951538,42.26629257202149,0.0,49.52940368652344,47.266414642333984,81.90531158447266,79.9955062866211,79.921875,81.502685546875,24.94485092163086,24.6392822265625,24.627498626708984,24.880428314208984,-0.1556589494072927,-1.0,0.0192401205801795,-0.0273153536296847,simulator,event_window,False,simulated_measured
4,790.9350836277008,2026-05-07 16:17:36.155314207+00:00,61.84429168701172,0.7223144769668579,0.0,-1.234212875366211,44.51714706420898,0.0,48.23909759521485,47.44786834716797,81.90654754638672,79.9932632446289,79.91873168945312,81.4980697631836,24.94504737854004,24.6389217376709,24.626996994018555,24.87969207763672,-0.1031770013521253,-1.0,0.0010787654254793,-0.0153275900147913,simulator,event_window,False,simulated_measured
4,790.9506838321686,2026-05-07 16:17:36.170914412+00:00,61.177242279052734,0.8475834727287292,0.0,-0.7909556031227112,45.45000076293945,8.854496002197266,47.78068161010742,46.2667350769043,81.90736389160156,79.99066925048828,79.91423797607422,81.49298095703125,24.945178985595703,24.63850784301757,24.626277923583984,24.878875732421875,-0.0744006705907213,-0.8196561903606745,0.0023771060860862,-0.0293701556362667,simulator,event_window,False,simulated_measured
4,790.9659209251404,2026-05-07 16:17:36.186151505+00:00,60.606082916259766,0.8975846171379089,0.0,-0.7764220237731934,39.11418151855469,21.3198356628418,46.82623672485352,45.6900520324707,81.90789794921875,79.98854064941406,79.90997314453125,81.48873901367188,24.945262908935547,24.638166427612305,24.62559509277344,24.878196716308597,-0.1959240660945529,-0.5616763270204916,-0.0083880885620738,-0.0324350666498945,simulator,event_window,False,simulated_measured
4,790.9815289974213,2026-05-07 16:17:36.201759577+00:00,59.91477584838867,0.9340288043022156,0.0,-0.572563111782074,46.93415832519531,37.15357208251953,46.01378631591797,45.256439208984375,81.90821838378906,79.98650360107422,79.9055404663086,81.48442840576172,24.945314407348636,24.637840270996097,24.62488555908203,24.87750816345215,-0.0240352596807098,-0.2273302223990834,-0.0143499988813873,-0.0305595765015764,simulator,event_window,False,simulated_measured
4,790.9976065158844,2026-05-07 16:17:36.217837095+00:00,59.2529525756836,0.9690539836883544,0.0,-0.8569438457489014,38.34067535400391,43.76876068115234,44.84397506713867,44.293495178222656,81.90836334228516,79.98503875732422,79.90107727050781,81.48006439208984,24.94533920288086,24.63760566711425,24.62417221069336,24.87681007385254,-0.1938259862090682,-0.0795895451717989,-0.028678950123289,-0.0405891210612509,simulator,event_window,False,simulated_measured
4,791.0136451721191,2026-05-07 16:17:36.233875751+00:00,58.49253463745117,0.0,0.0,-0.7722411155700684,48.672210693359375,45.43906021118164,44.00068664550781,44.00068664550781,81.9087142944336,79.98307037353516,79.89574432373047,81.47447967529297,24.94539451599121,24.637290954589844,24.62331771850586,24.87591552734375,0.036715672610005,-0.0320427228897912,-0.0345546231089156,-0.0345413095035285,simulator,event_window,False,simulated_measured
4,791.0292146205902,2026-05-07 16:17:36.249445200+00:00,58.13902282714844,0.0,0.0,-1.1142218112945557,47.50694274902344,44.90834426879883,46.90044403076172,44.10431671142578,81.9091796875,79.98140716552734,79.89131927490234,81.4697494506836,24.94546890258789,24.63702392578125,24.62261199951172,24.87516021728516,0.0180483101210711,-0.037531322451624,0.0353279074035068,-0.0263832131602984,simulator,event_window,False,simulated_measured
4,791.0453205108643,2026-05-07 16:17:36.265551090+00:00,57.93423843383789,0.0,0.0,-1.0688085556030271,48.107452392578125,44.71848678588867,47.270843505859375,44.06749725341797,81.90989685058594,79.97943115234375,79.8868637084961,81.46501922607422,24.94558334350586,24.63670921325684,24.621898651123047,24.87440299987793,0.0345609672550661,-0.0382125931067112,0.0471930322685443,-0.0237573729234968,simulator,event_window,False,simulated_measured
4,791.0613877773285,2026-05-07 16:17:36.281618357+00:00,57.78323745727539,0.0,0.0,-1.0715126991271973,48.31292724609375,44.68016052246094,46.72122573852539,43.977684020996094,81.91085052490234,79.97742462158203,79.88240051269531,81.46028900146484,24.945735931396484,24.63638687133789,24.62118530273437,24.873645782470703,0.0416948421699661,-0.0365256800689969,0.0377220660799137,-0.0232010882301649,simulator,event_window,False,simulated_measured
4,791.0774686336517,2026-05-07 16:17:36.297699213+00:00,57.589805603027344,0.0,0.0,-1.0742833614349363,48.329689025878906,44.50678634643555,47.0464973449707,43.56465530395508,81.91215515136719,79.9749984741211,79.87730407714844,81.4546127319336,24.945945739746097,24.63599967956543,24.62036895751953,24.872737884521484,0.0455562941105687,-0.0370407399576794,0.0484564048717861,-0.0291249225841887,simulator,event_window,False,simulated_measured
4,791.0935406684875,2026-05-07 16:17:36.313771248+00:00,57.44070816040039,0.0,0.0,-1.091746211051941,48.32792663574219,44.50678634643555,46.824806213378906,43.62227249145508,81.9132080078125,79.97297668457031,79.87318420410156,81.44988250732422,24.94611358642578,24.635677337646484,24.61970901489257,24.87198066711425,0.0482319928201351,-0.0345412101359835,0.0462245279247743,-0.0253174652911792,simulator,event_window,False,simulated_measured
4,791.1091275215149,2026-05-07 16:17:36.329358101+00:00,57.29153823852539,0.0,0.0,-1.0927070379257202,48.17964553833008,44.50678634643555,46.964820861816406,43.453590393066406,81.91409301757812,79.97095489501953,79.86907958984375,81.44515228271484,24.94625473022461,24.635353088378903,24.61905288696289,24.87122344970703,0.0477366846308036,-0.0320274460324967,0.0520851278777136,-0.0265584791422331,simulator,event_window,False,simulated_measured
4,791.1251573562622,2026-05-07 16:17:36.345387936+00:00,57.14092254638672,0.0,0.0,-1.1144320964813232,47.98014831542969,44.50678634643555,46.844200134277344,43.08393478393555,81.91484069824219,79.9685287475586,79.86418914794922,81.4394760131836,24.946372985839844,24.63496398925781,24.61827087402344,24.87031555175781,0.0461485823900882,-0.0294760021689731,0.0521490665418618,-0.0322954228716396,simulator,event_window,False,simulated_measured
4,791.1407470703125,2026-05-07 16:17:36.360977650+00:00,57.028953552246094,0.0,0.0,-1.1387256383895874,47.76189422607422,44.50678634643555,46.67854309082031,42.712379455566406,81.91522979736328,79.96650695800781,79.8601303100586,81.43474578857422,24.94643783569336,24.63463973999023,24.61762046813965,24.86956024169922,0.0434344528932535,-0.0275705034870287,0.0504867629042544,-0.0387573174938078,simulator,event_window,False,simulated_measured
4,791.1558170318604,2026-05-07 16:17:36.376047611+00:00,56.91553497314453,0.0,0.0,-1.210831880569458,47.49168395996094,44.34000778198242,46.48152923583984,42.535736083984375,81.91547393798828,79.96448516845703,79.85604095458984,81.42999267578125,24.946475982666016,24.63431739807129,24.616966247558597,24.868797302246097,0.039598823514499,-0.0292839011447466,0.0481375494136366,-0.0408250820590307,simulator,event_window,False,simulated_measured
4,791.1718912124634,2026-05-07 16:17:36.392121792+00:00,56.79196548461914,0.0,0.0120000001043081,-1.3710172176361084,47.30937576293945,43.57795333862305,46.32980728149414,42.37638854980469,81.91565704345703,79.96244049072266,79.85189056396484,81.42522430419922,24.946504592895508,24.63399124145508,24.61630249023437,24.86803436279297,0.0378613785292614,-0.0438914104190215,0.0469894095215936,-0.04233916643162,simulator,event_window,False,simulated_measured
4,791.1872029304504,2026-05-07 16:17:36.407433510+00:00,56.64961242675781,0.0,0.072000004351139,-1.438546061515808,47.19046401977539,43.452754974365234,46.1954345703125,42.55611801147461,81.91584014892578,79.96038055419922,79.84774017333984,81.42045593261719,24.946533203125,24.63365936279297,24.61563873291016,24.867271423339844,0.0378541766592723,-0.0442426132120269,0.0465760891667095,-0.0358607910050061,simulator,event_window,False,simulated_measured
4,791.2019965648651,2026-05-07 16:17:36.422227144+00:00,56.51094055175781,0.0,0.1320000141859054,-1.5207953453063965,47.27833938598633,43.42341232299805,46.15399169921875,42.71295928955078,81.91614532470703,79.95832061767578,79.84368133544922,81.41568756103516,24.946582794189453,24.633331298828125,24.614990234375,24.86650848388672,0.0423383359023432,-0.0425442704513929,0.0482030674364795,-0.029932824715914,simulator,event_window,False,simulated_measured
4,791.2180511951447,2026-05-07 16:17:36.438281775+00:00,56.38056945800781,0.0,0.2039999812841415,-1.5424814224243164,47.38753509521485,43.41138458251953,46.03110122680664,42.85503005981445,81.91680908203125,79.955810546875,79.83898162841797,81.40996551513672,24.94668960571289,24.63293075561523,24.61423683166504,24.86559295654297,0.0471615653343944,-0.040596122924821,0.0478294516583077,-0.0244556247073414,simulator,event_window,False,simulated_measured
4,791.2333509922028,2026-05-07 16:17:36.453581572+00:00,56.30084609985352,0.0,0.2639999687671661,-1.4631612300872805,47.57039260864258,43.39168167114258,45.95172882080078,43.127838134765625,81.91761779785156,79.9537353515625,79.83515930175781,81.40519714355469,24.94681930541992,24.632598876953125,24.613624572753903,24.864830017089844,0.0526908469593696,-0.0396736403656005,0.0475038504199478,-0.0168552814858901,simulator,event_window,False,simulated_measured
4,791.2491109371185,2026-05-07 16:17:36.469341516+00:00,56.245399475097656,0.0,0.3239999413490295,-1.3706188201904297,47.53477478027344,43.34598922729492,46.00456619262695,43.61542510986328,81.91856384277344,79.95166778564453,79.8313980102539,81.40042877197266,24.94696998596191,24.632266998291016,24.61302375793457,24.86406707763672,0.0529396197748459,-0.0397391949179916,0.0497421326067475,-0.0047600806078953,simulator,event_window,False,simulated_measured
4,791.263857126236,2026-05-07 16:17:36.484087706+00:00,56.21956634521485,0.0,0.3839999139308929,-1.2721126079559326,47.47169494628906,43.31316757202149,46.05427932739258,44.23844528198242,81.91954040527344,79.94955444335938,79.82767486572266,81.39566040039062,24.947126388549805,24.63192749023437,24.6124267578125,24.863304138183597,0.0520255307668744,-0.0400253961856869,0.051359379879345,0.0099201738275238,simulator,event_window,False,simulated_measured
4,791.2795965671539,2026-05-07 16:17:36.499827147+00:00,56.22582244873047,0.0,0.4439998865127563,-1.199818134307861,47.4362678527832,43.31274032592773,46.15982055664063,44.76364135742188,81.92047882080078,79.9474105834961,79.823974609375,81.3908920288086,24.9472770690918,24.63158416748047,24.611835479736328,24.86254119873047,0.0511234581584307,-0.0401416783524404,0.0536514989072325,0.0217961781209894,simulator,event_window,False,simulated_measured
4,791.2949714660645,2026-05-07 16:17:36.515202045+00:00,56.27091598510742,0.0,0.5039998888969421,-1.0705900192260742,47.396785736083984,43.41764831542969,46.28213882446289,45.11685943603515,81.92124938964844,79.94523620605469,79.82019805908203,81.38612365722656,24.947399139404297,24.631237030029297,24.61123275756836,24.861778259277344,0.0494069555747211,-0.0385878608866953,0.0555969586169826,0.029033609294643,simulator,event_window,False,simulated_measured
4,791.3106744289398,2026-05-07 16:17:36.530905007+00:00,56.37575912475586,0.0,0.5760000348091125,-0.8902038335800171,47.31027603149414,43.6300163269043,46.45865249633789,45.23550796508789,81.92192840576172,79.942626953125,79.81542205810547,81.38040161132812,24.947509765625,24.630821228027344,24.61046600341797,24.860862731933597,0.0455435126058569,-0.0356820249036642,0.0576522572528379,0.0298210194033174,simulator,event_window,False,simulated_measured
4,791.3257465362549,2026-05-07 16:17:36.545977116+00:00,56.505149841308594,0.0,0.6360001564025879,-0.7369575500488281,47.24595260620117,43.88666534423828,46.56563568115234,45.15275192260742,81.92225646972656,79.9404525756836,79.81129455566406,81.3756332397461,24.94756126403809,24.63047218322754,24.609806060791016,24.86009979248047,0.0417310563241197,-0.0322306989364927,0.0576602908803653,0.0255831494310732,simulator,event_window,False,simulated_measured
4,791.3412826061249,2026-05-07 16:17:36.561513186+00:00,56.65937805175781,0.0,0.6960002779960632,-0.6079953908920288,47.16177368164063,44.181827545166016,46.529544830322266,45.32347106933594,81.92240905761719,79.93827819824219,79.80703735351562,81.370849609375,24.947586059570312,24.63012313842773,24.60912704467773,24.859336853027344,0.037044421121573,-0.0283739215884838,0.0539638019789816,0.0266585844663522,simulator,event_window,False,simulated_measured
4,791.3573257923126,2026-05-07 16:17:36.577556372+00:00,56.82402038574219,0.0,0.7560003995895386,-0.488400787115097,47.11616134643555,44.51469421386719,46.52247619628906,45.86337661743164,81.9224853515625,79.93610382080078,79.8027114868164,81.36604309082031,24.94759750366211,24.62977600097656,24.60843276977539,24.858566284179688,0.0330396133418697,-0.0238900798365269,0.0507503883014897,0.0358783385749692,simulator,event_window,False,simulated_measured
4,791.3733520507812,2026-05-07 16:17:36.593582630+00:00,57.00440979003906,0.0,0.8160005211830139,-0.3746319413185119,47.06674575805664,44.837440490722656,46.603271484375,46.45942306518555,81.92256164550781,79.93392181396484,79.7983627319336,81.36125183105469,24.947608947753903,24.62942695617676,24.607738494873047,24.857799530029297,0.0286905516785775,-0.0199242368869478,0.0492443649220075,0.04602012963521,simulator,event_window,False,simulated_measured
4,791.389289855957,2026-05-07 16:17:36.609520435+00:00,57.25750350952149,0.0,0.8880006670951843,-0.2393009513616562,46.99689865112305,45.25936508178711,46.84884643554688,46.84884643554688,81.92265319824219,79.93126678466797,79.79314422607422,81.3555679321289,24.94762420654297,24.62900161743164,24.606903076171875,24.85689163208008,0.0226236298787818,-0.0150745980240297,0.0501109511875377,0.0501254323411601,simulator,event_window,False,simulated_measured
4,791.4046676158905,2026-05-07 16:17:36.624898195+00:00,57.50117492675781,0.0,0.9480007886886596,-0.1495949923992157,46.98308944702149,45.6411247253418,47.01216125488281,47.01216125488281,81.9227294921875,79.9290542602539,79.7887954711914,81.35089874267578,24.94763565063477,24.62864875793457,24.6062068939209,24.856143951416016,0.0179908745935344,-0.0109758213295263,0.0493060881440385,0.049320558198505,simulator,event_window,False,simulated_measured
4,791.4198324680328,2026-05-07 16:17:36.640063047+00:00,57.76643371582031,0.0,1.0,-0.0639423877000808,46.958614349365234,46.07775115966797,47.19330978393555,47.19330978393555,81.92280578613281,79.92683410644531,79.78445434570312,81.34626770019531,24.947649002075195,24.62829208374023,24.605512619018555,24.855403900146484,0.0127884717464605,-0.0060992737027747,0.0485124079345207,0.0485268670440437,simulator,event_window,False,simulated_measured
4,791.4358711242676,2026-05-07 16:17:36.656101704+00:00,58.04888534545898,0.0,1.0,-0.0723180025815963,47.03853225708008,46.44417953491211,47.26725006103515,47.26725006103515,81.92288208007812,79.9245834350586,79.78014373779297,81.34169006347656,24.947662353515625,24.627933502197266,24.60482406616211,24.854671478271484,0.0095757488115051,-0.0030699201447604,0.0450453709640581,0.0450597822627329,simulator,event_window,False,simulated_measured
4,791.4514055252075,2026-05-07 16:17:36.671636105+00:00,58.338287353515625,0.0,1.0,-0.0705252885818481,47.14895248413086,46.81173324584961,47.29558563232422,47.29558563232422,81.92295837402344,79.92233276367188,79.77580261230469,81.33715057373047,24.947673797607425,24.627573013305664,24.604127883911133,24.85394287109375,0.006925653809694,-0.0001649992768809,0.0404845274577125,0.0404988758618187,simulator,event_window,False,simulated_measured
4,791.4666340351105,2026-05-07 16:17:36.686864614+00:00,58.67561340332031,0.0,1.0,-0.0536799132823944,47.32291412353515,47.13684844970703,47.501251220703125,47.501251220703125,81.92304992675781,79.91960144042969,79.77059173583984,81.33170318603516,24.947689056396484,24.62713623046875,24.603294372558597,24.853073120117188,0.0048306519464136,0.0009910479188195,0.03900133423689,0.039015662187587,simulator,event_window,False,simulated_measured
4,791.4821677207947,2026-05-07 16:17:36.702398300+00:00,58.94862365722656,0.0,1.0,0.0084564834833145,47.47269821166992,47.35581207275391,47.74918746948242,47.74918746948242,81.923095703125,79.91731262207031,79.76628112792969,81.32716369628906,24.947694778442383,24.62677001953125,24.60260391235352,24.85234642028809,0.0033426636745892,0.0009834762993266,0.0395874080196168,0.0396017440523404,simulator,event_window,False,simulated_measured
4,791.4982483386993,2026-05-07 16:17:36.718478918+00:00,59.22087478637695,0.0,1.0,0.067737191915512,47.63599395751953,47.66945266723633,48.001277923583984,48.001277923583984,81.9231185913086,79.91502380371094,79.76197052001953,81.32262420654297,24.94769859313965,24.62640380859375,24.60191535949707,24.851619720458984,0.0021654951639382,0.0029808399082318,0.040271440537668,0.0402857860032803,simulator,event_window,False,simulated_measured
4,791.513409614563,2026-05-07 16:17:36.733640194+00:00,59.497955322265625,0.0,1.0,0.1169003993272781,47.798526763916016,47.86552810668945,48.20707321166992,48.20707321166992,81.92311096191406,79.91273498535156,79.75768280029297,81.31812286376953,24.947696685791016,24.62603759765625,24.60122871398925,24.85089874267578,0.0009018741692674,0.002416261363912,0.0398660947501694,0.0398804346260157,simulator,event_window,False,simulated_measured
4,791.529129743576,2026-05-07 16:17:36.749360323+00:00,59.77466583251953,0.0,1.0,0.155840203166008,47.9703254699707,48.14929962158203,48.41944122314453,48.41944122314453,81.92304992675781,79.91041564941406,79.75336456298828,81.31362915039062,24.947689056396484,24.625667572021484,24.60053825378418,24.850181579589844,-0.0001507140215859,0.0036911780868864,0.0396120641795418,0.0396264005522768,simulator,event_window,False,simulated_measured
4,791.5443699359894,2026-05-07 16:17:36.764600515+00:00,60.046119689941406,0.0,1.0,0.1949542611837387,48.09717559814453,48.434844970703125,48.668941497802734,48.668941497802734,81.9229736328125,79.90809631347656,79.74903106689453,81.30917358398438,24.94767570495605,24.62529563903809,24.59984588623047,24.84946823120117,-0.0020387940972166,0.0050791318670351,0.0402450252712289,0.0402593703725717,simulator,event_window,False,simulated_measured
4,791.559629201889,2026-05-07 16:17:36.779859781+00:00,60.37138366699219,0.0,1.0,0.2469694912433624,48.2790641784668,48.75019454956055,48.98246383666992,48.98246383666992,81.92288208007812,79.9052963256836,79.74378204345703,81.30386352539062,24.947662353515625,24.62484741210937,24.5990047454834,24.848617553710938,-0.0036618812246291,0.0061726616496811,0.0413055692197121,0.0413199289460808,simulator,event_window,False,simulated_measured
4,791.5753710269928,2026-05-07 16:17:36.795601606+00:00,60.64186477661133,0.0,1.0,0.3035625517368316,48.43123245239258,49.03086471557617,49.24358749389648,49.24358749389648,81.92280578613281,79.9029312133789,79.73936462402344,81.29945373535156,24.947649002075195,24.62446975708008,24.598297119140625,24.8479118347168,-0.0049795517937618,0.0074518402429049,0.0421874311945338,0.0422018030818829,simulator,event_window,False,simulated_measured
4,791.5912175178528,2026-05-07 16:17:36.811448097+00:00,60.88766479492188,0.0,0.0,0.3489255011081695,48.5943603515625,49.30897903442383,46.03996658325195,46.4454345703125,81.9227066040039,79.9005355834961,79.73487854003906,81.29503631591797,24.9476318359375,24.62408447265625,24.597579956054688,24.847206115722656,-0.0056584567668401,0.0090762437972415,-0.0295472925211865,-0.0209871414522375,simulator,event_window,False,simulated_measured
4,791.6063196659088,2026-05-07 16:17:36.826550245+00:00,60.80335235595703,0.0,0.0,0.3986201286315918,48.446964263916016,49.2158203125,46.43312072753906,47.49480438232422,81.92259216308594,79.89815521240234,79.73037719726562,81.29054260253906,24.947614669799805,24.62370491027832,24.596858978271484,24.84648704528809,-0.0072998739729852,0.0085663942794478,-0.0199030380884038,0.0025204999276124,simulator,event_window,False,simulated_measured
4,791.6219375133514,2026-05-07 16:17:36.842168093+00:00,60.62863540649414,0.0,0.0,0.3839144706726074,48.11796951293945,48.99980545043945,47.42501831054688,48.08047866821289,81.92249298095703,79.895751953125,79.72587585449219,81.28598022460938,24.94759750366211,24.623321533203125,24.59613990783691,24.84575653076172,-0.0111998314937226,0.0070333463258243,0.0039183858917097,0.0178075600288682,simulator,event_window,False,simulated_measured
4,791.6373767852783,2026-05-07 16:17:36.857607365+00:00,60.59458160400391,0.0,0.0,0.4005403816699981,48.03815078735352,49.04415130615234,46.67247772216797,47.54577255249024,81.9223403930664,79.89335632324219,79.72138214111328,81.28134155273438,24.94757461547852,24.622936248779297,24.595420837402344,24.845014572143555,-0.0122852881766751,0.008511191787528,-0.0114565558537208,0.0070540969262475,simulator,event_window,False,simulated_measured
4,791.6535131931305,2026-05-07 16:17:36.873743773+00:00,60.52167510986328,0.0,0.0,0.4615541100502014,47.86502456665039,48.97945785522461,46.48941802978515,47.53534698486328,81.92215728759766,79.89042663574219,79.7159423828125,81.2757568359375,24.94754409790039,24.622467041015625,24.59455108642578,24.84412002563477,-0.0146593975931867,0.0083941636167284,-0.0141476772510825,0.0080461418478301,simulator,event_window,False,simulated_measured
4,791.6687970161438,2026-05-07 16:17:36.889027596+00:00,60.435665130615234,0.0,0.0,0.5170062780380249,47.72953414916992,48.949684143066406,46.49658966064453,47.596561431884766,81.92200469970703,79.88800048828125,79.7114028930664,81.27106475830078,24.9475212097168,24.622079849243164,24.59382438659668,24.84337043762207,-0.0160502447339904,0.0092154191735085,-0.0125923481288413,0.0107807346873425,simulator,event_window,False,simulated_measured
4,791.6841192245483,2026-05-07 16:17:36.904349804+00:00,60.36012649536133,0.0,0.0,0.5938997268676758,47.5998420715332,48.99420547485352,46.29424285888672,47.555057525634766,81.9218521118164,79.88572692871094,79.70687866210938,81.26636505126953,24.94749641418457,24.621715545654297,24.593101501464844,24.84261703491211,-0.0174958280633137,0.0113974808039816,-0.0156590819434919,0.0111631946649592,simulator,event_window,False,simulated_measured
4,791.6996765136719,2026-05-07 16:17:36.919907093+00:00,60.28083419799805,0.0,0.0,0.6651924848556519,47.4755973815918,49.04986953735352,46.11558532714844,47.58890151977539,81.92169952392578,79.88361358642578,79.70233917236328,81.26165008544922,24.947471618652344,24.62137794494629,24.59237289428711,24.84186363220215,-0.0187713572912039,0.0138784505927824,-0.0181680375898166,0.0132138315125893,simulator,event_window,False,simulated_measured
4,791.7157590389252,2026-05-07 16:17:36.935989618+00:00,60.1756477355957,0.0,0.0,0.72905433177948,47.348087310791016,49.1268424987793,46.007659912109375,47.61321258544922,81.92151641845703,79.88114929199219,79.69689178466797,81.25605773925781,24.94744110107422,24.620983123779297,24.591503143310547,24.84096908569336,-0.0196961717357426,0.0172445404852688,-0.0187536261475815,0.015503430613909,simulator,event_window,False,simulated_measured
4,791.7313175201416,2026-05-07 16:17:36.951548100+00:00,60.08687210083008,0.0,0.0,0.7686254382133484,47.216190338134766,49.145809173583984,45.86406326293945,47.67212677001953,81.9213638305664,79.879150390625,79.69235229492188,81.25144958496094,24.947418212890625,24.620662689208984,24.590776443481445,24.840232849121097,-0.0209826719212729,0.0191407868002781,-0.0203710176399966,0.0182621801116085,simulator,event_window,False,simulated_measured
4,791.747346162796,2026-05-07 16:17:36.967576742+00:00,59.99803924560547,0.0,0.0,0.8115097880363464,47.098907470703125,49.16774368286133,45.74451446533203,47.6805305480957,81.92119598388672,79.87721252441406,79.68778228759766,81.24689483642578,24.94739151000977,24.62035369873047,24.59004592895508,24.83950424194336,-0.0219685778495685,0.0211052537720246,-0.021477854476171,0.0199495829167368,simulator,event_window,False,simulated_measured
4,791.762369632721,2026-05-07 16:17:36.982600212+00:00,59.90718078613281,0.0,0.0,0.8502466082572937,46.98133087158203,49.17664337158203,45.626502990722656,47.68414688110352,81.92096710205078,79.87530517578125,79.6832046508789,81.24239349365234,24.94735336303711,24.62004852294922,24.58931350708008,24.83878326416016,-0.0229304801602679,0.0228390242018174,-0.0225219903107535,0.0215739689005178,simulator,event_window,False,simulated_measured
4,791.778427362442,2026-05-07 16:17:36.998657942+00:00,59.826454162597656,0.0,0.0,0.8685297966003418,46.86640167236328,49.21195983886719,45.47501754760742,47.743560791015625,81.92076110839844,79.87339782714844,79.67862701416016,81.23774719238281,24.947322845458984,24.61974334716797,24.58858108520508,24.83803939819336,-0.0240054794656272,0.0249547370219718,-0.0244527565771633,0.024227013480409,simulator,event_window,False,simulated_measured
4,791.7945320606232,2026-05-07 16:17:37.014762640+00:00,59.73188018798828,0.0,0.0,0.8541747331619263,46.72396469116211,49.26211929321289,45.380950927734375,47.787445068359375,81.92046356201172,79.87107849121094,79.67310333251953,81.2320785522461,24.94727325439453,24.619373321533203,24.587696075439453,24.83713150024414,-0.0254311311698164,0.0276238988440942,-0.0249293123259742,0.0267916061389841,simulator,event_window,False,simulated_measured
4,791.8096418380737,2026-05-07 16:17:37.029872417+00:00,59.65528106689453,0.0,0.0,0.8645619750022888,46.65493392944336,49.27368927001953,45.29705429077149,47.82871627807617,81.92015838623047,79.86913299560547,79.66848754882812,81.22734832763672,24.94722557067871,24.619060516357425,24.586957931518555,24.836376190185547,-0.0256214493536484,0.0291850613072144,-0.0254822396887224,0.0289979547707424,simulator,event_window,False,simulated_measured
4,791.824901342392,2026-05-07 16:17:37.045131922+00:00,59.57678985595703,0.0,0.0,0.917277693748474,46.54946899414063,49.32607269287109,45.20848846435547,47.85639572143555,81.91985321044922,79.8671646118164,79.66387176513672,81.22259521484375,24.94717597961425,24.618745803833008,24.586219787597656,24.83561515808105,-0.026543240441996,0.0316365716477757,-0.0261062418470868,0.0309499251271634,simulator,event_window,False,simulated_measured
4,791.8415451049805,2026-05-07 16:17:37.061775684+00:00,59.48381805419922,0.0,0.0,0.9681416749954224,46.405948638916016,49.29519271850586,45.08576583862305,47.84585952758789,81.91948699951172,79.86475372314453,79.65833282470703,81.21694946289062,24.94711685180664,24.61836051940918,24.5853328704834,24.83471298217773,-0.0280277832066551,0.0326021425437577,-0.027231925734705,0.0323339440040464,simulator,event_window,False,simulated_measured
4,791.8571391105652,2026-05-07 16:17:37.077369690+00:00,59.40338516235352,0.0,0.0,1.0110204219818115,46.321556091308594,49.30667495727539,44.96188735961914,47.84146118164063,81.91918182373047,79.86273193359375,79.65371704101562,81.21231842041016,24.94706916809082,24.61803817749023,24.5845947265625,24.83397102355957,-0.0284817158115114,0.034241145949454,-0.0285912006022885,0.0336367081927451,simulator,event_window,False,simulated_measured
4,791.8722505569458,2026-05-07 16:17:37.092481136+00:00,59.32100677490234,0.0,0.0,1.0866776704788208,46.22061538696289,49.22993087768555,44.865177154541016,47.80805206298828,81.91887664794922,79.86073303222656,79.64910125732422,81.2077407836914,24.947021484375,24.61771774291992,24.58385467529297,24.83323860168457,-0.0292525845766262,0.0340653896367975,-0.0293345576750039,0.0343492856739391,simulator,event_window,False,simulated_measured
4,791.8875443935394,2026-05-07 16:17:37.107774973+00:00,59.23523712158203,0.0,0.0,1.130469560623169,46.117767333984375,49.229278564453125,44.78346252441406,47.74370956420898,81.91857147216797,79.85877990722656,79.64448547363281,81.2032699584961,24.946971893310547,24.61740493774414,24.583118438720703,24.832523345947266,-0.0300101825318827,0.0355489429178508,-0.0296995520090012,0.0344528762396321,simulator,event_window,False,simulated_measured
4,791.903491973877,2026-05-07 16:17:37.123722553+00:00,59.14909744262695,0.0,0.0,1.1901543140411377,46.01586151123047,49.17809295654297,44.64593124389648,47.70236206054688,81.91826629638672,79.85689544677734,79.6398696899414,81.19888305664062,24.946922302246097,24.61710357666016,24.58237838745117,24.83182144165039,-0.0307440675919233,0.0359787589105182,-0.0312706492342945,0.0350621925018939,simulator,event_window,False,simulated_measured
4,791.9191634654999,2026-05-07 16:17:37.139394045+00:00,59.05733489990234,0.0,0.0,1.2185864448547363,45.891448974609375,49.13883590698242,44.54054641723633,47.640846252441406,81.91796112060547,79.85506439208984,79.63518524169922,81.194580078125,24.94687271118164,24.616809844970703,24.58163070678711,24.831132888793945,-0.0318626874592894,0.0367601812339286,-0.0320556472720005,0.0353335940345547,simulator,event_window,False,simulated_measured
4,791.9352376461029,2026-05-07 16:17:37.155468225+00:00,58.93834686279297,0.0,0.0,1.2801190614700315,45.75226593017578,49.12264633178711,44.38545608520508,47.616695404052734,81.91754913330078,79.85318756103516,79.62955474853516,81.18944549560547,24.946807861328125,24.61650848388672,24.58072853088379,24.830310821533203,-0.0328503252429406,0.0385109839658452,-0.0334786967825012,0.0368978762970308,simulator,event_window,False,simulated_measured
4,791.9508483409882,2026-05-07 16:17:37.171078920+00:00,58.834922790527344,0.0,0.0,1.305884838104248,45.61235427856445,49.12164306640625,44.24613571166992,47.59730911254883,81.91720581054688,79.85173797607422,79.62486267089844,81.18517303466797,24.946752548217773,24.61627769470215,24.579978942871097,24.829627990722656,-0.0341129716162784,0.0403153024681448,-0.0348188012015749,0.0382977100326527,simulator,event_window,False,simulated_measured
4,791.9664463996887,2026-05-07 16:17:37.186676979+00:00,58.72949600219727,0.0,0.0,1.3190430402755735,45.48320007324219,49.04897689819336,44.12237930297851,47.58601760864258,81.91686248779297,79.8503189086914,79.62017059326172,81.1808090209961,24.946697235107425,24.616050720214844,24.57922744750977,24.828929901123047,-0.0351189621714564,0.0406410864268966,-0.0357906375071268,0.039914826834225,simulator,event_window,False,simulated_measured
4,791.982040643692,2026-05-07 16:17:37.202271223+00:00,58.62173461914063,0.0,0.0,1.3197681903839111,45.36147689819336,49.01676177978515,44.00133895874024,47.55847930908203,81.91651916503906,79.84888458251953,79.615478515625,81.17636108398438,24.946643829345703,24.615821838378903,24.57847595214844,24.82821655273437,-0.0359322533285604,0.041869300347491,-0.0366681452382386,0.0412235389956598,simulator,event_window,False,simulated_measured
4,791.9971399307251,2026-05-07 16:17:37.217370510+00:00,58.51362991333008,0.0,0.0,1.3188873529434204,45.222354888916016,48.979942321777344,43.8543701171875,47.55083847045898,81.91617584228516,79.84745025634766,79.61078643798828,81.17184448242188,24.94658660888672,24.61559295654297,24.57772445678711,24.82749557495117,-0.0371133489763993,0.0430101106642939,-0.0381119455438592,0.0429796191881015,simulator,event_window,False,simulated_measured
4,792.0126991271973,2026-05-07 16:17:37.232929707+00:00,58.383392333984375,0.0,0.0,1.294965744018555,45.08437728881836,48.90620040893555,43.70495223999024,47.5193977355957,81.91576385498047,79.84565734863281,79.60515594482422,81.16634368896484,24.946521759033203,24.615304946899418,24.576824188232425,24.82661437988281,-0.0379098189917751,0.0437629742861922,-0.0392508288731501,0.0446150658927229,simulator,event_window,False,simulated_measured
4,792.0287554264069,2026-05-07 16:17:37.248986006+00:00,58.27554702758789,0.0,0.0,1.2939510345458984,44.95075607299805,48.82685470581055,43.583290100097656,47.47180938720703,81.91542053222656,79.84412384033203,79.6004638671875,81.1617660522461,24.946468353271484,24.61505889892578,24.576072692871097,24.82588195800781,-0.0389860880889267,0.0439980314802483,-0.0401522583495987,0.0455001741311369,simulator,event_window,False,simulated_measured
4,792.0438957214355,2026-05-07 16:17:37.264126301+00:00,58.164772033691406,0.0,0.0,1.2939085960388184,44.826507568359375,48.86984634399414,43.47168731689453,47.42653274536133,81.91507720947266,79.84252166748047,79.59577178955078,81.15717315673828,24.9464111328125,24.614803314208984,24.5753231048584,24.82514762878418,-0.0398172341526386,0.0469073112973787,-0.0407867675074011,0.0464922787831305,simulator,event_window,False,simulated_measured
4,792.0599846839905,2026-05-07 16:17:37.280215263+00:00,58.058780670166016,0.0,0.0,1.270838975906372,44.720733642578125,48.90131378173828,43.3599853515625,47.34808349609375,81.91473388671875,79.84088897705078,79.59107971191406,81.15263366699219,24.94635772705078,24.61454200744629,24.574573516845703,24.82442092895508,-0.0403341480963496,0.0494938691610127,-0.0415048704649745,0.0466685560774393,simulator,event_window,False,simulated_measured
4,792.0761318206787,2026-05-07 16:17:37.296362400+00:00,57.94270324707031,0.0,0.0359999984502792,1.243849277496338,44.63366317749024,48.89999771118164,43.27494812011719,47.341922760009766,81.91432189941406,79.83897399902344,79.58544921875,81.14713287353516,24.946290969848636,24.614234924316406,24.573671340942383,24.82353973388672,-0.0402838314227782,0.0515680334357528,-0.0414682620872507,0.0486289007540547,simulator,event_window,False,simulated_measured
4,792.0917060375214,2026-05-07 16:17:37.311936617+00:00,57.86125183105469,0.0,0.0960000082850456,1.2285025119781494,44.60054397583008,48.83444213867188,43.57547378540039,47.271121978759766,81.91397094726562,79.83740997314453,79.58075714111328,81.142578125,24.94623565673828,24.613985061645508,24.572921752929688,24.822811126708984,-0.039645970661183,0.0516366064901523,-0.0334529788767336,0.0485346051757868,simulator,event_window,False,simulated_measured
4,792.1077823638916,2026-05-07 16:17:37.328012943+00:00,57.80728149414063,0.0,0.1560000032186508,1.1913307905197144,44.59230422973633,48.7728385925293,43.8236198425293,47.274017333984375,81.91358947753906,79.83580780029297,79.57606506347656,81.13810729980469,24.94617462158203,24.61372947692871,24.57217025756836,24.822097778320312,-0.0389269465527738,0.0512905865700628,-0.0270413229074427,0.0495778262279846,simulator,event_window,False,simulated_measured
4,792.123851776123,2026-05-07 16:17:37.344082355+00:00,57.78500747680664,0.0,0.2159999758005142,1.098198413848877,44.676063537597656,48.640750885009766,44.10294723510742,47.204097747802734,81.9132080078125,79.83422088623047,79.57137298583984,81.13368225097656,24.94611358642578,24.613475799560547,24.57141876220703,24.821388244628903,-0.0367505743925424,0.0488475943583945,-0.0204623504771931,0.0484294471144934,simulator,event_window,False,simulated_measured
4,792.139447927475,2026-05-07 16:17:37.359678507+00:00,57.7967643737793,0.0,0.2879999577999115,0.9430617094039916,44.81216812133789,48.47584533691406,44.4808464050293,47.18185043334961,81.9127426147461,79.83219909667969,79.56574249267578,81.12837219238281,24.94603729248047,24.61315155029297,24.570518493652344,24.820539474487305,-0.0340125966406916,0.0450790809567449,-0.0122700768540225,0.0477221529888938,simulator,event_window,False,simulated_measured
4,792.1544952392578,2026-05-07 16:17:37.374725819+00:00,57.83577346801758,0.0,0.3479999303817749,0.7916437387466431,44.98652648925781,48.33317947387695,44.8690299987793,47.13033676147461,81.91231536865234,79.83038330078125,79.56105041503906,81.12391662597656,24.94597053527832,24.61286163330078,24.569766998291016,24.819826126098636,-0.0309081388155196,0.0413005711238332,-0.0043221929367648,0.0458723417432844,simulator,event_window,False,simulated_measured
4,792.1705777645111,2026-05-07 16:17:37.390808344+00:00,57.90119552612305,0.0,0.4079999029636383,0.6923855543136597,45.29200744628906,48.04876327514648,45.2182731628418,47.11579895019531,81.91185760498047,79.82839965820312,79.55635833740234,81.1194076538086,24.94589614868164,24.61254501342773,24.56901741027832,24.81910514831543,-0.025429925494965,0.0340034134046356,0.0022940134269906,0.0443683746712728,simulator,event_window,False,simulated_measured
4,792.1866707801819,2026-05-07 16:17:37.406901360+00:00,58.00644302368164,0.0,0.4799998700618744,0.7491323947906494,45.58709716796875,47.9218635559082,45.68004989624024,47.075660705566406,81.91130828857422,79.82582092285156,79.55072784423828,81.11396789550781,24.94580841064453,24.612131118774418,24.568115234375,24.81823348999023,-0.020860127848564,0.0294013955125163,0.0106924668575325,0.041585372077262,simulator,event_window,False,simulated_measured
4,792.20219373703,2026-05-07 16:17:37.422424316+00:00,58.11702728271485,0.0,0.5399999618530273,0.7811390161514282,45.75726318359375,47.911258697509766,46.06486892700195,47.08055877685547,81.91085052490234,79.82357788085938,79.54603576660156,81.10938262939453,24.945735931396484,24.611772537231445,24.567365646362305,24.81750106811523,-0.019075274785825,0.0272152973682915,0.0172674356300075,0.0397116255366973,simulator,event_window,False,simulated_measured
4,792.2172992229462,2026-05-07 16:17:37.437529802+00:00,58.243255615234375,0.0,0.6000000834465027,0.7979779243469238,45.93974304199219,47.86997604370117,46.55074691772461,47.10381317138672,81.91039276123047,79.82122039794922,79.54134368896484,81.10478210449219,24.94566345214844,24.61139488220215,24.56661605834961,24.81676483154297,-0.0172977472780299,0.0241058737256611,0.0257693196289134,0.0379707285937063,simulator,event_window,False,simulated_measured
4,792.2337167263031,2026-05-07 16:17:37.453947306+00:00,58.37012481689453,0.0,0.0,0.7629633545875549,46.05898284912109,47.95982360839844,43.50933074951172,46.62228393554688,81.90992736816406,79.81876373291016,79.53665161132812,81.10021209716797,24.945587158203125,24.61100196838379,24.56586456298828,24.81603240966797,-0.0168885515670236,0.0237979243195476,-0.0433337002957509,0.0251268441601517,simulator,event_window,False,simulated_measured
4,792.2485773563385,2026-05-07 16:17:37.468807936+00:00,58.331661224365234,0.0,0.0,0.7623870372772217,45.99542999267578,47.87643051147461,44.50721740722656,45.91309356689453,81.90943145751953,79.8162841796875,79.5319595336914,81.09561920166016,24.94550895690918,24.610605239868164,24.565113067626957,24.81529998779297,-0.0175976990111725,0.022691645778752,-0.0207472666263585,0.0101989071241435,simulator,event_window,False,simulated_measured
4,792.2637481689453,2026-05-07 16:17:37.483978748+00:00,58.20647811889648,0.0,0.0,0.7478014826774597,45.80045318603515,47.71480941772461,44.7138900756836,46.76991271972656,81.908935546875,79.8138198852539,79.52726745605469,81.091064453125,24.94543075561523,24.61021041870117,24.564361572265625,24.81457138061523,-0.0196582790931014,0.0214312971548709,-0.0140841995480847,0.0312641493930683,simulator,event_window,False,simulated_measured
4,792.2789793014526,2026-05-07 16:17:37.499209881+00:00,58.15237808227539,0.0,0.0,0.831124484539032,45.72656631469727,47.775726318359375,44.56654357910156,46.19515609741211,81.90841674804688,79.81161499023438,79.52253723144531,81.0865249633789,24.94534683227539,24.60985946655273,24.56360626220703,24.8138427734375,-0.0203292447689062,0.0236868118779842,-0.0164189159771112,0.0195385291085248,simulator,event_window,False,simulated_measured
4,792.2942118644714,2026-05-07 16:17:37.514442444+00:00,58.08789443969727,0.0,0.0,0.8876311779022217,45.65372085571289,47.80550765991211,44.172943115234375,46.29588317871094,81.90788269042969,79.8096694946289,79.51778411865234,81.08201599121094,24.94526100158691,24.609546661376957,24.56284523010254,24.813121795654297,-0.0208041208314706,0.0254620422798097,-0.0240234210868917,0.0228958630434912,simulator,event_window,False,simulated_measured
4,792.3099768161774,2026-05-07 16:17:37.530207396+00:00,57.98532485961914,0.0,0.0,0.9186357855796814,45.499019622802734,47.80573272705078,44.18451690673828,46.36015701293945,81.90727233886719,79.80746459960938,79.5120849609375,81.07659912109375,24.94516372680664,24.609193801879883,24.56193351745605,24.812255859375,-0.02239598416846,0.0272808067852086,-0.0220408584311678,0.0261278780552325,simulator,event_window,False,simulated_measured
4,792.3251321315765,2026-05-07 16:17:37.545362711+00:00,57.90447235107422,0.0,0.0,0.9144543409347534,45.42642211914063,47.85118865966797,44.08296585083008,46.32171630859375,81.90673828125,79.8056640625,79.50735473632812,81.07201385498047,24.945077896118164,24.608905792236328,24.561176300048828,24.8115234375,-0.0225929746137626,0.0296933583992897,-0.0229261471089802,0.0267086410752976,simulator,event_window,False,simulated_measured
4,792.3407559394836,2026-05-07 16:17:37.560986519+00:00,57.82854080200195,0.0,0.0,0.9140551686286926,45.31249237060547,47.77959442138672,43.93075180053711,46.37730026245117,81.90620422363281,79.80371856689453,79.50260162353516,81.06736755371094,24.944992065429688,24.60859489440918,24.56041717529297,24.810779571533203,-0.0237641555879519,0.0295027585946401,-0.0250213716251136,0.0292903783884865,simulator,event_window,False,simulated_measured
4,792.3560345172882,2026-05-07 16:17:37.576265097+00:00,57.742977142333984,0.0,0.0,0.8623648881912231,45.21359252929688,47.76496887207031,43.89496994018555,46.33037567138672,81.90567016601562,79.80158233642578,79.49783325195312,81.06267547607422,24.944908142089844,24.608253479003903,24.559654235839844,24.810028076171875,-0.0244514741909092,0.0307126754476496,-0.0243719489999466,0.0297726028753135,simulator,event_window,False,simulated_measured
4,792.3712208271027,2026-05-07 16:17:37.591451406+00:00,57.66157531738281,0.0,0.0,0.8257002830505371,45.0840072631836,47.6978759765625,43.760963439941406,46.313663482666016,81.90513610839844,79.79924011230469,79.4930648803711,81.0579833984375,24.94482040405273,24.607879638671875,24.55889129638672,24.809276580810547,-0.0258742120939839,0.0307179192334361,-0.0259773278895733,0.0308543686984714,simulator,event_window,False,simulated_measured
4,792.3864290714264,2026-05-07 16:17:37.606659651+00:00,57.582069396972656,0.0,0.0,0.7208374738693237,45.0141716003418,47.51295471191406,43.68264389038086,46.224266052246094,81.90457916259766,79.79676055908203,79.48829650878906,81.05329895019531,24.944732666015625,24.60748291015625,24.558128356933597,24.808528900146484,-0.0260402126042607,0.0281395362998453,-0.0263780825408673,0.030285146740286,simulator,event_window,False,simulated_measured
4,792.4019355773926,2026-05-07 16:17:37.622166157+00:00,57.50863265991211,0.0,0.0,0.6224508881568909,44.93951416015625,47.3924446105957,43.62456512451172,46.05847930908203,81.90400695800781,79.79428100585938,79.48352813720703,81.048583984375,24.94464111328125,24.607086181640625,24.55736541748047,24.80777359008789,-0.0264139023513403,0.026841373446141,-0.0264309409411255,0.0279008764632944,simulator,event_window,False,simulated_measured
4,792.4171404838562,2026-05-07 16:17:37.637371063+00:00,57.43965911865234,0.0,0.0,0.5875318050384521,44.93951416015625,47.23398971557617,43.56491470336914,45.88792037963867,81.90343475341797,79.79180145263672,79.478759765625,81.04385375976562,24.944549560546875,24.606689453125,24.556602478027344,24.807016372680664,-0.0252448201891813,0.0246370755927458,-0.0265946957206546,0.0253241943599789,simulator,event_window,False,simulated_measured
4,792.4325926303864,2026-05-07 16:17:37.652823210+00:00,57.37495422363281,0.0,0.0,0.6092773675918579,44.93951416015625,47.04855346679688,43.46032333374024,45.700782775878906,81.90286254882812,79.78932189941406,79.47396850585938,81.03910064697266,24.9444580078125,24.60629272460937,24.555835723876957,24.80625534057617,-0.0241455351015879,0.0217654488772915,-0.0278365360849285,0.0222943723152477,simulator,event_window,False,simulated_measured
4,792.4483845233917,2026-05-07 16:17:37.668615103+00:00,57.291446685791016,0.0,0.0,0.6638839244842529,44.93951416015625,46.8294792175293,43.33246612548828,45.49532699584961,81.90217590332031,79.78634643554688,79.46820068359375,81.0335693359375,24.9443473815918,24.60581588745117,24.554912567138672,24.805370330810547,-0.0227231377217046,0.0184901395462182,-0.0292837238375491,0.01918185985601,simulator,event_window,False,simulated_measured
4,792.4638438224792,2026-05-07 16:17:37.684074402+00:00,57.21826934814453,0.0,0.0,0.7402026653289795,44.93951416015625,46.66779708862305,43.2140998840332,45.30389022827149,81.90160369873047,79.78386688232422,79.46339416503906,81.02908325195312,24.944255828857425,24.605419158935547,24.554141998291016,24.80465316772461,-0.0214732830906617,0.0162717951818656,-0.0306972431886741,0.016191275032577,simulator,event_window,False,simulated_measured
4,792.4798970222473,2026-05-07 16:17:37.700127602+00:00,57.14435195922851,0.0,0.0,0.8689072728157043,44.44766616821289,46.49735641479492,43.099853515625,45.16074752807617,81.90103149414062,79.7813949584961,79.45858764648438,81.02462005615234,24.944164276123047,24.60502243041992,24.553375244140625,24.803939819335938,-0.0309310404109445,0.013869922743259,-0.0320093187673252,0.0142908162401735,simulator,event_window,False,simulated_measured
4,792.4963829517365,2026-05-07 16:17:37.716613531+00:00,57.06269836425781,0.0,0.0,1.0309377908706665,44.10930252075195,46.496726989746094,42.96174240112305,45.0877685546875,81.90045928955078,79.77906036376953,79.45379638671875,81.02011108398438,24.944072723388672,24.60464859008789,24.55260848999023,24.80321884155273,-0.0369320758048217,0.0153069708686592,-0.0337304887451141,0.0141007892861713,simulator,event_window,False,simulated_measured
4,792.5111281871796,2026-05-07 16:17:37.731358767+00:00,56.94489669799805,0.0,0.0,1.0122108459472656,44.22005462646485,46.57906723022461,42.7501106262207,45.09344482421875,81.89977264404297,79.77638244628906,79.44802856445312,81.01451110839844,24.94396209716797,24.60422134399414,24.551685333251957,24.802322387695312,-0.0325166540602278,0.0192090409400613,-0.0365013116873867,0.0163265883755787,simulator,event_window,False,simulated_measured
4,792.5263969898224,2026-05-07 16:17:37.746627569+00:00,56.8440055847168,0.0,0.0,0.948078751564026,44.01939010620117,46.641109466552734,42.65768051147461,45.14168548583984,81.89920043945312,79.77424621582031,79.44322204589844,81.00968170166016,24.943870544433597,24.60387802124023,24.550914764404297,24.80154800415039,-0.0351975886904257,0.0223779838294735,-0.036878100281118,0.0192196320224313,simulator,event_window,False,simulated_measured
4,792.5418238639832,2026-05-07 16:17:37.762054443+00:00,56.73622131347656,0.0,0.0,0.8649531006813049,43.91936492919922,46.73268127441406,42.57798385620117,45.16771697998047,81.89862823486328,79.7721939086914,79.43841552734375,81.00480651855469,24.94377899169922,24.60354995727539,24.550146102905277,24.800769805908203,-0.0355611950601827,0.0263313166880501,-0.0368512191057354,0.0217447497433111,simulator,event_window,False,simulated_measured
4,792.557124376297,2026-05-07 16:17:37.777354956+00:00,56.6281852722168,0.0,0.0,0.8063797950744629,43.8298454284668,46.80636978149414,42.418758392333984,45.34676742553711,81.89805603027344,79.7702407836914,79.43360900878906,80.9999008178711,24.943687438964844,24.60323715209961,24.54937744140625,24.799983978271484,-0.0356907617911063,0.0299107816901555,-0.0386223920980554,0.0277520990988511,simulator,event_window,False,simulated_measured
4,792.5724396705627,2026-05-07 16:17:37.792670250+00:00,56.51708221435547,0.0,0.0,0.7680387496948242,43.72832107543945,46.91846084594727,42.379432678222656,45.410152435302734,81.8974838256836,79.76837921142578,79.42880249023438,80.9950180053711,24.94359588623047,24.60293960571289,24.548606872558597,24.79920196533203,-0.0360331410499091,0.0344066733284316,-0.0376255147931314,0.0312118865472643,simulator,event_window,False,simulated_measured
4,792.5879549980164,2026-05-07 16:17:37.808185577+00:00,56.41101837158203,0.0,0.0,0.7201382517814636,43.69047546386719,47.01117706298828,42.33170700073242,45.44513320922851,81.89691162109375,79.7666015625,79.42399597167969,80.9901351928711,24.943504333496097,24.60265731811523,24.547840118408203,24.79842185974121,-0.0350565475684045,0.0383995105353578,-0.0369018784617477,0.0339466346978736,simulator,event_window,False,simulated_measured
4,792.6035590171814,2026-05-07 16:17:37.823789597+00:00,56.3024787902832,0.0,0.0,0.7581238746643066,43.6099853515625,47.07343292236328,42.248905181884766,45.55245208740234,81.8963394165039,79.76483917236328,79.419189453125,80.9852523803711,24.94341278076172,24.60237503051757,24.547069549560547,24.79763984680176,-0.03497745892981,0.0417791113036261,-0.0369326980095865,0.0383862473009175,simulator,event_window,False,simulated_measured
4,792.6194143295288,2026-05-07 16:17:37.839644909+00:00,56.17411804199219,0.0,0.0,0.8020595908164978,43.54899597167969,47.10800552368164,42.19239807128906,45.59160232543945,81.8956527709961,79.76256561279297,79.4134292602539,80.97935485839844,24.94330406188965,24.60201072692871,24.5461483001709,24.79669570922852,-0.0341250187771002,0.044926502503094,-0.03602306731926,0.041653497788636,simulator,event_window,False,simulated_measured
5,788.846120595932,2026-05-07 16:17:34.066351175+00:00,126.86955261230467,0.8835142850875854,0.0,-1.097423434257507,90.6325225830078,84.51750946044922,96.8572769165039,91.44969940185548,82.05107116699219,80.3589096069336,80.3963394165039,82.1188735961914,24.968170166015625,24.69742584228516,24.703414916992188,24.979019165039062,-0.1099678551380805,-0.1699264564375794,-0.0201862249131501,-0.0748768321871999,simulator,event_window,False,simulated_measured
5,788.861822605133,2026-05-07 16:17:34.082053185+00:00,126.14459228515624,0.867255687713623,0.5,-1.0777721405029297,92.58650207519533,91.07128143310548,96.50355529785156,89.55742645263672,82.0489730834961,80.35551452636719,80.39278411865234,82.11402893066406,24.96783447265625,24.696882247924805,24.70284652709961,24.97824478149414,-0.0855539844567468,-0.1004193615730385,-0.0181540107383161,-0.0888127148597288,simulator,event_window,False,simulated_measured
5,788.877907037735,2026-05-07 16:17:34.098137617+00:00,125.35382080078124,0.8611949682235718,0.5,-1.108292579650879,89.9251480102539,91.2911376953125,95.96985626220705,86.90556335449219,82.04672241210938,80.35124969482422,80.38861846923828,82.10820007324219,24.96747589111328,24.69619941711425,24.702178955078125,24.97731208801269,-0.1062364931404878,-0.0925591348472171,-0.0174244281492581,-0.1102158063820006,simulator,event_window,False,simulated_measured
5,788.8934469223022,2026-05-07 16:17:34.113677502+00:00,124.6627960205078,0.8980686068534851,0.5,-1.1109130382537842,87.20899963378906,84.40522003173828,95.3884506225586,85.17880249023438,82.04473114013672,80.34786987304688,80.38524627685547,82.10331726074219,24.96715545654297,24.69565963745117,24.70163917541504,24.976531982421875,-0.1284275899037578,-0.1563550084143127,-0.0179635093599275,-0.1230610702469714,simulator,event_window,False,simulated_measured
5,788.9090800285339,2026-05-07 16:17:34.129310608+00:00,123.9644775390625,0.9443689584732056,0.409090906381607,-1.2270959615707395,89.22099304199219,83.35147857666016,94.34698486328124,84.13665771484375,82.04305267333984,80.34469604492188,80.38166809082031,82.09846496582031,24.96688842773437,24.695152282714844,24.701066970825195,24.975753784179688,-0.1032965701247982,-0.1621942369951585,-0.0232139119989807,-0.1289106887069386,simulator,event_window,False,simulated_measured
5,788.9241316318512,2026-05-07 16:17:34.144362211+00:00,123.2025375366211,0.9728399515151978,0.2727272510528564,-1.160017490386963,93.79302215576172,91.60400390625,93.8241729736328,86.88655853271484,82.04156494140625,80.34159088134766,80.37813568115234,82.09362030029297,24.966650009155277,24.69465446472168,24.70050048828125,24.97497940063477,-0.0515162177090797,-0.0735497703270323,-0.0226192381559159,-0.0948769474299016,simulator,event_window,False,simulated_measured
5,788.9399843215942,2026-05-07 16:17:34.160214901+00:00,122.51546478271484,0.9505703449249268,0.1363636255264282,-1.1640437841415403,86.55162811279297,84.34219360351562,93.37245178222656,83.13253784179688,82.04015350341797,80.33834075927734,80.37459564208984,82.08877563476562,24.96642303466797,24.69413375854492,24.699935913085938,24.974205017089844,-0.1198364841325536,-0.1422094256880461,-0.0218700770180871,-0.1291270324399006,simulator,event_window,False,simulated_measured
5,788.9553399085999,2026-05-07 16:17:34.175570488+00:00,121.82698059082033,0.93162739276886,0.0,-1.4254815578460691,89.03433990478516,84.81515502929688,93.00643920898438,82.73975372314453,82.038818359375,80.3349609375,80.37117004394531,82.08392333984375,24.966209411621097,24.69359397888184,24.699386596679688,24.973426818847656,-0.0894724408807339,-0.1325243975503659,-0.0201982039305823,-0.1283433927935803,simulator,event_window,False,simulated_measured
5,788.9711449146271,2026-05-07 16:17:34.191375494+00:00,120.9937744140625,0.8935410976409912,0.0,-1.2022730112075806,84.94502258300781,87.61624145507812,92.63235473632812,86.25692749023438,82.03726196289062,80.33049011230469,80.36717987060547,82.07806396484375,24.965961456298828,24.69287872314453,24.698749542236328,24.972490310668945,-0.1253104380252294,-0.097704308234112,-0.0174189738739667,-0.0850325532745336,simulator,event_window,False,simulated_measured
5,788.9862976074219,2026-05-07 16:17:34.206528187+00:00,120.3090362548828,0.9012277126312256,0.0,-1.3837076425552368,86.81462097167969,80.1519775390625,92.1057586669922,85.2208480834961,82.03609466552734,80.3267593383789,80.3639907836914,82.0732192993164,24.96577453613281,24.69228172302246,24.69823837280273,24.97171401977539,-0.1009710885593468,-0.1698754007116003,-0.0174441842447361,-0.0908777493945391,simulator,event_window,False,simulated_measured
5,789.0017259120941,2026-05-07 16:17:34.221956491+00:00,119.57858276367188,0.8961141705513,0.0,-1.3488943576812744,90.74496459960938,80.93904113769531,91.6578598022461,84.61429595947266,82.03485107421875,80.32313537597656,80.36090087890625,82.06837463378906,24.965576171875,24.69170188903809,24.69774436950684,24.97093963623047,-0.0545291005713207,-0.1566032118266482,-0.0162494125287162,-0.0918344436711465,simulator,event_window,False,simulated_measured
5,789.0171275138855,2026-05-07 16:17:34.237358093+00:00,118.89480590820312,0.8731975555419922,0.0,-1.3226420879364014,83.8468246459961,82.52273559570312,91.24081420898438,84.11109924316406,82.0335922241211,80.31939697265625,80.35787200927734,82.06352996826172,24.96537399291992,24.691102981567383,24.69725799560547,24.970165252685547,-0.1213765898275404,-0.1351555085762759,-0.0150935894411231,-0.0920433584812986,simulator,event_window,False,simulated_measured
5,789.0335459709167,2026-05-07 16:17:34.253776550+00:00,118.11101531982422,0.8566859364509583,0.0,-1.426621675491333,84.49193572998047,84.53302764892578,91.64201354980467,87.40025329589844,82.0320816040039,80.31494140625,80.35433197021484,82.05770111083984,24.965133666992188,24.690391540527344,24.69669342041016,24.96923065185547,-0.1087410793391305,-0.1082085367193707,-0.0041981831073418,-0.050276965144236,simulator,event_window,False,simulated_measured
5,789.0492758750916,2026-05-07 16:17:34.269506454+00:00,117.51238250732422,0.8475024104118347,0.0,-1.3280717134475708,88.06555938720703,76.14685821533203,90.04411315917969,88.11341094970703,82.03059387207031,80.3112564086914,80.35157012939453,82.0528335571289,24.96489524841309,24.68980026245117,24.696250915527344,24.96845245361328,-0.0663125976426797,-0.1925871678293002,-0.0165769395727236,-0.0376499676394808,simulator,event_window,False,simulated_measured
5,789.0645527839661,2026-05-07 16:17:34.284783363+00:00,116.84883880615234,0.9216776490211488,0.0,-1.3583194017410278,80.63847351074219,81.58492279052734,86.20716094970703,85.77131652832031,82.02906036376953,80.30792236328125,80.34859466552734,82.04798889160156,24.964649200439453,24.689266204833984,24.69577407836914,24.96767807006836,-0.1402010119024509,-0.1300129350788866,-0.0531359318648385,-0.0579100767249673,simulator,event_window,False,simulated_measured
5,789.0799808502197,2026-05-07 16:17:34.300211430+00:00,116.09164428710938,1.0,0.0,-1.4970479011535645,81.71302032470703,81.7053451538086,87.41697692871094,87.0909194946289,82.02763366699219,80.30560302734375,80.34542846679688,82.04312896728516,24.96442031860352,24.68889617919922,24.695268630981445,24.96689987182617,-0.1230611034609024,-0.1230460349051798,-0.0335853265432788,-0.037176688787345,simulator,event_window,False,simulated_measured
5,789.0960438251495,2026-05-07 16:17:34.316274405+00:00,115.28826141357422,1.0,0.0,-1.5269585847854614,82.72856903076172,79.31246185302734,84.22415924072266,83.63654327392578,82.02610778808594,80.304443359375,80.34228515625,82.03824615478516,24.96417617797852,24.68871116638184,24.694765090942383,24.96611785888672,-0.1059754288275429,-0.1427971028247485,-0.0623941923845947,-0.0689228505881787,simulator,event_window,False,simulated_measured
5,789.1107993125916,2026-05-07 16:17:34.331029892+00:00,114.51813507080078,1.0,0.0,-1.428950309753418,84.25235748291016,76.22797393798828,88.54659271240234,80.26530456542969,82.02449798583984,80.30270385742188,80.3393783569336,82.03336334228516,24.96392059326172,24.688432693481445,24.69430160522461,24.9653377532959,-0.083385279687966,-0.1705935670438619,-0.0076467839658563,-0.1004438557653852,simulator,event_window,False,simulated_measured
5,789.126758813858,2026-05-07 16:17:34.346989393+00:00,113.97908782958984,1.0,0.0,-1.2471414804458618,80.11737060546875,72.59717559814453,88.52843475341797,74.48977661132812,82.02272033691406,80.29916381835938,80.33645629882812,82.02750396728516,24.9636344909668,24.6878662109375,24.693832397460938,24.964401245117188,-0.1242491989913857,-0.2063631269485083,-0.0031580572068172,-0.1612236472829005,simulator,event_window,False,simulated_measured
5,789.1422874927521,2026-05-07 16:17:34.362518072+00:00,113.26544189453124,1.0,0.0,-1.530859112739563,85.78841400146484,80.14684295654297,88.34736633300781,67.9825668334961,82.02130889892578,80.2993392944336,80.33462524414062,82.02262115478516,24.963409423828125,24.68789291381836,24.693538665771484,24.96361923217773,-0.0563515130858914,-0.1183092475919979,0.0010709946406328,-0.2296735362393331,simulator,event_window,False,simulated_measured
5,789.1579773426056,2026-05-07 16:17:34.378207922+00:00,112.66329193115234,1.0,0.0,-1.3552663326263428,76.76858520507812,78.06732940673828,88.25761413574219,61.46223831176758,82.01953125,80.29859924316406,80.33352661132812,82.01773834228516,24.96312522888184,24.687774658203125,24.693363189697266,24.96283721923828,-0.1510538703876822,-0.1365957627885734,0.0053989804305347,-0.299834643319153,simulator,event_window,False,simulated_measured
5,789.1734998226166,2026-05-07 16:17:34.393730402+00:00,112.07195281982422,1.0,0.5,-1.4765095710754397,81.95051574707031,73.24356079101562,87.4788589477539,51.56390380859375,82.01715087890625,80.29753875732422,80.33303833007812,82.01285552978516,24.962743759155277,24.68760681152344,24.693286895751957,24.96205711364746,-0.0889676802568529,-0.1856711901459418,0.0017857838733255,-0.4094950624648997,simulator,event_window,False,simulated_measured
5,789.1895513534546,2026-05-07 16:17:34.409781933+00:00,111.35084533691406,1.0,0.5,-1.53442645072937,83.34263610839844,80.46556854248047,86.87039184570312,40.06991958618164,82.0146255493164,80.29542541503906,80.33321380615234,82.00699615478516,24.96234130859375,24.6872673034668,24.69331359863281,24.96112060546875,-0.0674916116448679,-0.0995826487119871,0.0012602070099976,-0.5381513955151163,simulator,event_window,False,simulated_measured
5,789.2048144340515,2026-05-07 16:17:34.425045013+00:00,110.81535339355467,0.9929239153862,0.5,-1.5165704488754272,75.40538787841797,68.11915588378906,86.81489562988281,30.183910369873047,82.0133056640625,80.29293823242188,80.33397674560547,82.00211334228516,24.962127685546875,24.68687057495117,24.693435668945312,24.960338592529297,-0.1522233025467695,-0.2340567178697092,0.0054558516053135,-0.6504170442624894,simulator,event_window,False,simulated_measured
5,789.2205929756165,2026-05-07 16:17:34.440823555+00:00,110.25931549072266,0.9001450538635254,0.409090906381607,-1.4996130466461182,81.50776672363281,75.44896697998047,86.34703063964844,20.879859924316406,82.01197814941406,80.28992462158203,80.33522033691406,81.99723052978516,24.961915969848636,24.68638801574707,24.693634033203125,24.959556579589844,-0.0789934168324941,-0.1473607997466993,0.0050804132809196,-0.7569548427424228,simulator,event_window,False,simulated_measured
5,789.23606133461,2026-05-07 16:17:34.456291914+00:00,109.85308074951172,0.886661946773529,0.2727272510528564,-1.2044737339019775,70.51427459716797,72.28723907470703,85.86595153808594,12.344449043273926,82.01034545898438,80.2867431640625,80.33668518066406,81.99234771728516,24.961654663085938,24.68587875366211,24.693870544433597,24.95877456665039,-0.2002691780093554,-0.1800701708799166,0.0031767087759053,-0.8557771233738499,simulator,event_window,False,simulated_measured
5,789.2516350746155,2026-05-07 16:17:34.471865654+00:00,109.3697509765625,1.0,0.1363636255264282,-1.1947591304779053,76.0698471069336,77.67477416992188,85.03822326660156,2.599074363708496,82.01005554199219,80.28356170654297,80.33763122558594,81.98746490478516,24.96160888671875,24.68536949157715,24.694021224975582,24.95799446105957,-0.1334485512049609,-0.1150676624252582,-0.0021031567882914,-0.969500258009308,simulator,event_window,False,simulated_measured
5,789.2669277191162,2026-05-07 16:17:34.487158298+00:00,108.82732391357422,1.0,0.0,-1.033123254776001,80.34492492675781,73.50240325927734,84.42757415771484,6.923244953155518,82.00968933105469,80.28052520751953,80.33745574951172,81.98259735107422,24.961549758911133,24.68488311767578,24.693992614746097,24.95721435546875,-0.0801870239669908,-0.1584287727843081,-0.0043308402506074,-0.9183518345409556,simulator,event_window,False,simulated_measured
5,789.2824885845184,2026-05-07 16:17:34.502719164+00:00,108.24919128417967,0.9848737120628356,0.0,-0.8103612065315247,69.80518341064453,74.39351654052734,84.58711242675781,16.159101486206055,82.00848388671875,80.27783966064453,80.33636474609375,81.97784423828125,24.96135711669922,24.6844539642334,24.693817138671875,24.95645523071289,-0.1965810989109637,-0.1436767865765785,0.0028782979811317,-0.8084124731563253,simulator,event_window,False,simulated_measured
5,789.2985873222351,2026-05-07 16:17:34.518817902+00:00,107.53897857666016,0.97681325674057,0.0,-0.926267385482788,73.95387268066406,73.36564636230469,82.73217010498047,27.46259880065918,82.00656127929688,80.27500915527344,80.33515930175781,81.97225952148438,24.961050033569336,24.684001922607425,24.693626403808597,24.95556259155273,-0.1432106752728015,-0.149931094487024,-0.0126361935148724,-0.672244182881088,simulator,event_window,False,simulated_measured
5,789.3146426677704,2026-05-07 16:17:34.534873247+00:00,106.92147827148438,0.978935182094574,0.0,-0.7150511741638184,76.08269500732422,76.67478942871094,82.0634994506836,37.93497848510742,82.0045394897461,80.2729721069336,80.33281707763672,81.96772003173828,24.96072578430176,24.68367576599121,24.69325065612793,24.954833984375,-0.1134566717415901,-0.1064580903838237,-0.0149602132437534,-0.5446455650877493,simulator,event_window,False,simulated_measured
5,789.3303892612457,2026-05-07 16:17:34.550619841+00:00,106.30441284179688,0.9899755120277404,0.0,-0.5751215815544128,73.4754867553711,75.28984069824219,80.38106536865234,48.7075080871582,82.00238037109375,80.27111053466797,80.32976531982422,81.9634780883789,24.96038055419922,24.68337631225586,24.69276237487793,24.95415496826172,-0.1388670416883529,-0.1175047535298274,-0.0295544804941896,-0.4119431659217706,simulator,event_window,False,simulated_measured
5,789.3453118801117,2026-05-07 16:17:34.565542459+00:00,105.66149139404295,1.0,0.0,-0.7150262594223022,69.60811614990234,73.4400634765625,81.80278778076172,63.42205810546875,82.0003890991211,80.26933288574219,80.3276596069336,81.95951843261719,24.96006202697754,24.683094024658203,24.69242477416992,24.953521728515625,-0.1792286725375962,-0.1339487422518368,-0.0063806001294504,-0.2296319228215815,simulator,event_window,False,simulated_measured
5,789.3613014221191,2026-05-07 16:17:34.581532001+00:00,104.87857818603516,1.0,0.0,-0.6631543636322021,68.60443878173828,63.46931838989258,75.39080047607422,71.20909881591797,81.99829864501953,80.26700592041016,80.32537841796875,81.95465850830078,24.9597282409668,24.68272018432617,24.69206047058105,24.95274543762207,-0.1850246794247625,-0.245942727532207,-0.0774280253324322,-0.1285883099399216,simulator,event_window,False,simulated_measured
5,789.376357793808,2026-05-07 16:17:34.596588373+00:00,104.18543243408205,1.0,0.0,-0.6052485108375549,71.59375,72.65464782714844,76.81129455566406,75.0565414428711,81.99697875976562,80.26493072509766,80.32275390625,81.95028686523438,24.959516525268555,24.682388305664062,24.69164085388184,24.952045440673828,-0.1438553545838782,-0.1310721982390431,-0.0537916412064656,-0.0753950097009492,simulator,event_window,False,simulated_measured
5,789.3918814659119,2026-05-07 16:17:34.612112045+00:00,103.5593490600586,1.0,0.0,-0.5284911394119263,75.17668914794922,70.71246337890625,72.38705444335938,72.38705444335938,81.99594116210938,80.26287841796875,80.31964874267578,81.94586181640625,24.9593505859375,24.68206024169922,24.691143035888672,24.95133781433105,-0.095574256174962,-0.1491873381794319,-0.1029011764721997,-0.1028888053738281,simulator,event_window,False,simulated_measured
5,789.4079115390778,2026-05-07 16:17:34.628142118+00:00,102.97061157226562,1.0,0.0,-0.5724734663963318,73.59418487548828,68.40948486328125,73.87940216064453,73.87940216064453,81.99491882324219,80.2608642578125,80.31621551513672,81.94143676757812,24.95918655395508,24.681737899780277,24.690593719482425,24.95063018798828,-0.1095506117170636,-0.1721906687911617,-0.0791714530176942,-0.0791587546836432,simulator,event_window,False,simulated_measured
5,789.4233567714691,2026-05-07 16:17:34.643587351+00:00,102.41366577148438,1.0,0.0,-0.5153923630714417,71.47403717041016,65.79474639892578,73.36857604980469,69.0421142578125,81.9937973022461,80.25875854492188,80.3125991821289,81.93697357177734,24.959007263183597,24.681400299072266,24.69001579284668,24.94991683959961,-0.130500303353557,-0.1995013655211791,-0.0805653362446183,-0.1347714250687405,simulator,event_window,False,simulated_measured
5,789.4388914108276,2026-05-07 16:17:34.659121990+00:00,101.77838134765624,0.955991804599762,0.0,-0.4804694652557373,70.46696472167969,73.57210540771484,71.98126220703125,70.02938842773438,81.99217987060547,80.25605010986328,80.30812072753906,81.9316177368164,24.95874786376953,24.68096923828125,24.68930053710937,24.949058532714844,-0.1374007859691285,-0.0992901041173217,-0.0923203214475594,-0.1169211627185309,simulator,event_window,False,simulated_measured
5,789.4544496536255,2026-05-07 16:17:34.674680233+00:00,101.28287506103516,0.8697266578674316,0.0,-0.4349920153617859,68.35371398925781,62.08480453491211,72.03775787353516,68.48983764648438,81.99051666259766,80.25338745117188,80.3043212890625,81.92716217041016,24.95848274230957,24.6805419921875,24.688690185546875,24.94834518432617,-0.1591759436561012,-0.2362053943962254,-0.087163786970841,-0.1321097708763933,simulator,event_window,False,simulated_measured
5,789.4701421260834,2026-05-07 16:17:34.690372705+00:00,100.7787094116211,0.7913589477539062,0.0,-0.453809529542923,73.96830749511719,68.16816711425781,71.06627655029297,70.01217651367188,81.98868560791016,80.25051879882812,80.30047607421875,81.9227294921875,24.95819091796875,24.680084228515625,24.68807601928711,24.94763565063477,-0.0855585119324463,-0.1571697506540482,-0.0949689830372476,-0.1083806810819971,simulator,event_window,False,simulated_measured
5,789.4861660003662,2026-05-07 16:17:34.706396580+00:00,100.30376434326172,0.7135801315307617,0.0,-0.4383489191532135,65.18863677978516,68.48590087890625,71.41119384765625,69.41278839111328,81.9865493774414,80.24754333496094,80.29666137695312,81.91832733154297,24.957847595214844,24.679607391357425,24.68746566772461,24.94693183898925,-0.1902821754064169,-0.1492318355010593,-0.0862702699716292,-0.1118282777326493,simulator,event_window,False,simulated_measured
5,789.5009875297546,2026-05-07 16:17:34.721218109+00:00,99.80516815185548,0.6771926283836365,0.0,-0.4374061524868011,71.17683410644531,62.4882698059082,71.75548553466797,69.48219299316406,81.9844970703125,80.24447631835938,80.29293060302734,81.9140625,24.95751953125,24.67911529541016,24.68686866760254,24.946250915527344,-0.1114851945390857,-0.219859617639046,-0.0772782216984456,-0.1064987391089641,simulator,event_window,False,simulated_measured
5,789.5164413452148,2026-05-07 16:17:34.736671925+00:00,99.22982788085938,0.6061959266662598,0.0,-0.4842369556427002,70.8294677734375,66.33797454833984,72.29080200195312,69.91522216796875,81.9820556640625,80.24076843261719,80.28858184814453,81.90901184082031,24.957128524780277,24.678524017333984,24.68617248535156,24.94544219970703,-0.1106949203332864,-0.1669956700141636,-0.0650045464052669,-0.0957173731719582,simulator,event_window,False,simulated_measured
5,789.5318846702576,2026-05-07 16:17:34.752115250+00:00,98.87200164794922,0.5651738047599792,0.0,-0.5036381483078003,63.639068603515625,67.91963195800781,72.58516693115234,70.45977783203125,81.98030853271484,80.23829650878906,80.28572082519531,81.90569305419922,24.95684814453125,24.67812728881836,24.685714721679688,24.94491195678711,-0.1980828140136734,-0.1440482444669445,-0.0577996791816152,-0.0853759304741627,simulator,event_window,False,simulated_measured
5,789.5472781658173,2026-05-07 16:17:34.767508745+00:00,98.35175323486328,0.4712004661560058,0.0,-0.5033345818519592,69.30130004882812,64.77254486083984,72.78876495361328,71.51478576660156,81.97743225097656,80.23458862304688,80.2813720703125,81.90074920654297,24.95639038085937,24.677534103393555,24.685020446777344,24.94411849975586,-0.1221136259538943,-0.1793912491523532,-0.0501589416684212,-0.066770585091059,simulator,event_window,False,simulated_measured
5,789.5637047290802,2026-05-07 16:17:34.783935308+00:00,97.97697448730467,0.3992427289485931,0.0,-0.4875827729701996,64.38621520996094,66.18110656738281,72.96304321289062,72.35211181640625,81.97471618652344,80.23146057128906,80.27766418457031,81.89665222167969,24.955955505371097,24.677032470703125,24.684425354003903,24.943464279174805,-0.1812564246948144,-0.1583388336503419,-0.0442427313250808,-0.052232372326461,simulator,event_window,False,simulated_measured
5,789.5792560577393,2026-05-07 16:17:34.799486637+00:00,97.65333557128906,0.3047428131103515,0.0,-0.4514559507369995,67.04682159423828,63.90054321289063,73.2556381225586,72.75924682617188,81.97196197509766,80.22836303710938,80.27387237548828,81.89241027832031,24.95551300048828,24.676536560058597,24.683818817138672,24.942785263061523,-0.1445982290870833,-0.1846487197629556,-0.0372297367605386,-0.0437404270980085,simulator,event_window,False,simulated_measured
5,789.5945749282837,2026-05-07 16:17:34.814805508+00:00,97.41422271728516,0.0,0.0,-0.3016903400421142,67.04682159423828,63.90054321289063,74.54940795898438,73.75436401367188,81.9686279296875,80.22465515136719,80.26939392089844,81.88707733154297,24.954978942871097,24.675945281982425,24.68310165405273,24.941932678222656,-0.1424985607526493,-0.1826473593230223,-0.0178212729720894,-0.0282824733466218,simulator,event_window,False,simulated_measured
5,789.6106889247894,2026-05-07 16:17:34.830919504+00:00,97.27629089355467,0.0,0.0,-0.3016816675662994,67.04682159423828,63.90054321289063,74.8193359375,74.18506622314453,81.9658432006836,80.22152709960938,80.26566314697266,81.8825912475586,24.95453453063965,24.675445556640625,24.682506561279297,24.94121551513672,-0.1412826762212753,-0.1814884033294918,-0.0128672952014352,-0.0212220675819457,simulator,event_window,False,simulated_measured
5,789.6267945766449,2026-05-07 16:17:34.847025156+00:00,97.1716766357422,0.0,0.0,-0.283338338136673,67.04682159423828,63.90054321289063,74.68538665771484,74.4025650024414,81.96305084228516,80.21839904785156,80.26192474365234,81.87808990478516,24.95408821105957,24.674943923950195,24.681907653808597,24.94049453735352,-0.1403581879484777,-0.1806072002242127,-0.0135737251903029,-0.0172956128456084,simulator,event_window,False,simulated_measured
5,789.6423327922821,2026-05-07 16:17:34.862563372+00:00,97.04344940185548,0.3643112182617187,0.0,-0.4408852458000183,64.87212371826172,59.91912841796875,73.91852569580078,73.91852569580078,81.96047973632812,80.21524810791016,80.25801849365234,81.87357330322266,24.953676223754883,24.6744384765625,24.68128204345703,24.93977165222168,-0.167142073900499,-0.230645404991714,-0.0224122170465381,-0.022398735995942,simulator,event_window,False,simulated_measured
5,789.6579484939575,2026-05-07 16:17:34.878179073+00:00,96.71514129638672,0.6959019303321838,0.0,-0.5772663354873657,64.71942138671875,50.53104782104492,71.94303894042969,71.44110107421875,81.95891571044922,80.21150970458984,80.25285339355469,81.86817169189453,24.953426361083984,24.67384147644043,24.680456161499023,24.938907623291016,-0.1662819811450474,-0.3489848086710897,-0.0453086172959957,-0.0519563099508072,simulator,event_window,False,simulated_measured
5,789.6734793186188,2026-05-07 16:17:34.893709898+00:00,96.2417449951172,0.4439045190811157,0.0,-0.5268365144729614,66.78791809082031,59.09447860717773,70.3473892211914,69.93461608886719,81.95793914794922,80.20919799804688,80.24850463867188,81.86363983154297,24.953269958496097,24.673471450805664,24.679759979248047,24.938182830810547,-0.135403546586795,-0.2349132055573082,-0.0618912434918261,-0.067382866932253,simulator,event_window,False,simulated_measured
5,789.688642501831,2026-05-07 16:17:34.908873081+00:00,95.80915069580078,0.2996879518032074,0.0,-0.4704324007034302,65.53072357177734,65.5248031616211,68.42261505126953,70.03402709960938,81.95684814453125,80.20732116699219,80.24415588378906,81.85910034179688,24.953094482421875,24.673171997070312,24.679065704345703,24.937456130981445,-0.1478481217301709,-0.1478304256576268,-0.0834390031045493,-0.0618402579192673,simulator,event_window,False,simulated_measured
5,789.7038872241974,2026-05-07 16:17:34.924117804+00:00,95.40009307861328,0.0,0.0,-0.4267444014549255,67.06224822998047,67.4483413696289,66.89863586425781,69.60918426513672,81.9553451538086,80.20549011230469,80.23980712890625,81.85455322265625,24.95285415649414,24.67287826538086,24.678367614746097,24.936729431152344,-0.1241931391403171,-0.1190530313473977,-0.1000110898940377,-0.0635331051655787,simulator,event_window,False,simulated_measured
5,789.7197463512421,2026-05-07 16:17:34.939976931+00:00,95.12255859375,0.0,0.0,-0.3045381009578705,69.1607437133789,69.8837661743164,67.06123352050781,68.79862976074219,81.95318603515625,80.20333099365234,80.23545837402344,81.8499526977539,24.95251083374023,24.67253303527832,24.67767333984375,24.93599319458008,-0.0941523457881444,-0.0845806923766377,-0.0951914235900223,-0.0717371957836947,simulator,event_window,False,simulated_measured
5,789.7356810569763,2026-05-07 16:17:34.955911636+00:00,94.91913604736328,0.0,0.0,-0.2570139765739441,70.4780502319336,70.98151397705078,67.22135925292969,67.99687194824219,81.95075225830078,80.20056915283203,80.23110961914062,81.8453369140625,24.952119827270508,24.672090530395508,24.676977157592773,24.935253143310547,-0.0749203298989904,-0.0682084425053781,-0.0910872250374612,-0.0805886918701226,simulator,event_window,False,simulated_measured
5,789.7515203952789,2026-05-07 16:17:34.971750975+00:00,94.55755615234376,0.4090566039085388,0.0,-0.5460976958274841,63.89164733886719,63.71680450439453,69.33529663085938,69.04801940917969,81.9477767944336,80.1969985961914,80.22679901123047,81.84044647216797,24.951644897460938,24.671520233154297,24.676288604736328,24.934471130371097,-0.1581651915464927,-0.1603756262055795,-0.058919373610271,-0.0628056330246212,simulator,event_window,False,simulated_measured
5,789.7664244174957,2026-05-07 16:17:34.986654997+00:00,94.05645751953124,0.4191930890083313,0.0,-0.7757270336151123,66.29792022705078,61.4700813293457,71.24381256103516,70.87346649169922,81.94535827636719,80.19398498535156,80.22454833984375,81.8372573852539,24.951255798339844,24.671037673950195,24.675926208496097,24.9339599609375,-0.1218062951645974,-0.1856662029557672,-0.027863546126044,-0.0329036581123352,simulator,event_window,False,simulated_measured
5,789.7819445133209,2026-05-07 16:17:35.002175093+00:00,93.63713073730467,0.4844993650913238,0.0,-0.9005452990531921,60.458438873291016,62.58774948120117,71.82679748535156,71.48436737060547,81.94331359863281,80.19097900390625,80.222412109375,81.83390045166016,24.950929641723636,24.670555114746097,24.675586700439453,24.93342399597168,-0.1955707307931246,-0.1671466677351794,-0.0155195414918409,-0.0201994839244772,simulator,event_window,False,simulated_measured
5,789.7970206737518,2026-05-07 16:17:35.017251253+00:00,93.20256805419922,0.5786280035972595,0.0,-1.0929808616638184,64.88540649414062,63.48438262939453,71.80301666259766,71.61793518066406,81.94181823730469,80.1879653930664,80.22093200683594,81.83091735839844,24.95069122314453,24.670074462890625,24.675350189208984,24.932945251464844,-0.1326424094283679,-0.151276336041,-0.0112568081584821,-0.0137918207714361,simulator,event_window,False,simulated_measured
5,789.8121178150177,2026-05-07 16:17:35.032348394+00:00,92.7331085205078,0.7153576612472534,0.0,-1.219099998474121,56.27351379394531,58.28447723388672,71.1434555053711,71.1434555053711,81.94058990478516,80.18495178222656,80.21988677978516,81.8283462524414,24.95049285888672,24.669591903686523,24.675182342529297,24.93253517150879,-0.2439539504944411,-0.2168492340284459,-0.0153795951250329,-0.0153660170937528,simulator,event_window,False,simulated_measured
5,789.8277094364166,2026-05-07 16:17:35.047940016+00:00,92.20948028564452,0.8646963238716125,0.0,-1.217238426208496,62.06872177124024,61.79301452636719,70.25652313232422,70.25652313232422,81.93943786621094,80.18205261230469,80.21855163574219,81.82611083984375,24.95030975341797,24.66912841796875,24.674968719482425,24.932178497314453,-0.1613586728106006,-0.1649911128327909,-0.0221330375620737,-0.0221195526615596,simulator,event_window,False,simulated_measured
5,789.8433439731598,2026-05-07 16:17:35.063574553+00:00,91.66443634033205,0.9458887577056884,0.0,-1.153241753578186,56.75308609008789,56.24909591674805,69.28790283203125,69.54598236083984,81.93842315673828,80.17955017089844,80.21676635742188,81.82376861572266,24.95014762878418,24.66872787475586,24.6746826171875,24.93180274963379,-0.2286212997307729,-0.2353864961648409,-0.0298804902975794,-0.0262536179842259,simulator,event_window,False,simulated_measured
5,789.8584446907043,2026-05-07 16:17:35.078675270+00:00,91.10101318359376,0.989170491695404,0.0,-0.8992804288864136,62.06219482421875,61.5806999206543,68.36520385742188,68.9756851196289,81.9373550415039,80.1773681640625,80.21407318115234,81.82093048095703,24.94997787475586,24.66837882995605,24.674251556396484,24.93134880065918,-0.1512438075211776,-0.1577350985839423,-0.0368795587308753,-0.0282657749193667,simulator,event_window,False,simulated_measured
5,789.873701095581,2026-05-07 16:17:35.093931675+00:00,90.56819152832033,0.9344392418861388,0.0,-0.6692983508110046,58.03314971923828,56.03231048583984,67.9332275390625,68.17212677001953,81.93630981445312,80.17504119873047,80.210693359375,81.81745910644531,24.94981002807617,24.668006896972656,24.67370986938477,24.93079376220703,-0.2016754605669105,-0.2291140601276532,-0.0373348563312876,-0.0339361518394215,simulator,event_window,False,simulated_measured
5,789.8892405033112,2026-05-07 16:17:35.109471083+00:00,89.94374084472656,0.8680407404899597,0.0,-0.5778749585151672,56.46005630493164,60.84050750732422,67.38480377197266,67.38480377197266,81.93573760986328,80.17182922363281,80.2062759399414,81.81253814697266,24.9497184753418,24.6674919128418,24.673004150390625,24.93000602722168,-0.2179232174856881,-0.1571521732242724,-0.0384769141036058,-0.0384636545870731,simulator,event_window,False,simulated_measured
5,789.904566526413,2026-05-07 16:17:35.124797106+00:00,89.40581512451172,0.8748089671134949,0.0,-0.5793856978416443,59.71562576293945,53.968223571777344,66.29471588134766,66.29471588134766,81.93604278564453,80.16905212402344,80.2021484375,81.80811309814453,24.94976806640625,24.667049407958984,24.672344207763672,24.929298400878903,-0.1678506980534163,-0.2478583378682425,-0.0483399442812501,-0.0483268207770645,simulator,event_window,False,simulated_measured
5,789.9199934005737,2026-05-07 16:17:35.140223980+00:00,88.97813415527344,0.604194700717926,0.0,-0.3608800768852234,61.50932312011719,55.85306930541992,65.22549438476562,66.16532897949219,81.93504333496094,80.16629028320312,80.19783782958984,81.80354309082031,24.949607849121097,24.66660690307617,24.671653747558597,24.928565979003903,-0.1387352236664738,-0.2178482180669162,-0.0591881490060345,-0.0456188237627264,simulator,event_window,False,simulated_measured
5,789.9360313415527,2026-05-07 16:17:35.156261921+00:00,88.65735626220703,0.4406114518642425,0.0,-0.2311350405216217,56.47385025024414,54.14407730102539,63.434452056884766,66.89659881591797,81.93352508544922,80.16349029541016,80.19352722167969,81.79896545410156,24.949363708496097,24.66615867614746,24.67096328735352,24.927833557128903,-0.2063817360945543,-0.2390371239510813,-0.0817115741465031,-0.0315795665957617,simulator,event_window,False,simulated_measured
5,789.9516861438751,2026-05-07 16:17:35.171916723+00:00,88.36261749267578,0.4006398618221283,0.0,-0.2387252002954483,59.790645599365234,42.08454132080078,60.405418395996094,67.60108184814453,81.93159484863281,80.16010284423828,80.18833923339844,81.79347229003906,24.94905471801757,24.66561508178711,24.670135498046875,24.92695617675781,-0.1569686924182811,-0.4065538514891085,-0.122643659590518,-0.0181169628799142,simulator,event_window,False,simulated_measured
5,789.9676077365875,2026-05-07 16:17:35.187838316+00:00,88.17105102539062,0.3472079336643219,0.0,-0.2003241032361984,58.272274017333984,33.296260833740234,58.38482284545898,67.4266586303711,81.92972564697266,80.15727996826172,80.18399047851562,81.78889465332031,24.94875717163086,24.66516494750977,24.669437408447266,24.92622375488281,-0.1765921914423286,-0.5294597955489659,-0.1501492865599123,-0.0185225995616015,simulator,event_window,False,simulated_measured
5,789.983669757843,2026-05-07 16:17:35.203900337+00:00,88.0010986328125,0.2895624935626983,0.0,-0.1865584105253219,60.02716445922851,25.620811462402344,56.81687927246094,66.83197021484375,81.92774963378906,80.15443420410156,80.17964172363281,81.78430938720703,24.94844055175781,24.664709091186523,24.66874313354492,24.92548942565918,-0.1501568712488007,-0.637229406002596,-0.1713751065181333,-0.0253002525398363,simulator,event_window,False,simulated_measured
5,789.9993867874146,2026-05-07 16:17:35.219617367+00:00,87.89469909667969,0.0,0.0,-0.028644049540162,58.605804443359375,24.138015747070312,56.123477935791016,67.24312591552734,81.92572784423828,80.15153503417969,80.17529296875,81.77969360351562,24.94811630249023,24.66424560546875,24.668046951293945,24.92475128173828,-0.1692755736428649,-0.6578108995029649,-0.180496926436243,-0.0181166544174362,simulator,event_window,False,simulated_measured
5,790.0145146846771,2026-05-07 16:17:35.234745264+00:00,87.74732971191406,0.2996559739112854,0.0,-0.5603639483451843,62.52117156982422,22.705286026000977,55.62579727172851,67.26838684082031,81.92549133300781,80.14863586425781,80.17090606689453,81.77507781982422,24.94807815551757,24.663780212402344,24.66734504699707,24.92401123046875,-0.1122877129685998,-0.6775811996640915,-0.1863998239518169,-0.0160981273482546,simulator,event_window,False,simulated_measured
5,790.0300130844116,2026-05-07 16:17:35.250243663+00:00,87.41484069824219,0.0,0.0,-0.1665451675653457,61.821807861328125,17.360414505004883,54.53414535522461,66.6954345703125,81.92523193359375,80.14515686035156,80.16564178466797,81.76947021484375,24.948036193847656,24.663225173950195,24.66650390625,24.923114776611328,-0.1188789773852921,-0.7525415949215224,-0.1993328044802736,-0.0207679499239642,simulator,event_window,False,simulated_measured
5,790.0460512638092,2026-05-07 16:17:35.266281843+00:00,87.3327865600586,0.0,0.0,-0.0437661744654178,61.821807861328125,17.360414505004883,54.18897247314453,67.07202911376953,81.92324829101562,80.14225769042969,80.1612548828125,81.76477813720703,24.94771957397461,24.662761688232425,24.665802001953125,24.92236328125,-0.1180511138875852,-0.752309093624303,-0.2036531019060325,-0.0143134947583118,simulator,event_window,False,simulated_measured
5,790.0616533756256,2026-05-07 16:17:35.281883955+00:00,87.2676773071289,0.0,0.0,-0.0423908978700637,61.821807861328125,17.360414505004883,54.02702713012695,67.06659698486328,81.9212646484375,80.13934326171875,80.1568603515625,81.76008605957031,24.94740295410156,24.662294387817383,24.665096282958984,24.921613693237305,-0.1173931035581152,-0.7521242947346197,-0.2054406398974549,-0.0136579769713781,simulator,event_window,False,simulated_measured
5,790.077540397644,2026-05-07 16:17:35.297770977+00:00,87.20745849609375,0.0,0.0,-0.072712168097496,61.821807861328125,17.360414505004883,53.8738899230957,67.04420471191406,81.91928100585938,80.13640594482422,80.15243530273438,81.7553939819336,24.947084426879883,24.66182518005371,24.664390563964844,24.92086410522461,-0.1167836426377796,-0.7519531307021734,-0.2071456762298476,-0.0133064329136805,simulator,event_window,False,simulated_measured
5,790.0935988426208,2026-05-07 16:17:35.313829422+00:00,87.06961822509766,0.4443884789943695,0.0,-0.2220026701688766,59.69707489013672,23.75250625610352,53.36464691162109,66.73164367675781,81.91690063476562,80.13288116455078,80.14712524414062,81.74976348876953,24.946704864501957,24.6612606048584,24.66353988647461,24.91996192932129,-0.1457884408985302,-0.6600851873243957,-0.2133968262724741,-0.0163516559447205,simulator,event_window,False,simulated_measured
5,790.1091363430023,2026-05-07 16:17:35.329366922+00:00,86.78211212158203,0.2402394413948059,0.0,-0.084319919347763,49.753055572509766,37.74626159667969,51.64404296875,65.47421264648438,81.9149169921875,80.13002014160156,80.14266967773438,81.74507141113281,24.946386337280277,24.660802841186523,24.662826538085938,24.919212341308597,-0.285719860568678,-0.4580352766353955,-0.2362368298031755,-0.0316892531665178,simulator,event_window,False,simulated_measured
5,790.1251711845398,2026-05-07 16:17:35.345401764+00:00,86.57758331298828,0.2239448279142379,0.0,-0.1089986264705658,48.68231964111328,45.18573760986328,56.68730163574219,62.293556213378906,81.91293334960938,80.12715911865234,80.13845825195312,81.7403793334961,24.946067810058597,24.66034507751465,24.662153244018555,24.918460845947266,-0.2994408057380838,-0.3496858456616822,-0.1596716412271248,-0.0765522045279839,simulator,event_window,False,simulated_measured
5,790.1406874656677,2026-05-07 16:17:35.360918045+00:00,86.18107604980469,0.0,0.0,-0.0411912724375724,47.62612533569336,45.18573760986328,65.95247650146484,57.34503936767578,81.91053771972656,80.12372589111328,80.13420104980469,81.73474884033203,24.94568634033203,24.6597957611084,24.66147232055664,24.91756057739257,-0.3114866415489169,-0.346693839790263,-0.0178272292765777,-0.145998514568218,simulator,event_window,False,simulated_measured
5,790.1562829017639,2026-05-07 16:17:35.376513481+00:00,86.13827514648438,0.0,0.0,-0.04696736484766,47.62612533569336,45.18573760986328,64.80055236816406,58.506935119628906,81.90851593017578,80.12083435058594,80.1296615600586,81.73005676269531,24.945362091064453,24.659332275390625,24.66074562072754,24.91680908203125,-0.3111445288976049,-0.3463692211029937,-0.0345023277460859,-0.1282622356641439,simulator,event_window,False,simulated_measured
5,790.1720545291901,2026-05-07 16:17:35.392285109+00:00,85.98902893066406,0.0,0.0,-0.1128361225128173,47.62612533569336,45.18573760986328,61.44613265991211,64.427490234375,81.906494140625,80.11793518066406,80.1251220703125,81.72569274902344,24.945037841796875,24.658870697021484,24.66001892089844,24.91611099243164,-0.3099489220441765,-0.345234751723502,-0.0828925868796911,-0.0383814056220431,simulator,event_window,False,simulated_measured
5,790.1873376369476,2026-05-07 16:17:35.407568216+00:00,85.87821960449219,0.0,0.0,-0.0941193252801895,47.62612533569336,45.18573760986328,60.531097412109375,65.95054626464844,81.90445709228516,80.11503601074219,80.1205825805664,81.72119903564453,24.944713592529297,24.65840530395508,24.65929412841797,24.91539192199707,-0.3090585438397306,-0.3443899030960337,-0.0953841149394091,-0.0143787731048971,simulator,event_window,False,simulated_measured
5,790.2033455371857,2026-05-07 16:17:35.423576117+00:00,85.84649658203125,0.0,0.0,-0.0139876557514071,47.62612533569336,45.18573760986328,60.511627197265625,65.60456848144531,81.90239715576172,80.11213684082031,80.11604309082031,81.71743774414062,24.94438362121582,24.657941818237305,24.65856552124023,24.91479110717773,-0.3088032189027133,-0.3441476342247603,-0.0953409134892026,-0.0191870524291305,simulator,event_window,False,simulated_measured
5,790.219123840332,2026-05-07 16:17:35.439354420+00:00,85.76071166992188,0.0969827696681022,0.0,-0.2041943967342376,45.91484451293945,47.83635330200195,60.19473648071289,65.02759552001953,81.8999252319336,80.10868072509766,80.110595703125,81.71443176269531,24.943988800048828,24.65738868713379,24.657695770263672,24.914308547973636,-0.3329724461891756,-0.3049805185656457,-0.0991783079698742,-0.0268405536589818,simulator,event_window,False,simulated_measured
5,790.2344481945038,2026-05-07 16:17:35.454678774+00:00,85.65907287597656,0.092252641916275,0.0,-0.1185355857014656,43.6201286315918,50.558685302734375,59.301902770996094,65.47166442871094,81.89783477783203,80.10584259033203,80.1060562133789,81.70977783203125,24.943653106689453,24.65693473815918,24.65696907043457,24.91356468200684,-0.3655570073567106,-0.2645558592244819,-0.1114866588281586,-0.019032327796011,simulator,event_window,False,simulated_measured
5,790.2501442432404,2026-05-07 16:17:35.470374823+00:00,85.58602142333984,0.084828682243824,0.0,-0.0869945362210273,42.378047943115234,52.87589263916016,59.03696823120117,65.08818817138672,81.89573669433594,80.10301971435547,80.10151672363281,81.70508575439453,24.94331741333008,24.656482696533203,24.65624237060547,24.912813186645508,-0.3830966303417932,-0.2301924546343668,-0.1147011441762687,-0.0239455909873187,simulator,event_window,False,simulated_measured
5,790.265674829483,2026-05-07 16:17:35.485905409+00:00,85.49677276611328,0.1352094411849975,0.0,-0.1426274627447128,39.75452423095703,55.69989013671875,58.23068237304688,65.21086883544922,81.89363861083984,80.10018157958984,80.09697723388672,81.70039367675781,24.942981719970703,24.656028747558597,24.655517578125,24.91206359863281,-0.4206835360599595,-0.1882320393037724,-0.1258804129665992,-0.0210850795635826,simulator,event_window,False,simulated_measured
5,790.2811267375946,2026-05-07 16:17:35.501357316+00:00,85.41207885742188,0.0,0.0,-0.1299869120121002,38.29272079467773,59.07427978515625,58.10091400146485,64.45743560791016,81.8915023803711,80.09735870361328,80.09243774414062,81.6957015991211,24.94264030456543,24.65557861328125,24.654788970947266,24.911312103271484,-0.4414321108792985,-0.1382001130703211,-0.1269635698057875,-0.0314357963114628,simulator,event_window,False,simulated_measured
5,790.2971642017365,2026-05-07 16:17:35.517394781+00:00,85.24696350097656,0.0,0.0,-0.3192524015903473,45.57643127441406,62.46276092529297,58.27503967285156,63.669898986816406,81.88898468017578,80.0940170288086,80.08699035644531,81.69007110595703,24.942237854003903,24.65504264831543,24.653919219970703,24.9104118347168,-0.333898471400479,-0.0870025851339797,-0.1226510638863815,-0.0414165519573673,simulator,event_window,False,simulated_measured
5,790.3132290840149,2026-05-07 16:17:35.533459663+00:00,84.75799560546875,0.7447901964187622,0.0,-0.9118576049804688,62.26294708251953,57.08525085449219,63.45196914672851,59.10435104370117,81.88894653320312,80.09123992919922,80.08258056640625,81.68537902832031,24.94223022460937,24.654598236083984,24.65321350097656,24.90966033935547,-0.0847746767340482,-0.1607902407855282,-0.0391997201154693,-0.1050197354812584,simulator,event_window,False,simulated_measured
5,790.3284645080566,2026-05-07 16:17:35.548695087+00:00,84.15390014648438,1.0,0.0,-1.2125422954559326,53.57610702514648,49.23122024536133,65.91539764404297,52.63484954833984,81.88969421386719,80.08848571777344,80.07929229736328,81.6806869506836,24.942352294921875,24.654157638549805,24.652687072753903,24.90890884399414,-0.2068123606322862,-0.2710568795517529,0.0052667596534623,-0.1972620024285223,simulator,event_window,False,simulated_measured
5,790.3445036411285,2026-05-07 16:17:35.564734221+00:00,83.64928436279297,1.0,0.0,-1.5094904899597168,60.310829162597656,53.94088745117188,63.67323303222656,48.35467529296875,81.89152526855469,80.08575439453125,80.07637023925781,81.67599487304688,24.94264411926269,24.65372085571289,24.65221786499023,24.908159255981445,-0.1017192311661935,-0.1965050583222174,-0.0230701798863728,-0.2580905127781525,simulator,event_window,False,simulated_measured
5,790.3594813346863,2026-05-07 16:17:35.579711914+00:00,82.99361419677734,1.0,0.0,-1.4918972253799438,61.9765739440918,57.12751388549805,65.03063201904297,42.37217712402344,81.8939208984375,80.0830078125,80.07360076904297,81.67127227783203,24.94302749633789,24.653282165527344,24.651775360107425,24.90740203857422,-0.069616671191275,-0.142314759630782,0.0056387314303549,-0.3447443344763179,simulator,event_window,False,simulated_measured
5,790.3755393028259,2026-05-07 16:17:35.595769882+00:00,82.2448959350586,1.0,0.0,-1.4041389226913452,60.79027938842773,52.27651596069336,64.46908569335938,36.269325256347656,81.89668273925781,80.0797119140625,80.07023620605469,81.66559600830078,24.943470001220703,24.65275382995605,24.65123748779297,24.906494140625,-0.0791175071401476,-0.2080003860954826,0.0060307372474297,-0.4340146318306438,simulator,event_window,False,simulated_measured
5,790.3910887241364,2026-05-07 16:17:35.611319304+00:00,81.65629577636719,1.0,0.0,-1.406023025512695,52.90937042236328,57.91547393798828,60.95964431762695,41.15008544921875,81.89771270751953,80.07698059082031,80.0670394897461,81.6608657836914,24.943634033203125,24.65231704711914,24.65072631835937,24.905738830566406,-0.1927241667702959,-0.1162442970748522,-0.0418766070248332,-0.3532212394904674,simulator,event_window,False,simulated_measured
5,790.4061813354492,2026-05-07 16:17:35.626411915+00:00,80.78467559814453,0.9121761322021484,0.0,-0.9680137038230896,59.869022369384766,46.26992034912109,59.130409240722656,51.25241088867188,81.89751434326172,80.07431030273438,80.06319427490234,81.65636444091797,24.943603515625,24.65188980102539,24.65011215209961,24.905017852783203,-0.0766800621795084,-0.2863306325445652,-0.0605999181258716,-0.185745819292077,simulator,event_window,False,simulated_measured
5,790.4216978549957,2026-05-07 16:17:35.641928434+00:00,79.93314361572266,0.8181588053703308,0.0,-0.8258191347122192,50.59592819213867,56.60745620727539,57.12697982788086,60.574440002441406,81.89643096923828,80.07194519042969,80.05886840820312,81.65213775634766,24.94342803955078,24.651512145996097,24.649417877197266,24.904342651367188,-0.2113801453419616,-0.1175826561264647,-0.0827598312810289,-0.0273934324499622,simulator,event_window,False,simulated_measured
5,790.4371066093445,2026-05-07 16:17:35.657337189+00:00,79.27935028076172,0.731131911277771,0.0,-0.9462053179740906,56.795711517333984,49.60129165649414,59.44963836669922,59.95297622680664,81.89494323730469,80.06989288330078,80.05440521240234,81.64817810058594,24.943191528320312,24.65118408203125,24.648704528808597,24.903709411621097,-0.1074460117740688,-0.2204208895713155,-0.0375950919957798,-0.0294333854351391,simulator,event_window,False,simulated_measured
5,790.452522277832,2026-05-07 16:17:35.672752857+00:00,78.73888397216797,0.6262430548667908,0.0,-0.9255881309509276,54.3453369140625,54.98362731933594,60.655120849609375,59.776588439941406,81.89349365234375,80.06778717041016,80.04991912841797,81.64439392089844,24.94295883178711,24.65084457397461,24.647987365722656,24.90310287475586,-0.1400918537506031,-0.1298954856260089,-0.0113401177637038,-0.0256464905529031,simulator,event_window,False,simulated_measured
5,790.4680709838867,2026-05-07 16:17:35.688301563+00:00,78.21702575683594,0.5048990845680237,0.0,-0.8268269300460815,50.99225997924805,54.69060134887695,61.496673583984375,59.37842178344727,81.89175415039062,80.06488800048828,80.044677734375,81.63956451416016,24.94268035888672,24.65038299560547,24.64714813232422,24.90233039855957,-0.1877644472254248,-0.1287582261259212,0.0090647187386909,-0.0256790612882121,simulator,event_window,False,simulated_measured
5,790.483640909195,2026-05-07 16:17:35.703871489+00:00,77.86908721923828,0.4924734830856323,0.0,-0.7824687957763672,54.33635711669922,49.65363311767578,60.98455429077149,58.960079193115234,81.89034271240234,80.06240844726562,80.04064178466797,81.63497161865234,24.942455291748047,24.649986267089844,24.646503448486328,24.901596069335938,-0.1306303650239196,-0.2054646275441465,0.0051328442623241,-0.0282206695400684,simulator,event_window,False,simulated_measured
5,790.4997274875641,2026-05-07 16:17:35.719958067+00:00,77.53697204589844,0.5045378804206848,0.0,-0.8226776123046875,52.78225326538086,53.25948333740234,60.64891815185547,58.24987411499024,81.88899993896484,80.05992889404297,80.03695678710938,81.63024139404297,24.94223976135254,24.64958953857422,24.64591217041016,24.90083885192871,-0.1518784042654435,-0.1441150266067153,0.0038825741725061,-0.0358139642862231,simulator,event_window,False,simulated_measured
5,790.5158653259277,2026-05-07 16:17:35.736095905+00:00,77.13340759277344,0.5171817541122437,0.0,-0.8177740573883057,56.43735504150391,49.7003173828125,60.09756088256836,57.29461288452149,81.8880386352539,80.05695343017578,80.03254699707031,81.62456512451172,24.94208526611328,24.649112701416016,24.645206451416016,24.89992904663086,-0.0884024133259463,-0.1971323972043822,-3.909164236126639e-05,-0.0466640846784686,simulator,event_window,False,simulated_measured
5,790.5315532684326,2026-05-07 16:17:35.751783848+00:00,76.83641052246094,0.5176988840103149,0.0,-0.7523473501205444,51.690208435058594,39.81467819213867,60.09293746948242,55.63542175292969,81.88749694824219,80.05447387695312,80.02880859375,81.61983489990234,24.941999435424805,24.64871597290039,24.644609451293945,24.899173736572266,-0.1618528978728485,-0.3543406699196303,0.0037488479410945,-0.0706934469165804,simulator,event_window,False,simulated_measured
5,790.547488451004,2026-05-07 16:17:35.767719030+00:00,76.56085205078125,0.5055780410766602,0.0,-0.738594114780426,56.08190536499024,27.7003116607666,59.65314865112305,53.65006256103515,81.88703155517578,80.05199432373047,80.02483367919922,81.61510467529297,24.941925048828125,24.64831924438477,24.64397430419922,24.89841651916504,-0.0873693823277654,-0.5491779112048487,-1.08036049302207e-05,-0.1006304949063322,simulator,event_window,False,simulated_measured
5,790.5625205039978,2026-05-07 16:17:35.782751083+00:00,76.31852722167969,0.4805491864681244,0.0,-0.6340848803520203,51.03816604614258,15.953858375549316,59.31903076171875,51.88664245605469,81.8864517211914,80.04951477050781,80.02045440673828,81.6103744506836,24.94183349609375,24.64792251586914,24.643272399902344,24.89765930175781,-0.1668098784313071,-0.7395268026171846,-0.0024543945673533,-0.1274300125141834,simulator,event_window,False,simulated_measured
5,790.5785822868347,2026-05-07 16:17:35.798812866+00:00,75.98467254638672,0.5327132344245911,0.0,-0.6154041290283203,53.34529113769531,9.174217224121094,58.0706672668457,52.04185485839844,81.88568878173828,80.0465316772461,80.01498413085938,81.60469818115234,24.94171142578125,24.647445678710938,24.642396926879883,24.896751403808597,-0.1253201414255831,-0.8495575794731614,-0.0191569606198672,-0.1209745399551958,simulator,event_window,False,simulated_measured
5,790.594624042511,2026-05-07 16:17:35.814854622+00:00,75.5772933959961,0.6908409595489502,0.0,-0.5114065408706665,49.82647705078125,17.583995819091797,57.39132308959961,51.46697235107422,81.88491821289062,80.04405212402344,80.01042938232422,81.59996795654297,24.941585540771484,24.647048950195312,24.64166831970215,24.89599609375,-0.1786128967854457,-0.7100964545829285,-0.0254063069631641,-0.1259989201051514,simulator,event_window,False,simulated_measured
5,790.6101560592651,2026-05-07 16:17:35.830386639+00:00,75.05634307861328,0.7634386420249939,0.0,-0.5926766991615295,49.7895736694336,29.622095108032227,55.7973518371582,51.952857971191406,81.88423919677734,80.0416030883789,80.00588989257812,81.5952377319336,24.941478729248047,24.646656036376957,24.640941619873047,24.89523696899414,-0.1735243942909338,-0.5082372136808441,-0.0458978352871373,-0.1116241869119121,simulator,event_window,False,simulated_measured
5,790.6261942386627,2026-05-07 16:17:35.846424818+00:00,74.47156524658203,0.803482711315155,0.0,-0.5684473514556885,52.00407791137695,42.45940399169922,54.07133483886719,52.91228485107422,81.88343048095703,80.03923034667969,80.00137329101562,81.59050750732422,24.941349029541016,24.646276473999023,24.640220642089844,24.894481658935547,-0.1299865815413485,-0.2895873252891839,-0.0681515153554597,-0.0881136457378409,simulator,event_window,False,simulated_measured
5,790.6417679786682,2026-05-07 16:17:35.861998558+00:00,73.77632904052734,0.8946614861488342,0.0,-0.9859437942504884,47.14658737182617,49.79852294921875,52.85173034667969,52.85173034667969,81.88287353515625,80.03656768798828,79.9959716796875,81.58483123779297,24.941259384155277,24.645851135253903,24.639354705810547,24.893573760986328,-0.2038181862089055,-0.15894052201217,-0.0805865282277245,-0.080573849407727,simulator,event_window,False,simulated_measured
5,790.6573722362518,2026-05-07 16:17:35.877602816+00:00,73.11563110351562,0.9146718382835388,0.0,-0.8965887427330017,55.509037017822266,47.04158401489258,53.60958099365234,50.80484390258789,81.88294219970703,80.03431701660156,79.99144744873047,81.5801010131836,24.94127082824707,24.645490646362305,24.63863182067871,24.89281463623047,-0.0541277315857732,-0.1983237941055291,-0.0589756223982792,-0.1081956804620256,simulator,event_window,False,simulated_measured
5,790.6733794212341,2026-05-07 16:17:35.893610001+00:00,72.48531341552734,0.8184585571289062,0.0,-1.0738482475280762,50.23931884765625,50.19393157958984,55.5459098815918,47.30489349365234,81.88331604003906,80.0322494506836,79.98687744140625,81.57537078857422,24.941329956054688,24.645160675048828,24.637901306152344,24.892059326171875,-0.1364792974216953,-0.1371635509649768,-0.0165081656739843,-0.1624114512669233,simulator,event_window,False,simulated_measured
5,790.6889202594757,2026-05-07 16:17:35.909150839+00:00,71.90908813476562,0.912196159362793,0.0,-1.203394055366516,50.15616989135742,46.254432678222656,54.70294952392578,48.2269401550293,81.884033203125,80.02999877929688,79.98234558105469,81.57064056396484,24.941444396972656,24.644798278808597,24.637176513671875,24.89130210876465,-0.1310003214598756,-0.1985122912785775,-0.0236721983017336,-0.1392429076340282,simulator,event_window,False,simulated_measured
5,790.7040178775787,2026-05-07 16:17:35.924248457+00:00,71.24601745605469,1.0,0.0,-1.2540041208267212,55.902931213378906,47.595664978027344,55.42309188842773,46.289188385009766,81.8853759765625,80.0277328491211,79.97795104980469,81.56591033935547,24.941659927368164,24.64443588256836,24.63647079467773,24.890544891357425,-0.0224183972598425,-0.1675961207022123,-0.001613151679738,-0.1661390111602505,simulator,event_window,False,simulated_measured
5,790.7195830345154,2026-05-07 16:17:35.939813614+00:00,70.60296630859375,1.0,0.0,-1.3302785158157349,46.10789108276367,40.09954833984375,53.36347198486328,48.78617477416992,81.88705444335938,80.02544403076172,79.97369384765625,81.5611801147461,24.94192886352539,24.64406967163086,24.635791778564453,24.889789581298828,-0.1863617756733228,-0.2923087553120047,-0.0299595939406484,-0.1131534055223029,simulator,event_window,False,simulated_measured
5,790.7346861362457,2026-05-07 16:17:35.954916716+00:00,69.78213500976562,1.0,0.0,-1.657455563545227,52.39221954345703,45.50910186767578,53.31938934326172,49.47823715209961,81.88951110839844,80.02316284179688,79.96936798095703,81.55644989013672,24.94232177734375,24.643707275390625,24.63509750366211,24.88903045654297,-0.0645909288410563,-0.1873916108576945,-0.0193599899507999,-0.0899931773999349,simulator,event_window,False,simulated_measured
5,790.7502229213715,2026-05-07 16:17:35.970453501+00:00,68.94900512695312,0.8322714567184448,0.0,-1.1516722440719604,54.63639450073242,43.54762268066406,51.3050422668457,50.46730041503906,81.89177703857422,80.02041625976562,79.96399688720703,81.55079650878906,24.942684173583984,24.643266677856445,24.634239196777344,24.888126373291016,-0.0127365462591825,-0.2130199251663322,-0.0450057868571314,-0.0605865944547576,simulator,event_window,False,simulated_measured
5,790.7659089565277,2026-05-07 16:17:35.986139536+00:00,68.37825775146484,0.9114995002746582,0.0,-1.1617965698242188,43.42747116088867,36.42474365234375,48.05987930297851,51.15995788574219,81.8929672241211,80.01812744140625,79.95953369140625,81.54646301269531,24.942874908447266,24.642900466918945,24.633525848388672,24.887434005737305,-0.2087284661179153,-0.3362481224027457,-0.0979443332459095,-0.0397444397908021,simulator,event_window,False,simulated_measured
5,790.7816398143768,2026-05-07 16:17:36.001870394+00:00,67.81207275390625,0.8879355192184448,0.0,-1.2040973901748655,49.48261642456055,44.12909698486328,50.243778228759766,49.645790100097656,81.89380645751953,80.01583862304688,79.95507049560547,81.5424575805664,24.94300842285156,24.642534255981445,24.6328125,24.88679313659668,-0.0908727645320158,-0.1891410571670658,-0.0490800365196807,-0.0603846766052992,simulator,event_window,False,simulated_measured
5,790.7970325946808,2026-05-07 16:17:36.017263174+00:00,67.2105941772461,0.9250308275222778,0.0,-1.3022966384887695,47.15572738647461,42.04762268066406,48.463375091552734,50.47946166992188,81.8941650390625,80.01358795166016,79.95056915283203,81.53863525390625,24.943065643310547,24.642173767089844,24.6320915222168,24.886180877685547,-0.1258705621505172,-0.2204732890753928,-0.0745677808015445,-0.0360563134810094,simulator,event_window,False,simulated_measured
5,790.812539100647,2026-05-07 16:17:36.032769680+00:00,66.46647644042969,0.8952658772468567,0.0,-1.4395568370819092,46.39090347290039,44.18373107910156,50.06425476074219,49.308712005615234,81.89495849609375,80.01095581054688,79.9451675415039,81.5340805053711,24.943193435668945,24.641754150390625,24.6312255859375,24.88545227050781,-0.130420672198676,-0.1717012228744664,-0.0332953808302656,-0.0478712362357713,simulator,event_window,False,simulated_measured
5,790.8279061317444,2026-05-07 16:17:36.048136711+00:00,65.79732513427734,0.875274658203125,0.0,-1.446557641029358,50.224571228027344,44.68427276611328,50.777679443359375,49.07768249511719,81.89566040039062,80.00878143310547,79.94075012207031,81.53018951416016,24.94330596923828,24.64140510559082,24.63051986694336,24.88483047485352,-0.0489857337528152,-0.1537985888692826,-0.0095482918287066,-0.0426946383113465,simulator,event_window,False,simulated_measured
5,790.8429596424103,2026-05-07 16:17:36.063190222+00:00,65.17430114746094,0.869412899017334,0.0,-1.4927544593811035,42.9214096069336,36.20179748535156,51.46102142333984,48.644493103027344,81.89677429199219,80.00658416748047,79.93663787841797,81.52600860595703,24.943483352661133,24.64105224609375,24.62986183166504,24.8841609954834,-0.1795037017170182,-0.3078805704677225,0.0133762304222799,-0.0420739527834286,simulator,event_window,False,simulated_measured
5,790.8586094379425,2026-05-07 16:17:36.078840017+00:00,64.5497817993164,0.8275189399719238,0.0,-1.6441174745559692,49.32270812988281,38.15019989013672,51.33688354492188,48.473876953125,81.89846801757812,80.0043716430664,79.93302917480469,81.521484375,24.943756103515625,24.64069938659668,24.629283905029297,24.88343811035156,-0.0480126704986073,-0.2635736342653783,0.0207124607475661,-0.0361983603965109,simulator,event_window,False,simulated_measured
5,790.8736963272095,2026-05-07 16:17:36.093926907+00:00,64.02545166015625,0.7953433990478516,0.0,-1.5663957595825195,49.43941116333008,23.01399612426757,50.67964172363281,48.39315414428711,81.90007019042969,80.00215911865234,79.9301986694336,81.51677703857422,24.944011688232425,24.64034652709961,24.62883186340332,24.88268280029297,-0.037945508906827,-0.5521148385898177,0.0158967699091239,-0.0299235498752905,simulator,event_window,False,simulated_measured
5,790.8892865180969,2026-05-07 16:17:36.109517097+00:00,63.56889724731445,0.814143717288971,0.0,-1.6739875078201294,43.76960372924805,3.590505838394165,50.0483512878418,47.6773681640625,81.90198516845703,79.99994659423828,79.92750549316406,81.51204681396484,24.944316864013672,24.639991760253903,24.628400802612305,24.88192749023437,-0.1421586633231896,-0.9296217847492309,0.0104475890923529,-0.0374079301007402,simulator,event_window,False,simulated_measured
5,790.9045197963715,2026-05-07 16:17:36.124750376+00:00,62.92691802978515,0.8217045068740845,0.0,-1.4498311281204224,49.80405044555664,0.0,49.204986572265625,48.19490432739258,81.90379333496094,79.99773406982422,79.92472076416016,81.50736999511719,24.94460678100586,24.639636993408203,24.62795639038086,24.881179809570312,-0.0139311602433822,-1.0,0.0035553951971303,-0.0170320814111712,simulator,event_window,False,simulated_measured
5,790.9199850559235,2026-05-07 16:17:36.140215635+00:00,62.36706161499024,0.7648455500602722,0.0,-1.3944028615951538,42.26629257202149,0.0,49.52940368652344,47.266414642333984,81.90531158447266,79.9955062866211,79.921875,81.502685546875,24.94485092163086,24.6392822265625,24.627498626708984,24.880428314208984,-0.1556589494072927,-1.0,0.0192401205801795,-0.0273153536296847,simulator,event_window,False,simulated_measured
5,790.9350836277008,2026-05-07 16:17:36.155314207+00:00,61.84429168701172,0.7223144769668579,0.0,-1.234212875366211,44.51714706420898,0.0,48.23909759521485,47.44786834716797,81.90654754638672,79.9932632446289,79.91873168945312,81.4980697631836,24.94504737854004,24.6389217376709,24.626996994018555,24.87969207763672,-0.1031770013521253,-1.0,0.0010787654254793,-0.0153275900147913,simulator,event_window,False,simulated_measured
5,790.9506838321686,2026-05-07 16:17:36.170914412+00:00,61.177242279052734,0.8475834727287292,0.0,-0.7909556031227112,45.45000076293945,8.854496002197266,47.78068161010742,46.2667350769043,81.90736389160156,79.99066925048828,79.91423797607422,81.49298095703125,24.945178985595703,24.63850784301757,24.626277923583984,24.878875732421875,-0.0744006705907213,-0.8196561903606745,0.0023771060860862,-0.0293701556362667,simulator,event_window,False,simulated_measured
5,790.9659209251404,2026-05-07 16:17:36.186151505+00:00,60.606082916259766,0.8975846171379089,0.0,-0.7764220237731934,39.11418151855469,21.3198356628418,46.82623672485352,45.6900520324707,81.90789794921875,79.98854064941406,79.90997314453125,81.48873901367188,24.945262908935547,24.638166427612305,24.62559509277344,24.878196716308597,-0.1959240660945529,-0.5616763270204916,-0.0083880885620738,-0.0324350666498945,simulator,event_window,False,simulated_measured
5,790.9815289974213,2026-05-07 16:17:36.201759577+00:00,59.91477584838867,0.9340288043022156,0.0,-0.572563111782074,46.93415832519531,37.15357208251953,46.01378631591797,45.256439208984375,81.90821838378906,79.98650360107422,79.9055404663086,81.48442840576172,24.945314407348636,24.637840270996097,24.62488555908203,24.87750816345215,-0.0240352596807098,-0.2273302223990834,-0.0143499988813873,-0.0305595765015764,simulator,event_window,False,simulated_measured
5,790.9976065158844,2026-05-07 16:17:36.217837095+00:00,59.2529525756836,0.9690539836883544,0.0,-0.8569438457489014,38.34067535400391,43.76876068115234,44.84397506713867,44.293495178222656,81.90836334228516,79.98503875732422,79.90107727050781,81.48006439208984,24.94533920288086,24.63760566711425,24.62417221069336,24.87681007385254,-0.1938259862090682,-0.0795895451717989,-0.028678950123289,-0.0405891210612509,simulator,event_window,False,simulated_measured
5,791.0136451721191,2026-05-07 16:17:36.233875751+00:00,58.49253463745117,0.0,0.0,-0.7722411155700684,48.672210693359375,45.43906021118164,44.00068664550781,44.00068664550781,81.9087142944336,79.98307037353516,79.89574432373047,81.47447967529297,24.94539451599121,24.637290954589844,24.62331771850586,24.87591552734375,0.036715672610005,-0.0320427228897912,-0.0345546231089156,-0.0345413095035285,simulator,event_window,False,simulated_measured
5,791.0292146205902,2026-05-07 16:17:36.249445200+00:00,58.13902282714844,0.0,0.0,-1.1142218112945557,47.50694274902344,44.90834426879883,46.90044403076172,44.10431671142578,81.9091796875,79.98140716552734,79.89131927490234,81.4697494506836,24.94546890258789,24.63702392578125,24.62261199951172,24.87516021728516,0.0180483101210711,-0.037531322451624,0.0353279074035068,-0.0263832131602984,simulator,event_window,False,simulated_measured
5,791.0453205108643,2026-05-07 16:17:36.265551090+00:00,57.93423843383789,0.0,0.0,-1.0688085556030271,48.107452392578125,44.71848678588867,47.270843505859375,44.06749725341797,81.90989685058594,79.97943115234375,79.8868637084961,81.46501922607422,24.94558334350586,24.63670921325684,24.621898651123047,24.87440299987793,0.0345609672550661,-0.0382125931067112,0.0471930322685443,-0.0237573729234968,simulator,event_window,False,simulated_measured
5,791.0613877773285,2026-05-07 16:17:36.281618357+00:00,57.78323745727539,0.0,0.0,-1.0715126991271973,48.31292724609375,44.68016052246094,46.72122573852539,43.977684020996094,81.91085052490234,79.97742462158203,79.88240051269531,81.46028900146484,24.945735931396484,24.63638687133789,24.62118530273437,24.873645782470703,0.0416948421699661,-0.0365256800689969,0.0377220660799137,-0.0232010882301649,simulator,event_window,False,simulated_measured
5,791.0774686336517,2026-05-07 16:17:36.297699213+00:00,57.589805603027344,0.0,0.0,-1.0742833614349363,48.329689025878906,44.50678634643555,47.0464973449707,43.56465530395508,81.91215515136719,79.9749984741211,79.87730407714844,81.4546127319336,24.945945739746097,24.63599967956543,24.62036895751953,24.872737884521484,0.0455562941105687,-0.0370407399576794,0.0484564048717861,-0.0291249225841887,simulator,event_window,False,simulated_measured
5,791.0935406684875,2026-05-07 16:17:36.313771248+00:00,57.44070816040039,0.0,0.0,-1.091746211051941,48.32792663574219,44.50678634643555,46.824806213378906,43.62227249145508,81.9132080078125,79.97297668457031,79.87318420410156,81.44988250732422,24.94611358642578,24.635677337646484,24.61970901489257,24.87198066711425,0.0482319928201351,-0.0345412101359835,0.0462245279247743,-0.0253174652911792,simulator,event_window,False,simulated_measured
5,791.1091275215149,2026-05-07 16:17:36.329358101+00:00,57.29153823852539,0.0,0.0,-1.0927070379257202,48.17964553833008,44.50678634643555,46.964820861816406,43.453590393066406,81.91409301757812,79.97095489501953,79.86907958984375,81.44515228271484,24.94625473022461,24.635353088378903,24.61905288696289,24.87122344970703,0.0477366846308036,-0.0320274460324967,0.0520851278777136,-0.0265584791422331,simulator,event_window,False,simulated_measured
5,791.1251573562622,2026-05-07 16:17:36.345387936+00:00,57.14092254638672,0.0,0.0,-1.1144320964813232,47.98014831542969,44.50678634643555,46.844200134277344,43.08393478393555,81.91484069824219,79.9685287475586,79.86418914794922,81.4394760131836,24.946372985839844,24.63496398925781,24.61827087402344,24.87031555175781,0.0461485823900882,-0.0294760021689731,0.0521490665418618,-0.0322954228716396,simulator,event_window,False,simulated_measured
5,791.1407470703125,2026-05-07 16:17:36.360977650+00:00,57.028953552246094,0.0,0.0,-1.1387256383895874,47.76189422607422,44.50678634643555,46.67854309082031,42.712379455566406,81.91522979736328,79.96650695800781,79.8601303100586,81.43474578857422,24.94643783569336,24.63463973999023,24.61762046813965,24.86956024169922,0.0434344528932535,-0.0275705034870287,0.0504867629042544,-0.0387573174938078,simulator,event_window,False,simulated_measured
5,791.1558170318604,2026-05-07 16:17:36.376047611+00:00,56.91553497314453,0.0,0.0,-1.210831880569458,47.49168395996094,44.34000778198242,46.48152923583984,42.535736083984375,81.91547393798828,79.96448516845703,79.85604095458984,81.42999267578125,24.946475982666016,24.63431739807129,24.616966247558597,24.868797302246097,0.039598823514499,-0.0292839011447466,0.0481375494136366,-0.0408250820590307,simulator,event_window,False,simulated_measured
5,791.1718912124634,2026-05-07 16:17:36.392121792+00:00,56.79196548461914,0.0,0.0120000001043081,-1.3710172176361084,47.30937576293945,43.57795333862305,46.32980728149414,42.37638854980469,81.91565704345703,79.96244049072266,79.85189056396484,81.42522430419922,24.946504592895508,24.63399124145508,24.61630249023437,24.86803436279297,0.0378613785292614,-0.0438914104190215,0.0469894095215936,-0.04233916643162,simulator,event_window,False,simulated_measured
5,791.1872029304504,2026-05-07 16:17:36.407433510+00:00,56.64961242675781,0.0,0.072000004351139,-1.438546061515808,47.19046401977539,43.452754974365234,46.1954345703125,42.55611801147461,81.91584014892578,79.96038055419922,79.84774017333984,81.42045593261719,24.946533203125,24.63365936279297,24.61563873291016,24.867271423339844,0.0378541766592723,-0.0442426132120269,0.0465760891667095,-0.0358607910050061,simulator,event_window,False,simulated_measured
5,791.2019965648651,2026-05-07 16:17:36.422227144+00:00,56.51094055175781,0.0,0.1320000141859054,-1.5207953453063965,47.27833938598633,43.42341232299805,46.15399169921875,42.71295928955078,81.91614532470703,79.95832061767578,79.84368133544922,81.41568756103516,24.946582794189453,24.633331298828125,24.614990234375,24.86650848388672,0.0423383359023432,-0.0425442704513929,0.0482030674364795,-0.029932824715914,simulator,event_window,False,simulated_measured
5,791.2180511951447,2026-05-07 16:17:36.438281775+00:00,56.38056945800781,0.0,0.2039999812841415,-1.5424814224243164,47.38753509521485,43.41138458251953,46.03110122680664,42.85503005981445,81.91680908203125,79.955810546875,79.83898162841797,81.40996551513672,24.94668960571289,24.63293075561523,24.61423683166504,24.86559295654297,0.0471615653343944,-0.040596122924821,0.0478294516583077,-0.0244556247073414,simulator,event_window,False,simulated_measured
5,791.2333509922028,2026-05-07 16:17:36.453581572+00:00,56.30084609985352,0.0,0.2639999687671661,-1.4631612300872805,47.57039260864258,43.39168167114258,45.95172882080078,43.127838134765625,81.91761779785156,79.9537353515625,79.83515930175781,81.40519714355469,24.94681930541992,24.632598876953125,24.613624572753903,24.864830017089844,0.0526908469593696,-0.0396736403656005,0.0475038504199478,-0.0168552814858901,simulator,event_window,False,simulated_measured
5,791.2491109371185,2026-05-07 16:17:36.469341516+00:00,56.245399475097656,0.0,0.3239999413490295,-1.3706188201904297,47.53477478027344,43.34598922729492,46.00456619262695,43.61542510986328,81.91856384277344,79.95166778564453,79.8313980102539,81.40042877197266,24.94696998596191,24.632266998291016,24.61302375793457,24.86406707763672,0.0529396197748459,-0.0397391949179916,0.0497421326067475,-0.0047600806078953,simulator,event_window,False,simulated_measured
5,791.263857126236,2026-05-07 16:17:36.484087706+00:00,56.21956634521485,0.0,0.3839999139308929,-1.2721126079559326,47.47169494628906,43.31316757202149,46.05427932739258,44.23844528198242,81.91954040527344,79.94955444335938,79.82767486572266,81.39566040039062,24.947126388549805,24.63192749023437,24.6124267578125,24.863304138183597,0.0520255307668744,-0.0400253961856869,0.051359379879345,0.0099201738275238,simulator,event_window,False,simulated_measured
5,791.2795965671539,2026-05-07 16:17:36.499827147+00:00,56.22582244873047,0.0,0.4439998865127563,-1.199818134307861,47.4362678527832,43.31274032592773,46.15982055664063,44.76364135742188,81.92047882080078,79.9474105834961,79.823974609375,81.3908920288086,24.9472770690918,24.63158416748047,24.611835479736328,24.86254119873047,0.0511234581584307,-0.0401416783524404,0.0536514989072325,0.0217961781209894,simulator,event_window,False,simulated_measured
5,791.2949714660645,2026-05-07 16:17:36.515202045+00:00,56.27091598510742,0.0,0.5039998888969421,-1.0705900192260742,47.396785736083984,43.41764831542969,46.28213882446289,45.11685943603515,81.92124938964844,79.94523620605469,79.82019805908203,81.38612365722656,24.947399139404297,24.631237030029297,24.61123275756836,24.861778259277344,0.0494069555747211,-0.0385878608866953,0.0555969586169826,0.029033609294643,simulator,event_window,False,simulated_measured
5,791.3106744289398,2026-05-07 16:17:36.530905007+00:00,56.37575912475586,0.0,0.5760000348091125,-0.8902038335800171,47.31027603149414,43.6300163269043,46.45865249633789,45.23550796508789,81.92192840576172,79.942626953125,79.81542205810547,81.38040161132812,24.947509765625,24.630821228027344,24.61046600341797,24.860862731933597,0.0455435126058569,-0.0356820249036642,0.0576522572528379,0.0298210194033174,simulator,event_window,False,simulated_measured
5,791.3257465362549,2026-05-07 16:17:36.545977116+00:00,56.505149841308594,0.0,0.6360001564025879,-0.7369575500488281,47.24595260620117,43.88666534423828,46.56563568115234,45.15275192260742,81.92225646972656,79.9404525756836,79.81129455566406,81.3756332397461,24.94756126403809,24.63047218322754,24.609806060791016,24.86009979248047,0.0417310563241197,-0.0322306989364927,0.0576602908803653,0.0255831494310732,simulator,event_window,False,simulated_measured
5,791.3412826061249,2026-05-07 16:17:36.561513186+00:00,56.65937805175781,0.0,0.6960002779960632,-0.6079953908920288,47.16177368164063,44.181827545166016,46.529544830322266,45.32347106933594,81.92240905761719,79.93827819824219,79.80703735351562,81.370849609375,24.947586059570312,24.63012313842773,24.60912704467773,24.859336853027344,0.037044421121573,-0.0283739215884838,0.0539638019789816,0.0266585844663522,simulator,event_window,False,simulated_measured
5,791.3573257923126,2026-05-07 16:17:36.577556372+00:00,56.82402038574219,0.0,0.7560003995895386,-0.488400787115097,47.11616134643555,44.51469421386719,46.52247619628906,45.86337661743164,81.9224853515625,79.93610382080078,79.8027114868164,81.36604309082031,24.94759750366211,24.62977600097656,24.60843276977539,24.858566284179688,0.0330396133418697,-0.0238900798365269,0.0507503883014897,0.0358783385749692,simulator,event_window,False,simulated_measured
5,791.3733520507812,2026-05-07 16:17:36.593582630+00:00,57.00440979003906,0.0,0.8160005211830139,-0.3746319413185119,47.06674575805664,44.837440490722656,46.603271484375,46.45942306518555,81.92256164550781,79.93392181396484,79.7983627319336,81.36125183105469,24.947608947753903,24.62942695617676,24.607738494873047,24.857799530029297,0.0286905516785775,-0.0199242368869478,0.0492443649220075,0.04602012963521,simulator,event_window,False,simulated_measured
5,791.389289855957,2026-05-07 16:17:36.609520435+00:00,57.25750350952149,0.0,0.8880006670951843,-0.2393009513616562,46.99689865112305,45.25936508178711,46.84884643554688,46.84884643554688,81.92265319824219,79.93126678466797,79.79314422607422,81.3555679321289,24.94762420654297,24.62900161743164,24.606903076171875,24.85689163208008,0.0226236298787818,-0.0150745980240297,0.0501109511875377,0.0501254323411601,simulator,event_window,False,simulated_measured
5,791.4046676158905,2026-05-07 16:17:36.624898195+00:00,57.50117492675781,0.0,0.9480007886886596,-0.1495949923992157,46.98308944702149,45.6411247253418,47.01216125488281,47.01216125488281,81.9227294921875,79.9290542602539,79.7887954711914,81.35089874267578,24.94763565063477,24.62864875793457,24.6062068939209,24.856143951416016,0.0179908745935344,-0.0109758213295263,0.0493060881440385,0.049320558198505,simulator,event_window,False,simulated_measured
5,791.4198324680328,2026-05-07 16:17:36.640063047+00:00,57.76643371582031,0.0,1.0,-0.0639423877000808,46.958614349365234,46.07775115966797,47.19330978393555,47.19330978393555,81.92280578613281,79.92683410644531,79.78445434570312,81.34626770019531,24.947649002075195,24.62829208374023,24.605512619018555,24.855403900146484,0.0127884717464605,-0.0060992737027747,0.0485124079345207,0.0485268670440437,simulator,event_window,False,simulated_measured
5,791.4358711242676,2026-05-07 16:17:36.656101704+00:00,58.04888534545898,0.0,1.0,-0.0723180025815963,47.03853225708008,46.44417953491211,47.26725006103515,47.26725006103515,81.92288208007812,79.9245834350586,79.78014373779297,81.34169006347656,24.947662353515625,24.627933502197266,24.60482406616211,24.854671478271484,0.0095757488115051,-0.0030699201447604,0.0450453709640581,0.0450597822627329,simulator,event_window,False,simulated_measured
5,791.4514055252075,2026-05-07 16:17:36.671636105+00:00,58.338287353515625,0.0,1.0,-0.0705252885818481,47.14895248413086,46.81173324584961,47.29558563232422,47.29558563232422,81.92295837402344,79.92233276367188,79.77580261230469,81.33715057373047,24.947673797607425,24.627573013305664,24.604127883911133,24.85394287109375,0.006925653809694,-0.0001649992768809,0.0404845274577125,0.0404988758618187,simulator,event_window,False,simulated_measured
5,791.4666340351105,2026-05-07 16:17:36.686864614+00:00,58.67561340332031,0.0,1.0,-0.0536799132823944,47.32291412353515,47.13684844970703,47.501251220703125,47.501251220703125,81.92304992675781,79.91960144042969,79.77059173583984,81.33170318603516,24.947689056396484,24.62713623046875,24.603294372558597,24.853073120117188,0.0048306519464136,0.0009910479188195,0.03900133423689,0.039015662187587,simulator,event_window,False,simulated_measured
5,791.4821677207947,2026-05-07 16:17:36.702398300+00:00,58.94862365722656,0.0,1.0,0.0084564834833145,47.47269821166992,47.35581207275391,47.74918746948242,47.74918746948242,81.923095703125,79.91731262207031,79.76628112792969,81.32716369628906,24.947694778442383,24.62677001953125,24.60260391235352,24.85234642028809,0.0033426636745892,0.0009834762993266,0.0395874080196168,0.0396017440523404,simulator,event_window,False,simulated_measured
5,791.4982483386993,2026-05-07 16:17:36.718478918+00:00,59.22087478637695,0.0,1.0,0.067737191915512,47.63599395751953,47.66945266723633,48.001277923583984,48.001277923583984,81.9231185913086,79.91502380371094,79.76197052001953,81.32262420654297,24.94769859313965,24.62640380859375,24.60191535949707,24.851619720458984,0.0021654951639382,0.0029808399082318,0.040271440537668,0.0402857860032803,simulator,event_window,False,simulated_measured
5,791.513409614563,2026-05-07 16:17:36.733640194+00:00,59.497955322265625,0.0,1.0,0.1169003993272781,47.798526763916016,47.86552810668945,48.20707321166992,48.20707321166992,81.92311096191406,79.91273498535156,79.75768280029297,81.31812286376953,24.947696685791016,24.62603759765625,24.60122871398925,24.85089874267578,0.0009018741692674,0.002416261363912,0.0398660947501694,0.0398804346260157,simulator,event_window,False,simulated_measured
5,791.529129743576,2026-05-07 16:17:36.749360323+00:00,59.77466583251953,0.0,1.0,0.155840203166008,47.9703254699707,48.14929962158203,48.41944122314453,48.41944122314453,81.92304992675781,79.91041564941406,79.75336456298828,81.31362915039062,24.947689056396484,24.625667572021484,24.60053825378418,24.850181579589844,-0.0001507140215859,0.0036911780868864,0.0396120641795418,0.0396264005522768,simulator,event_window,False,simulated_measured
5,791.5443699359894,2026-05-07 16:17:36.764600515+00:00,60.046119689941406,0.0,1.0,0.1949542611837387,48.09717559814453,48.434844970703125,48.668941497802734,48.668941497802734,81.9229736328125,79.90809631347656,79.74903106689453,81.30917358398438,24.94767570495605,24.62529563903809,24.59984588623047,24.84946823120117,-0.0020387940972166,0.0050791318670351,0.0402450252712289,0.0402593703725717,simulator,event_window,False,simulated_measured
5,791.559629201889,2026-05-07 16:17:36.779859781+00:00,60.37138366699219,0.0,1.0,0.2469694912433624,48.2790641784668,48.75019454956055,48.98246383666992,48.98246383666992,81.92288208007812,79.9052963256836,79.74378204345703,81.30386352539062,24.947662353515625,24.62484741210937,24.5990047454834,24.848617553710938,-0.0036618812246291,0.0061726616496811,0.0413055692197121,0.0413199289460808,simulator,event_window,False,simulated_measured
5,791.5753710269928,2026-05-07 16:17:36.795601606+00:00,60.64186477661133,0.0,1.0,0.3035625517368316,48.43123245239258,49.03086471557617,49.24358749389648,49.24358749389648,81.92280578613281,79.9029312133789,79.73936462402344,81.29945373535156,24.947649002075195,24.62446975708008,24.598297119140625,24.8479118347168,-0.0049795517937618,0.0074518402429049,0.0421874311945338,0.0422018030818829,simulator,event_window,False,simulated_measured
5,791.5912175178528,2026-05-07 16:17:36.811448097+00:00,60.88766479492188,0.0,0.0,0.3489255011081695,48.5943603515625,49.30897903442383,46.03996658325195,46.4454345703125,81.9227066040039,79.9005355834961,79.73487854003906,81.29503631591797,24.9476318359375,24.62408447265625,24.597579956054688,24.847206115722656,-0.0056584567668401,0.0090762437972415,-0.0295472925211865,-0.0209871414522375,simulator,event_window,False,simulated_measured
5,791.6063196659088,2026-05-07 16:17:36.826550245+00:00,60.80335235595703,0.0,0.0,0.3986201286315918,48.446964263916016,49.2158203125,46.43312072753906,47.49480438232422,81.92259216308594,79.89815521240234,79.73037719726562,81.29054260253906,24.947614669799805,24.62370491027832,24.596858978271484,24.84648704528809,-0.0072998739729852,0.0085663942794478,-0.0199030380884038,0.0025204999276124,simulator,event_window,False,simulated_measured
5,791.6219375133514,2026-05-07 16:17:36.842168093+00:00,60.62863540649414,0.0,0.0,0.3839144706726074,48.11796951293945,48.99980545043945,47.42501831054688,48.08047866821289,81.92249298095703,79.895751953125,79.72587585449219,81.28598022460938,24.94759750366211,24.623321533203125,24.59613990783691,24.84575653076172,-0.0111998314937226,0.0070333463258243,0.0039183858917097,0.0178075600288682,simulator,event_window,False,simulated_measured
5,791.6373767852783,2026-05-07 16:17:36.857607365+00:00,60.59458160400391,0.0,0.0,0.4005403816699981,48.03815078735352,49.04415130615234,46.67247772216797,47.54577255249024,81.9223403930664,79.89335632324219,79.72138214111328,81.28134155273438,24.94757461547852,24.622936248779297,24.595420837402344,24.845014572143555,-0.0122852881766751,0.008511191787528,-0.0114565558537208,0.0070540969262475,simulator,event_window,False,simulated_measured
5,791.6535131931305,2026-05-07 16:17:36.873743773+00:00,60.52167510986328,0.0,0.0,0.4615541100502014,47.86502456665039,48.97945785522461,46.48941802978515,47.53534698486328,81.92215728759766,79.89042663574219,79.7159423828125,81.2757568359375,24.94754409790039,24.622467041015625,24.59455108642578,24.84412002563477,-0.0146593975931867,0.0083941636167284,-0.0141476772510825,0.0080461418478301,simulator,event_window,False,simulated_measured
5,791.6687970161438,2026-05-07 16:17:36.889027596+00:00,60.435665130615234,0.0,0.0,0.5170062780380249,47.72953414916992,48.949684143066406,46.49658966064453,47.596561431884766,81.92200469970703,79.88800048828125,79.7114028930664,81.27106475830078,24.9475212097168,24.622079849243164,24.59382438659668,24.84337043762207,-0.0160502447339904,0.0092154191735085,-0.0125923481288413,0.0107807346873425,simulator,event_window,False,simulated_measured
5,791.6841192245483,2026-05-07 16:17:36.904349804+00:00,60.36012649536133,0.0,0.0,0.5938997268676758,47.5998420715332,48.99420547485352,46.29424285888672,47.555057525634766,81.9218521118164,79.88572692871094,79.70687866210938,81.26636505126953,24.94749641418457,24.621715545654297,24.593101501464844,24.84261703491211,-0.0174958280633137,0.0113974808039816,-0.0156590819434919,0.0111631946649592,simulator,event_window,False,simulated_measured
5,791.6996765136719,2026-05-07 16:17:36.919907093+00:00,60.28083419799805,0.0,0.0,0.6651924848556519,47.4755973815918,49.04986953735352,46.11558532714844,47.58890151977539,81.92169952392578,79.88361358642578,79.70233917236328,81.26165008544922,24.947471618652344,24.62137794494629,24.59237289428711,24.84186363220215,-0.0187713572912039,0.0138784505927824,-0.0181680375898166,0.0132138315125893,simulator,event_window,False,simulated_measured
5,791.7157590389252,2026-05-07 16:17:36.935989618+00:00,60.1756477355957,0.0,0.0,0.72905433177948,47.348087310791016,49.1268424987793,46.007659912109375,47.61321258544922,81.92151641845703,79.88114929199219,79.69689178466797,81.25605773925781,24.94744110107422,24.620983123779297,24.591503143310547,24.84096908569336,-0.0196961717357426,0.0172445404852688,-0.0187536261475815,0.015503430613909,simulator,event_window,False,simulated_measured
5,791.7313175201416,2026-05-07 16:17:36.951548100+00:00,60.08687210083008,0.0,0.0,0.7686254382133484,47.216190338134766,49.145809173583984,45.86406326293945,47.67212677001953,81.9213638305664,79.879150390625,79.69235229492188,81.25144958496094,24.947418212890625,24.620662689208984,24.590776443481445,24.840232849121097,-0.0209826719212729,0.0191407868002781,-0.0203710176399966,0.0182621801116085,simulator,event_window,False,simulated_measured
5,791.747346162796,2026-05-07 16:17:36.967576742+00:00,59.99803924560547,0.0,0.0,0.8115097880363464,47.098907470703125,49.16774368286133,45.74451446533203,47.6805305480957,81.92119598388672,79.87721252441406,79.68778228759766,81.24689483642578,24.94739151000977,24.62035369873047,24.59004592895508,24.83950424194336,-0.0219685778495685,0.0211052537720246,-0.021477854476171,0.0199495829167368,simulator,event_window,False,simulated_measured
5,791.762369632721,2026-05-07 16:17:36.982600212+00:00,59.90718078613281,0.0,0.0,0.8502466082572937,46.98133087158203,49.17664337158203,45.626502990722656,47.68414688110352,81.92096710205078,79.87530517578125,79.6832046508789,81.24239349365234,24.94735336303711,24.62004852294922,24.58931350708008,24.83878326416016,-0.0229304801602679,0.0228390242018174,-0.0225219903107535,0.0215739689005178,simulator,event_window,False,simulated_measured
5,791.778427362442,2026-05-07 16:17:36.998657942+00:00,59.826454162597656,0.0,0.0,0.8685297966003418,46.86640167236328,49.21195983886719,45.47501754760742,47.743560791015625,81.92076110839844,79.87339782714844,79.67862701416016,81.23774719238281,24.947322845458984,24.61974334716797,24.58858108520508,24.83803939819336,-0.0240054794656272,0.0249547370219718,-0.0244527565771633,0.024227013480409,simulator,event_window,False,simulated_measured
5,791.7945320606232,2026-05-07 16:17:37.014762640+00:00,59.73188018798828,0.0,0.0,0.8541747331619263,46.72396469116211,49.26211929321289,45.380950927734375,47.787445068359375,81.92046356201172,79.87107849121094,79.67310333251953,81.2320785522461,24.94727325439453,24.619373321533203,24.587696075439453,24.83713150024414,-0.0254311311698164,0.0276238988440942,-0.0249293123259742,0.0267916061389841,simulator,event_window,False,simulated_measured
5,791.8096418380737,2026-05-07 16:17:37.029872417+00:00,59.65528106689453,0.0,0.0,0.8645619750022888,46.65493392944336,49.27368927001953,45.29705429077149,47.82871627807617,81.92015838623047,79.86913299560547,79.66848754882812,81.22734832763672,24.94722557067871,24.619060516357425,24.586957931518555,24.836376190185547,-0.0256214493536484,0.0291850613072144,-0.0254822396887224,0.0289979547707424,simulator,event_window,False,simulated_measured
5,791.824901342392,2026-05-07 16:17:37.045131922+00:00,59.57678985595703,0.0,0.0,0.917277693748474,46.54946899414063,49.32607269287109,45.20848846435547,47.85639572143555,81.91985321044922,79.8671646118164,79.66387176513672,81.22259521484375,24.94717597961425,24.618745803833008,24.586219787597656,24.83561515808105,-0.026543240441996,0.0316365716477757,-0.0261062418470868,0.0309499251271634,simulator,event_window,False,simulated_measured
5,791.8415451049805,2026-05-07 16:17:37.061775684+00:00,59.48381805419922,0.0,0.0,0.9681416749954224,46.405948638916016,49.29519271850586,45.08576583862305,47.84585952758789,81.91948699951172,79.86475372314453,79.65833282470703,81.21694946289062,24.94711685180664,24.61836051940918,24.5853328704834,24.83471298217773,-0.0280277832066551,0.0326021425437577,-0.027231925734705,0.0323339440040464,simulator,event_window,False,simulated_measured
5,791.8571391105652,2026-05-07 16:17:37.077369690+00:00,59.40338516235352,0.0,0.0,1.0110204219818115,46.321556091308594,49.30667495727539,44.96188735961914,47.84146118164063,81.91918182373047,79.86273193359375,79.65371704101562,81.21231842041016,24.94706916809082,24.61803817749023,24.5845947265625,24.83397102355957,-0.0284817158115114,0.034241145949454,-0.0285912006022885,0.0336367081927451,simulator,event_window,False,simulated_measured
5,791.8722505569458,2026-05-07 16:17:37.092481136+00:00,59.32100677490234,0.0,0.0,1.0866776704788208,46.22061538696289,49.22993087768555,44.865177154541016,47.80805206298828,81.91887664794922,79.86073303222656,79.64910125732422,81.2077407836914,24.947021484375,24.61771774291992,24.58385467529297,24.83323860168457,-0.0292525845766262,0.0340653896367975,-0.0293345576750039,0.0343492856739391,simulator,event_window,False,simulated_measured
5,791.8875443935394,2026-05-07 16:17:37.107774973+00:00,59.23523712158203,0.0,0.0,1.130469560623169,46.117767333984375,49.229278564453125,44.78346252441406,47.74370956420898,81.91857147216797,79.85877990722656,79.64448547363281,81.2032699584961,24.946971893310547,24.61740493774414,24.583118438720703,24.832523345947266,-0.0300101825318827,0.0355489429178508,-0.0296995520090012,0.0344528762396321,simulator,event_window,False,simulated_measured
5,791.903491973877,2026-05-07 16:17:37.123722553+00:00,59.14909744262695,0.0,0.0,1.1901543140411377,46.01586151123047,49.17809295654297,44.64593124389648,47.70236206054688,81.91826629638672,79.85689544677734,79.6398696899414,81.19888305664062,24.946922302246097,24.61710357666016,24.58237838745117,24.83182144165039,-0.0307440675919233,0.0359787589105182,-0.0312706492342945,0.0350621925018939,simulator,event_window,False,simulated_measured
5,791.9191634654999,2026-05-07 16:17:37.139394045+00:00,59.05733489990234,0.0,0.0,1.2185864448547363,45.891448974609375,49.13883590698242,44.54054641723633,47.640846252441406,81.91796112060547,79.85506439208984,79.63518524169922,81.194580078125,24.94687271118164,24.616809844970703,24.58163070678711,24.831132888793945,-0.0318626874592894,0.0367601812339286,-0.0320556472720005,0.0353335940345547,simulator,event_window,False,simulated_measured
5,791.9352376461029,2026-05-07 16:17:37.155468225+00:00,58.93834686279297,0.0,0.0,1.2801190614700315,45.75226593017578,49.12264633178711,44.38545608520508,47.616695404052734,81.91754913330078,79.85318756103516,79.62955474853516,81.18944549560547,24.946807861328125,24.61650848388672,24.58072853088379,24.830310821533203,-0.0328503252429406,0.0385109839658452,-0.0334786967825012,0.0368978762970308,simulator,event_window,False,simulated_measured
5,791.9508483409882,2026-05-07 16:17:37.171078920+00:00,58.834922790527344,0.0,0.0,1.305884838104248,45.61235427856445,49.12164306640625,44.24613571166992,47.59730911254883,81.91720581054688,79.85173797607422,79.62486267089844,81.18517303466797,24.946752548217773,24.61627769470215,24.579978942871097,24.829627990722656,-0.0341129716162784,0.0403153024681448,-0.0348188012015749,0.0382977100326527,simulator,event_window,False,simulated_measured
5,791.9664463996887,2026-05-07 16:17:37.186676979+00:00,58.72949600219727,0.0,0.0,1.3190430402755735,45.48320007324219,49.04897689819336,44.12237930297851,47.58601760864258,81.91686248779297,79.8503189086914,79.62017059326172,81.1808090209961,24.946697235107425,24.616050720214844,24.57922744750977,24.828929901123047,-0.0351189621714564,0.0406410864268966,-0.0357906375071268,0.039914826834225,simulator,event_window,False,simulated_measured
5,791.982040643692,2026-05-07 16:17:37.202271223+00:00,58.62173461914063,0.0,0.0,1.3197681903839111,45.36147689819336,49.01676177978515,44.00133895874024,47.55847930908203,81.91651916503906,79.84888458251953,79.615478515625,81.17636108398438,24.946643829345703,24.615821838378903,24.57847595214844,24.82821655273437,-0.0359322533285604,0.041869300347491,-0.0366681452382386,0.0412235389956598,simulator,event_window,False,simulated_measured
5,791.9971399307251,2026-05-07 16:17:37.217370510+00:00,58.51362991333008,0.0,0.0,1.3188873529434204,45.222354888916016,48.979942321777344,43.8543701171875,47.55083847045898,81.91617584228516,79.84745025634766,79.61078643798828,81.17184448242188,24.94658660888672,24.61559295654297,24.57772445678711,24.82749557495117,-0.0371133489763993,0.0430101106642939,-0.0381119455438592,0.0429796191881015,simulator,event_window,False,simulated_measured
5,792.0126991271973,2026-05-07 16:17:37.232929707+00:00,58.383392333984375,0.0,0.0,1.294965744018555,45.08437728881836,48.90620040893555,43.70495223999024,47.5193977355957,81.91576385498047,79.84565734863281,79.60515594482422,81.16634368896484,24.946521759033203,24.615304946899418,24.576824188232425,24.82661437988281,-0.0379098189917751,0.0437629742861922,-0.0392508288731501,0.0446150658927229,simulator,event_window,False,simulated_measured
5,792.0287554264069,2026-05-07 16:17:37.248986006+00:00,58.27554702758789,0.0,0.0,1.2939510345458984,44.95075607299805,48.82685470581055,43.583290100097656,47.47180938720703,81.91542053222656,79.84412384033203,79.6004638671875,81.1617660522461,24.946468353271484,24.61505889892578,24.576072692871097,24.82588195800781,-0.0389860880889267,0.0439980314802483,-0.0401522583495987,0.0455001741311369,simulator,event_window,False,simulated_measured
5,792.0438957214355,2026-05-07 16:17:37.264126301+00:00,58.164772033691406,0.0,0.0,1.2939085960388184,44.826507568359375,48.86984634399414,43.47168731689453,47.42653274536133,81.91507720947266,79.84252166748047,79.59577178955078,81.15717315673828,24.9464111328125,24.614803314208984,24.5753231048584,24.82514762878418,-0.0398172341526386,0.0469073112973787,-0.0407867675074011,0.0464922787831305,simulator,event_window,False,simulated_measured
5,792.0599846839905,2026-05-07 16:17:37.280215263+00:00,58.058780670166016,0.0,0.0,1.270838975906372,44.720733642578125,48.90131378173828,43.3599853515625,47.34808349609375,81.91473388671875,79.84088897705078,79.59107971191406,81.15263366699219,24.94635772705078,24.61454200744629,24.574573516845703,24.82442092895508,-0.0403341480963496,0.0494938691610127,-0.0415048704649745,0.0466685560774393,simulator,event_window,False,simulated_measured
5,792.0761318206787,2026-05-07 16:17:37.296362400+00:00,57.94270324707031,0.0,0.0359999984502792,1.243849277496338,44.63366317749024,48.89999771118164,43.27494812011719,47.341922760009766,81.91432189941406,79.83897399902344,79.58544921875,81.14713287353516,24.946290969848636,24.614234924316406,24.573671340942383,24.82353973388672,-0.0402838314227782,0.0515680334357528,-0.0414682620872507,0.0486289007540547,simulator,event_window,False,simulated_measured
5,792.0917060375214,2026-05-07 16:17:37.311936617+00:00,57.86125183105469,0.0,0.0960000082850456,1.2285025119781494,44.60054397583008,48.83444213867188,43.57547378540039,47.271121978759766,81.91397094726562,79.83740997314453,79.58075714111328,81.142578125,24.94623565673828,24.613985061645508,24.572921752929688,24.822811126708984,-0.039645970661183,0.0516366064901523,-0.0334529788767336,0.0485346051757868,simulator,event_window,False,simulated_measured
5,792.1077823638916,2026-05-07 16:17:37.328012943+00:00,57.80728149414063,0.0,0.1560000032186508,1.1913307905197144,44.59230422973633,48.7728385925293,43.8236198425293,47.274017333984375,81.91358947753906,79.83580780029297,79.57606506347656,81.13810729980469,24.94617462158203,24.61372947692871,24.57217025756836,24.822097778320312,-0.0389269465527738,0.0512905865700628,-0.0270413229074427,0.0495778262279846,simulator,event_window,False,simulated_measured
5,792.123851776123,2026-05-07 16:17:37.344082355+00:00,57.78500747680664,0.0,0.2159999758005142,1.098198413848877,44.676063537597656,48.640750885009766,44.10294723510742,47.204097747802734,81.9132080078125,79.83422088623047,79.57137298583984,81.13368225097656,24.94611358642578,24.613475799560547,24.57141876220703,24.821388244628903,-0.0367505743925424,0.0488475943583945,-0.0204623504771931,0.0484294471144934,simulator,event_window,False,simulated_measured
5,792.139447927475,2026-05-07 16:17:37.359678507+00:00,57.7967643737793,0.0,0.2879999577999115,0.9430617094039916,44.81216812133789,48.47584533691406,44.4808464050293,47.18185043334961,81.9127426147461,79.83219909667969,79.56574249267578,81.12837219238281,24.94603729248047,24.61315155029297,24.570518493652344,24.820539474487305,-0.0340125966406916,0.0450790809567449,-0.0122700768540225,0.0477221529888938,simulator,event_window,False,simulated_measured
5,792.1544952392578,2026-05-07 16:17:37.374725819+00:00,57.83577346801758,0.0,0.3479999303817749,0.7916437387466431,44.98652648925781,48.33317947387695,44.8690299987793,47.13033676147461,81.91231536865234,79.83038330078125,79.56105041503906,81.12391662597656,24.94597053527832,24.61286163330078,24.569766998291016,24.819826126098636,-0.0309081388155196,0.0413005711238332,-0.0043221929367648,0.0458723417432844,simulator,event_window,False,simulated_measured
5,792.1705777645111,2026-05-07 16:17:37.390808344+00:00,57.90119552612305,0.0,0.4079999029636383,0.6923855543136597,45.29200744628906,48.04876327514648,45.2182731628418,47.11579895019531,81.91185760498047,79.82839965820312,79.55635833740234,81.1194076538086,24.94589614868164,24.61254501342773,24.56901741027832,24.81910514831543,-0.025429925494965,0.0340034134046356,0.0022940134269906,0.0443683746712728,simulator,event_window,False,simulated_measured
5,792.1866707801819,2026-05-07 16:17:37.406901360+00:00,58.00644302368164,0.0,0.4799998700618744,0.7491323947906494,45.58709716796875,47.9218635559082,45.68004989624024,47.075660705566406,81.91130828857422,79.82582092285156,79.55072784423828,81.11396789550781,24.94580841064453,24.612131118774418,24.568115234375,24.81823348999023,-0.020860127848564,0.0294013955125163,0.0106924668575325,0.041585372077262,simulator,event_window,False,simulated_measured
5,792.20219373703,2026-05-07 16:17:37.422424316+00:00,58.11702728271485,0.0,0.5399999618530273,0.7811390161514282,45.75726318359375,47.911258697509766,46.06486892700195,47.08055877685547,81.91085052490234,79.82357788085938,79.54603576660156,81.10938262939453,24.945735931396484,24.611772537231445,24.567365646362305,24.81750106811523,-0.019075274785825,0.0272152973682915,0.0172674356300075,0.0397116255366973,simulator,event_window,False,simulated_measured
5,792.2172992229462,2026-05-07 16:17:37.437529802+00:00,58.243255615234375,0.0,0.6000000834465027,0.7979779243469238,45.93974304199219,47.86997604370117,46.55074691772461,47.10381317138672,81.91039276123047,79.82122039794922,79.54134368896484,81.10478210449219,24.94566345214844,24.61139488220215,24.56661605834961,24.81676483154297,-0.0172977472780299,0.0241058737256611,0.0257693196289134,0.0379707285937063,simulator,event_window,False,simulated_measured
5,792.2337167263031,2026-05-07 16:17:37.453947306+00:00,58.37012481689453,0.0,0.0,0.7629633545875549,46.05898284912109,47.95982360839844,43.50933074951172,46.62228393554688,81.90992736816406,79.81876373291016,79.53665161132812,81.10021209716797,24.945587158203125,24.61100196838379,24.56586456298828,24.81603240966797,-0.0168885515670236,0.0237979243195476,-0.0433337002957509,0.0251268441601517,simulator,event_window,False,simulated_measured
5,792.2485773563385,2026-05-07 16:17:37.468807936+00:00,58.331661224365234,0.0,0.0,0.7623870372772217,45.99542999267578,47.87643051147461,44.50721740722656,45.91309356689453,81.90943145751953,79.8162841796875,79.5319595336914,81.09561920166016,24.94550895690918,24.610605239868164,24.565113067626957,24.81529998779297,-0.0175976990111725,0.022691645778752,-0.0207472666263585,0.0101989071241435,simulator,event_window,False,simulated_measured
5,792.2637481689453,2026-05-07 16:17:37.483978748+00:00,58.20647811889648,0.0,0.0,0.7478014826774597,45.80045318603515,47.71480941772461,44.7138900756836,46.76991271972656,81.908935546875,79.8138198852539,79.52726745605469,81.091064453125,24.94543075561523,24.61021041870117,24.564361572265625,24.81457138061523,-0.0196582790931014,0.0214312971548709,-0.0140841995480847,0.0312641493930683,simulator,event_window,False,simulated_measured
5,792.2789793014526,2026-05-07 16:17:37.499209881+00:00,58.15237808227539,0.0,0.0,0.831124484539032,45.72656631469727,47.775726318359375,44.56654357910156,46.19515609741211,81.90841674804688,79.81161499023438,79.52253723144531,81.0865249633789,24.94534683227539,24.60985946655273,24.56360626220703,24.8138427734375,-0.0203292447689062,0.0236868118779842,-0.0164189159771112,0.0195385291085248,simulator,event_window,False,simulated_measured
5,792.2942118644714,2026-05-07 16:17:37.514442444+00:00,58.08789443969727,0.0,0.0,0.8876311779022217,45.65372085571289,47.80550765991211,44.172943115234375,46.29588317871094,81.90788269042969,79.8096694946289,79.51778411865234,81.08201599121094,24.94526100158691,24.609546661376957,24.56284523010254,24.813121795654297,-0.0208041208314706,0.0254620422798097,-0.0240234210868917,0.0228958630434912,simulator,event_window,False,simulated_measured
5,792.3099768161774,2026-05-07 16:17:37.530207396+00:00,57.98532485961914,0.0,0.0,0.9186357855796814,45.499019622802734,47.80573272705078,44.18451690673828,46.36015701293945,81.90727233886719,79.80746459960938,79.5120849609375,81.07659912109375,24.94516372680664,24.609193801879883,24.56193351745605,24.812255859375,-0.02239598416846,0.0272808067852086,-0.0220408584311678,0.0261278780552325,simulator,event_window,False,simulated_measured
5,792.3251321315765,2026-05-07 16:17:37.545362711+00:00,57.90447235107422,0.0,0.0,0.9144543409347534,45.42642211914063,47.85118865966797,44.08296585083008,46.32171630859375,81.90673828125,79.8056640625,79.50735473632812,81.07201385498047,24.945077896118164,24.608905792236328,24.561176300048828,24.8115234375,-0.0225929746137626,0.0296933583992897,-0.0229261471089802,0.0267086410752976,simulator,event_window,False,simulated_measured
5,792.3407559394836,2026-05-07 16:17:37.560986519+00:00,57.82854080200195,0.0,0.0,0.9140551686286926,45.31249237060547,47.77959442138672,43.93075180053711,46.37730026245117,81.90620422363281,79.80371856689453,79.50260162353516,81.06736755371094,24.944992065429688,24.60859489440918,24.56041717529297,24.810779571533203,-0.0237641555879519,0.0295027585946401,-0.0250213716251136,0.0292903783884865,simulator,event_window,False,simulated_measured
5,792.3560345172882,2026-05-07 16:17:37.576265097+00:00,57.742977142333984,0.0,0.0,0.8623648881912231,45.21359252929688,47.76496887207031,43.89496994018555,46.33037567138672,81.90567016601562,79.80158233642578,79.49783325195312,81.06267547607422,24.944908142089844,24.608253479003903,24.559654235839844,24.810028076171875,-0.0244514741909092,0.0307126754476496,-0.0243719489999466,0.0297726028753135,simulator,event_window,False,simulated_measured
5,792.3712208271027,2026-05-07 16:17:37.591451406+00:00,57.66157531738281,0.0,0.0,0.8257002830505371,45.0840072631836,47.6978759765625,43.760963439941406,46.313663482666016,81.90513610839844,79.79924011230469,79.4930648803711,81.0579833984375,24.94482040405273,24.607879638671875,24.55889129638672,24.809276580810547,-0.0258742120939839,0.0307179192334361,-0.0259773278895733,0.0308543686984714,simulator,event_window,False,simulated_measured
5,792.3864290714264,2026-05-07 16:17:37.606659651+00:00,57.582069396972656,0.0,0.0,0.7208374738693237,45.0141716003418,47.51295471191406,43.68264389038086,46.224266052246094,81.90457916259766,79.79676055908203,79.48829650878906,81.05329895019531,24.944732666015625,24.60748291015625,24.558128356933597,24.808528900146484,-0.0260402126042607,0.0281395362998453,-0.0263780825408673,0.030285146740286,simulator,event_window,False,simulated_measured
5,792.4019355773926,2026-05-07 16:17:37.622166157+00:00,57.50863265991211,0.0,0.0,0.6224508881568909,44.93951416015625,47.3924446105957,43.62456512451172,46.05847930908203,81.90400695800781,79.79428100585938,79.48352813720703,81.048583984375,24.94464111328125,24.607086181640625,24.55736541748047,24.80777359008789,-0.0264139023513403,0.026841373446141,-0.0264309409411255,0.0279008764632944,simulator,event_window,False,simulated_measured
5,792.4171404838562,2026-05-07 16:17:37.637371063+00:00,57.43965911865234,0.0,0.0,0.5875318050384521,44.93951416015625,47.23398971557617,43.56491470336914,45.88792037963867,81.90343475341797,79.79180145263672,79.478759765625,81.04385375976562,24.944549560546875,24.606689453125,24.556602478027344,24.807016372680664,-0.0252448201891813,0.0246370755927458,-0.0265946957206546,0.0253241943599789,simulator,event_window,False,simulated_measured
5,792.4325926303864,2026-05-07 16:17:37.652823210+00:00,57.37495422363281,0.0,0.0,0.6092773675918579,44.93951416015625,47.04855346679688,43.46032333374024,45.700782775878906,81.90286254882812,79.78932189941406,79.47396850585938,81.03910064697266,24.9444580078125,24.60629272460937,24.555835723876957,24.80625534057617,-0.0241455351015879,0.0217654488772915,-0.0278365360849285,0.0222943723152477,simulator,event_window,False,simulated_measured
5,792.4483845233917,2026-05-07 16:17:37.668615103+00:00,57.291446685791016,0.0,0.0,0.6638839244842529,44.93951416015625,46.8294792175293,43.33246612548828,45.49532699584961,81.90217590332031,79.78634643554688,79.46820068359375,81.0335693359375,24.9443473815918,24.60581588745117,24.554912567138672,24.805370330810547,-0.0227231377217046,0.0184901395462182,-0.0292837238375491,0.01918185985601,simulator,event_window,False,simulated_measured
5,792.4638438224792,2026-05-07 16:17:37.684074402+00:00,57.21826934814453,0.0,0.0,0.7402026653289795,44.93951416015625,46.66779708862305,43.2140998840332,45.30389022827149,81.90160369873047,79.78386688232422,79.46339416503906,81.02908325195312,24.944255828857425,24.605419158935547,24.554141998291016,24.80465316772461,-0.0214732830906617,0.0162717951818656,-0.0306972431886741,0.016191275032577,simulator,event_window,False,simulated_measured
5,792.4798970222473,2026-05-07 16:17:37.700127602+00:00,57.14435195922851,0.0,0.0,0.8689072728157043,44.44766616821289,46.49735641479492,43.099853515625,45.16074752807617,81.90103149414062,79.7813949584961,79.45858764648438,81.02462005615234,24.944164276123047,24.60502243041992,24.553375244140625,24.803939819335938,-0.0309310404109445,0.013869922743259,-0.0320093187673252,0.0142908162401735,simulator,event_window,False,simulated_measured
5,792.4963829517365,2026-05-07 16:17:37.716613531+00:00,57.06269836425781,0.0,0.0,1.0309377908706665,44.10930252075195,46.496726989746094,42.96174240112305,45.0877685546875,81.90045928955078,79.77906036376953,79.45379638671875,81.02011108398438,24.944072723388672,24.60464859008789,24.55260848999023,24.80321884155273,-0.0369320758048217,0.0153069708686592,-0.0337304887451141,0.0141007892861713,simulator,event_window,False,simulated_measured
5,792.5111281871796,2026-05-07 16:17:37.731358767+00:00,56.94489669799805,0.0,0.0,1.0122108459472656,44.22005462646485,46.57906723022461,42.7501106262207,45.09344482421875,81.89977264404297,79.77638244628906,79.44802856445312,81.01451110839844,24.94396209716797,24.60422134399414,24.551685333251957,24.802322387695312,-0.0325166540602278,0.0192090409400613,-0.0365013116873867,0.0163265883755787,simulator,event_window,False,simulated_measured
5,792.5263969898224,2026-05-07 16:17:37.746627569+00:00,56.8440055847168,0.0,0.0,0.948078751564026,44.01939010620117,46.641109466552734,42.65768051147461,45.14168548583984,81.89920043945312,79.77424621582031,79.44322204589844,81.00968170166016,24.943870544433597,24.60387802124023,24.550914764404297,24.80154800415039,-0.0351975886904257,0.0223779838294735,-0.036878100281118,0.0192196320224313,simulator,event_window,False,simulated_measured
5,792.5418238639832,2026-05-07 16:17:37.762054443+00:00,56.73622131347656,0.0,0.0,0.8649531006813049,43.91936492919922,46.73268127441406,42.57798385620117,45.16771697998047,81.89862823486328,79.7721939086914,79.43841552734375,81.00480651855469,24.94377899169922,24.60354995727539,24.550146102905277,24.800769805908203,-0.0355611950601827,0.0263313166880501,-0.0368512191057354,0.0217447497433111,simulator,event_window,False,simulated_measured
5,792.557124376297,2026-05-07 16:17:37.777354956+00:00,56.6281852722168,0.0,0.0,0.8063797950744629,43.8298454284668,46.80636978149414,42.418758392333984,45.34676742553711,81.89805603027344,79.7702407836914,79.43360900878906,80.9999008178711,24.943687438964844,24.60323715209961,24.54937744140625,24.799983978271484,-0.0356907617911063,0.0299107816901555,-0.0386223920980554,0.0277520990988511,simulator,event_window,False,simulated_measured
5,792.5724396705627,2026-05-07 16:17:37.792670250+00:00,56.51708221435547,0.0,0.0,0.7680387496948242,43.72832107543945,46.91846084594727,42.379432678222656,45.410152435302734,81.8974838256836,79.76837921142578,79.42880249023438,80.9950180053711,24.94359588623047,24.60293960571289,24.548606872558597,24.79920196533203,-0.0360331410499091,0.0344066733284316,-0.0376255147931314,0.0312118865472643,simulator,event_window,False,simulated_measured
5,792.5879549980164,2026-05-07 16:17:37.808185577+00:00,56.41101837158203,0.0,0.0,0.7201382517814636,43.69047546386719,47.01117706298828,42.33170700073242,45.44513320922851,81.89691162109375,79.7666015625,79.42399597167969,80.9901351928711,24.943504333496097,24.60265731811523,24.547840118408203,24.79842185974121,-0.0350565475684045,0.0383995105353578,-0.0369018784617477,0.0339466346978736,simulator,event_window,False,simulated_measured
5,792.6035590171814,2026-05-07 16:17:37.823789597+00:00,56.3024787902832,0.0,0.0,0.7581238746643066,43.6099853515625,47.07343292236328,42.248905181884766,45.55245208740234,81.8963394165039,79.76483917236328,79.419189453125,80.9852523803711,24.94341278076172,24.60237503051757,24.547069549560547,24.79763984680176,-0.03497745892981,0.0417791113036261,-0.0369326980095865,0.0383862473009175,simulator,event_window,False,simulated_measured
5,792.6194143295288,2026-05-07 16:17:37.839644909+00:00,56.17411804199219,0.0,0.0,0.8020595908164978,43.54899597167969,47.10800552368164,42.19239807128906,45.59160232543945,81.8956527709961,79.76256561279297,79.4134292602539,80.97935485839844,24.94330406188965,24.60201072692871,24.5461483001709,24.79669570922852,-0.0341250187771002,0.044926502503094,-0.03602306731926,0.041653497788636,simulator,event_window,False,simulated_measured
5,792.6348123550415,2026-05-07 16:17:37.855042934+00:00,56.0690803527832,0.0,0.0,0.8337372541427612,43.46371841430664,47.09628677368164,42.15152359008789,45.61148834228515,81.89508056640625,79.76045227050781,79.40866088867188,80.97443389892578,24.943212509155277,24.601673126220703,24.545385360717773,24.7959098815918,-0.0342105029076441,0.0466236017101673,-0.0351528052141336,0.0440600886018407,simulator,event_window,False,simulated_measured
5,792.6502704620361,2026-05-07 16:17:37.870501041+00:00,55.96261215209961,0.0,0.0,0.9966561198234558,43.41843795776367,47.00553894042969,42.13063049316406,45.58746719360352,81.89443969726562,79.75818634033203,79.40389251708984,80.96954345703125,24.94311141967773,24.60131072998047,24.54462242126465,24.795127868652344,-0.0333811726297187,0.0465942593310908,-0.0337963472131865,0.0454955033523556,simulator,event_window,False,simulated_measured
5,792.6658153533936,2026-05-07 16:17:37.886045933+00:00,55.86036682128906,0.0,0.0,1.1480374336242676,43.3798942565918,46.90705108642578,42.04111099243164,45.467586517333984,81.89379119873047,79.7558364868164,79.39908599853516,80.96479797363281,24.94300651550293,24.60093307495117,24.543853759765625,24.794368743896484,-0.0324715630691454,0.0463130384283794,-0.0340845887292663,0.0446547944582764,simulator,event_window,False,simulated_measured
5,792.6815767288208,2026-05-07 16:17:37.901807308+00:00,55.76227569580078,0.0,0.0,1.1749709844589231,43.398170471191406,46.71586227416992,41.98133850097656,45.2259407043457,81.89311981201172,79.75344848632812,79.39427947998047,80.96014404296875,24.94289779663086,24.60055160522461,24.54308319091797,24.79362297058105,-0.0303612461951188,0.0438814248110452,-0.033761170472529,0.0409306655291732,simulator,event_window,False,simulated_measured
5,792.6975636482239,2026-05-07 16:17:37.917794228+00:00,55.64973831176758,0.0,0.0,1.250930666923523,43.339874267578125,46.60493087768555,41.99276351928711,45.01340103149414,81.89226531982422,79.7506103515625,79.3885498046875,80.95467376708984,24.94276237487793,24.60009765625,24.54216766357422,24.792747497558597,-0.0297055366730996,0.0435085968524338,-0.0315437102057373,0.0381339273756606,simulator,event_window,False,simulated_measured
5,792.7135155200958,2026-05-07 16:17:37.933746099+00:00,55.5595817565918,0.0,0.0,1.1981621980667114,43.2957878112793,46.34048843383789,41.98731231689453,44.8672103881836,81.8915023803711,79.7481918334961,79.38378143310547,80.95026397705078,24.94264030456543,24.59971046447754,24.541404724121097,24.792041778564453,-0.0291196500507823,0.0392712870477351,-0.0300981179251661,0.0364414748004187,simulator,event_window,False,simulated_measured
5,792.7288310527802,2026-05-07 16:17:37.949061632+00:00,55.473514556884766,0.0,0.0,1.1873717308044434,43.214820861816406,46.27173614501953,41.95790100097656,44.65772247314453,81.89073944091797,79.74591827392578,79.37901306152344,80.94596099853516,24.94251823425293,24.599346160888672,24.54064178466797,24.791353225708008,-0.0294317774652538,0.0393394275562211,-0.029273766381919,0.033202794027765,simulator,event_window,False,simulated_measured
5,792.7448577880859,2026-05-07 16:17:37.965088367+00:00,55.37804412841797,0.0,0.0,1.1743870973587036,43.14780044555664,46.04716873168945,41.87052917480469,44.53548431396485,81.88982391357422,79.74346923828125,79.373291015625,80.94090270996094,24.942371368408203,24.598955154418945,24.53972625732422,24.79054450988769,-0.0292663576474505,0.0360783738780108,-0.02962515242297,0.03215102865799,simulator,event_window,False,simulated_measured
5,792.7604162693024,2026-05-07 16:17:37.980646849+00:00,55.290000915527344,0.0,0.0,1.2043660879135132,43.08033752441406,46.02871322631836,41.80547332763672,44.43006134033203,81.8890151977539,79.74166107177734,79.36849212646484,80.93670654296875,24.94224166870117,24.59866523742676,24.538959503173828,24.789873123168945,-0.0292407606306758,0.0373122971621642,-0.0295900472549329,0.031347449505078,simulator,event_window,False,simulated_measured
5,792.7763755321503,2026-05-07 16:17:37.996606112+00:00,55.20439529418945,0.0,0.0,1.1945246458053589,43.02910232543945,45.891693115234375,41.69700622558594,44.40582275390625,81.88818359375,79.73994445800781,79.36368560791016,80.9324951171875,24.942108154296875,24.598390579223636,24.53818893432617,24.78919982910156,-0.0288917100921949,0.0358281593591724,-0.0306069276334627,0.0323832444108762,simulator,event_window,False,simulated_measured
5,792.7918910980225,2026-05-07 16:17:38.012121677+00:00,55.11818313598633,0.0,0.0,1.148271560668945,42.92934799194336,45.82738494873047,41.62948989868164,44.36172103881836,81.88734436035156,79.73825073242188,79.35887908935547,80.9281997680664,24.94197463989257,24.598119735717773,24.53742027282715,24.78851318359375,-0.0296276086964802,0.0359945527163454,-0.0306627769655594,0.0329711120831359,simulator,event_window,False,simulated_measured
5,792.8079710006714,2026-05-07 16:17:38.028201580+00:00,55.01676940917969,0.0,0.0,1.075805425643921,42.89517593383789,45.8021354675293,41.51403427124024,44.33810043334961,81.88631439208984,79.73622131347656,79.35311126708984,80.92281341552734,24.94181060791016,24.597795486450195,24.5364990234375,24.78765106201172,-0.0286127450258705,0.0373323729094701,-0.0315692991872771,0.0343241882999281,simulator,event_window,False,simulated_measured
5,792.8233098983765,2026-05-07 16:17:38.043540478+00:00,54.93152618408203,0.0,0.0,1.016507267951965,42.83008193969727,45.79067993164063,41.43621063232422,44.374210357666016,81.88543701171875,79.73445892333984,79.34830474853516,80.9181900024414,24.941669464111328,24.59751319885254,24.535728454589844,24.786911010742188,-0.0285817182034777,0.0386822654115355,-0.0318847507083058,0.036772945243944,simulator,event_window,False,simulated_measured
5,792.8384592533112,2026-05-07 16:17:38.058689833+00:00,54.84789276123047,0.0,0.0,0.9478617906570436,42.723365783691406,45.795658111572266,41.41126251220703,44.36269760131836,81.88455963134766,79.73255920410156,79.34349822998047,80.91348266601562,24.9415283203125,24.59720993041992,24.53495979309082,24.786155700683597,-0.029524568489037,0.0403791673834452,-0.0309923210956772,0.0380844444591346,simulator,event_window,False,simulated_measured
5,792.8534994125366,2026-05-07 16:17:38.073729992+00:00,54.77139663696289,0.0,0.0,0.8940980434417725,42.73406219482422,45.69807052612305,41.379207611083984,44.32895278930664,81.88368225097656,79.73045349121094,79.33869171142578,80.90872192382812,24.941389083862305,24.59687232971191,24.5341911315918,24.78539657592773,-0.0279258482487262,0.0396121293114768,-0.0303900826477974,0.0387435491348142,simulator,event_window,False,simulated_measured
5,792.868813753128,2026-05-07 16:17:38.089044333+00:00,54.7003288269043,0.0,0.0,0.8855000734329224,42.65159225463867,45.72201156616211,41.298316955566406,44.35276794433594,81.88280487060547,79.72827911376953,79.3338851928711,80.90393829345703,24.94124984741211,24.59652328491211,24.53342056274414,24.784629821777344,-0.0285412949090509,0.04150817144923,-0.0310282617315966,0.0406518829897228,simulator,event_window,False,simulated_measured
5,792.8848323822021,2026-05-07 16:17:38.105062962+00:00,54.6304817199707,0.0,0.0,0.8345026969909668,42.626651763916016,45.66847229003906,41.28025817871094,44.30012130737305,81.88192749023438,79.72608184814453,79.3290786743164,80.89905548095703,24.94110870361328,24.596172332763672,24.53265380859375,24.78384780883789,-0.0278680348779376,0.0416186404391212,-0.0302136453926045,0.0407455644197753,simulator,event_window,False,simulated_measured
5,792.9000105857849,2026-05-07 16:17:38.120241165+00:00,54.56136703491211,0.0,0.0,0.8494129776954651,42.54962921142578,45.64324569702149,41.25812149047851,44.249271392822266,81.88105010986328,79.72386932373047,79.32427215576172,80.89417266845703,24.940967559814453,24.59581756591797,24.531883239746097,24.78306770324707,-0.0283953839420797,0.0423619894845532,-0.0295058952159337,0.0408677776500328,simulator,event_window,False,simulated_measured
5,792.915158033371,2026-05-07 16:17:38.135388613+00:00,54.50000762939453,0.0,0.0,0.8474986553192139,42.50725173950195,45.58333587646485,41.216896057128906,44.17799377441406,81.88017272949219,79.72166442871094,79.31946563720703,80.88925170898438,24.940826416015625,24.59546661376953,24.53111457824707,24.78227996826172,-0.0282702556241225,0.0421658332943666,-0.0293840712169362,0.0403611110858221,simulator,event_window,False,simulated_measured
5,792.9304256439209,2026-05-07 16:17:38.150656223+00:00,54.4394645690918,0.0,0.0,0.8737983703613281,42.462528228759766,45.55235290527344,41.181278228759766,44.11837387084961,81.8792953491211,79.71952056884766,79.31465911865234,80.88441467285156,24.94068717956543,24.595123291015625,24.530345916748047,24.7815055847168,-0.0282131095193858,0.0426156963666088,-0.0291443290199172,0.0401125456870901,simulator,event_window,False,simulated_measured
5,792.946469783783,2026-05-07 16:17:38.166700363+00:00,54.36557769775391,0.0,0.0,0.9646342992782592,42.43938064575195,45.4419059753418,41.140586853027344,44.0231819152832,81.87821197509766,79.71692657470703,79.30889129638672,80.87871551513672,24.940513610839844,24.594707489013672,24.52942276000977,24.780593872070312,-0.0274228485327351,0.0415013112042244,-0.0287854737206947,0.0392788885472197,simulator,event_window,False,simulated_measured
5,792.961681842804,2026-05-07 16:17:38.181912422+00:00,54.30706787109375,0.0,0.0,0.9922768473625184,42.38494491577149,45.37410736083984,41.07957458496094,43.92967224121094,81.8772964477539,79.71468353271484,79.30408477783203,80.87406158447266,24.94036865234375,24.594348907470703,24.52865219116211,24.77985000610352,-0.0276238445960581,0.0410678351916051,-0.0291809793663019,0.0381886845350765,simulator,event_window,False,simulated_measured
5,792.977746963501,2026-05-07 16:17:38.197977543+00:00,54.25167846679688,0.0,0.0,0.9893811941146852,42.32343292236328,45.22409057617188,41.012454986572266,43.818695068359375,81.87638092041016,79.71247100830078,79.29927825927734,80.86942291259766,24.94021987915039,24.593994140625,24.52788543701172,24.77910614013672,-0.0280436974805281,0.0386852219675601,-0.0297776342003622,0.0366232472739755,simulator,event_window,False,simulated_measured
