dataset,source_file,year,event,session,driver,stint,compound,stint_length_laps,air_temp_c,track_temp_c,source,sample_level,estimated_via_twin,measurement_status
navenkumar1998/formula-1-dataset-with-weather-and-tyre-features,data\raw\kaggle_tyre_strategy\navenkumar1998__formula-1-dataset-with-weather-and-tyre-features\f1_all.parquet,2021,,,ALO,1.0,Hard,37.0,21.85,25.05,kaggle_tyre_strategy,stint,False,stint_summary
navenkumar1998/formula-1-dataset-with-weather-and-tyre-features,data\raw\kaggle_tyre_strategy\navenkumar1998__formula-1-dataset-with-weather-and-tyre-features\f1_all.parquet,2021,,,ALO,1.0,Intermediate,30.0,13.943333333333332,18.52,kaggle_tyre_strategy,stint,False,stint_summary
navenkumar1998/formula-1-dataset-with-weather-and-tyre-features,data\raw\kaggle_tyre_strategy\navenkumar1998__formula-1-dataset-with-weather-and-tyre-features\f1_all.parquet,2021,,,ALO,1.0,Medium,45.0,23.298395721925136,40.01336898395722,kaggle_tyre_strategy,stint,False,stint_summary
navenkumar1998/formula-1-dataset-with-weather-and-tyre-features,data\raw\kaggle_tyre_strategy\navenkumar1998__formula-1-dataset-with-weather-and-tyre-features\f1_all.parquet,2021,,,ALO,1.0,Soft,36.0,23.790983606557376,37.55655737704919,kaggle_tyre_strategy,stint,False,stint_summary
navenkumar1998/formula-1-dataset-with-weather-and-tyre-features,data\raw\kaggle_tyre_strategy\navenkumar1998__formula-1-dataset-with-weather-and-tyre-features\f1_all.parquet,2021,,,ALO,2.0,Hard,43.0,25.12461538461538,40.35769230769231,kaggle_tyre_strategy,stint,False,stint_summary
navenkumar1998/formula-1-dataset-with-weather-and-tyre-features,data\raw\kaggle_tyre_strategy\navenkumar1998__formula-1-dataset-with-weather-and-tyre-features\f1_all.parquet,2021,,,ALO,2.0,Intermediate,27.0,16.303571428571427,18.892857142857142,kaggle_tyre_strategy,stint,False,stint_summary
navenkumar1998/formula-1-dataset-with-weather-and-tyre-features,data\raw\kaggle_tyre_strategy\navenkumar1998__formula-1-dataset-with-weather-and-tyre-features\f1_all.parquet,2021,,,ALO,2.0,Medium,40.0,22.655,33.7025,kaggle_tyre_strategy,stint,False,stint_summary
navenkumar1998/formula-1-dataset-with-weather-and-tyre-features,data\raw\kaggle_tyre_strategy\navenkumar1998__formula-1-dataset-with-weather-and-tyre-features\f1_all.parquet,2021,,,ALO,2.0,Soft,32.0,20.7,36.7,kaggle_tyre_strategy,stint,False,stint_summary
navenkumar1998/formula-1-dataset-with-weather-and-tyre-features,data\raw\kaggle_tyre_strategy\navenkumar1998__formula-1-dataset-with-weather-and-tyre-features\f1_all.parquet,2021,,,ALO,3.0,Hard,28.0,28.579545454545453,45.41363636363636,kaggle_tyre_strategy,stint,False,stint_summary
navenkumar1998/formula-1-dataset-with-weather-and-tyre-features,data\raw\kaggle_tyre_strategy\navenkumar1998__formula-1-dataset-with-weather-and-tyre-features\f1_all.parquet,2021,,,ALO,3.0,Intermediate,3.0,19.2,22.0,kaggle_tyre_strategy,stint,False,stint_summary
navenkumar1998/formula-1-dataset-with-weather-and-tyre-features,data\raw\kaggle_tyre_strategy\navenkumar1998__formula-1-dataset-with-weather-and-tyre-features\f1_all.parquet,2021,,,ALO,3.0,Medium,40.0,23.122,41.705,kaggle_tyre_strategy,stint,False,stint_summary
navenkumar1998/formula-1-dataset-with-weather-and-tyre-features,data\raw\kaggle_tyre_strategy\navenkumar1998__formula-1-dataset-with-weather-and-tyre-features\f1_all.parquet,2021,,,ALO,3.0,Soft,15.0,23.829411764705885,36.905882352941184,kaggle_tyre_strategy,stint,False,stint_summary
navenkumar1998/formula-1-dataset-with-weather-and-tyre-features,data\raw\kaggle_tyre_strategy\navenkumar1998__formula-1-dataset-with-weather-and-tyre-features\f1_all.parquet,2021,,,ALO,4.0,Hard,36.0,24.729508196721312,40.68852459016394,kaggle_tyre_strategy,stint,False,stint_summary
navenkumar1998/formula-1-dataset-with-weather-and-tyre-features,data\raw\kaggle_tyre_strategy\navenkumar1998__formula-1-dataset-with-weather-and-tyre-features\f1_all.parquet,2021,,,ALO,4.0,Medium,34.0,15.275,22.575,kaggle_tyre_strategy,stint,False,stint_summary
navenkumar1998/formula-1-dataset-with-weather-and-tyre-features,data\raw\kaggle_tyre_strategy\navenkumar1998__formula-1-dataset-with-weather-and-tyre-features\f1_all.parquet,2021,,,ALO,4.0,Soft,16.0,24.3,38.2,kaggle_tyre_strategy,stint,False,stint_summary
navenkumar1998/formula-1-dataset-with-weather-and-tyre-features,data\raw\kaggle_tyre_strategy\navenkumar1998__formula-1-dataset-with-weather-and-tyre-features\f1_all.parquet,2021,,,ALO,5.0,Soft,19.0,27.1125,34.075,kaggle_tyre_strategy,stint,False,stint_summary
navenkumar1998/formula-1-dataset-with-weather-and-tyre-features,data\raw\kaggle_tyre_strategy\navenkumar1998__formula-1-dataset-with-weather-and-tyre-features\f1_all.parquet,2021,,,BOT,1.0,Hard,28.0,23.822222222222223,32.737037037037034,kaggle_tyre_strategy,stint,False,stint_summary
navenkumar1998/formula-1-dataset-with-weather-and-tyre-features,data\raw\kaggle_tyre_strategy\navenkumar1998__formula-1-dataset-with-weather-and-tyre-features\f1_all.parquet,2021,,,BOT,1.0,Intermediate,37.0,13.746153846153844,17.898461538461536,kaggle_tyre_strategy,stint,False,stint_summary
navenkumar1998/formula-1-dataset-with-weather-and-tyre-features,data\raw\kaggle_tyre_strategy\navenkumar1998__formula-1-dataset-with-weather-and-tyre-features\f1_all.parquet,2021,,,BOT,1.0,Medium,36.0,24.795263157894738,35.874736842105264,kaggle_tyre_strategy,stint,False,stint_summary
navenkumar1998/formula-1-dataset-with-weather-and-tyre-features,data\raw\kaggle_tyre_strategy\navenkumar1998__formula-1-dataset-with-weather-and-tyre-features\f1_all.parquet,2021,,,BOT,1.0,Soft,35.0,21.809574468085103,35.69893617021277,kaggle_tyre_strategy,stint,False,stint_summary
navenkumar1998/formula-1-dataset-with-weather-and-tyre-features,data\raw\kaggle_tyre_strategy\navenkumar1998__formula-1-dataset-with-weather-and-tyre-features\f1_all.parquet,2021,,,BOT,2.0,Hard,44.0,24.16836363636364,38.879636363636365,kaggle_tyre_strategy,stint,False,stint_summary
navenkumar1998/formula-1-dataset-with-weather-and-tyre-features,data\raw\kaggle_tyre_strategy\navenkumar1998__formula-1-dataset-with-weather-and-tyre-features\f1_all.parquet,2021,,,BOT,2.0,Intermediate,21.0,15.900000000000002,18.2,kaggle_tyre_strategy,stint,False,stint_summary
navenkumar1998/formula-1-dataset-with-weather-and-tyre-features,data\raw\kaggle_tyre_strategy\navenkumar1998__formula-1-dataset-with-weather-and-tyre-features\f1_all.parquet,2021,,,BOT,2.0,Medium,36.0,23.848529411764705,37.10808823529412,kaggle_tyre_strategy,stint,False,stint_summary
navenkumar1998/formula-1-dataset-with-weather-and-tyre-features,data\raw\kaggle_tyre_strategy\navenkumar1998__formula-1-dataset-with-weather-and-tyre-features\f1_all.parquet,2021,,,BOT,3.0,Hard,30.0,26.402564102564103,39.694871794871794,kaggle_tyre_strategy,stint,False,stint_summary
navenkumar1998/formula-1-dataset-with-weather-and-tyre-features,data\raw\kaggle_tyre_strategy\navenkumar1998__formula-1-dataset-with-weather-and-tyre-features\f1_all.parquet,2021,,,BOT,3.0,Intermediate,6.0,19.2,22.0,kaggle_tyre_strategy,stint,False,stint_summary
navenkumar1998/formula-1-dataset-with-weather-and-tyre-features,data\raw\kaggle_tyre_strategy\navenkumar1998__formula-1-dataset-with-weather-and-tyre-features\f1_all.parquet,2021,,,BOT,3.0,Medium,40.0,21.016666666666666,45.406410256410254,kaggle_tyre_strategy,stint,False,stint_summary
navenkumar1998/formula-1-dataset-with-weather-and-tyre-features,data\raw\kaggle_tyre_strategy\navenkumar1998__formula-1-dataset-with-weather-and-tyre-features\f1_all.parquet,2021,,,BOT,3.0,Soft,16.0,22.22105263157895,33.88421052631579,kaggle_tyre_strategy,stint,False,stint_summary
navenkumar1998/formula-1-dataset-with-weather-and-tyre-features,data\raw\kaggle_tyre_strategy\navenkumar1998__formula-1-dataset-with-weather-and-tyre-features\f1_all.parquet,2021,,,BOT,4.0,Hard,28.0,20.542105263157897,42.93157894736842,kaggle_tyre_strategy,stint,False,stint_summary
navenkumar1998/formula-1-dataset-with-weather-and-tyre-features,data\raw\kaggle_tyre_strategy\navenkumar1998__formula-1-dataset-with-weather-and-tyre-features\f1_all.parquet,2021,,,BOT,4.0,Medium,35.0,28.35135135135135,31.383783783783784,kaggle_tyre_strategy,stint,False,stint_summary
navenkumar1998/formula-1-dataset-with-weather-and-tyre-features,data\raw\kaggle_tyre_strategy\navenkumar1998__formula-1-dataset-with-weather-and-tyre-features\f1_all.parquet,2021,,,BOT,4.0,Soft,7.0,22.52857142857143,43.85714285714285,kaggle_tyre_strategy,stint,False,stint_summary
navenkumar1998/formula-1-dataset-with-weather-and-tyre-features,data\raw\kaggle_tyre_strategy\navenkumar1998__formula-1-dataset-with-weather-and-tyre-features\f1_all.parquet,2021,,,BOT,5.0,Hard,30.0,23.1,51.6,kaggle_tyre_strategy,stint,False,stint_summary
navenkumar1998/formula-1-dataset-with-weather-and-tyre-features,data\raw\kaggle_tyre_strategy\navenkumar1998__formula-1-dataset-with-weather-and-tyre-features\f1_all.parquet,2021,,,BOT,5.0,Soft,5.0,20.18,42.88,kaggle_tyre_strategy,stint,False,stint_summary
navenkumar1998/formula-1-dataset-with-weather-and-tyre-features,data\raw\kaggle_tyre_strategy\navenkumar1998__formula-1-dataset-with-weather-and-tyre-features\f1_all.parquet,2021,,,GAS,1.0,Hard,36.0,22.25,25.979166666666668,kaggle_tyre_strategy,stint,False,stint_summary
navenkumar1998/formula-1-dataset-with-weather-and-tyre-features,data\raw\kaggle_tyre_strategy\navenkumar1998__formula-1-dataset-with-weather-and-tyre-features\f1_all.parquet,2021,,,GAS,1.0,Intermediate,39.0,16.451219512195124,19.146341463414632,kaggle_tyre_strategy,stint,False,stint_summary
navenkumar1998/formula-1-dataset-with-weather-and-tyre-features,data\raw\kaggle_tyre_strategy\navenkumar1998__formula-1-dataset-with-weather-and-tyre-features\f1_all.parquet,2021,,,GAS,1.0,Medium,34.0,24.36547619047619,41.06071428571428,kaggle_tyre_strategy,stint,False,stint_summary
navenkumar1998/formula-1-dataset-with-weather-and-tyre-features,data\raw\kaggle_tyre_strategy\navenkumar1998__formula-1-dataset-with-weather-and-tyre-features\f1_all.parquet,2021,,,GAS,1.0,Soft,36.0,22.24375,35.24910714285714,kaggle_tyre_strategy,stint,False,stint_summary
navenkumar1998/formula-1-dataset-with-weather-and-tyre-features,data\raw\kaggle_tyre_strategy\navenkumar1998__formula-1-dataset-with-weather-and-tyre-features\f1_all.parquet,2021,,,GAS,1.0,Wet,14.0,10.9,17.5,kaggle_tyre_strategy,stint,False,stint_summary
navenkumar1998/formula-1-dataset-with-weather-and-tyre-features,data\raw\kaggle_tyre_strategy\navenkumar1998__formula-1-dataset-with-weather-and-tyre-features\f1_all.parquet,2021,,,GAS,2.0,Hard,48.0,22.44460093896713,37.76338028169014,kaggle_tyre_strategy,stint,False,stint_summary
navenkumar1998/formula-1-dataset-with-weather-and-tyre-features,data\raw\kaggle_tyre_strategy\navenkumar1998__formula-1-dataset-with-weather-and-tyre-features\f1_all.parquet,2021,,,GAS,2.0,Intermediate,19.0,14.378125,18.54375,kaggle_tyre_strategy,stint,False,stint_summary
navenkumar1998/formula-1-dataset-with-weather-and-tyre-features,data\raw\kaggle_tyre_strategy\navenkumar1998__formula-1-dataset-with-weather-and-tyre-features\f1_all.parquet,2021,,,GAS,2.0,Medium,47.0,23.7375,34.86875,kaggle_tyre_strategy,stint,False,stint_summary
navenkumar1998/formula-1-dataset-with-weather-and-tyre-features,data\raw\kaggle_tyre_strategy\navenkumar1998__formula-1-dataset-with-weather-and-tyre-features\f1_all.parquet,2021,,,GAS,2.0,Soft,7.0,19.5,39.4,kaggle_tyre_strategy,stint,False,stint_summary
navenkumar1998/formula-1-dataset-with-weather-and-tyre-features,data\raw\kaggle_tyre_strategy\navenkumar1998__formula-1-dataset-with-weather-and-tyre-features\f1_all.parquet,2021,,,GAS,3.0,Hard,37.0,26.43125,36.96,kaggle_tyre_strategy,stint,False,stint_summary
navenkumar1998/formula-1-dataset-with-weather-and-tyre-features,data\raw\kaggle_tyre_strategy\navenkumar1998__formula-1-dataset-with-weather-and-tyre-features\f1_all.parquet,2021,,,GAS,3.0,Intermediate,2.0,19.2,22.0,kaggle_tyre_strategy,stint,False,stint_summary
navenkumar1998/formula-1-dataset-with-weather-and-tyre-features,data\raw\kaggle_tyre_strategy\navenkumar1998__formula-1-dataset-with-weather-and-tyre-features\f1_all.parquet,2021,,,GAS,3.0,Medium,27.0,23.67912087912088,35.03076923076923,kaggle_tyre_strategy,stint,False,stint_summary
navenkumar1998/formula-1-dataset-with-weather-and-tyre-features,data\raw\kaggle_tyre_strategy\navenkumar1998__formula-1-dataset-with-weather-and-tyre-features\f1_all.parquet,2021,,,GAS,3.0,Soft,28.0,21.13720930232558,35.54418604651163,kaggle_tyre_strategy,stint,False,stint_summary
navenkumar1998/formula-1-dataset-with-weather-and-tyre-features,data\raw\kaggle_tyre_strategy\navenkumar1998__formula-1-dataset-with-weather-and-tyre-features\f1_all.parquet,2021,,,GAS,4.0,Hard,38.0,24.684415584415586,40.63896103896104,kaggle_tyre_strategy,stint,False,stint_summary
navenkumar1998/formula-1-dataset-with-weather-and-tyre-features,data\raw\kaggle_tyre_strategy\navenkumar1998__formula-1-dataset-with-weather-and-tyre-features\f1_all.parquet,2021,,,GAS,4.0,Medium,42.0,19.3,38.89069767441861,kaggle_tyre_strategy,stint,False,stint_summary
navenkumar1998/formula-1-dataset-with-weather-and-tyre-features,data\raw\kaggle_tyre_strategy\navenkumar1998__formula-1-dataset-with-weather-and-tyre-features\f1_all.parquet,2021,,,GAS,4.0,Soft,6.0,27.766666666666666,46.93333333333333,kaggle_tyre_strategy,stint,False,stint_summary
navenkumar1998/formula-1-dataset-with-weather-and-tyre-features,data\raw\kaggle_tyre_strategy\navenkumar1998__formula-1-dataset-with-weather-and-tyre-features\f1_all.parquet,2021,,,GAS,5.0,Hard,19.0,23.1,51.6,kaggle_tyre_strategy,stint,False,stint_summary
navenkumar1998/formula-1-dataset-with-weather-and-tyre-features,data\raw\kaggle_tyre_strategy\navenkumar1998__formula-1-dataset-with-weather-and-tyre-features\f1_all.parquet,2021,,,GAS,5.0,Medium,36.0,10.9,17.5,kaggle_tyre_strategy,stint,False,stint_summary
navenkumar1998/formula-1-dataset-with-weather-and-tyre-features,data\raw\kaggle_tyre_strategy\navenkumar1998__formula-1-dataset-with-weather-and-tyre-features\f1_all.parquet,2021,,,GAS,5.0,Soft,5.0,27.2,37.6,kaggle_tyre_strategy,stint,False,stint_summary
navenkumar1998/formula-1-dataset-with-weather-and-tyre-features,data\raw\kaggle_tyre_strategy\navenkumar1998__formula-1-dataset-with-weather-and-tyre-features\f1_all.parquet,2021,,,GIO,1.0,Hard,36.0,21.825,27.6875,kaggle_tyre_strategy,stint,False,stint_summary
navenkumar1998/formula-1-dataset-with-weather-and-tyre-features,data\raw\kaggle_tyre_strategy\navenkumar1998__formula-1-dataset-with-weather-and-tyre-features\f1_all.parquet,2021,,,GIO,1.0,Intermediate,40.0,13.885074626865674,17.917910447761194,kaggle_tyre_strategy,stint,False,stint_summary
navenkumar1998/formula-1-dataset-with-weather-and-tyre-features,data\raw\kaggle_tyre_strategy\navenkumar1998__formula-1-dataset-with-weather-and-tyre-features\f1_all.parquet,2021,,,GIO,1.0,Medium,23.0,24.799029126213597,40.501941747572815,kaggle_tyre_strategy,stint,False,stint_summary
navenkumar1998/formula-1-dataset-with-weather-and-tyre-features,data\raw\kaggle_tyre_strategy\navenkumar1998__formula-1-dataset-with-weather-and-tyre-features\f1_all.parquet,2021,,,GIO,1.0,Soft,38.0,22.20941176470588,35.0564705882353,kaggle_tyre_strategy,stint,False,stint_summary
navenkumar1998/formula-1-dataset-with-weather-and-tyre-features,data\raw\kaggle_tyre_strategy\navenkumar1998__formula-1-dataset-with-weather-and-tyre-features\f1_all.parquet,2021,,,GIO,2.0,Hard,54.0,23.364150943396226,41.3611320754717,kaggle_tyre_strategy,stint,False,stint_summary
navenkumar1998/formula-1-dataset-with-weather-and-tyre-features,data\raw\kaggle_tyre_strategy\navenkumar1998__formula-1-dataset-with-weather-and-tyre-features\f1_all.parquet,2021,,,GIO,2.0,Intermediate,17.0,16.52777777777778,19.27777777777778,kaggle_tyre_strategy,stint,False,stint_summary
navenkumar1998/formula-1-dataset-with-weather-and-tyre-features,data\raw\kaggle_tyre_strategy\navenkumar1998__formula-1-dataset-with-weather-and-tyre-features\f1_all.parquet,2021,,,GIO,2.0,Medium,34.0,24.41594202898551,35.00942028985507,kaggle_tyre_strategy,stint,False,stint_summary
navenkumar1998/formula-1-dataset-with-weather-and-tyre-features,data\raw\kaggle_tyre_strategy\navenkumar1998__formula-1-dataset-with-weather-and-tyre-features\f1_all.parquet,2021,,,GIO,3.0,Hard,41.0,25.3655737704918,37.55792349726776,kaggle_tyre_strategy,stint,False,stint_summary
navenkumar1998/formula-1-dataset-with-weather-and-tyre-features,data\raw\kaggle_tyre_strategy\navenkumar1998__formula-1-dataset-with-weather-and-tyre-features\f1_all.parquet,2021,,,GIO,3.0,Intermediate,2.0,21.866666666666664,27.2,kaggle_tyre_strategy,stint,False,stint_summary
navenkumar1998/formula-1-dataset-with-weather-and-tyre-features,data\raw\kaggle_tyre_strategy\navenkumar1998__formula-1-dataset-with-weather-and-tyre-features\f1_all.parquet,2021,,,GIO,3.0,Medium,29.0,23.86949152542373,38.21779661016949,kaggle_tyre_strategy,stint,False,stint_summary
navenkumar1998/formula-1-dataset-with-weather-and-tyre-features,data\raw\kaggle_tyre_strategy\navenkumar1998__formula-1-dataset-with-weather-and-tyre-features\f1_all.parquet,2021,,,GIO,3.0,Soft,29.0,22.300000000000004,32.7,kaggle_tyre_strategy,stint,False,stint_summary
navenkumar1998/formula-1-dataset-with-weather-and-tyre-features,data\raw\kaggle_tyre_strategy\navenkumar1998__formula-1-dataset-with-weather-and-tyre-features\f1_all.parquet,2021,,,GIO,4.0,Hard,43.0,20.405263157894737,42.161403508771926,kaggle_tyre_strategy,stint,False,stint_summary
navenkumar1998/formula-1-dataset-with-weather-and-tyre-features,data\raw\kaggle_tyre_strategy\navenkumar1998__formula-1-dataset-with-weather-and-tyre-features\f1_all.parquet,2021,,,GIO,4.0,Medium,13.0,19.59333333333333,28.22,kaggle_tyre_strategy,stint,False,stint_summary
navenkumar1998/formula-1-dataset-with-weather-and-tyre-features,data\raw\kaggle_tyre_strategy\navenkumar1998__formula-1-dataset-with-weather-and-tyre-features\f1_all.parquet,2021,,,GIO,5.0,Medium,35.0,20.625,36.90277777777778,kaggle_tyre_strategy,stint,False,stint_summary
navenkumar1998/formula-1-dataset-with-weather-and-tyre-features,data\raw\kaggle_tyre_strategy\navenkumar1998__formula-1-dataset-with-weather-and-tyre-features\f1_all.parquet,2021,,,GIO,5.0,Soft,3.0,24.3,38.2,kaggle_tyre_strategy,stint,False,stint_summary
navenkumar1998/formula-1-dataset-with-weather-and-tyre-features,data\raw\kaggle_tyre_strategy\navenkumar1998__formula-1-dataset-with-weather-and-tyre-features\f1_all.parquet,2021,,,GIO,6.0,Hard,36.0,27.2,37.6,kaggle_tyre_strategy,stint,False,stint_summary
navenkumar1998/formula-1-dataset-with-weather-and-tyre-features,data\raw\kaggle_tyre_strategy\navenkumar1998__formula-1-dataset-with-weather-and-tyre-features\f1_all.parquet,2021,,,HAM,1.0,Hard,25.0,28.8,44.3,kaggle_tyre_strategy,stint,False,stint_summary
navenkumar1998/formula-1-dataset-with-weather-and-tyre-features,data\raw\kaggle_tyre_strategy\navenkumar1998__formula-1-dataset-with-weather-and-tyre-features\f1_all.parquet,2021,,,HAM,1.0,Intermediate,50.0,14.4325,18.44,kaggle_tyre_strategy,stint,False,stint_summary
navenkumar1998/formula-1-dataset-with-weather-and-tyre-features,data\raw\kaggle_tyre_strategy\navenkumar1998__formula-1-dataset-with-weather-and-tyre-features\f1_all.parquet,2021,,,HAM,1.0,Medium,34.0,23.57264150943396,36.925943396226415,kaggle_tyre_strategy,stint,False,stint_summary
navenkumar1998/formula-1-dataset-with-weather-and-tyre-features,data\raw\kaggle_tyre_strategy\navenkumar1998__formula-1-dataset-with-weather-and-tyre-features\f1_all.parquet,2021,,,HAM,1.0,Soft,33.0,21.863636363636363,35.478409090909096,kaggle_tyre_strategy,stint,False,stint_summary
navenkumar1998/formula-1-dataset-with-weather-and-tyre-features,data\raw\kaggle_tyre_strategy\navenkumar1998__formula-1-dataset-with-weather-and-tyre-features\f1_all.parquet,2021,,,HAM,2.0,Hard,45.0,23.6878612716763,36.98699421965318,kaggle_tyre_strategy,stint,False,stint_summary
navenkumar1998/formula-1-dataset-with-weather-and-tyre-features,data\raw\kaggle_tyre_strategy\navenkumar1998__formula-1-dataset-with-weather-and-tyre-features\f1_all.parquet,2021,,,HAM,2.0,Intermediate,8.0,18.16,22.08,kaggle_tyre_strategy,stint,False,stint_summary
navenkumar1998/formula-1-dataset-with-weather-and-tyre-features,data\raw\kaggle_tyre_strategy\navenkumar1998__formula-1-dataset-with-weather-and-tyre-features\f1_all.parquet,2021,,,HAM,2.0,Medium,25.0,24.371428571428574,40.78888888888888,kaggle_tyre_strategy,stint,False,stint_summary
navenkumar1998/formula-1-dataset-with-weather-and-tyre-features,data\raw\kaggle_tyre_strategy\navenkumar1998__formula-1-dataset-with-weather-and-tyre-features\f1_all.parquet,2021,,,HAM,3.0,Hard,37.0,24.88817204301075,37.53225806451613,kaggle_tyre_strategy,stint,False,stint_summary
navenkumar1998/formula-1-dataset-with-weather-and-tyre-features,data\raw\kaggle_tyre_strategy\navenkumar1998__formula-1-dataset-with-weather-and-tyre-features\f1_all.parquet,2021,,,HAM,3.0,Intermediate,4.0,19.2,22.0,kaggle_tyre_strategy,stint,False,stint_summary
navenkumar1998/formula-1-dataset-with-weather-and-tyre-features,data\raw\kaggle_tyre_strategy\navenkumar1998__formula-1-dataset-with-weather-and-tyre-features\f1_all.parquet,2021,,,HAM,3.0,Medium,41.0,22.44202898550725,37.75217391304348,kaggle_tyre_strategy,stint,False,stint_summary
navenkumar1998/formula-1-dataset-with-weather-and-tyre-features,data\raw\kaggle_tyre_strategy\navenkumar1998__formula-1-dataset-with-weather-and-tyre-features\f1_all.parquet,2021,,,HAM,3.0,Soft,15.0,21.62307692307692,39.22307692307693,kaggle_tyre_strategy,stint,False,stint_summary
navenkumar1998/formula-1-dataset-with-weather-and-tyre-features,data\raw\kaggle_tyre_strategy\navenkumar1998__formula-1-dataset-with-weather-and-tyre-features\f1_all.parquet,2021,,,HAM,4.0,Hard,40.0,25.025688073394495,38.33577981651376,kaggle_tyre_strategy,stint,False,stint_summary
navenkumar1998/formula-1-dataset-with-weather-and-tyre-features,data\raw\kaggle_tyre_strategy\navenkumar1998__formula-1-dataset-with-weather-and-tyre-features\f1_all.parquet,2021,,,HAM,4.0,Medium,1.0,10.9,17.5,kaggle_tyre_strategy,stint,False,stint_summary
navenkumar1998/formula-1-dataset-with-weather-and-tyre-features,data\raw\kaggle_tyre_strategy\navenkumar1998__formula-1-dataset-with-weather-and-tyre-features\f1_all.parquet,2021,,,HAM,4.0,Soft,7.0,23.22,37.36,kaggle_tyre_strategy,stint,False,stint_summary
navenkumar1998/formula-1-dataset-with-weather-and-tyre-features,data\raw\kaggle_tyre_strategy\navenkumar1998__formula-1-dataset-with-weather-and-tyre-features\f1_all.parquet,2021,,,HAM,5.0,Hard,28.0,23.1,51.6,kaggle_tyre_strategy,stint,False,stint_summary
navenkumar1998/formula-1-dataset-with-weather-and-tyre-features,data\raw\kaggle_tyre_strategy\navenkumar1998__formula-1-dataset-with-weather-and-tyre-features\f1_all.parquet,2021,,,HAM,5.0,Medium,31.0,17.973584905660378,26.222641509433963,kaggle_tyre_strategy,stint,False,stint_summary
navenkumar1998/formula-1-dataset-with-weather-and-tyre-features,data\raw\kaggle_tyre_strategy\navenkumar1998__formula-1-dataset-with-weather-and-tyre-features\f1_all.parquet,2021,,,KUB,1.0,Hard,26.0,28.800000000000004,44.3,kaggle_tyre_strategy,stint,False,stint_summary
navenkumar1998/formula-1-dataset-with-weather-and-tyre-features,data\raw\kaggle_tyre_strategy\navenkumar1998__formula-1-dataset-with-weather-and-tyre-features\f1_all.parquet,2021,,,KUB,1.0,Medium,40.0,21.6,36.1,kaggle_tyre_strategy,stint,False,stint_summary
navenkumar1998/formula-1-dataset-with-weather-and-tyre-features,data\raw\kaggle_tyre_strategy\navenkumar1998__formula-1-dataset-with-weather-and-tyre-features\f1_all.parquet,2021,,,KUB,2.0,Hard,30.0,21.6,36.1,kaggle_tyre_strategy,stint,False,stint_summary
navenkumar1998/formula-1-dataset-with-weather-and-tyre-features,data\raw\kaggle_tyre_strategy\navenkumar1998__formula-1-dataset-with-weather-and-tyre-features\f1_all.parquet,2021,,,KUB,2.0,Medium,27.0,28.8,44.3,kaggle_tyre_strategy,stint,False,stint_summary
navenkumar1998/formula-1-dataset-with-weather-and-tyre-features,data\raw\kaggle_tyre_strategy\navenkumar1998__formula-1-dataset-with-weather-and-tyre-features\f1_all.parquet,2021,,,LAT,1.0,Intermediate,34.0,16.52777777777778,19.27777777777778,kaggle_tyre_strategy,stint,False,stint_summary
navenkumar1998/formula-1-dataset-with-weather-and-tyre-features,data\raw\kaggle_tyre_strategy\navenkumar1998__formula-1-dataset-with-weather-and-tyre-features\f1_all.parquet,2021,,,LAT,1.0,Medium,43.0,23.27368421052632,36.106578947368426,kaggle_tyre_strategy,stint,False,stint_summary
navenkumar1998/formula-1-dataset-with-weather-and-tyre-features,data\raw\kaggle_tyre_strategy\navenkumar1998__formula-1-dataset-with-weather-and-tyre-features\f1_all.parquet,2021,,,LAT,1.0,Soft,18.0,23.441463414634143,29.94878048780488,kaggle_tyre_strategy,stint,False,stint_summary
navenkumar1998/formula-1-dataset-with-weather-and-tyre-features,data\raw\kaggle_tyre_strategy\navenkumar1998__formula-1-dataset-with-weather-and-tyre-features\f1_all.parquet,2021,,,LAT,2.0,Hard,47.0,23.419729729729728,35.773783783783784,kaggle_tyre_strategy,stint,False,stint_summary
navenkumar1998/formula-1-dataset-with-weather-and-tyre-features,data\raw\kaggle_tyre_strategy\navenkumar1998__formula-1-dataset-with-weather-and-tyre-features\f1_all.parquet,2021,,,LAT,2.0,Intermediate,23.0,16.370833333333334,19.008333333333333,kaggle_tyre_strategy,stint,False,stint_summary
navenkumar1998/formula-1-dataset-with-weather-and-tyre-features,data\raw\kaggle_tyre_strategy\navenkumar1998__formula-1-dataset-with-weather-and-tyre-features\f1_all.parquet,2021,,,LAT,2.0,Medium,18.0,23.9,37.24545454545454,kaggle_tyre_strategy,stint,False,stint_summary
navenkumar1998/formula-1-dataset-with-weather-and-tyre-features,data\raw\kaggle_tyre_strategy\navenkumar1998__formula-1-dataset-with-weather-and-tyre-features\f1_all.parquet,2021,,,LAT,2.0,Soft,24.0,26.7,53.1,kaggle_tyre_strategy,stint,False,stint_summary
navenkumar1998/formula-1-dataset-with-weather-and-tyre-features,data\raw\kaggle_tyre_strategy\navenkumar1998__formula-1-dataset-with-weather-and-tyre-features\f1_all.parquet,2021,,,LAT,3.0,Hard,43.0,28.03904761904762,48.18,kaggle_tyre_strategy,stint,False,stint_summary
navenkumar1998/formula-1-dataset-with-weather-and-tyre-features,data\raw\kaggle_tyre_strategy\navenkumar1998__formula-1-dataset-with-weather-and-tyre-features\f1_all.parquet,2021,,,LAT,3.0,Medium,24.0,22.3,37.62818181818182,kaggle_tyre_strategy,stint,False,stint_summary
navenkumar1998/formula-1-dataset-with-weather-and-tyre-features,data\raw\kaggle_tyre_strategy\navenkumar1998__formula-1-dataset-with-weather-and-tyre-features\f1_all.parquet,2021,,,LAT,3.0,Soft,3.0,24.3,38.2,kaggle_tyre_strategy,stint,False,stint_summary
navenkumar1998/formula-1-dataset-with-weather-and-tyre-features,data\raw\kaggle_tyre_strategy\navenkumar1998__formula-1-dataset-with-weather-and-tyre-features\f1_all.parquet,2021,,,LAT,4.0,Hard,47.0,24.777027027027028,39.12702702702703,kaggle_tyre_strategy,stint,False,stint_summary
navenkumar1998/formula-1-dataset-with-weather-and-tyre-features,data\raw\kaggle_tyre_strategy\navenkumar1998__formula-1-dataset-with-weather-and-tyre-features\f1_all.parquet,2021,,,LAT,4.0,Soft,18.0,22.3,32.7,kaggle_tyre_strategy,stint,False,stint_summary
navenkumar1998/formula-1-dataset-with-weather-and-tyre-features,data\raw\kaggle_tyre_strategy\navenkumar1998__formula-1-dataset-with-weather-and-tyre-features\f1_all.parquet,2021,,,LAT,5.0,Hard,31.0,23.1,51.6,kaggle_tyre_strategy,stint,False,stint_summary
navenkumar1998/formula-1-dataset-with-weather-and-tyre-features,data\raw\kaggle_tyre_strategy\navenkumar1998__formula-1-dataset-with-weather-and-tyre-features\f1_all.parquet,2021,,,LEC,1.0,Hard,35.0,19.2,22.0,kaggle_tyre_strategy,stint,False,stint_summary
navenkumar1998/formula-1-dataset-with-weather-and-tyre-features,data\raw\kaggle_tyre_strategy\navenkumar1998__formula-1-dataset-with-weather-and-tyre-features\f1_all.parquet,2021,,,LEC,1.0,Intermediate,47.0,14.033333333333331,17.938666666666666,kaggle_tyre_strategy,stint,False,stint_summary
navenkumar1998/formula-1-dataset-with-weather-and-tyre-features,data\raw\kaggle_tyre_strategy\navenkumar1998__formula-1-dataset-with-weather-and-tyre-features\f1_all.parquet,2021,,,LEC,1.0,Medium,37.0,24.73780487804878,38.90609756097561,kaggle_tyre_strategy,stint,False,stint_summary
navenkumar1998/formula-1-dataset-with-weather-and-tyre-features,data\raw\kaggle_tyre_strategy\navenkumar1998__formula-1-dataset-with-weather-and-tyre-features\f1_all.parquet,2021,,,LEC,1.0,Soft,37.0,22.401010101010105,33.25858585858586,kaggle_tyre_strategy,stint,False,stint_summary
navenkumar1998/formula-1-dataset-with-weather-and-tyre-features,data\raw\kaggle_tyre_strategy\navenkumar1998__formula-1-dataset-with-weather-and-tyre-features\f1_all.parquet,2021,,,LEC,2.0,Hard,41.0,24.45111821086262,39.28849840255592,kaggle_tyre_strategy,stint,False,stint_summary
navenkumar1998/formula-1-dataset-with-weather-and-tyre-features,data\raw\kaggle_tyre_strategy\navenkumar1998__formula-1-dataset-with-weather-and-tyre-features\f1_all.parquet,2021,,,LEC,2.0,Intermediate,11.0,15.9,18.2,kaggle_tyre_strategy,stint,False,stint_summary
navenkumar1998/formula-1-dataset-with-weather-and-tyre-features,data\raw\kaggle_tyre_strategy\navenkumar1998__formula-1-dataset-with-weather-and-tyre-features\f1_all.parquet,2021,,,LEC,2.0,Medium,30.0,22.798,34.486,kaggle_tyre_strategy,stint,False,stint_summary
navenkumar1998/formula-1-dataset-with-weather-and-tyre-features,data\raw\kaggle_tyre_strategy\navenkumar1998__formula-1-dataset-with-weather-and-tyre-features\f1_all.parquet,2021,,,LEC,3.0,Hard,39.0,26.135135135135137,38.52567567567568,kaggle_tyre_strategy,stint,False,stint_summary
navenkumar1998/formula-1-dataset-with-weather-and-tyre-features,data\raw\kaggle_tyre_strategy\navenkumar1998__formula-1-dataset-with-weather-and-tyre-features\f1_all.parquet,2021,,,LEC,3.0,Intermediate,1.0,19.2,22.0,kaggle_tyre_strategy,stint,False,stint_summary
navenkumar1998/formula-1-dataset-with-weather-and-tyre-features,data\raw\kaggle_tyre_strategy\navenkumar1998__formula-1-dataset-with-weather-and-tyre-features\f1_all.parquet,2021,,,LEC,3.0,Medium,35.0,21.22198581560284,37.310638297872345,kaggle_tyre_strategy,stint,False,stint_summary
navenkumar1998/formula-1-dataset-with-weather-and-tyre-features,data\raw\kaggle_tyre_strategy\navenkumar1998__formula-1-dataset-with-weather-and-tyre-features\f1_all.parquet,2021,,,LEC,3.0,Soft,11.0,22.3,32.7,kaggle_tyre_strategy,stint,False,stint_summary
navenkumar1998/formula-1-dataset-with-weather-and-tyre-features,data\raw\kaggle_tyre_strategy\navenkumar1998__formula-1-dataset-with-weather-and-tyre-features\f1_all.parquet,2021,,,LEC,4.0,Hard,41.0,23.782894736842103,35.80789473684211,kaggle_tyre_strategy,stint,False,stint_summary
navenkumar1998/formula-1-dataset-with-weather-and-tyre-features,data\raw\kaggle_tyre_strategy\navenkumar1998__formula-1-dataset-with-weather-and-tyre-features\f1_all.parquet,2021,,,LEC,4.0,Medium,25.0,23.1,51.6,kaggle_tyre_strategy,stint,False,stint_summary
navenkumar1998/formula-1-dataset-with-weather-and-tyre-features,data\raw\kaggle_tyre_strategy\navenkumar1998__formula-1-dataset-with-weather-and-tyre-features\f1_all.parquet,2021,,,LEC,4.0,Soft,5.0,24.3,38.2,kaggle_tyre_strategy,stint,False,stint_summary
navenkumar1998/formula-1-dataset-with-weather-and-tyre-features,data\raw\kaggle_tyre_strategy\navenkumar1998__formula-1-dataset-with-weather-and-tyre-features\f1_all.parquet,2021,,,LEC,5.0,Hard,19.0,23.1,51.6,kaggle_tyre_strategy,stint,False,stint_summary
navenkumar1998/formula-1-dataset-with-weather-and-tyre-features,data\raw\kaggle_tyre_strategy\navenkumar1998__formula-1-dataset-with-weather-and-tyre-features\f1_all.parquet,2021,,,MAZ,1.0,Hard,31.0,25.2,35.0,kaggle_tyre_strategy,stint,False,stint_summary
navenkumar1998/formula-1-dataset-with-weather-and-tyre-features,data\raw\kaggle_tyre_strategy\navenkumar1998__formula-1-dataset-with-weather-and-tyre-features\f1_all.parquet,2021,,,MAZ,1.0,Intermediate,35.0,16.21388888888889,18.73888888888889,kaggle_tyre_strategy,stint,False,stint_summary
navenkumar1998/formula-1-dataset-with-weather-and-tyre-features,data\raw\kaggle_tyre_strategy\navenkumar1998__formula-1-dataset-with-weather-and-tyre-features\f1_all.parquet,2021,,,MAZ,1.0,Medium,33.0,24.25159574468085,38.0845744680851,kaggle_tyre_strategy,stint,False,stint_summary
navenkumar1998/formula-1-dataset-with-weather-and-tyre-features,data\raw\kaggle_tyre_strategy\navenkumar1998__formula-1-dataset-with-weather-and-tyre-features\f1_all.parquet,2021,,,MAZ,1.0,Soft,34.0,21.74,35.55384615384615,kaggle_tyre_strategy,stint,False,stint_summary
navenkumar1998/formula-1-dataset-with-weather-and-tyre-features,data\raw\kaggle_tyre_strategy\navenkumar1998__formula-1-dataset-with-weather-and-tyre-features\f1_all.parquet,2021,,,MAZ,1.0,Wet,12.0,10.9,17.5,kaggle_tyre_strategy,stint,False,stint_summary
navenkumar1998/formula-1-dataset-with-weather-and-tyre-features,data\raw\kaggle_tyre_strategy\navenkumar1998__formula-1-dataset-with-weather-and-tyre-features\f1_all.parquet,2021,,,MAZ,2.0,Hard,47.0,22.982916666666664,40.122083333333336,kaggle_tyre_strategy,stint,False,stint_summary
navenkumar1998/formula-1-dataset-with-weather-and-tyre-features,data\raw\kaggle_tyre_strategy\navenkumar1998__formula-1-dataset-with-weather-and-tyre-features\f1_all.parquet,2021,,,MAZ,2.0,Intermediate,21.0,14.575757575757576,18.55454545454545,kaggle_tyre_strategy,stint,False,stint_summary
navenkumar1998/formula-1-dataset-with-weather-and-tyre-features,data\raw\kaggle_tyre_strategy\navenkumar1998__formula-1-dataset-with-weather-and-tyre-features\f1_all.parquet,2021,,,MAZ,2.0,Medium,26.0,25.70151515151515,40.301515151515154,kaggle_tyre_strategy,stint,False,stint_summary
navenkumar1998/formula-1-dataset-with-weather-and-tyre-features,data\raw\kaggle_tyre_strategy\navenkumar1998__formula-1-dataset-with-weather-and-tyre-features\f1_all.parquet,2021,,,MAZ,2.0,Soft,27.0,26.65714285714285,32.385714285714286,kaggle_tyre_strategy,stint,False,stint_summary
navenkumar1998/formula-1-dataset-with-weather-and-tyre-features,data\raw\kaggle_tyre_strategy\navenkumar1998__formula-1-dataset-with-weather-and-tyre-features\f1_all.parquet,2021,,,MAZ,3.0,Hard,26.0,26.108196721311472,43.30983606557377,kaggle_tyre_strategy,stint,False,stint_summary
navenkumar1998/formula-1-dataset-with-weather-and-tyre-features,data\raw\kaggle_tyre_strategy\navenkumar1998__formula-1-dataset-with-weather-and-tyre-features\f1_all.parquet,2021,,,MAZ,3.0,Intermediate,5.0,20.53333333333333,24.6,kaggle_tyre_strategy,stint,False,stint_summary
navenkumar1998/formula-1-dataset-with-weather-and-tyre-features,data\raw\kaggle_tyre_strategy\navenkumar1998__formula-1-dataset-with-weather-and-tyre-features\f1_all.parquet,2021,,,MAZ,3.0,Medium,34.0,22.408080808080808,41.78383838383839,kaggle_tyre_strategy,stint,False,stint_summary
navenkumar1998/formula-1-dataset-with-weather-and-tyre-features,data\raw\kaggle_tyre_strategy\navenkumar1998__formula-1-dataset-with-weather-and-tyre-features\f1_all.parquet,2021,,,MAZ,3.0,Soft,12.0,18.344444444444445,29.0,kaggle_tyre_strategy,stint,False,stint_summary
navenkumar1998/formula-1-dataset-with-weather-and-tyre-features,data\raw\kaggle_tyre_strategy\navenkumar1998__formula-1-dataset-with-weather-and-tyre-features\f1_all.parquet,2021,,,MAZ,4.0,Hard,35.0,22.180851063829788,48.48510638297873,kaggle_tyre_strategy,stint,False,stint_summary
navenkumar1998/formula-1-dataset-with-weather-and-tyre-features,data\raw\kaggle_tyre_strategy\navenkumar1998__formula-1-dataset-with-weather-and-tyre-features\f1_all.parquet,2021,,,MAZ,4.0,Medium,18.0,27.427777777777777,36.67222222222222,kaggle_tyre_strategy,stint,False,stint_summary
navenkumar1998/formula-1-dataset-with-weather-and-tyre-features,data\raw\kaggle_tyre_strategy\navenkumar1998__formula-1-dataset-with-weather-and-tyre-features\f1_all.parquet,2021,,,MAZ,4.0,Soft,7.0,26.55,41.25,kaggle_tyre_strategy,stint,False,stint_summary
navenkumar1998/formula-1-dataset-with-weather-and-tyre-features,data\raw\kaggle_tyre_strategy\navenkumar1998__formula-1-dataset-with-weather-and-tyre-features\f1_all.parquet,2021,,,MAZ,5.0,Medium,30.0,10.9,17.5,kaggle_tyre_strategy,stint,False,stint_summary
navenkumar1998/formula-1-dataset-with-weather-and-tyre-features,data\raw\kaggle_tyre_strategy\navenkumar1998__formula-1-dataset-with-weather-and-tyre-features\f1_all.parquet,2021,,,MAZ,5.0,Soft,21.0,19.71818181818182,39.345454545454544,kaggle_tyre_strategy,stint,False,stint_summary
navenkumar1998/formula-1-dataset-with-weather-and-tyre-features,data\raw\kaggle_tyre_strategy\navenkumar1998__formula-1-dataset-with-weather-and-tyre-features\f1_all.parquet,2021,,,MAZ,6.0,Soft,9.0,24.3,38.2,kaggle_tyre_strategy,stint,False,stint_summary
navenkumar1998/formula-1-dataset-with-weather-and-tyre-features,data\raw\kaggle_tyre_strategy\navenkumar1998__formula-1-dataset-with-weather-and-tyre-features\f1_all.parquet,2021,,,MAZ,7.0,Soft,12.0,24.3,38.2,kaggle_tyre_strategy,stint,False,stint_summary
navenkumar1998/formula-1-dataset-with-weather-and-tyre-features,data\raw\kaggle_tyre_strategy\navenkumar1998__formula-1-dataset-with-weather-and-tyre-features\f1_all.parquet,2021,,,MSC,1.0,Intermediate,39.0,16.451219512195124,19.146341463414632,kaggle_tyre_strategy,stint,False,stint_summary
navenkumar1998/formula-1-dataset-with-weather-and-tyre-features,data\raw\kaggle_tyre_strategy\navenkumar1998__formula-1-dataset-with-weather-and-tyre-features\f1_all.parquet,2021,,,MSC,1.0,Medium,34.0,24.35384615384616,38.4414201183432,kaggle_tyre_strategy,stint,False,stint_summary
navenkumar1998/formula-1-dataset-with-weather-and-tyre-features,data\raw\kaggle_tyre_strategy\navenkumar1998__formula-1-dataset-with-weather-and-tyre-features\f1_all.parquet,2021,,,MSC,1.0,Soft,37.0,22.91538461538461,33.74807692307692,kaggle_tyre_strategy,stint,False,stint_summary
navenkumar1998/formula-1-dataset-with-weather-and-tyre-features,data\raw\kaggle_tyre_strategy\navenkumar1998__formula-1-dataset-with-weather-and-tyre-features\f1_all.parquet,2021,,,MSC,1.0,Wet,5.0,10.9,17.5,kaggle_tyre_strategy,stint,False,stint_summary
navenkumar1998/formula-1-dataset-with-weather-and-tyre-features,data\raw\kaggle_tyre_strategy\navenkumar1998__formula-1-dataset-with-weather-and-tyre-features\f1_all.parquet,2021,,,MSC,2.0,Hard,42.0,24.23672131147541,37.2872131147541,kaggle_tyre_strategy,stint,False,stint_summary
navenkumar1998/formula-1-dataset-with-weather-and-tyre-features,data\raw\kaggle_tyre_strategy\navenkumar1998__formula-1-dataset-with-weather-and-tyre-features\f1_all.parquet,2021,,,MSC,2.0,Intermediate,17.0,13.879411764705884,18.44117647058824,kaggle_tyre_strategy,stint,False,stint_summary
navenkumar1998/formula-1-dataset-with-weather-and-tyre-features,data\raw\kaggle_tyre_strategy\navenkumar1998__formula-1-dataset-with-weather-and-tyre-features\f1_all.parquet,2021,,,MSC,2.0,Medium,36.0,24.782692307692308,35.19711538461539,kaggle_tyre_strategy,stint,False,stint_summary
navenkumar1998/formula-1-dataset-with-weather-and-tyre-features,data\raw\kaggle_tyre_strategy\navenkumar1998__formula-1-dataset-with-weather-and-tyre-features\f1_all.parquet,2021,,,MSC,3.0,Hard,27.0,25.459183673469383,40.659183673469386,kaggle_tyre_strategy,stint,False,stint_summary
navenkumar1998/formula-1-dataset-with-weather-and-tyre-features,data\raw\kaggle_tyre_strategy\navenkumar1998__formula-1-dataset-with-weather-and-tyre-features\f1_all.parquet,2021,,,MSC,3.0,Medium,39.0,23.53382352941176,37.3875,kaggle_tyre_strategy,stint,False,stint_summary
navenkumar1998/formula-1-dataset-with-weather-and-tyre-features,data\raw\kaggle_tyre_strategy\navenkumar1998__formula-1-dataset-with-weather-and-tyre-features\f1_all.parquet,2021,,,MSC,3.0,Soft,13.0,18.98,27.9,kaggle_tyre_strategy,stint,False,stint_summary
navenkumar1998/formula-1-dataset-with-weather-and-tyre-features,data\raw\kaggle_tyre_strategy\navenkumar1998__formula-1-dataset-with-weather-and-tyre-features\f1_all.parquet,2021,,,MSC,4.0,Hard,35.0,23.43294117647059,41.24235294117647,kaggle_tyre_strategy,stint,False,stint_summary
navenkumar1998/formula-1-dataset-with-weather-and-tyre-features,data\raw\kaggle_tyre_strategy\navenkumar1998__formula-1-dataset-with-weather-and-tyre-features\f1_all.parquet,2021,,,MSC,4.0,Medium,1.0,10.9,17.5,kaggle_tyre_strategy,stint,False,stint_summary
navenkumar1998/formula-1-dataset-with-weather-and-tyre-features,data\raw\kaggle_tyre_strategy\navenkumar1998__formula-1-dataset-with-weather-and-tyre-features\f1_all.parquet,2021,,,MSC,4.0,Soft,5.0,24.3,38.2,kaggle_tyre_strategy,stint,False,stint_summary
navenkumar1998/formula-1-dataset-with-weather-and-tyre-features,data\raw\kaggle_tyre_strategy\navenkumar1998__formula-1-dataset-with-weather-and-tyre-features\f1_all.parquet,2021,,,MSC,5.0,Medium,32.0,17.3,35.38852459016393,kaggle_tyre_strategy,stint,False,stint_summary
navenkumar1998/formula-1-dataset-with-weather-and-tyre-features,data\raw\kaggle_tyre_strategy\navenkumar1998__formula-1-dataset-with-weather-and-tyre-features\f1_all.parquet,2021,,,MSC,5.0,Soft,6.0,24.3,38.2,kaggle_tyre_strategy,stint,False,stint_summary
navenkumar1998/formula-1-dataset-with-weather-and-tyre-features,data\raw\kaggle_tyre_strategy\navenkumar1998__formula-1-dataset-with-weather-and-tyre-features\f1_all.parquet,2021,,,MSC,6.0,Medium,8.0,23.1,51.6,kaggle_tyre_strategy,stint,False,stint_summary
navenkumar1998/formula-1-dataset-with-weather-and-tyre-features,data\raw\kaggle_tyre_strategy\navenkumar1998__formula-1-dataset-with-weather-and-tyre-features\f1_all.parquet,2021,,,MSC,6.0,Soft,6.0,24.3,38.2,kaggle_tyre_strategy,stint,False,stint_summary
navenkumar1998/formula-1-dataset-with-weather-and-tyre-features,data\raw\kaggle_tyre_strategy\navenkumar1998__formula-1-dataset-with-weather-and-tyre-features\f1_all.parquet,2021,,,NOR,1.0,Intermediate,34.0,13.857142857142858,18.1968253968254,kaggle_tyre_strategy,stint,False,stint_summary
navenkumar1998/formula-1-dataset-with-weather-and-tyre-features,data\raw\kaggle_tyre_strategy\navenkumar1998__formula-1-dataset-with-weather-and-tyre-features\f1_all.parquet,2021,,,NOR,1.0,Medium,47.0,22.80829268292683,37.609756097560975,kaggle_tyre_strategy,stint,False,stint_summary
navenkumar1998/formula-1-dataset-with-weather-and-tyre-features,data\raw\kaggle_tyre_strategy\navenkumar1998__formula-1-dataset-with-weather-and-tyre-features\f1_all.parquet,2021,,,NOR,1.0,Soft,35.0,24.06815286624204,36.498726114649685,kaggle_tyre_strategy,stint,False,stint_summary
navenkumar1998/formula-1-dataset-with-weather-and-tyre-features,data\raw\kaggle_tyre_strategy\navenkumar1998__formula-1-dataset-with-weather-and-tyre-features\f1_all.parquet,2021,,,NOR,2.0,Hard,48.0,23.829198966408267,37.6625322997416,kaggle_tyre_strategy,stint,False,stint_summary
navenkumar1998/formula-1-dataset-with-weather-and-tyre-features,data\raw\kaggle_tyre_strategy\navenkumar1998__formula-1-dataset-with-weather-and-tyre-features\f1_all.parquet,2021,,,NOR,2.0,Intermediate,24.0,16.352,18.976,kaggle_tyre_strategy,stint,False,stint_summary
navenkumar1998/formula-1-dataset-with-weather-and-tyre-features,data\raw\kaggle_tyre_strategy\navenkumar1998__formula-1-dataset-with-weather-and-tyre-features\f1_all.parquet,2021,,,NOR,2.0,Medium,28.0,22.875342465753427,35.03287671232877,kaggle_tyre_strategy,stint,False,stint_summary
navenkumar1998/formula-1-dataset-with-weather-and-tyre-features,data\raw\kaggle_tyre_strategy\navenkumar1998__formula-1-dataset-with-weather-and-tyre-features\f1_all.parquet,2021,,,NOR,2.0,Soft,7.0,19.5,39.4,kaggle_tyre_strategy,stint,False,stint_summary
navenkumar1998/formula-1-dataset-with-weather-and-tyre-features,data\raw\kaggle_tyre_strategy\navenkumar1998__formula-1-dataset-with-weather-and-tyre-features\f1_all.parquet,2021,,,NOR,3.0,Hard,41.0,26.54047619047619,40.010714285714286,kaggle_tyre_strategy,stint,False,stint_summary
navenkumar1998/formula-1-dataset-with-weather-and-tyre-features,data\raw\kaggle_tyre_strategy\navenkumar1998__formula-1-dataset-with-weather-and-tyre-features\f1_all.parquet,2021,,,NOR,3.0,Intermediate,7.0,19.2,22.0,kaggle_tyre_strategy,stint,False,stint_summary
navenkumar1998/formula-1-dataset-with-weather-and-tyre-features,data\raw\kaggle_tyre_strategy\navenkumar1998__formula-1-dataset-with-weather-and-tyre-features\f1_all.parquet,2021,,,NOR,3.0,Medium,10.0,25.24117647058824,29.04705882352941,kaggle_tyre_strategy,stint,False,stint_summary
navenkumar1998/formula-1-dataset-with-weather-and-tyre-features,data\raw\kaggle_tyre_strategy\navenkumar1998__formula-1-dataset-with-weather-and-tyre-features\f1_all.parquet,2021,,,NOR,3.0,Soft,32.0,16.02698412698413,27.482539682539684,kaggle_tyre_strategy,stint,False,stint_summary
navenkumar1998/formula-1-dataset-with-weather-and-tyre-features,data\raw\kaggle_tyre_strategy\navenkumar1998__formula-1-dataset-with-weather-and-tyre-features\f1_all.parquet,2021,,,NOR,4.0,Hard,40.0,28.64166666666667,32.15555555555556,kaggle_tyre_strategy,stint,False,stint_summary
navenkumar1998/formula-1-dataset-with-weather-and-tyre-features,data\raw\kaggle_tyre_strategy\navenkumar1998__formula-1-dataset-with-weather-and-tyre-features\f1_all.parquet,2021,,,NOR,4.0,Medium,44.0,19.5,39.4,kaggle_tyre_strategy,stint,False,stint_summary
navenkumar1998/formula-1-dataset-with-weather-and-tyre-features,data\raw\kaggle_tyre_strategy\navenkumar1998__formula-1-dataset-with-weather-and-tyre-features\f1_all.parquet,2021,,,NOR,4.0,Soft,5.0,24.3,38.2,kaggle_tyre_strategy,stint,False,stint_summary
navenkumar1998/formula-1-dataset-with-weather-and-tyre-features,data\raw\kaggle_tyre_strategy\navenkumar1998__formula-1-dataset-with-weather-and-tyre-features\f1_all.parquet,2021,,,NOR,5.0,Hard,36.0,23.1,51.6,kaggle_tyre_strategy,stint,False,stint_summary
navenkumar1998/formula-1-dataset-with-weather-and-tyre-features,data\raw\kaggle_tyre_strategy\navenkumar1998__formula-1-dataset-with-weather-and-tyre-features\f1_all.parquet,2021,,,NOR,6.0,Hard,69.0,23.1,51.6,kaggle_tyre_strategy,stint,False,stint_summary
navenkumar1998/formula-1-dataset-with-weather-and-tyre-features,data\raw\kaggle_tyre_strategy\navenkumar1998__formula-1-dataset-with-weather-and-tyre-features\f1_all.parquet,2021,,,OCO,1.0,Hard,28.0,25.2,35.0,kaggle_tyre_strategy,stint,False,stint_summary
navenkumar1998/formula-1-dataset-with-weather-and-tyre-features,data\raw\kaggle_tyre_strategy\navenkumar1998__formula-1-dataset-with-weather-and-tyre-features\f1_all.parquet,2021,,,OCO,1.0,Intermediate,57.0,16.283050847457627,18.857627118644068,kaggle_tyre_strategy,stint,False,stint_summary
navenkumar1998/formula-1-dataset-with-weather-and-tyre-features,data\raw\kaggle_tyre_strategy\navenkumar1998__formula-1-dataset-with-weather-and-tyre-features\f1_all.parquet,2021,,,OCO,1.0,Medium,36.0,26.257843137254905,42.95490196078431,kaggle_tyre_strategy,stint,False,stint_summary
navenkumar1998/formula-1-dataset-with-weather-and-tyre-features,data\raw\kaggle_tyre_strategy\navenkumar1998__formula-1-dataset-with-weather-and-tyre-features\f1_all.parquet,2021,,,OCO,1.0,Soft,37.0,22.35987654320988,34.60370370370371,kaggle_tyre_strategy,stint,False,stint_summary
navenkumar1998/formula-1-dataset-with-weather-and-tyre-features,data\raw\kaggle_tyre_strategy\navenkumar1998__formula-1-dataset-with-weather-and-tyre-features\f1_all.parquet,2021,,,OCO,1.0,Wet,1.0,10.9,17.5,kaggle_tyre_strategy,stint,False,stint_summary
navenkumar1998/formula-1-dataset-with-weather-and-tyre-features,data\raw\kaggle_tyre_strategy\navenkumar1998__formula-1-dataset-with-weather-and-tyre-features\f1_all.parquet,2021,,,OCO,2.0,Hard,56.0,24.39841269841269,37.98174603174603,kaggle_tyre_strategy,stint,False,stint_summary
navenkumar1998/formula-1-dataset-with-weather-and-tyre-features,data\raw\kaggle_tyre_strategy\navenkumar1998__formula-1-dataset-with-weather-and-tyre-features\f1_all.parquet,2021,,,OCO,2.0,Intermediate,26.0,11.503703703703705,18.244444444444444,kaggle_tyre_strategy,stint,False,stint_summary
navenkumar1998/formula-1-dataset-with-weather-and-tyre-features,data\raw\kaggle_tyre_strategy\navenkumar1998__formula-1-dataset-with-weather-and-tyre-features\f1_all.parquet,2021,,,OCO,2.0,Medium,42.0,22.67582417582417,35.96648351648352,kaggle_tyre_strategy,stint,False,stint_summary
navenkumar1998/formula-1-dataset-with-weather-and-tyre-features,data\raw\kaggle_tyre_strategy\navenkumar1998__formula-1-dataset-with-weather-and-tyre-features\f1_all.parquet,2021,,,OCO,2.0,Soft,6.0,19.5,39.4,kaggle_tyre_strategy,stint,False,stint_summary
navenkumar1998/formula-1-dataset-with-weather-and-tyre-features,data\raw\kaggle_tyre_strategy\navenkumar1998__formula-1-dataset-with-weather-and-tyre-features\f1_all.parquet,2021,,,OCO,3.0,Hard,37.0,26.88586956521739,37.62282608695652,kaggle_tyre_strategy,stint,False,stint_summary
navenkumar1998/formula-1-dataset-with-weather-and-tyre-features,data\raw\kaggle_tyre_strategy\navenkumar1998__formula-1-dataset-with-weather-and-tyre-features\f1_all.parquet,2021,,,OCO,3.0,Intermediate,2.0,19.2,22.0,kaggle_tyre_strategy,stint,False,stint_summary
navenkumar1998/formula-1-dataset-with-weather-and-tyre-features,data\raw\kaggle_tyre_strategy\navenkumar1998__formula-1-dataset-with-weather-and-tyre-features\f1_all.parquet,2021,,,OCO,3.0,Medium,34.0,25.368,40.67466666666667,kaggle_tyre_strategy,stint,False,stint_summary
navenkumar1998/formula-1-dataset-with-weather-and-tyre-features,data\raw\kaggle_tyre_strategy\navenkumar1998__formula-1-dataset-with-weather-and-tyre-features\f1_all.parquet,2021,,,OCO,3.0,Soft,25.0,19.5,39.4,kaggle_tyre_strategy,stint,False,stint_summary
navenkumar1998/formula-1-dataset-with-weather-and-tyre-features,data\raw\kaggle_tyre_strategy\navenkumar1998__formula-1-dataset-with-weather-and-tyre-features\f1_all.parquet,2021,,,OCO,4.0,Hard,44.0,22.902564102564103,43.06324786324786,kaggle_tyre_strategy,stint,False,stint_summary
navenkumar1998/formula-1-dataset-with-weather-and-tyre-features,data\raw\kaggle_tyre_strategy\navenkumar1998__formula-1-dataset-with-weather-and-tyre-features\f1_all.parquet,2021,,,OCO,4.0,Soft,3.0,10.9,17.5,kaggle_tyre_strategy,stint,False,stint_summary
navenkumar1998/formula-1-dataset-with-weather-and-tyre-features,data\raw\kaggle_tyre_strategy\navenkumar1998__formula-1-dataset-with-weather-and-tyre-features\f1_all.parquet,2021,,,OCO,5.0,Medium,5.0,10.9,17.5,kaggle_tyre_strategy,stint,False,stint_summary
navenkumar1998/formula-1-dataset-with-weather-and-tyre-features,data\raw\kaggle_tyre_strategy\navenkumar1998__formula-1-dataset-with-weather-and-tyre-features\f1_all.parquet,2021,,,OCO,6.0,Medium,34.0,10.9,17.5,kaggle_tyre_strategy,stint,False,stint_summary
navenkumar1998/formula-1-dataset-with-weather-and-tyre-features,data\raw\kaggle_tyre_strategy\navenkumar1998__formula-1-dataset-with-weather-and-tyre-features\f1_all.parquet,2021,,,PER,1.0,Hard,36.0,20.065217391304348,25.72608695652174,kaggle_tyre_strategy,stint,False,stint_summary
navenkumar1998/formula-1-dataset-with-weather-and-tyre-features,data\raw\kaggle_tyre_strategy\navenkumar1998__formula-1-dataset-with-weather-and-tyre-features\f1_all.parquet,2021,,,PER,1.0,Intermediate,37.0,13.746153846153844,17.898461538461536,kaggle_tyre_strategy,stint,False,stint_summary
navenkumar1998/formula-1-dataset-with-weather-and-tyre-features,data\raw\kaggle_tyre_strategy\navenkumar1998__formula-1-dataset-with-weather-and-tyre-features\f1_all.parquet,2021,,,PER,1.0,Medium,43.0,24.426436781609198,39.38275862068966,kaggle_tyre_strategy,stint,False,stint_summary
navenkumar1998/formula-1-dataset-with-weather-and-tyre-features,data\raw\kaggle_tyre_strategy\navenkumar1998__formula-1-dataset-with-weather-and-tyre-features\f1_all.parquet,2021,,,PER,1.0,Soft,40.0,23.37049180327869,37.98934426229509,kaggle_tyre_strategy,stint,False,stint_summary
navenkumar1998/formula-1-dataset-with-weather-and-tyre-features,data\raw\kaggle_tyre_strategy\navenkumar1998__formula-1-dataset-with-weather-and-tyre-features\f1_all.parquet,2021,,,PER,2.0,Hard,43.0,24.25365853658537,39.74076655052265,kaggle_tyre_strategy,stint,False,stint_summary
navenkumar1998/formula-1-dataset-with-weather-and-tyre-features,data\raw\kaggle_tyre_strategy\navenkumar1998__formula-1-dataset-with-weather-and-tyre-features\f1_all.parquet,2021,,,PER,2.0,Intermediate,21.0,15.900000000000002,18.2,kaggle_tyre_strategy,stint,False,stint_summary
navenkumar1998/formula-1-dataset-with-weather-and-tyre-features,data\raw\kaggle_tyre_strategy\navenkumar1998__formula-1-dataset-with-weather-and-tyre-features\f1_all.parquet,2021,,,PER,2.0,Medium,39.0,21.896,32.2,kaggle_tyre_strategy,stint,False,stint_summary
navenkumar1998/formula-1-dataset-with-weather-and-tyre-features,data\raw\kaggle_tyre_strategy\navenkumar1998__formula-1-dataset-with-weather-and-tyre-features\f1_all.parquet,2021,,,PER,3.0,Hard,35.0,24.9,32.112698412698414,kaggle_tyre_strategy,stint,False,stint_summary
navenkumar1998/formula-1-dataset-with-weather-and-tyre-features,data\raw\kaggle_tyre_strategy\navenkumar1998__formula-1-dataset-with-weather-and-tyre-features\f1_all.parquet,2021,,,PER,3.0,Intermediate,3.0,19.2,22.0,kaggle_tyre_strategy,stint,False,stint_summary
navenkumar1998/formula-1-dataset-with-weather-and-tyre-features,data\raw\kaggle_tyre_strategy\navenkumar1998__formula-1-dataset-with-weather-and-tyre-features\f1_all.parquet,2021,,,PER,3.0,Medium,57.0,23.700819672131143,44.0155737704918,kaggle_tyre_strategy,stint,False,stint_summary
navenkumar1998/formula-1-dataset-with-weather-and-tyre-features,data\raw\kaggle_tyre_strategy\navenkumar1998__formula-1-dataset-with-weather-and-tyre-features\f1_all.parquet,2021,,,PER,3.0,Soft,32.0,16.604761904761908,26.757142857142856,kaggle_tyre_strategy,stint,False,stint_summary
navenkumar1998/formula-1-dataset-with-weather-and-tyre-features,data\raw\kaggle_tyre_strategy\navenkumar1998__formula-1-dataset-with-weather-and-tyre-features\f1_all.parquet,2021,,,PER,4.0,Hard,14.0,23.1,51.6,kaggle_tyre_strategy,stint,False,stint_summary
navenkumar1998/formula-1-dataset-with-weather-and-tyre-features,data\raw\kaggle_tyre_strategy\navenkumar1998__formula-1-dataset-with-weather-and-tyre-features\f1_all.parquet,2021,,,PER,4.0,Medium,23.0,23.714285714285715,36.06428571428571,kaggle_tyre_strategy,stint,False,stint_summary
navenkumar1998/formula-1-dataset-with-weather-and-tyre-features,data\raw\kaggle_tyre_strategy\navenkumar1998__formula-1-dataset-with-weather-and-tyre-features\f1_all.parquet,2021,,,PER,4.0,Soft,19.0,20.72,38.09,kaggle_tyre_strategy,stint,False,stint_summary
navenkumar1998/formula-1-dataset-with-weather-and-tyre-features,data\raw\kaggle_tyre_strategy\navenkumar1998__formula-1-dataset-with-weather-and-tyre-features\f1_all.parquet,2021,,,PER,5.0,Hard,27.0,23.1,51.6,kaggle_tyre_strategy,stint,False,stint_summary
navenkumar1998/formula-1-dataset-with-weather-and-tyre-features,data\raw\kaggle_tyre_strategy\navenkumar1998__formula-1-dataset-with-weather-and-tyre-features\f1_all.parquet,2021,,,PER,5.0,Soft,6.0,29.5,51.29999999999999,kaggle_tyre_strategy,stint,False,stint_summary
navenkumar1998/formula-1-dataset-with-weather-and-tyre-features,data\raw\kaggle_tyre_strategy\navenkumar1998__formula-1-dataset-with-weather-and-tyre-features\f1_all.parquet,2021,,,PER,6.0,Soft,5.0,23.1,51.6,kaggle_tyre_strategy,stint,False,stint_summary
navenkumar1998/formula-1-dataset-with-weather-and-tyre-features,data\raw\kaggle_tyre_strategy\navenkumar1998__formula-1-dataset-with-weather-and-tyre-features\f1_all.parquet,2021,,,RAI,1.0,Hard,37.0,24.31320754716981,40.86792452830189,kaggle_tyre_strategy,stint,False,stint_summary
navenkumar1998/formula-1-dataset-with-weather-and-tyre-features,data\raw\kaggle_tyre_strategy\navenkumar1998__formula-1-dataset-with-weather-and-tyre-features\f1_all.parquet,2021,,,RAI,1.0,Intermediate,37.0,14.247692307692308,18.516923076923074,kaggle_tyre_strategy,stint,False,stint_summary
navenkumar1998/formula-1-dataset-with-weather-and-tyre-features,data\raw\kaggle_tyre_strategy\navenkumar1998__formula-1-dataset-with-weather-and-tyre-features\f1_all.parquet,2021,,,RAI,1.0,Medium,43.0,22.66538461538461,35.72548076923077,kaggle_tyre_strategy,stint,False,stint_summary
navenkumar1998/formula-1-dataset-with-weather-and-tyre-features,data\raw\kaggle_tyre_strategy\navenkumar1998__formula-1-dataset-with-weather-and-tyre-features\f1_all.parquet,2021,,,RAI,1.0,Soft,10.0,25.681818181818183,31.21818181818181,kaggle_tyre_strategy,stint,False,stint_summary
navenkumar1998/formula-1-dataset-with-weather-and-tyre-features,data\raw\kaggle_tyre_strategy\navenkumar1998__formula-1-dataset-with-weather-and-tyre-features\f1_all.parquet,2021,,,RAI,2.0,Hard,38.0,21.46,35.597500000000004,kaggle_tyre_strategy,stint,False,stint_summary
navenkumar1998/formula-1-dataset-with-weather-and-tyre-features,data\raw\kaggle_tyre_strategy\navenkumar1998__formula-1-dataset-with-weather-and-tyre-features\f1_all.parquet,2021,,,RAI,2.0,Intermediate,20.0,16.438095238095237,19.123809523809523,kaggle_tyre_strategy,stint,False,stint_summary
navenkumar1998/formula-1-dataset-with-weather-and-tyre-features,data\raw\kaggle_tyre_strategy\navenkumar1998__formula-1-dataset-with-weather-and-tyre-features\f1_all.parquet,2021,,,RAI,2.0,Medium,34.0,25.083108108108107,39.88243243243244,kaggle_tyre_strategy,stint,False,stint_summary
navenkumar1998/formula-1-dataset-with-weather-and-tyre-features,data\raw\kaggle_tyre_strategy\navenkumar1998__formula-1-dataset-with-weather-and-tyre-features\f1_all.parquet,2021,,,RAI,2.0,Soft,28.0,22.3,32.7,kaggle_tyre_strategy,stint,False,stint_summary
navenkumar1998/formula-1-dataset-with-weather-and-tyre-features,data\raw\kaggle_tyre_strategy\navenkumar1998__formula-1-dataset-with-weather-and-tyre-features\f1_all.parquet,2021,,,RAI,3.0,Hard,35.0,28.210526315789476,39.75052631578947,kaggle_tyre_strategy,stint,False,stint_summary
navenkumar1998/formula-1-dataset-with-weather-and-tyre-features,data\raw\kaggle_tyre_strategy\navenkumar1998__formula-1-dataset-with-weather-and-tyre-features\f1_all.parquet,2021,,,RAI,3.0,Intermediate,6.0,19.2,22.0,kaggle_tyre_strategy,stint,False,stint_summary
navenkumar1998/formula-1-dataset-with-weather-and-tyre-features,data\raw\kaggle_tyre_strategy\navenkumar1998__formula-1-dataset-with-weather-and-tyre-features\f1_all.parquet,2021,,,RAI,3.0,Medium,28.0,22.546666666666667,37.431666666666665,kaggle_tyre_strategy,stint,False,stint_summary
navenkumar1998/formula-1-dataset-with-weather-and-tyre-features,data\raw\kaggle_tyre_strategy\navenkumar1998__formula-1-dataset-with-weather-and-tyre-features\f1_all.parquet,2021,,,RAI,4.0,Hard,38.0,25.61290322580645,43.01935483870968,kaggle_tyre_strategy,stint,False,stint_summary
navenkumar1998/formula-1-dataset-with-weather-and-tyre-features,data\raw\kaggle_tyre_strategy\navenkumar1998__formula-1-dataset-with-weather-and-tyre-features\f1_all.parquet,2021,,,RAI,4.0,Medium,37.0,18.667924528301885,23.618867924528303,kaggle_tyre_strategy,stint,False,stint_summary
navenkumar1998/formula-1-dataset-with-weather-and-tyre-features,data\raw\kaggle_tyre_strategy\navenkumar1998__formula-1-dataset-with-weather-and-tyre-features\f1_all.parquet,2021,,,RAI,4.0,Soft,3.0,24.3,38.2,kaggle_tyre_strategy,stint,False,stint_summary
navenkumar1998/formula-1-dataset-with-weather-and-tyre-features,data\raw\kaggle_tyre_strategy\navenkumar1998__formula-1-dataset-with-weather-and-tyre-features\f1_all.parquet,2021,,,RAI,5.0,Medium,18.0,23.1,51.6,kaggle_tyre_strategy,stint,False,stint_summary
navenkumar1998/formula-1-dataset-with-weather-and-tyre-features,data\raw\kaggle_tyre_strategy\navenkumar1998__formula-1-dataset-with-weather-and-tyre-features\f1_all.parquet,2021,,,RAI,5.0,Soft,16.0,27.2,37.6,kaggle_tyre_strategy,stint,False,stint_summary
navenkumar1998/formula-1-dataset-with-weather-and-tyre-features,data\raw\kaggle_tyre_strategy\navenkumar1998__formula-1-dataset-with-weather-and-tyre-features\f1_all.parquet,2021,,,RIC,1.0,Hard,13.0,28.800000000000004,31.6,kaggle_tyre_strategy,stint,False,stint_summary
navenkumar1998/formula-1-dataset-with-weather-and-tyre-features,data\raw\kaggle_tyre_strategy\navenkumar1998__formula-1-dataset-with-weather-and-tyre-features\f1_all.parquet,2021,,,RIC,1.0,Intermediate,27.0,13.652,18.598,kaggle_tyre_strategy,stint,False,stint_summary
navenkumar1998/formula-1-dataset-with-weather-and-tyre-features,data\raw\kaggle_tyre_strategy\navenkumar1998__formula-1-dataset-with-weather-and-tyre-features\f1_all.parquet,2021,,,RIC,1.0,Medium,41.0,24.144186046511628,38.630697674418606,kaggle_tyre_strategy,stint,False,stint_summary
navenkumar1998/formula-1-dataset-with-weather-and-tyre-features,data\raw\kaggle_tyre_strategy\navenkumar1998__formula-1-dataset-with-weather-and-tyre-features\f1_all.parquet,2021,,,RIC,1.0,Soft,33.0,22.47731958762887,32.838144329896906,kaggle_tyre_strategy,stint,False,stint_summary
navenkumar1998/formula-1-dataset-with-weather-and-tyre-features,data\raw\kaggle_tyre_strategy\navenkumar1998__formula-1-dataset-with-weather-and-tyre-features\f1_all.parquet,2021,,,RIC,2.0,Hard,42.0,23.68287841191067,37.07667493796526,kaggle_tyre_strategy,stint,False,stint_summary
navenkumar1998/formula-1-dataset-with-weather-and-tyre-features,data\raw\kaggle_tyre_strategy\navenkumar1998__formula-1-dataset-with-weather-and-tyre-features\f1_all.parquet,2021,,,RIC,2.0,Intermediate,36.0,16.205405405405408,18.72432432432432,kaggle_tyre_strategy,stint,False,stint_summary
navenkumar1998/formula-1-dataset-with-weather-and-tyre-features,data\raw\kaggle_tyre_strategy\navenkumar1998__formula-1-dataset-with-weather-and-tyre-features\f1_all.parquet,2021,,,RIC,2.0,Medium,21.0,22.858823529411765,35.20147058823529,kaggle_tyre_strategy,stint,False,stint_summary
navenkumar1998/formula-1-dataset-with-weather-and-tyre-features,data\raw\kaggle_tyre_strategy\navenkumar1998__formula-1-dataset-with-weather-and-tyre-features\f1_all.parquet,2021,,,RIC,3.0,Hard,37.0,26.49036144578313,40.06024096385542,kaggle_tyre_strategy,stint,False,stint_summary
navenkumar1998/formula-1-dataset-with-weather-and-tyre-features,data\raw\kaggle_tyre_strategy\navenkumar1998__formula-1-dataset-with-weather-and-tyre-features\f1_all.parquet,2021,,,RIC,3.0,Intermediate,8.0,19.2,22.0,kaggle_tyre_strategy,stint,False,stint_summary
navenkumar1998/formula-1-dataset-with-weather-and-tyre-features,data\raw\kaggle_tyre_strategy\navenkumar1998__formula-1-dataset-with-weather-and-tyre-features\f1_all.parquet,2021,,,RIC,3.0,Medium,41.0,23.59722222222222,41.08888888888889,kaggle_tyre_strategy,stint,False,stint_summary
navenkumar1998/formula-1-dataset-with-weather-and-tyre-features,data\raw\kaggle_tyre_strategy\navenkumar1998__formula-1-dataset-with-weather-and-tyre-features\f1_all.parquet,2021,,,RIC,3.0,Soft,32.0,16.28181818181818,23.99090909090909,kaggle_tyre_strategy,stint,False,stint_summary
navenkumar1998/formula-1-dataset-with-weather-and-tyre-features,data\raw\kaggle_tyre_strategy\navenkumar1998__formula-1-dataset-with-weather-and-tyre-features\f1_all.parquet,2021,,,RIC,4.0,Hard,49.0,24.292473118279567,40.94408602150538,kaggle_tyre_strategy,stint,False,stint_summary
navenkumar1998/formula-1-dataset-with-weather-and-tyre-features,data\raw\kaggle_tyre_strategy\navenkumar1998__formula-1-dataset-with-weather-and-tyre-features\f1_all.parquet,2021,,,RIC,4.0,Soft,5.0,24.3,38.2,kaggle_tyre_strategy,stint,False,stint_summary
navenkumar1998/formula-1-dataset-with-weather-and-tyre-features,data\raw\kaggle_tyre_strategy\navenkumar1998__formula-1-dataset-with-weather-and-tyre-features\f1_all.parquet,2021,,,RUS,1.0,Intermediate,35.0,14.195238095238096,18.52698412698413,kaggle_tyre_strategy,stint,False,stint_summary
navenkumar1998/formula-1-dataset-with-weather-and-tyre-features,data\raw\kaggle_tyre_strategy\navenkumar1998__formula-1-dataset-with-weather-and-tyre-features\f1_all.parquet,2021,,,RUS,1.0,Medium,33.0,23.79037656903765,38.09456066945607,kaggle_tyre_strategy,stint,False,stint_summary
navenkumar1998/formula-1-dataset-with-weather-and-tyre-features,data\raw\kaggle_tyre_strategy\navenkumar1998__formula-1-dataset-with-weather-and-tyre-features\f1_all.parquet,2021,,,RUS,1.0,Soft,17.0,23.443589743589744,29.9974358974359,kaggle_tyre_strategy,stint,False,stint_summary
navenkumar1998/formula-1-dataset-with-weather-and-tyre-features,data\raw\kaggle_tyre_strategy\navenkumar1998__formula-1-dataset-with-weather-and-tyre-features\f1_all.parquet,2021,,,RUS,2.0,Hard,54.0,23.179189189189188,36.75378378378378,kaggle_tyre_strategy,stint,False,stint_summary
navenkumar1998/formula-1-dataset-with-weather-and-tyre-features,data\raw\kaggle_tyre_strategy\navenkumar1998__formula-1-dataset-with-weather-and-tyre-features\f1_all.parquet,2021,,,RUS,2.0,Intermediate,22.0,16.391304347826086,19.043478260869566,kaggle_tyre_strategy,stint,False,stint_summary
navenkumar1998/formula-1-dataset-with-weather-and-tyre-features,data\raw\kaggle_tyre_strategy\navenkumar1998__formula-1-dataset-with-weather-and-tyre-features\f1_all.parquet,2021,,,RUS,2.0,Medium,23.0,22.7031746031746,34.70317460317461,kaggle_tyre_strategy,stint,False,stint_summary
navenkumar1998/formula-1-dataset-with-weather-and-tyre-features,data\raw\kaggle_tyre_strategy\navenkumar1998__formula-1-dataset-with-weather-and-tyre-features\f1_all.parquet,2021,,,RUS,3.0,Hard,33.0,27.92560975609756,45.25487804878049,kaggle_tyre_strategy,stint,False,stint_summary
navenkumar1998/formula-1-dataset-with-weather-and-tyre-features,data\raw\kaggle_tyre_strategy\navenkumar1998__formula-1-dataset-with-weather-and-tyre-features\f1_all.parquet,2021,,,RUS,3.0,Intermediate,10.0,19.2,22.0,kaggle_tyre_strategy,stint,False,stint_summary
navenkumar1998/formula-1-dataset-with-weather-and-tyre-features,data\raw\kaggle_tyre_strategy\navenkumar1998__formula-1-dataset-with-weather-and-tyre-features\f1_all.parquet,2021,,,RUS,3.0,Medium,37.0,22.13838383838384,34.3040404040404,kaggle_tyre_strategy,stint,False,stint_summary
navenkumar1998/formula-1-dataset-with-weather-and-tyre-features,data\raw\kaggle_tyre_strategy\navenkumar1998__formula-1-dataset-with-weather-and-tyre-features\f1_all.parquet,2021,,,RUS,3.0,Soft,9.0,25.62857142857143,31.214285714285715,kaggle_tyre_strategy,stint,False,stint_summary
navenkumar1998/formula-1-dataset-with-weather-and-tyre-features,data\raw\kaggle_tyre_strategy\navenkumar1998__formula-1-dataset-with-weather-and-tyre-features\f1_all.parquet,2021,,,RUS,4.0,Hard,49.0,23.668907563025208,42.04201680672269,kaggle_tyre_strategy,stint,False,stint_summary
navenkumar1998/formula-1-dataset-with-weather-and-tyre-features,data\raw\kaggle_tyre_strategy\navenkumar1998__formula-1-dataset-with-weather-and-tyre-features\f1_all.parquet,2021,,,RUS,4.0,Soft,1.0,24.3,38.2,kaggle_tyre_strategy,stint,False,stint_summary
navenkumar1998/formula-1-dataset-with-weather-and-tyre-features,data\raw\kaggle_tyre_strategy\navenkumar1998__formula-1-dataset-with-weather-and-tyre-features\f1_all.parquet,2021,,,RUS,5.0,Hard,29.0,23.1,51.6,kaggle_tyre_strategy,stint,False,stint_summary
navenkumar1998/formula-1-dataset-with-weather-and-tyre-features,data\raw\kaggle_tyre_strategy\navenkumar1998__formula-1-dataset-with-weather-and-tyre-features\f1_all.parquet,2021,,,SAI,1.0,Hard,48.0,22.81967213114754,33.64590163934427,kaggle_tyre_strategy,stint,False,stint_summary
navenkumar1998/formula-1-dataset-with-weather-and-tyre-features,data\raw\kaggle_tyre_strategy\navenkumar1998__formula-1-dataset-with-weather-and-tyre-features\f1_all.parquet,2021,,,SAI,1.0,Intermediate,36.0,14.170769230769231,18.506153846153847,kaggle_tyre_strategy,stint,False,stint_summary
navenkumar1998/formula-1-dataset-with-weather-and-tyre-features,data\raw\kaggle_tyre_strategy\navenkumar1998__formula-1-dataset-with-weather-and-tyre-features\f1_all.parquet,2021,,,SAI,1.0,Medium,47.0,24.783522727272725,42.82215909090909,kaggle_tyre_strategy,stint,False,stint_summary
navenkumar1998/formula-1-dataset-with-weather-and-tyre-features,data\raw\kaggle_tyre_strategy\navenkumar1998__formula-1-dataset-with-weather-and-tyre-features\f1_all.parquet,2021,,,SAI,1.0,Soft,38.0,22.464788732394368,34.066197183098595,kaggle_tyre_strategy,stint,False,stint_summary
navenkumar1998/formula-1-dataset-with-weather-and-tyre-features,data\raw\kaggle_tyre_strategy\navenkumar1998__formula-1-dataset-with-weather-and-tyre-features\f1_all.parquet,2021,,,SAI,2.0,Hard,46.0,23.83653846153846,36.60631868131868,kaggle_tyre_strategy,stint,False,stint_summary
navenkumar1998/formula-1-dataset-with-weather-and-tyre-features,data\raw\kaggle_tyre_strategy\navenkumar1998__formula-1-dataset-with-weather-and-tyre-features\f1_all.parquet,2021,,,SAI,2.0,Intermediate,22.0,16.391304347826086,19.043478260869566,kaggle_tyre_strategy,stint,False,stint_summary
navenkumar1998/formula-1-dataset-with-weather-and-tyre-features,data\raw\kaggle_tyre_strategy\navenkumar1998__formula-1-dataset-with-weather-and-tyre-features\f1_all.parquet,2021,,,SAI,2.0,Medium,26.0,22.950961538461534,35.886538461538464,kaggle_tyre_strategy,stint,False,stint_summary
navenkumar1998/formula-1-dataset-with-weather-and-tyre-features,data\raw\kaggle_tyre_strategy\navenkumar1998__formula-1-dataset-with-weather-and-tyre-features\f1_all.parquet,2021,,,SAI,2.0,Soft,8.0,19.5,39.4,kaggle_tyre_strategy,stint,False,stint_summary
navenkumar1998/formula-1-dataset-with-weather-and-tyre-features,data\raw\kaggle_tyre_strategy\navenkumar1998__formula-1-dataset-with-weather-and-tyre-features\f1_all.parquet,2021,,,SAI,3.0,Hard,38.0,26.6,39.63943661971831,kaggle_tyre_strategy,stint,False,stint_summary
navenkumar1998/formula-1-dataset-with-weather-and-tyre-features,data\raw\kaggle_tyre_strategy\navenkumar1998__formula-1-dataset-with-weather-and-tyre-features\f1_all.parquet,2021,,,SAI,3.0,Intermediate,11.0,19.2,22.0,kaggle_tyre_strategy,stint,False,stint_summary
navenkumar1998/formula-1-dataset-with-weather-and-tyre-features,data\raw\kaggle_tyre_strategy\navenkumar1998__formula-1-dataset-with-weather-and-tyre-features\f1_all.parquet,2021,,,SAI,3.0,Medium,40.0,22.675,32.59107142857143,kaggle_tyre_strategy,stint,False,stint_summary
navenkumar1998/formula-1-dataset-with-weather-and-tyre-features,data\raw\kaggle_tyre_strategy\navenkumar1998__formula-1-dataset-with-weather-and-tyre-features\f1_all.parquet,2021,,,SAI,3.0,Soft,26.0,20.973684210526315,35.873684210526314,kaggle_tyre_strategy,stint,False,stint_summary
navenkumar1998/formula-1-dataset-with-weather-and-tyre-features,data\raw\kaggle_tyre_strategy\navenkumar1998__formula-1-dataset-with-weather-and-tyre-features\f1_all.parquet,2021,,,SAI,4.0,Hard,38.0,27.2,37.6,kaggle_tyre_strategy,stint,False,stint_summary
navenkumar1998/formula-1-dataset-with-weather-and-tyre-features,data\raw\kaggle_tyre_strategy\navenkumar1998__formula-1-dataset-with-weather-and-tyre-features\f1_all.parquet,2021,,,SAI,4.0,Medium,45.0,20.85,43.975,kaggle_tyre_strategy,stint,False,stint_summary
navenkumar1998/formula-1-dataset-with-weather-and-tyre-features,data\raw\kaggle_tyre_strategy\navenkumar1998__formula-1-dataset-with-weather-and-tyre-features\f1_all.parquet,2021,,,SAI,4.0,Soft,5.0,24.3,38.2,kaggle_tyre_strategy,stint,False,stint_summary
navenkumar1998/formula-1-dataset-with-weather-and-tyre-features,data\raw\kaggle_tyre_strategy\navenkumar1998__formula-1-dataset-with-weather-and-tyre-features\f1_all.parquet,2021,,,SAI,5.0,Hard,18.0,23.1,51.6,kaggle_tyre_strategy,stint,False,stint_summary
navenkumar1998/formula-1-dataset-with-weather-and-tyre-features,data\raw\kaggle_tyre_strategy\navenkumar1998__formula-1-dataset-with-weather-and-tyre-features\f1_all.parquet,2021,,,STR,1.0,Hard,58.0,22.827272727272728,36.581818181818186,kaggle_tyre_strategy,stint,False,stint_summary
navenkumar1998/formula-1-dataset-with-weather-and-tyre-features,data\raw\kaggle_tyre_strategy\navenkumar1998__formula-1-dataset-with-weather-and-tyre-features\f1_all.parquet,2021,,,STR,1.0,Intermediate,39.0,13.854545454545454,17.913636363636364,kaggle_tyre_strategy,stint,False,stint_summary
navenkumar1998/formula-1-dataset-with-weather-and-tyre-features,data\raw\kaggle_tyre_strategy\navenkumar1998__formula-1-dataset-with-weather-and-tyre-features\f1_all.parquet,2021,,,STR,1.0,Medium,27.0,25.700000000000003,36.17519379844961,kaggle_tyre_strategy,stint,False,stint_summary
navenkumar1998/formula-1-dataset-with-weather-and-tyre-features,data\raw\kaggle_tyre_strategy\navenkumar1998__formula-1-dataset-with-weather-and-tyre-features\f1_all.parquet,2021,,,STR,1.0,Soft,31.0,22.887619047619047,38.75904761904762,kaggle_tyre_strategy,stint,False,stint_summary
navenkumar1998/formula-1-dataset-with-weather-and-tyre-features,data\raw\kaggle_tyre_strategy\navenkumar1998__formula-1-dataset-with-weather-and-tyre-features\f1_all.parquet,2021,,,STR,2.0,Hard,43.0,23.75551470588235,36.75955882352941,kaggle_tyre_strategy,stint,False,stint_summary
navenkumar1998/formula-1-dataset-with-weather-and-tyre-features,data\raw\kaggle_tyre_strategy\navenkumar1998__formula-1-dataset-with-weather-and-tyre-features\f1_all.parquet,2021,,,STR,2.0,Intermediate,19.0,15.9,18.2,kaggle_tyre_strategy,stint,False,stint_summary
navenkumar1998/formula-1-dataset-with-weather-and-tyre-features,data\raw\kaggle_tyre_strategy\navenkumar1998__formula-1-dataset-with-weather-and-tyre-features\f1_all.parquet,2021,,,STR,2.0,Medium,23.0,24.45526315789473,37.08815789473684,kaggle_tyre_strategy,stint,False,stint_summary
navenkumar1998/formula-1-dataset-with-weather-and-tyre-features,data\raw\kaggle_tyre_strategy\navenkumar1998__formula-1-dataset-with-weather-and-tyre-features\f1_all.parquet,2021,,,STR,2.0,Soft,19.0,22.861538461538466,35.94102564102564,kaggle_tyre_strategy,stint,False,stint_summary
navenkumar1998/formula-1-dataset-with-weather-and-tyre-features,data\raw\kaggle_tyre_strategy\navenkumar1998__formula-1-dataset-with-weather-and-tyre-features\f1_all.parquet,2021,,,STR,3.0,Hard,31.0,24.92596153846154,37.86826923076923,kaggle_tyre_strategy,stint,False,stint_summary
navenkumar1998/formula-1-dataset-with-weather-and-tyre-features,data\raw\kaggle_tyre_strategy\navenkumar1998__formula-1-dataset-with-weather-and-tyre-features\f1_all.parquet,2021,,,STR,3.0,Intermediate,5.0,19.2,22.0,kaggle_tyre_strategy,stint,False,stint_summary
navenkumar1998/formula-1-dataset-with-weather-and-tyre-features,data\raw\kaggle_tyre_strategy\navenkumar1998__formula-1-dataset-with-weather-and-tyre-features\f1_all.parquet,2021,,,STR,3.0,Medium,37.0,21.526,48.468,kaggle_tyre_strategy,stint,False,stint_summary
navenkumar1998/formula-1-dataset-with-weather-and-tyre-features,data\raw\kaggle_tyre_strategy\navenkumar1998__formula-1-dataset-with-weather-and-tyre-features\f1_all.parquet,2021,,,STR,3.0,Soft,39.0,20.959701492537317,35.95671641791045,kaggle_tyre_strategy,stint,False,stint_summary
navenkumar1998/formula-1-dataset-with-weather-and-tyre-features,data\raw\kaggle_tyre_strategy\navenkumar1998__formula-1-dataset-with-weather-and-tyre-features\f1_all.parquet,2021,,,STR,4.0,Hard,27.0,23.1,51.6,kaggle_tyre_strategy,stint,False,stint_summary
navenkumar1998/formula-1-dataset-with-weather-and-tyre-features,data\raw\kaggle_tyre_strategy\navenkumar1998__formula-1-dataset-with-weather-and-tyre-features\f1_all.parquet,2021,,,STR,4.0,Medium,36.0,20.24175824175824,29.18021978021978,kaggle_tyre_strategy,stint,False,stint_summary
navenkumar1998/formula-1-dataset-with-weather-and-tyre-features,data\raw\kaggle_tyre_strategy\navenkumar1998__formula-1-dataset-with-weather-and-tyre-features\f1_all.parquet,2021,,,TSU,1.0,Hard,64.0,20.7,36.7,kaggle_tyre_strategy,stint,False,stint_summary
navenkumar1998/formula-1-dataset-with-weather-and-tyre-features,data\raw\kaggle_tyre_strategy\navenkumar1998__formula-1-dataset-with-weather-and-tyre-features\f1_all.parquet,2021,,,TSU,1.0,Intermediate,35.0,14.248387096774191,18.543548387096774,kaggle_tyre_strategy,stint,False,stint_summary
navenkumar1998/formula-1-dataset-with-weather-and-tyre-features,data\raw\kaggle_tyre_strategy\navenkumar1998__formula-1-dataset-with-weather-and-tyre-features\f1_all.parquet,2021,,,TSU,1.0,Medium,27.0,23.746987951807228,29.680722891566266,kaggle_tyre_strategy,stint,False,stint_summary
navenkumar1998/formula-1-dataset-with-weather-and-tyre-features,data\raw\kaggle_tyre_strategy\navenkumar1998__formula-1-dataset-with-weather-and-tyre-features\f1_all.parquet,2021,,,TSU,1.0,Soft,31.0,24.107547169811323,40.28584905660377,kaggle_tyre_strategy,stint,False,stint_summary
navenkumar1998/formula-1-dataset-with-weather-and-tyre-features,data\raw\kaggle_tyre_strategy\navenkumar1998__formula-1-dataset-with-weather-and-tyre-features\f1_all.parquet,2021,,,TSU,2.0,Hard,44.0,23.862172284644195,35.73183520599251,kaggle_tyre_strategy,stint,False,stint_summary
navenkumar1998/formula-1-dataset-with-weather-and-tyre-features,data\raw\kaggle_tyre_strategy\navenkumar1998__formula-1-dataset-with-weather-and-tyre-features\f1_all.parquet,2021,,,TSU,2.0,Intermediate,22.0,16.391304347826086,19.043478260869566,kaggle_tyre_strategy,stint,False,stint_summary
navenkumar1998/formula-1-dataset-with-weather-and-tyre-features,data\raw\kaggle_tyre_strategy\navenkumar1998__formula-1-dataset-with-weather-and-tyre-features\f1_all.parquet,2021,,,TSU,2.0,Medium,30.0,24.955128205128204,38.1025641025641,kaggle_tyre_strategy,stint,False,stint_summary
navenkumar1998/formula-1-dataset-with-weather-and-tyre-features,data\raw\kaggle_tyre_strategy\navenkumar1998__formula-1-dataset-with-weather-and-tyre-features\f1_all.parquet,2021,,,TSU,2.0,Soft,13.0,20.7,36.7,kaggle_tyre_strategy,stint,False,stint_summary
navenkumar1998/formula-1-dataset-with-weather-and-tyre-features,data\raw\kaggle_tyre_strategy\navenkumar1998__formula-1-dataset-with-weather-and-tyre-features\f1_all.parquet,2021,,,TSU,3.0,Hard,39.0,25.24774774774775,36.40720720720721,kaggle_tyre_strategy,stint,False,stint_summary
navenkumar1998/formula-1-dataset-with-weather-and-tyre-features,data\raw\kaggle_tyre_strategy\navenkumar1998__formula-1-dataset-with-weather-and-tyre-features\f1_all.parquet,2021,,,TSU,3.0,Medium,21.0,24.404444444444444,37.25333333333334,kaggle_tyre_strategy,stint,False,stint_summary
navenkumar1998/formula-1-dataset-with-weather-and-tyre-features,data\raw\kaggle_tyre_strategy\navenkumar1998__formula-1-dataset-with-weather-and-tyre-features\f1_all.parquet,2021,,,TSU,3.0,Soft,8.0,21.475,25.25,kaggle_tyre_strategy,stint,False,stint_summary
navenkumar1998/formula-1-dataset-with-weather-and-tyre-features,data\raw\kaggle_tyre_strategy\navenkumar1998__formula-1-dataset-with-weather-and-tyre-features\f1_all.parquet,2021,,,TSU,4.0,Hard,48.0,24.66806722689076,37.07226890756303,kaggle_tyre_strategy,stint,False,stint_summary
navenkumar1998/formula-1-dataset-with-weather-and-tyre-features,data\raw\kaggle_tyre_strategy\navenkumar1998__formula-1-dataset-with-weather-and-tyre-features\f1_all.parquet,2021,,,TSU,4.0,Intermediate,6.0,19.2,22.0,kaggle_tyre_strategy,stint,False,stint_summary
navenkumar1998/formula-1-dataset-with-weather-and-tyre-features,data\raw\kaggle_tyre_strategy\navenkumar1998__formula-1-dataset-with-weather-and-tyre-features\f1_all.parquet,2021,,,TSU,4.0,Soft,30.0,12.11818181818182,19.381818181818183,kaggle_tyre_strategy,stint,False,stint_summary
navenkumar1998/formula-1-dataset-with-weather-and-tyre-features,data\raw\kaggle_tyre_strategy\navenkumar1998__formula-1-dataset-with-weather-and-tyre-features\f1_all.parquet,2021,,,TSU,5.0,Hard,35.0,23.1,51.6,kaggle_tyre_strategy,stint,False,stint_summary
navenkumar1998/formula-1-dataset-with-weather-and-tyre-features,data\raw\kaggle_tyre_strategy\navenkumar1998__formula-1-dataset-with-weather-and-tyre-features\f1_all.parquet,2021,,,TSU,6.0,Hard,31.0,23.1,51.6,kaggle_tyre_strategy,stint,False,stint_summary
navenkumar1998/formula-1-dataset-with-weather-and-tyre-features,data\raw\kaggle_tyre_strategy\navenkumar1998__formula-1-dataset-with-weather-and-tyre-features\f1_all.parquet,2021,,,VER,1.0,Hard,26.0,19.2,22.0,kaggle_tyre_strategy,stint,False,stint_summary
navenkumar1998/formula-1-dataset-with-weather-and-tyre-features,data\raw\kaggle_tyre_strategy\navenkumar1998__formula-1-dataset-with-weather-and-tyre-features\f1_all.parquet,2021,,,VER,1.0,Intermediate,36.0,13.9671875,18.2078125,kaggle_tyre_strategy,stint,False,stint_summary
navenkumar1998/formula-1-dataset-with-weather-and-tyre-features,data\raw\kaggle_tyre_strategy\navenkumar1998__formula-1-dataset-with-weather-and-tyre-features\f1_all.parquet,2021,,,VER,1.0,Medium,36.0,24.49253731343284,40.22537313432836,kaggle_tyre_strategy,stint,False,stint_summary
navenkumar1998/formula-1-dataset-with-weather-and-tyre-features,data\raw\kaggle_tyre_strategy\navenkumar1998__formula-1-dataset-with-weather-and-tyre-features\f1_all.parquet,2021,,,VER,1.0,Soft,39.0,22.14134615384615,34.753846153846155,kaggle_tyre_strategy,stint,False,stint_summary
navenkumar1998/formula-1-dataset-with-weather-and-tyre-features,data\raw\kaggle_tyre_strategy\navenkumar1998__formula-1-dataset-with-weather-and-tyre-features\f1_all.parquet,2021,,,VER,2.0,Hard,44.0,23.92416356877323,39.50520446096654,kaggle_tyre_strategy,stint,False,stint_summary
navenkumar1998/formula-1-dataset-with-weather-and-tyre-features,data\raw\kaggle_tyre_strategy\navenkumar1998__formula-1-dataset-with-weather-and-tyre-features\f1_all.parquet,2021,,,VER,2.0,Intermediate,22.0,16.391304347826086,19.043478260869566,kaggle_tyre_strategy,stint,False,stint_summary
navenkumar1998/formula-1-dataset-with-weather-and-tyre-features,data\raw\kaggle_tyre_strategy\navenkumar1998__formula-1-dataset-with-weather-and-tyre-features\f1_all.parquet,2021,,,VER,2.0,Medium,36.0,20.510280373831776,29.44205607476636,kaggle_tyre_strategy,stint,False,stint_summary
navenkumar1998/formula-1-dataset-with-weather-and-tyre-features,data\raw\kaggle_tyre_strategy\navenkumar1998__formula-1-dataset-with-weather-and-tyre-features\f1_all.parquet,2021,,,VER,3.0,Hard,32.0,23.61730769230769,33.643269230769235,kaggle_tyre_strategy,stint,False,stint_summary
navenkumar1998/formula-1-dataset-with-weather-and-tyre-features,data\raw\kaggle_tyre_strategy\navenkumar1998__formula-1-dataset-with-weather-and-tyre-features\f1_all.parquet,2021,,,VER,3.0,Intermediate,5.0,20.53333333333333,24.6,kaggle_tyre_strategy,stint,False,stint_summary
navenkumar1998/formula-1-dataset-with-weather-and-tyre-features,data\raw\kaggle_tyre_strategy\navenkumar1998__formula-1-dataset-with-weather-and-tyre-features\f1_all.parquet,2021,,,VER,3.0,Medium,40.0,21.82317880794702,33.329801324503315,kaggle_tyre_strategy,stint,False,stint_summary
navenkumar1998/formula-1-dataset-with-weather-and-tyre-features,data\raw\kaggle_tyre_strategy\navenkumar1998__formula-1-dataset-with-weather-and-tyre-features\f1_all.parquet,2021,,,VER,3.0,Soft,6.0,22.3,32.7,kaggle_tyre_strategy,stint,False,stint_summary
navenkumar1998/formula-1-dataset-with-weather-and-tyre-features,data\raw\kaggle_tyre_strategy\navenkumar1998__formula-1-dataset-with-weather-and-tyre-features\f1_all.parquet,2021,,,VER,4.0,Hard,29.0,20.61428571428572,43.17619047619048,kaggle_tyre_strategy,stint,False,stint_summary
navenkumar1998/formula-1-dataset-with-weather-and-tyre-features,data\raw\kaggle_tyre_strategy\navenkumar1998__formula-1-dataset-with-weather-and-tyre-features\f1_all.parquet,2021,,,VER,4.0,Medium,17.0,27.2,37.6,kaggle_tyre_strategy,stint,False,stint_summary
navenkumar1998/formula-1-dataset-with-weather-and-tyre-features,data\raw\kaggle_tyre_strategy\navenkumar1998__formula-1-dataset-with-weather-and-tyre-features\f1_all.parquet,2021,,,VER,4.0,Soft,8.0,25.014285714285712,28.75714285714286,kaggle_tyre_strategy,stint,False,stint_summary
navenkumar1998/formula-1-dataset-with-weather-and-tyre-features,data\raw\kaggle_tyre_strategy\navenkumar1998__formula-1-dataset-with-weather-and-tyre-features\f1_all.parquet,2021,,,VER,5.0,Hard,31.0,24.707843137254905,46.10980392156863,kaggle_tyre_strategy,stint,False,stint_summary
navenkumar1998/formula-1-dataset-with-weather-and-tyre-features,data\raw\kaggle_tyre_strategy\navenkumar1998__formula-1-dataset-with-weather-and-tyre-features\f1_all.parquet,2021,,,VER,5.0,Soft,5.0,19.5,39.4,kaggle_tyre_strategy,stint,False,stint_summary
navenkumar1998/formula-1-dataset-with-weather-and-tyre-features,data\raw\kaggle_tyre_strategy\navenkumar1998__formula-1-dataset-with-weather-and-tyre-features\f1_all.parquet,2021,,,VER,6.0,Medium,35.0,27.2,37.6,kaggle_tyre_strategy,stint,False,stint_summary
navenkumar1998/formula-1-dataset-with-weather-and-tyre-features,data\raw\kaggle_tyre_strategy\navenkumar1998__formula-1-dataset-with-weather-and-tyre-features\f1_all.parquet,2021,,,VET,1.0,Hard,37.0,26.136,34.116,kaggle_tyre_strategy,stint,False,stint_summary
navenkumar1998/formula-1-dataset-with-weather-and-tyre-features,data\raw\kaggle_tyre_strategy\navenkumar1998__formula-1-dataset-with-weather-and-tyre-features\f1_all.parquet,2021,,,VET,1.0,Intermediate,36.0,16.085365853658537,19.09512195121951,kaggle_tyre_strategy,stint,False,stint_summary
navenkumar1998/formula-1-dataset-with-weather-and-tyre-features,data\raw\kaggle_tyre_strategy\navenkumar1998__formula-1-dataset-with-weather-and-tyre-features\f1_all.parquet,2021,,,VET,1.0,Medium,36.0,23.82486187845304,38.578453038674034,kaggle_tyre_strategy,stint,False,stint_summary
navenkumar1998/formula-1-dataset-with-weather-and-tyre-features,data\raw\kaggle_tyre_strategy\navenkumar1998__formula-1-dataset-with-weather-and-tyre-features\f1_all.parquet,2021,,,VET,1.0,Soft,36.0,22.7728,34.588800000000006,kaggle_tyre_strategy,stint,False,stint_summary
navenkumar1998/formula-1-dataset-with-weather-and-tyre-features,data\raw\kaggle_tyre_strategy\navenkumar1998__formula-1-dataset-with-weather-and-tyre-features\f1_all.parquet,2021,,,VET,2.0,Hard,47.0,22.44272151898734,37.22088607594937,kaggle_tyre_strategy,stint,False,stint_summary
navenkumar1998/formula-1-dataset-with-weather-and-tyre-features,data\raw\kaggle_tyre_strategy\navenkumar1998__formula-1-dataset-with-weather-and-tyre-features\f1_all.parquet,2021,,,VET,2.0,Intermediate,17.0,11.805555555555555,18.616666666666667,kaggle_tyre_strategy,stint,False,stint_summary
navenkumar1998/formula-1-dataset-with-weather-and-tyre-features,data\raw\kaggle_tyre_strategy\navenkumar1998__formula-1-dataset-with-weather-and-tyre-features\f1_all.parquet,2021,,,VET,2.0,Medium,30.0,26.31057692307693,36.30288461538461,kaggle_tyre_strategy,stint,False,stint_summary
navenkumar1998/formula-1-dataset-with-weather-and-tyre-features,data\raw\kaggle_tyre_strategy\navenkumar1998__formula-1-dataset-with-weather-and-tyre-features\f1_all.parquet,2021,,,VET,2.0,Soft,6.0,19.5,39.4,kaggle_tyre_strategy,stint,False,stint_summary
navenkumar1998/formula-1-dataset-with-weather-and-tyre-features,data\raw\kaggle_tyre_strategy\navenkumar1998__formula-1-dataset-with-weather-and-tyre-features\f1_all.parquet,2021,,,VET,3.0,Hard,30.0,26.335,41.556666666666665,kaggle_tyre_strategy,stint,False,stint_summary
navenkumar1998/formula-1-dataset-with-weather-and-tyre-features,data\raw\kaggle_tyre_strategy\navenkumar1998__formula-1-dataset-with-weather-and-tyre-features\f1_all.parquet,2021,,,VET,3.0,Intermediate,20.0,16.2,18.545454545454547,kaggle_tyre_strategy,stint,False,stint_summary
navenkumar1998/formula-1-dataset-with-weather-and-tyre-features,data\raw\kaggle_tyre_strategy\navenkumar1998__formula-1-dataset-with-weather-and-tyre-features\f1_all.parquet,2021,,,VET,3.0,Medium,33.0,25.954744525547447,39.11605839416058,kaggle_tyre_strategy,stint,False,stint_summary
navenkumar1998/formula-1-dataset-with-weather-and-tyre-features,data\raw\kaggle_tyre_strategy\navenkumar1998__formula-1-dataset-with-weather-and-tyre-features\f1_all.parquet,2021,,,VET,3.0,Soft,30.0,21.143478260869564,35.46739130434783,kaggle_tyre_strategy,stint,False,stint_summary
navenkumar1998/formula-1-dataset-with-weather-and-tyre-features,data\raw\kaggle_tyre_strategy\navenkumar1998__formula-1-dataset-with-weather-and-tyre-features\f1_all.parquet,2021,,,VET,4.0,Hard,34.0,25.385245901639344,43.79672131147541,kaggle_tyre_strategy,stint,False,stint_summary
navenkumar1998/formula-1-dataset-with-weather-and-tyre-features,data\raw\kaggle_tyre_strategy\navenkumar1998__formula-1-dataset-with-weather-and-tyre-features\f1_all.parquet,2021,,,VET,4.0,Medium,43.0,17.87735849056604,35.26792452830189,kaggle_tyre_strategy,stint,False,stint_summary
navenkumar1998/formula-1-dataset-with-weather-and-tyre-features,data\raw\kaggle_tyre_strategy\navenkumar1998__formula-1-dataset-with-weather-and-tyre-features\f1_all.parquet,2021,,,VET,4.0,Soft,5.0,24.3,38.2,kaggle_tyre_strategy,stint,False,stint_summary
navenkumar1998/formula-1-dataset-with-weather-and-tyre-features,data\raw\kaggle_tyre_strategy\navenkumar1998__formula-1-dataset-with-weather-and-tyre-features\f1_all.parquet,2021,,,VET,5.0,Medium,17.0,23.1,51.6,kaggle_tyre_strategy,stint,False,stint_summary
navenkumar1998/formula-1-dataset-with-weather-and-tyre-features,data\raw\kaggle_tyre_strategy\navenkumar1998__formula-1-dataset-with-weather-and-tyre-features\f1_all.parquet,2021,,,VET,5.0,Soft,1.0,10.9,17.5,kaggle_tyre_strategy,stint,False,stint_summary
navenkumar1998/formula-1-dataset-with-weather-and-tyre-features,data\raw\kaggle_tyre_strategy\navenkumar1998__formula-1-dataset-with-weather-and-tyre-features\f1_all.parquet,2021,,,VET,6.0,Soft,29.0,10.9,17.5,kaggle_tyre_strategy,stint,False,stint_summary
navenkumar1998/formula-1-dataset-with-weather-and-tyre-features,data\raw\kaggle_tyre_strategy\navenkumar1998__formula-1-dataset-with-weather-and-tyre-features\f1_all.parquet,2022,,,ALB,1.0,Hard,57.0,26.7,36.7,kaggle_tyre_strategy,stint,False,stint_summary
navenkumar1998/formula-1-dataset-with-weather-and-tyre-features,data\raw\kaggle_tyre_strategy\navenkumar1998__formula-1-dataset-with-weather-and-tyre-features\f1_all.parquet,2022,,,ALB,1.0,Intermediate,25.0,21.195238095238093,24.261904761904763,kaggle_tyre_strategy,stint,False,stint_summary
navenkumar1998/formula-1-dataset-with-weather-and-tyre-features,data\raw\kaggle_tyre_strategy\navenkumar1998__formula-1-dataset-with-weather-and-tyre-features\f1_all.parquet,2022,,,ALB,1.0,Medium,38.0,24.996319018404908,39.71349693251534,kaggle_tyre_strategy,stint,False,stint_summary
navenkumar1998/formula-1-dataset-with-weather-and-tyre-features,data\raw\kaggle_tyre_strategy\navenkumar1998__formula-1-dataset-with-weather-and-tyre-features\f1_all.parquet,2022,,,ALB,1.0,Soft,13.0,28.50769230769231,36.73461538461539,kaggle_tyre_strategy,stint,False,stint_summary
navenkumar1998/formula-1-dataset-with-weather-and-tyre-features,data\raw\kaggle_tyre_strategy\navenkumar1998__formula-1-dataset-with-weather-and-tyre-features\f1_all.parquet,2022,,,ALB,1.0,Wet,18.0,22.2,29.100000000000005,kaggle_tyre_strategy,stint,False,stint_summary
navenkumar1998/formula-1-dataset-with-weather-and-tyre-features,data\raw\kaggle_tyre_strategy\navenkumar1998__formula-1-dataset-with-weather-and-tyre-features\f1_all.parquet,2022,,,ALB,2.0,Hard,41.0,25.43744075829384,40.256635071090045,kaggle_tyre_strategy,stint,False,stint_summary
navenkumar1998/formula-1-dataset-with-weather-and-tyre-features,data\raw\kaggle_tyre_strategy\navenkumar1998__formula-1-dataset-with-weather-and-tyre-features\f1_all.parquet,2022,,,ALB,2.0,Medium,45.0,20.80153846153846,27.64538461538461,kaggle_tyre_strategy,stint,False,stint_summary
navenkumar1998/formula-1-dataset-with-weather-and-tyre-features,data\raw\kaggle_tyre_strategy\navenkumar1998__formula-1-dataset-with-weather-and-tyre-features\f1_all.parquet,2022,,,ALB,2.0,Soft,32.0,24.46969696969697,40.0939393939394,kaggle_tyre_strategy,stint,False,stint_summary
navenkumar1998/formula-1-dataset-with-weather-and-tyre-features,data\raw\kaggle_tyre_strategy\navenkumar1998__formula-1-dataset-with-weather-and-tyre-features\f1_all.parquet,2022,,,ALB,3.0,Hard,38.0,25.595744680851062,39.31489361702128,kaggle_tyre_strategy,stint,False,stint_summary
navenkumar1998/formula-1-dataset-with-weather-and-tyre-features,data\raw\kaggle_tyre_strategy\navenkumar1998__formula-1-dataset-with-weather-and-tyre-features\f1_all.parquet,2022,,,ALB,3.0,Medium,19.0,21.023636363636363,30.354545454545452,kaggle_tyre_strategy,stint,False,stint_summary
navenkumar1998/formula-1-dataset-with-weather-and-tyre-features,data\raw\kaggle_tyre_strategy\navenkumar1998__formula-1-dataset-with-weather-and-tyre-features\f1_all.parquet,2022,,,ALB,3.0,Soft,20.0,36.6,49.0,kaggle_tyre_strategy,stint,False,stint_summary
navenkumar1998/formula-1-dataset-with-weather-and-tyre-features,data\raw\kaggle_tyre_strategy\navenkumar1998__formula-1-dataset-with-weather-and-tyre-features\f1_all.parquet,2022,,,ALB,4.0,Medium,26.0,26.82857142857143,35.496428571428574,kaggle_tyre_strategy,stint,False,stint_summary
navenkumar1998/formula-1-dataset-with-weather-and-tyre-features,data\raw\kaggle_tyre_strategy\navenkumar1998__formula-1-dataset-with-weather-and-tyre-features\f1_all.parquet,2022,,,ALB,4.0,Soft,29.0,19.86341463414634,27.18536585365853,kaggle_tyre_strategy,stint,False,stint_summary
navenkumar1998/formula-1-dataset-with-weather-and-tyre-features,data\raw\kaggle_tyre_strategy\navenkumar1998__formula-1-dataset-with-weather-and-tyre-features\f1_all.parquet,2022,,,ALB,5.0,Soft,17.0,28.04615384615385,39.400000000000006,kaggle_tyre_strategy,stint,False,stint_summary
navenkumar1998/formula-1-dataset-with-weather-and-tyre-features,data\raw\kaggle_tyre_strategy\navenkumar1998__formula-1-dataset-with-weather-and-tyre-features\f1_all.parquet,2022,,,ALO,1.0,Hard,39.0,25.200000000000003,34.43928571428572,kaggle_tyre_strategy,stint,False,stint_summary
navenkumar1998/formula-1-dataset-with-weather-and-tyre-features,data\raw\kaggle_tyre_strategy\navenkumar1998__formula-1-dataset-with-weather-and-tyre-features\f1_all.parquet,2022,,,ALO,1.0,Intermediate,20.0,23.035714285714285,25.885714285714283,kaggle_tyre_strategy,stint,False,stint_summary
navenkumar1998/formula-1-dataset-with-weather-and-tyre-features,data\raw\kaggle_tyre_strategy\navenkumar1998__formula-1-dataset-with-weather-and-tyre-features\f1_all.parquet,2022,,,ALO,1.0,Medium,40.0,24.832663316582916,40.44120603015075,kaggle_tyre_strategy,stint,False,stint_summary
navenkumar1998/formula-1-dataset-with-weather-and-tyre-features,data\raw\kaggle_tyre_strategy\navenkumar1998__formula-1-dataset-with-weather-and-tyre-features\f1_all.parquet,2022,,,ALO,1.0,Soft,14.0,27.07878787878788,36.2939393939394,kaggle_tyre_strategy,stint,False,stint_summary
navenkumar1998/formula-1-dataset-with-weather-and-tyre-features,data\raw\kaggle_tyre_strategy\navenkumar1998__formula-1-dataset-with-weather-and-tyre-features\f1_all.parquet,2022,,,ALO,1.0,Wet,21.0,22.2,29.1,kaggle_tyre_strategy,stint,False,stint_summary
navenkumar1998/formula-1-dataset-with-weather-and-tyre-features,data\raw\kaggle_tyre_strategy\navenkumar1998__formula-1-dataset-with-weather-and-tyre-features\f1_all.parquet,2022,,,ALO,2.0,Hard,48.0,24.2135593220339,38.1706779661017,kaggle_tyre_strategy,stint,False,stint_summary
navenkumar1998/formula-1-dataset-with-weather-and-tyre-features,data\raw\kaggle_tyre_strategy\navenkumar1998__formula-1-dataset-with-weather-and-tyre-features\f1_all.parquet,2022,,,ALO,2.0,Medium,32.0,25.01616161616161,35.783838383838386,kaggle_tyre_strategy,stint,False,stint_summary
navenkumar1998/formula-1-dataset-with-weather-and-tyre-features,data\raw\kaggle_tyre_strategy\navenkumar1998__formula-1-dataset-with-weather-and-tyre-features\f1_all.parquet,2022,,,ALO,2.0,Wet,6.0,16.2,19.4,kaggle_tyre_strategy,stint,False,stint_summary
navenkumar1998/formula-1-dataset-with-weather-and-tyre-features,data\raw\kaggle_tyre_strategy\navenkumar1998__formula-1-dataset-with-weather-and-tyre-features\f1_all.parquet,2022,,,ALO,3.0,Hard,34.0,25.21710526315789,33.58552631578947,kaggle_tyre_strategy,stint,False,stint_summary
navenkumar1998/formula-1-dataset-with-weather-and-tyre-features,data\raw\kaggle_tyre_strategy\navenkumar1998__formula-1-dataset-with-weather-and-tyre-features\f1_all.parquet,2022,,,ALO,3.0,Intermediate,14.0,16.2,19.4,kaggle_tyre_strategy,stint,False,stint_summary
navenkumar1998/formula-1-dataset-with-weather-and-tyre-features,data\raw\kaggle_tyre_strategy\navenkumar1998__formula-1-dataset-with-weather-and-tyre-features\f1_all.parquet,2022,,,ALO,3.0,Medium,34.0,22.04833333333333,34.038333333333334,kaggle_tyre_strategy,stint,False,stint_summary
navenkumar1998/formula-1-dataset-with-weather-and-tyre-features,data\raw\kaggle_tyre_strategy\navenkumar1998__formula-1-dataset-with-weather-and-tyre-features\f1_all.parquet,2022,,,ALO,3.0,Soft,22.0,32.25625,44.125,kaggle_tyre_strategy,stint,False,stint_summary
navenkumar1998/formula-1-dataset-with-weather-and-tyre-features,data\raw\kaggle_tyre_strategy\navenkumar1998__formula-1-dataset-with-weather-and-tyre-features\f1_all.parquet,2022,,,ALO,4.0,Intermediate,6.0,16.2,19.4,kaggle_tyre_strategy,stint,False,stint_summary
navenkumar1998/formula-1-dataset-with-weather-and-tyre-features,data\raw\kaggle_tyre_strategy\navenkumar1998__formula-1-dataset-with-weather-and-tyre-features\f1_all.parquet,2022,,,ALO,4.0,Medium,12.0,20.3,30.399999999999995,kaggle_tyre_strategy,stint,False,stint_summary
navenkumar1998/formula-1-dataset-with-weather-and-tyre-features,data\raw\kaggle_tyre_strategy\navenkumar1998__formula-1-dataset-with-weather-and-tyre-features\f1_all.parquet,2022,,,ALO,4.0,Soft,25.0,24.829090909090908,34.5,kaggle_tyre_strategy,stint,False,stint_summary
navenkumar1998/formula-1-dataset-with-weather-and-tyre-features,data\raw\kaggle_tyre_strategy\navenkumar1998__formula-1-dataset-with-weather-and-tyre-features\f1_all.parquet,2022,,,BOT,1.0,Hard,49.0,24.141,45.99,kaggle_tyre_strategy,stint,False,stint_summary
navenkumar1998/formula-1-dataset-with-weather-and-tyre-features,data\raw\kaggle_tyre_strategy\navenkumar1998__formula-1-dataset-with-weather-and-tyre-features\f1_all.parquet,2022,,,BOT,1.0,Intermediate,33.0,21.68490566037736,24.686792452830183,kaggle_tyre_strategy,stint,False,stint_summary
navenkumar1998/formula-1-dataset-with-weather-and-tyre-features,data\raw\kaggle_tyre_strategy\navenkumar1998__formula-1-dataset-with-weather-and-tyre-features\f1_all.parquet,2022,,,BOT,1.0,Medium,39.0,25.55082872928177,37.11049723756906,kaggle_tyre_strategy,stint,False,stint_summary
navenkumar1998/formula-1-dataset-with-weather-and-tyre-features,data\raw\kaggle_tyre_strategy\navenkumar1998__formula-1-dataset-with-weather-and-tyre-features\f1_all.parquet,2022,,,BOT,1.0,Soft,17.0,27.162222222222223,36.60444444444445,kaggle_tyre_strategy,stint,False,stint_summary
navenkumar1998/formula-1-dataset-with-weather-and-tyre-features,data\raw\kaggle_tyre_strategy\navenkumar1998__formula-1-dataset-with-weather-and-tyre-features\f1_all.parquet,2022,,,BOT,1.0,Wet,20.0,22.2,29.1,kaggle_tyre_strategy,stint,False,stint_summary
navenkumar1998/formula-1-dataset-with-weather-and-tyre-features,data\raw\kaggle_tyre_strategy\navenkumar1998__formula-1-dataset-with-weather-and-tyre-features\f1_all.parquet,2022,,,BOT,2.0,Hard,39.0,24.506696428571427,35.76517857142857,kaggle_tyre_strategy,stint,False,stint_summary
navenkumar1998/formula-1-dataset-with-weather-and-tyre-features,data\raw\kaggle_tyre_strategy\navenkumar1998__formula-1-dataset-with-weather-and-tyre-features\f1_all.parquet,2022,,,BOT,2.0,Medium,45.0,21.209027777777777,31.99236111111111,kaggle_tyre_strategy,stint,False,stint_summary
navenkumar1998/formula-1-dataset-with-weather-and-tyre-features,data\raw\kaggle_tyre_strategy\navenkumar1998__formula-1-dataset-with-weather-and-tyre-features\f1_all.parquet,2022,,,BOT,2.0,Soft,26.0,25.881967213114752,34.34098360655738,kaggle_tyre_strategy,stint,False,stint_summary
navenkumar1998/formula-1-dataset-with-weather-and-tyre-features,data\raw\kaggle_tyre_strategy\navenkumar1998__formula-1-dataset-with-weather-and-tyre-features\f1_all.parquet,2022,,,BOT,2.0,Wet,4.0,16.2,19.4,kaggle_tyre_strategy,stint,False,stint_summary
navenkumar1998/formula-1-dataset-with-weather-and-tyre-features,data\raw\kaggle_tyre_strategy\navenkumar1998__formula-1-dataset-with-weather-and-tyre-features\f1_all.parquet,2022,,,BOT,3.0,Hard,44.0,22.2,29.1,kaggle_tyre_strategy,stint,False,stint_summary
navenkumar1998/formula-1-dataset-with-weather-and-tyre-features,data\raw\kaggle_tyre_strategy\navenkumar1998__formula-1-dataset-with-weather-and-tyre-features\f1_all.parquet,2022,,,BOT,3.0,Intermediate,22.0,16.2,19.4,kaggle_tyre_strategy,stint,False,stint_summary
navenkumar1998/formula-1-dataset-with-weather-and-tyre-features,data\raw\kaggle_tyre_strategy\navenkumar1998__formula-1-dataset-with-weather-and-tyre-features\f1_all.parquet,2022,,,BOT,3.0,Medium,32.0,30.129487179487175,43.907051282051285,kaggle_tyre_strategy,stint,False,stint_summary
navenkumar1998/formula-1-dataset-with-weather-and-tyre-features,data\raw\kaggle_tyre_strategy\navenkumar1998__formula-1-dataset-with-weather-and-tyre-features\f1_all.parquet,2022,,,BOT,4.0,Soft,14.0,23.2,27.899999999999995,kaggle_tyre_strategy,stint,False,stint_summary
navenkumar1998/formula-1-dataset-with-weather-and-tyre-features,data\raw\kaggle_tyre_strategy\navenkumar1998__formula-1-dataset-with-weather-and-tyre-features\f1_all.parquet,2022,,,DEV,1.0,Soft,19.0,28.0,43.2,kaggle_tyre_strategy,stint,False,stint_summary
navenkumar1998/formula-1-dataset-with-weather-and-tyre-features,data\raw\kaggle_tyre_strategy\navenkumar1998__formula-1-dataset-with-weather-and-tyre-features\f1_all.parquet,2022,,,DEV,2.0,Medium,34.0,28.0,43.2,kaggle_tyre_strategy,stint,False,stint_summary
navenkumar1998/formula-1-dataset-with-weather-and-tyre-features,data\raw\kaggle_tyre_strategy\navenkumar1998__formula-1-dataset-with-weather-and-tyre-features\f1_all.parquet,2022,,,GAS,1.0,Hard,18.0,30.200000000000003,55.45,kaggle_tyre_strategy,stint,False,stint_summary
navenkumar1998/formula-1-dataset-with-weather-and-tyre-features,data\raw\kaggle_tyre_strategy\navenkumar1998__formula-1-dataset-with-weather-and-tyre-features\f1_all.parquet,2022,,,GAS,1.0,Intermediate,36.0,21.96538461538461,25.021153846153844,kaggle_tyre_strategy,stint,False,stint_summary
navenkumar1998/formula-1-dataset-with-weather-and-tyre-features,data\raw\kaggle_tyre_strategy\navenkumar1998__formula-1-dataset-with-weather-and-tyre-features\f1_all.parquet,2022,,,GAS,1.0,Medium,40.0,25.58607594936709,38.28354430379747,kaggle_tyre_strategy,stint,False,stint_summary
navenkumar1998/formula-1-dataset-with-weather-and-tyre-features,data\raw\kaggle_tyre_strategy\navenkumar1998__formula-1-dataset-with-weather-and-tyre-features\f1_all.parquet,2022,,,GAS,1.0,Soft,17.0,24.245098039215687,32.847058823529416,kaggle_tyre_strategy,stint,False,stint_summary
navenkumar1998/formula-1-dataset-with-weather-and-tyre-features,data\raw\kaggle_tyre_strategy\navenkumar1998__formula-1-dataset-with-weather-and-tyre-features\f1_all.parquet,2022,,,GAS,2.0,Hard,42.0,25.47245283018868,38.48830188679245,kaggle_tyre_strategy,stint,False,stint_summary
navenkumar1998/formula-1-dataset-with-weather-and-tyre-features,data\raw\kaggle_tyre_strategy\navenkumar1998__formula-1-dataset-with-weather-and-tyre-features\f1_all.parquet,2022,,,GAS,2.0,Intermediate,21.0,22.2,29.1,kaggle_tyre_strategy,stint,False,stint_summary
navenkumar1998/formula-1-dataset-with-weather-and-tyre-features,data\raw\kaggle_tyre_strategy\navenkumar1998__formula-1-dataset-with-weather-and-tyre-features\f1_all.parquet,2022,,,GAS,2.0,Medium,45.0,23.12061855670103,32.99252577319588,kaggle_tyre_strategy,stint,False,stint_summary
navenkumar1998/formula-1-dataset-with-weather-and-tyre-features,data\raw\kaggle_tyre_strategy\navenkumar1998__formula-1-dataset-with-weather-and-tyre-features\f1_all.parquet,2022,,,GAS,2.0,Soft,30.0,22.366666666666667,36.8,kaggle_tyre_strategy,stint,False,stint_summary
navenkumar1998/formula-1-dataset-with-weather-and-tyre-features,data\raw\kaggle_tyre_strategy\navenkumar1998__formula-1-dataset-with-weather-and-tyre-features\f1_all.parquet,2022,,,GAS,2.0,Wet,1.0,16.2,19.4,kaggle_tyre_strategy,stint,False,stint_summary
navenkumar1998/formula-1-dataset-with-weather-and-tyre-features,data\raw\kaggle_tyre_strategy\navenkumar1998__formula-1-dataset-with-weather-and-tyre-features\f1_all.parquet,2022,,,GAS,3.0,Hard,34.0,23.223214285714285,35.191071428571426,kaggle_tyre_strategy,stint,False,stint_summary
navenkumar1998/formula-1-dataset-with-weather-and-tyre-features,data\raw\kaggle_tyre_strategy\navenkumar1998__formula-1-dataset-with-weather-and-tyre-features\f1_all.parquet,2022,,,GAS,3.0,Soft,23.0,25.08208955223881,36.67910447761194,kaggle_tyre_strategy,stint,False,stint_summary
navenkumar1998/formula-1-dataset-with-weather-and-tyre-features,data\raw\kaggle_tyre_strategy\navenkumar1998__formula-1-dataset-with-weather-and-tyre-features\f1_all.parquet,2022,,,GAS,3.0,Wet,5.0,16.2,19.4,kaggle_tyre_strategy,stint,False,stint_summary
navenkumar1998/formula-1-dataset-with-weather-and-tyre-features,data\raw\kaggle_tyre_strategy\navenkumar1998__formula-1-dataset-with-weather-and-tyre-features\f1_all.parquet,2022,,,GAS,4.0,Hard,42.0,22.2,29.1,kaggle_tyre_strategy,stint,False,stint_summary
navenkumar1998/formula-1-dataset-with-weather-and-tyre-features,data\raw\kaggle_tyre_strategy\navenkumar1998__formula-1-dataset-with-weather-and-tyre-features\f1_all.parquet,2022,,,GAS,4.0,Intermediate,12.0,16.2,19.4,kaggle_tyre_strategy,stint,False,stint_summary
navenkumar1998/formula-1-dataset-with-weather-and-tyre-features,data\raw\kaggle_tyre_strategy\navenkumar1998__formula-1-dataset-with-weather-and-tyre-features\f1_all.parquet,2022,,,GAS,4.0,Soft,22.0,35.905,48.22,kaggle_tyre_strategy,stint,False,stint_summary
navenkumar1998/formula-1-dataset-with-weather-and-tyre-features,data\raw\kaggle_tyre_strategy\navenkumar1998__formula-1-dataset-with-weather-and-tyre-features\f1_all.parquet,2022,,,GAS,5.0,Intermediate,9.0,16.2,19.4,kaggle_tyre_strategy,stint,False,stint_summary
navenkumar1998/formula-1-dataset-with-weather-and-tyre-features,data\raw\kaggle_tyre_strategy\navenkumar1998__formula-1-dataset-with-weather-and-tyre-features\f1_all.parquet,2022,,,GAS,5.0,Soft,16.0,22.7,33.4,kaggle_tyre_strategy,stint,False,stint_summary
navenkumar1998/formula-1-dataset-with-weather-and-tyre-features,data\raw\kaggle_tyre_strategy\navenkumar1998__formula-1-dataset-with-weather-and-tyre-features\f1_all.parquet,2022,,,HAM,1.0,Hard,41.0,25.4,28.4,kaggle_tyre_strategy,stint,False,stint_summary
navenkumar1998/formula-1-dataset-with-weather-and-tyre-features,data\raw\kaggle_tyre_strategy\navenkumar1998__formula-1-dataset-with-weather-and-tyre-features\f1_all.parquet,2022,,,HAM,1.0,Intermediate,34.0,21.77777777777778,24.77037037037037,kaggle_tyre_strategy,stint,False,stint_summary
navenkumar1998/formula-1-dataset-with-weather-and-tyre-features,data\raw\kaggle_tyre_strategy\navenkumar1998__formula-1-dataset-with-weather-and-tyre-features\f1_all.parquet,2022,,,HAM,1.0,Medium,33.0,25.1301724137931,38.671982758620686,kaggle_tyre_strategy,stint,False,stint_summary
navenkumar1998/formula-1-dataset-with-weather-and-tyre-features,data\raw\kaggle_tyre_strategy\navenkumar1998__formula-1-dataset-with-weather-and-tyre-features\f1_all.parquet,2022,,,HAM,1.0,Soft,13.0,23.2,27.9,kaggle_tyre_strategy,stint,False,stint_summary
navenkumar1998/formula-1-dataset-with-weather-and-tyre-features,data\raw\kaggle_tyre_strategy\navenkumar1998__formula-1-dataset-with-weather-and-tyre-features\f1_all.parquet,2022,,,HAM,1.0,Wet,15.0,22.2,29.1,kaggle_tyre_strategy,stint,False,stint_summary
navenkumar1998/formula-1-dataset-with-weather-and-tyre-features,data\raw\kaggle_tyre_strategy\navenkumar1998__formula-1-dataset-with-weather-and-tyre-features\f1_all.parquet,2022,,,HAM,2.0,Hard,42.0,25.64808362369338,40.4322299651568,kaggle_tyre_strategy,stint,False,stint_summary
navenkumar1998/formula-1-dataset-with-weather-and-tyre-features,data\raw\kaggle_tyre_strategy\navenkumar1998__formula-1-dataset-with-weather-and-tyre-features\f1_all.parquet,2022,,,HAM,2.0,Intermediate,,22.2,29.1,kaggle_tyre_strategy,stint,False,stint_summary
navenkumar1998/formula-1-dataset-with-weather-and-tyre-features,data\raw\kaggle_tyre_strategy\navenkumar1998__formula-1-dataset-with-weather-and-tyre-features\f1_all.parquet,2022,,,HAM,2.0,Medium,44.0,18.70979020979021,25.00979020979021,kaggle_tyre_strategy,stint,False,stint_summary
navenkumar1998/formula-1-dataset-with-weather-and-tyre-features,data\raw\kaggle_tyre_strategy\navenkumar1998__formula-1-dataset-with-weather-and-tyre-features\f1_all.parquet,2022,,,HAM,2.0,Soft,23.0,32.40487804878049,46.170731707317074,kaggle_tyre_strategy,stint,False,stint_summary
navenkumar1998/formula-1-dataset-with-weather-and-tyre-features,data\raw\kaggle_tyre_strategy\navenkumar1998__formula-1-dataset-with-weather-and-tyre-features\f1_all.parquet,2022,,,HAM,2.0,Wet,6.0,16.2,19.4,kaggle_tyre_strategy,stint,False,stint_summary
navenkumar1998/formula-1-dataset-with-weather-and-tyre-features,data\raw\kaggle_tyre_strategy\navenkumar1998__formula-1-dataset-with-weather-and-tyre-features\f1_all.parquet,2022,,,HAM,3.0,Hard,26.0,24.2125,39.1225,kaggle_tyre_strategy,stint,False,stint_summary
navenkumar1998/formula-1-dataset-with-weather-and-tyre-features,data\raw\kaggle_tyre_strategy\navenkumar1998__formula-1-dataset-with-weather-and-tyre-features\f1_all.parquet,2022,,,HAM,3.0,Intermediate,24.0,16.2,19.4,kaggle_tyre_strategy,stint,False,stint_summary
navenkumar1998/formula-1-dataset-with-weather-and-tyre-features,data\raw\kaggle_tyre_strategy\navenkumar1998__formula-1-dataset-with-weather-and-tyre-features\f1_all.parquet,2022,,,HAM,3.0,Medium,26.0,27.17083333333333,36.90138888888889,kaggle_tyre_strategy,stint,False,stint_summary
navenkumar1998/formula-1-dataset-with-weather-and-tyre-features,data\raw\kaggle_tyre_strategy\navenkumar1998__formula-1-dataset-with-weather-and-tyre-features\f1_all.parquet,2022,,,HAM,3.0,Soft,21.0,18.5,26.7,kaggle_tyre_strategy,stint,False,stint_summary
navenkumar1998/formula-1-dataset-with-weather-and-tyre-features,data\raw\kaggle_tyre_strategy\navenkumar1998__formula-1-dataset-with-weather-and-tyre-features\f1_all.parquet,2022,,,HAM,4.0,Medium,34.0,22.3530612244898,30.416326530612245,kaggle_tyre_strategy,stint,False,stint_summary
navenkumar1998/formula-1-dataset-with-weather-and-tyre-features,data\raw\kaggle_tyre_strategy\navenkumar1998__formula-1-dataset-with-weather-and-tyre-features\f1_all.parquet,2022,,,HAM,4.0,Soft,21.0,27.23409090909091,37.15227272727273,kaggle_tyre_strategy,stint,False,stint_summary
navenkumar1998/formula-1-dataset-with-weather-and-tyre-features,data\raw\kaggle_tyre_strategy\navenkumar1998__formula-1-dataset-with-weather-and-tyre-features\f1_all.parquet,2022,,,HUL,1.0,Hard,38.0,25.4,28.4,kaggle_tyre_strategy,stint,False,stint_summary
navenkumar1998/formula-1-dataset-with-weather-and-tyre-features,data\raw\kaggle_tyre_strategy\navenkumar1998__formula-1-dataset-with-weather-and-tyre-features\f1_all.parquet,2022,,,HUL,1.0,Soft,19.0,23.2,27.9,kaggle_tyre_strategy,stint,False,stint_summary
navenkumar1998/formula-1-dataset-with-weather-and-tyre-features,data\raw\kaggle_tyre_strategy\navenkumar1998__formula-1-dataset-with-weather-and-tyre-features\f1_all.parquet,2022,,,HUL,2.0,Medium,14.0,25.4,28.4,kaggle_tyre_strategy,stint,False,stint_summary
navenkumar1998/formula-1-dataset-with-weather-and-tyre-features,data\raw\kaggle_tyre_strategy\navenkumar1998__formula-1-dataset-with-weather-and-tyre-features\f1_all.parquet,2022,,,HUL,2.0,Soft,18.0,23.2,27.9,kaggle_tyre_strategy,stint,False,stint_summary
navenkumar1998/formula-1-dataset-with-weather-and-tyre-features,data\raw\kaggle_tyre_strategy\navenkumar1998__formula-1-dataset-with-weather-and-tyre-features\f1_all.parquet,2022,,,HUL,3.0,Medium,7.0,23.2,27.9,kaggle_tyre_strategy,stint,False,stint_summary
navenkumar1998/formula-1-dataset-with-weather-and-tyre-features,data\raw\kaggle_tyre_strategy\navenkumar1998__formula-1-dataset-with-weather-and-tyre-features\f1_all.parquet,2022,,,HUL,4.0,Soft,13.0,23.2,27.9,kaggle_tyre_strategy,stint,False,stint_summary
navenkumar1998/formula-1-dataset-with-weather-and-tyre-features,data\raw\kaggle_tyre_strategy\navenkumar1998__formula-1-dataset-with-weather-and-tyre-features\f1_all.parquet,2022,,,LAT,1.0,Hard,34.0,30.2,42.8,kaggle_tyre_strategy,stint,False,stint_summary
navenkumar1998/formula-1-dataset-with-weather-and-tyre-features,data\raw\kaggle_tyre_strategy\navenkumar1998__formula-1-dataset-with-weather-and-tyre-features\f1_all.parquet,2022,,,LAT,1.0,Intermediate,18.0,16.855555555555554,20.340740740740745,kaggle_tyre_strategy,stint,False,stint_summary
navenkumar1998/formula-1-dataset-with-weather-and-tyre-features,data\raw\kaggle_tyre_strategy\navenkumar1998__formula-1-dataset-with-weather-and-tyre-features\f1_all.parquet,2022,,,LAT,1.0,Medium,19.0,24.781981981981986,38.06441441441442,kaggle_tyre_strategy,stint,False,stint_summary
navenkumar1998/formula-1-dataset-with-weather-and-tyre-features,data\raw\kaggle_tyre_strategy\navenkumar1998__formula-1-dataset-with-weather-and-tyre-features\f1_all.parquet,2022,,,LAT,1.0,Soft,23.0,26.00952380952381,37.577777777777776,kaggle_tyre_strategy,stint,False,stint_summary
navenkumar1998/formula-1-dataset-with-weather-and-tyre-features,data\raw\kaggle_tyre_strategy\navenkumar1998__formula-1-dataset-with-weather-and-tyre-features\f1_all.parquet,2022,,,LAT,1.0,Wet,1.0,22.2,29.1,kaggle_tyre_strategy,stint,False,stint_summary
navenkumar1998/formula-1-dataset-with-weather-and-tyre-features,data\raw\kaggle_tyre_strategy\navenkumar1998__formula-1-dataset-with-weather-and-tyre-features\f1_all.parquet,2022,,,LAT,2.0,Hard,32.0,24.8177304964539,41.38687943262411,kaggle_tyre_strategy,stint,False,stint_summary
navenkumar1998/formula-1-dataset-with-weather-and-tyre-features,data\raw\kaggle_tyre_strategy\navenkumar1998__formula-1-dataset-with-weather-and-tyre-features\f1_all.parquet,2022,,,LAT,2.0,Intermediate,1.0,22.2,29.1,kaggle_tyre_strategy,stint,False,stint_summary
navenkumar1998/formula-1-dataset-with-weather-and-tyre-features,data\raw\kaggle_tyre_strategy\navenkumar1998__formula-1-dataset-with-weather-and-tyre-features\f1_all.parquet,2022,,,LAT,2.0,Medium,44.0,22.517532467532465,32.281168831168834,kaggle_tyre_strategy,stint,False,stint_summary
navenkumar1998/formula-1-dataset-with-weather-and-tyre-features,data\raw\kaggle_tyre_strategy\navenkumar1998__formula-1-dataset-with-weather-and-tyre-features\f1_all.parquet,2022,,,LAT,2.0,Soft,18.0,20.75,28.950000000000003,kaggle_tyre_strategy,stint,False,stint_summary
navenkumar1998/formula-1-dataset-with-weather-and-tyre-features,data\raw\kaggle_tyre_strategy\navenkumar1998__formula-1-dataset-with-weather-and-tyre-features\f1_all.parquet,2022,,,LAT,2.0,Wet,3.0,16.2,19.4,kaggle_tyre_strategy,stint,False,stint_summary
navenkumar1998/formula-1-dataset-with-weather-and-tyre-features,data\raw\kaggle_tyre_strategy\navenkumar1998__formula-1-dataset-with-weather-and-tyre-features\f1_all.parquet,2022,,,LAT,3.0,Hard,38.0,24.640975609756097,37.75268292682927,kaggle_tyre_strategy,stint,False,stint_summary
navenkumar1998/formula-1-dataset-with-weather-and-tyre-features,data\raw\kaggle_tyre_strategy\navenkumar1998__formula-1-dataset-with-weather-and-tyre-features\f1_all.parquet,2022,,,LAT,3.0,Intermediate,23.0,16.2,19.4,kaggle_tyre_strategy,stint,False,stint_summary
navenkumar1998/formula-1-dataset-with-weather-and-tyre-features,data\raw\kaggle_tyre_strategy\navenkumar1998__formula-1-dataset-with-weather-and-tyre-features\f1_all.parquet,2022,,,LAT,3.0,Medium,20.0,20.8,30.674285714285716,kaggle_tyre_strategy,stint,False,stint_summary
navenkumar1998/formula-1-dataset-with-weather-and-tyre-features,data\raw\kaggle_tyre_strategy\navenkumar1998__formula-1-dataset-with-weather-and-tyre-features\f1_all.parquet,2022,,,LAT,3.0,Soft,24.0,27.74126984126984,40.14761904761905,kaggle_tyre_strategy,stint,False,stint_summary
navenkumar1998/formula-1-dataset-with-weather-and-tyre-features,data\raw\kaggle_tyre_strategy\navenkumar1998__formula-1-dataset-with-weather-and-tyre-features\f1_all.parquet,2022,,,LAT,4.0,Medium,,22.2,29.100000000000005,kaggle_tyre_strategy,stint,False,stint_summary
navenkumar1998/formula-1-dataset-with-weather-and-tyre-features,data\raw\kaggle_tyre_strategy\navenkumar1998__formula-1-dataset-with-weather-and-tyre-features\f1_all.parquet,2022,,,LAT,4.0,Soft,17.0,24.016129032258064,34.14677419354839,kaggle_tyre_strategy,stint,False,stint_summary
navenkumar1998/formula-1-dataset-with-weather-and-tyre-features,data\raw\kaggle_tyre_strategy\navenkumar1998__formula-1-dataset-with-weather-and-tyre-features\f1_all.parquet,2022,,,LAT,5.0,Soft,17.0,22.7,33.4,kaggle_tyre_strategy,stint,False,stint_summary
navenkumar1998/formula-1-dataset-with-weather-and-tyre-features,data\raw\kaggle_tyre_strategy\navenkumar1998__formula-1-dataset-with-weather-and-tyre-features\f1_all.parquet,2022,,,LEC,1.0,Hard,41.0,21.0,41.7,kaggle_tyre_strategy,stint,False,stint_summary
navenkumar1998/formula-1-dataset-with-weather-and-tyre-features,data\raw\kaggle_tyre_strategy\navenkumar1998__formula-1-dataset-with-weather-and-tyre-features\f1_all.parquet,2022,,,LEC,1.0,Intermediate,34.0,21.62,24.62909090909091,kaggle_tyre_strategy,stint,False,stint_summary
navenkumar1998/formula-1-dataset-with-weather-and-tyre-features,data\raw\kaggle_tyre_strategy\navenkumar1998__formula-1-dataset-with-weather-and-tyre-features\f1_all.parquet,2022,,,LEC,1.0,Medium,26.0,25.477272727272727,36.8724025974026,kaggle_tyre_strategy,stint,False,stint_summary
navenkumar1998/formula-1-dataset-with-weather-and-tyre-features,data\raw\kaggle_tyre_strategy\navenkumar1998__formula-1-dataset-with-weather-and-tyre-features\f1_all.parquet,2022,,,LEC,1.0,Soft,30.0,26.95208333333333,39.24895833333333,kaggle_tyre_strategy,stint,False,stint_summary
navenkumar1998/formula-1-dataset-with-weather-and-tyre-features,data\raw\kaggle_tyre_strategy\navenkumar1998__formula-1-dataset-with-weather-and-tyre-features\f1_all.parquet,2022,,,LEC,1.0,Wet,18.0,22.2,29.100000000000005,kaggle_tyre_strategy,stint,False,stint_summary
navenkumar1998/formula-1-dataset-with-weather-and-tyre-features,data\raw\kaggle_tyre_strategy\navenkumar1998__formula-1-dataset-with-weather-and-tyre-features\f1_all.parquet,2022,,,LEC,2.0,Hard,36.0,26.40258064516129,35.935483870967744,kaggle_tyre_strategy,stint,False,stint_summary
navenkumar1998/formula-1-dataset-with-weather-and-tyre-features,data\raw\kaggle_tyre_strategy\navenkumar1998__formula-1-dataset-with-weather-and-tyre-features\f1_all.parquet,2022,,,LEC,2.0,Intermediate,,22.2,29.100000000000005,kaggle_tyre_strategy,stint,False,stint_summary
navenkumar1998/formula-1-dataset-with-weather-and-tyre-features,data\raw\kaggle_tyre_strategy\navenkumar1998__formula-1-dataset-with-weather-and-tyre-features\f1_all.parquet,2022,,,LEC,2.0,Medium,43.0,22.015853658536585,33.78577235772358,kaggle_tyre_strategy,stint,False,stint_summary
navenkumar1998/formula-1-dataset-with-weather-and-tyre-features,data\raw\kaggle_tyre_strategy\navenkumar1998__formula-1-dataset-with-weather-and-tyre-features\f1_all.parquet,2022,,,LEC,2.0,Soft,19.0,23.2,27.9,kaggle_tyre_strategy,stint,False,stint_summary
navenkumar1998/formula-1-dataset-with-weather-and-tyre-features,data\raw\kaggle_tyre_strategy\navenkumar1998__formula-1-dataset-with-weather-and-tyre-features\f1_all.parquet,2022,,,LEC,2.0,Wet,5.0,16.2,19.4,kaggle_tyre_strategy,stint,False,stint_summary
navenkumar1998/formula-1-dataset-with-weather-and-tyre-features,data\raw\kaggle_tyre_strategy\navenkumar1998__formula-1-dataset-with-weather-and-tyre-features\f1_all.parquet,2022,,,LEC,3.0,Hard,27.0,19.771830985915493,29.766197183098598,kaggle_tyre_strategy,stint,False,stint_summary
navenkumar1998/formula-1-dataset-with-weather-and-tyre-features,data\raw\kaggle_tyre_strategy\navenkumar1998__formula-1-dataset-with-weather-and-tyre-features\f1_all.parquet,2022,,,LEC,3.0,Intermediate,21.0,16.2,19.4,kaggle_tyre_strategy,stint,False,stint_summary
navenkumar1998/formula-1-dataset-with-weather-and-tyre-features,data\raw\kaggle_tyre_strategy\navenkumar1998__formula-1-dataset-with-weather-and-tyre-features\f1_all.parquet,2022,,,LEC,3.0,Medium,21.0,25.2,33.613207547169814,kaggle_tyre_strategy,stint,False,stint_summary
navenkumar1998/formula-1-dataset-with-weather-and-tyre-features,data\raw\kaggle_tyre_strategy\navenkumar1998__formula-1-dataset-with-weather-and-tyre-features\f1_all.parquet,2022,,,LEC,3.0,Soft,15.0,24.86315789473684,37.68421052631579,kaggle_tyre_strategy,stint,False,stint_summary
navenkumar1998/formula-1-dataset-with-weather-and-tyre-features,data\raw\kaggle_tyre_strategy\navenkumar1998__formula-1-dataset-with-weather-and-tyre-features\f1_all.parquet,2022,,,LEC,4.0,Hard,43.0,22.2,29.1,kaggle_tyre_strategy,stint,False,stint_summary
navenkumar1998/formula-1-dataset-with-weather-and-tyre-features,data\raw\kaggle_tyre_strategy\navenkumar1998__formula-1-dataset-with-weather-and-tyre-features\f1_all.parquet,2022,,,LEC,4.0,Medium,13.0,20.300000000000004,30.4,kaggle_tyre_strategy,stint,False,stint_summary
navenkumar1998/formula-1-dataset-with-weather-and-tyre-features,data\raw\kaggle_tyre_strategy\navenkumar1998__formula-1-dataset-with-weather-and-tyre-features\f1_all.parquet,2022,,,LEC,4.0,Soft,19.0,19.74888888888889,27.242222222222225,kaggle_tyre_strategy,stint,False,stint_summary
navenkumar1998/formula-1-dataset-with-weather-and-tyre-features,data\raw\kaggle_tyre_strategy\navenkumar1998__formula-1-dataset-with-weather-and-tyre-features\f1_all.parquet,2022,,,LEC,5.0,Soft,19.0,22.7,33.4,kaggle_tyre_strategy,stint,False,stint_summary
navenkumar1998/formula-1-dataset-with-weather-and-tyre-features,data\raw\kaggle_tyre_strategy\navenkumar1998__formula-1-dataset-with-weather-and-tyre-features\f1_all.parquet,2022,,,MAG,1.0,Hard,39.0,26.68617021276596,33.22234042553192,kaggle_tyre_strategy,stint,False,stint_summary
navenkumar1998/formula-1-dataset-with-weather-and-tyre-features,data\raw\kaggle_tyre_strategy\navenkumar1998__formula-1-dataset-with-weather-and-tyre-features\f1_all.parquet,2022,,,MAG,1.0,Intermediate,18.0,16.855555555555554,20.340740740740745,kaggle_tyre_strategy,stint,False,stint_summary
navenkumar1998/formula-1-dataset-with-weather-and-tyre-features,data\raw\kaggle_tyre_strategy\navenkumar1998__formula-1-dataset-with-weather-and-tyre-features\f1_all.parquet,2022,,,MAG,1.0,Medium,38.0,24.679861111111112,39.72430555555556,kaggle_tyre_strategy,stint,False,stint_summary
navenkumar1998/formula-1-dataset-with-weather-and-tyre-features,data\raw\kaggle_tyre_strategy\navenkumar1998__formula-1-dataset-with-weather-and-tyre-features\f1_all.parquet,2022,,,MAG,1.0,Soft,14.0,23.73125,29.35,kaggle_tyre_strategy,stint,False,stint_summary
navenkumar1998/formula-1-dataset-with-weather-and-tyre-features,data\raw\kaggle_tyre_strategy\navenkumar1998__formula-1-dataset-with-weather-and-tyre-features\f1_all.parquet,2022,,,MAG,1.0,Wet,19.0,22.2,29.1,kaggle_tyre_strategy,stint,False,stint_summary
navenkumar1998/formula-1-dataset-with-weather-and-tyre-features,data\raw\kaggle_tyre_strategy\navenkumar1998__formula-1-dataset-with-weather-and-tyre-features\f1_all.parquet,2022,,,MAG,2.0,Hard,63.0,23.498623853211008,39.44174311926606,kaggle_tyre_strategy,stint,False,stint_summary
navenkumar1998/formula-1-dataset-with-weather-and-tyre-features,data\raw\kaggle_tyre_strategy\navenkumar1998__formula-1-dataset-with-weather-and-tyre-features\f1_all.parquet,2022,,,MAG,2.0,Intermediate,29.0,26.7,29.2,kaggle_tyre_strategy,stint,False,stint_summary
navenkumar1998/formula-1-dataset-with-weather-and-tyre-features,data\raw\kaggle_tyre_strategy\navenkumar1998__formula-1-dataset-with-weather-and-tyre-features\f1_all.parquet,2022,,,MAG,2.0,Medium,47.0,23.916939890710385,31.790163934426232,kaggle_tyre_strategy,stint,False,stint_summary
navenkumar1998/formula-1-dataset-with-weather-and-tyre-features,data\raw\kaggle_tyre_strategy\navenkumar1998__formula-1-dataset-with-weather-and-tyre-features\f1_all.parquet,2022,,,MAG,2.0,Soft,35.0,23.93846153846154,35.46923076923077,kaggle_tyre_strategy,stint,False,stint_summary
navenkumar1998/formula-1-dataset-with-weather-and-tyre-features,data\raw\kaggle_tyre_strategy\navenkumar1998__formula-1-dataset-with-weather-and-tyre-features\f1_all.parquet,2022,,,MAG,2.0,Wet,5.0,16.2,19.4,kaggle_tyre_strategy,stint,False,stint_summary
navenkumar1998/formula-1-dataset-with-weather-and-tyre-features,data\raw\kaggle_tyre_strategy\navenkumar1998__formula-1-dataset-with-weather-and-tyre-features\f1_all.parquet,2022,,,MAG,3.0,Hard,35.0,32.08805970149254,47.80223880597015,kaggle_tyre_strategy,stint,False,stint_summary
navenkumar1998/formula-1-dataset-with-weather-and-tyre-features,data\raw\kaggle_tyre_strategy\navenkumar1998__formula-1-dataset-with-weather-and-tyre-features\f1_all.parquet,2022,,,MAG,3.0,Intermediate,21.0,16.2,19.4,kaggle_tyre_strategy,stint,False,stint_summary
navenkumar1998/formula-1-dataset-with-weather-and-tyre-features,data\raw\kaggle_tyre_strategy\navenkumar1998__formula-1-dataset-with-weather-and-tyre-features\f1_all.parquet,2022,,,MAG,3.0,Medium,32.0,22.20615384615385,30.975384615384613,kaggle_tyre_strategy,stint,False,stint_summary
navenkumar1998/formula-1-dataset-with-weather-and-tyre-features,data\raw\kaggle_tyre_strategy\navenkumar1998__formula-1-dataset-with-weather-and-tyre-features\f1_all.parquet,2022,,,MAG,3.0,Soft,6.0,28.0,43.20000000000001,kaggle_tyre_strategy,stint,False,stint_summary
navenkumar1998/formula-1-dataset-with-weather-and-tyre-features,data\raw\kaggle_tyre_strategy\navenkumar1998__formula-1-dataset-with-weather-and-tyre-features\f1_all.parquet,2022,,,MAG,4.0,Soft,14.0,22.568181818181817,30.04090909090909,kaggle_tyre_strategy,stint,False,stint_summary
navenkumar1998/formula-1-dataset-with-weather-and-tyre-features,data\raw\kaggle_tyre_strategy\navenkumar1998__formula-1-dataset-with-weather-and-tyre-features\f1_all.parquet,2022,,,MAG,5.0,Soft,28.0,22.7,33.4,kaggle_tyre_strategy,stint,False,stint_summary
navenkumar1998/formula-1-dataset-with-weather-and-tyre-features,data\raw\kaggle_tyre_strategy\navenkumar1998__formula-1-dataset-with-weather-and-tyre-features\f1_all.parquet,2022,,,MSC,1.0,Hard,18.0,28.03333333333333,39.46666666666667,kaggle_tyre_strategy,stint,False,stint_summary
navenkumar1998/formula-1-dataset-with-weather-and-tyre-features,data\raw\kaggle_tyre_strategy\navenkumar1998__formula-1-dataset-with-weather-and-tyre-features\f1_all.parquet,2022,,,MSC,1.0,Intermediate,34.0,21.77777777777778,24.77037037037037,kaggle_tyre_strategy,stint,False,stint_summary
navenkumar1998/formula-1-dataset-with-weather-and-tyre-features,data\raw\kaggle_tyre_strategy\navenkumar1998__formula-1-dataset-with-weather-and-tyre-features\f1_all.parquet,2022,,,MSC,1.0,Medium,33.0,24.207189542483658,37.95,kaggle_tyre_strategy,stint,False,stint_summary
navenkumar1998/formula-1-dataset-with-weather-and-tyre-features,data\raw\kaggle_tyre_strategy\navenkumar1998__formula-1-dataset-with-weather-and-tyre-features\f1_all.parquet,2022,,,MSC,1.0,Soft,29.0,27.15,39.325,kaggle_tyre_strategy,stint,False,stint_summary
navenkumar1998/formula-1-dataset-with-weather-and-tyre-features,data\raw\kaggle_tyre_strategy\navenkumar1998__formula-1-dataset-with-weather-and-tyre-features\f1_all.parquet,2022,,,MSC,1.0,Wet,4.0,22.2,29.1,kaggle_tyre_strategy,stint,False,stint_summary
navenkumar1998/formula-1-dataset-with-weather-and-tyre-features,data\raw\kaggle_tyre_strategy\navenkumar1998__formula-1-dataset-with-weather-and-tyre-features\f1_all.parquet,2022,,,MSC,2.0,Hard,43.0,25.138064516129035,36.92354838709677,kaggle_tyre_strategy,stint,False,stint_summary
navenkumar1998/formula-1-dataset-with-weather-and-tyre-features,data\raw\kaggle_tyre_strategy\navenkumar1998__formula-1-dataset-with-weather-and-tyre-features\f1_all.parquet,2022,,,MSC,2.0,Intermediate,13.0,22.2,29.1,kaggle_tyre_strategy,stint,False,stint_summary
navenkumar1998/formula-1-dataset-with-weather-and-tyre-features,data\raw\kaggle_tyre_strategy\navenkumar1998__formula-1-dataset-with-weather-and-tyre-features\f1_all.parquet,2022,,,MSC,2.0,Medium,46.0,21.854237288135597,32.068361581920904,kaggle_tyre_strategy,stint,False,stint_summary
navenkumar1998/formula-1-dataset-with-weather-and-tyre-features,data\raw\kaggle_tyre_strategy\navenkumar1998__formula-1-dataset-with-weather-and-tyre-features\f1_all.parquet,2022,,,MSC,2.0,Soft,21.0,32.07368421052632,45.94736842105263,kaggle_tyre_strategy,stint,False,stint_summary
navenkumar1998/formula-1-dataset-with-weather-and-tyre-features,data\raw\kaggle_tyre_strategy\navenkumar1998__formula-1-dataset-with-weather-and-tyre-features\f1_all.parquet,2022,,,MSC,2.0,Wet,9.0,16.2,19.4,kaggle_tyre_strategy,stint,False,stint_summary
navenkumar1998/formula-1-dataset-with-weather-and-tyre-features,data\raw\kaggle_tyre_strategy\navenkumar1998__formula-1-dataset-with-weather-and-tyre-features\f1_all.parquet,2022,,,MSC,3.0,Hard,35.0,25.86190476190476,42.10515873015873,kaggle_tyre_strategy,stint,False,stint_summary
navenkumar1998/formula-1-dataset-with-weather-and-tyre-features,data\raw\kaggle_tyre_strategy\navenkumar1998__formula-1-dataset-with-weather-and-tyre-features\f1_all.parquet,2022,,,MSC,3.0,Intermediate,17.0,16.2,19.4,kaggle_tyre_strategy,stint,False,stint_summary
navenkumar1998/formula-1-dataset-with-weather-and-tyre-features,data\raw\kaggle_tyre_strategy\navenkumar1998__formula-1-dataset-with-weather-and-tyre-features\f1_all.parquet,2022,,,MSC,3.0,Medium,35.0,27.522784810126584,38.75443037974684,kaggle_tyre_strategy,stint,False,stint_summary
navenkumar1998/formula-1-dataset-with-weather-and-tyre-features,data\raw\kaggle_tyre_strategy\navenkumar1998__formula-1-dataset-with-weather-and-tyre-features\f1_all.parquet,2022,,,MSC,3.0,Soft,24.0,22.3530612244898,26.1265306122449,kaggle_tyre_strategy,stint,False,stint_summary
navenkumar1998/formula-1-dataset-with-weather-and-tyre-features,data\raw\kaggle_tyre_strategy\navenkumar1998__formula-1-dataset-with-weather-and-tyre-features\f1_all.parquet,2022,,,MSC,4.0,Soft,13.0,20.1,31.39090909090909,kaggle_tyre_strategy,stint,False,stint_summary
navenkumar1998/formula-1-dataset-with-weather-and-tyre-features,data\raw\kaggle_tyre_strategy\navenkumar1998__formula-1-dataset-with-weather-and-tyre-features\f1_all.parquet,2022,,,MSC,5.0,Soft,27.0,22.7,33.4,kaggle_tyre_strategy,stint,False,stint_summary
navenkumar1998/formula-1-dataset-with-weather-and-tyre-features,data\raw\kaggle_tyre_strategy\navenkumar1998__formula-1-dataset-with-weather-and-tyre-features\f1_all.parquet,2022,,,NOR,1.0,Hard,19.0,21.0,41.7,kaggle_tyre_strategy,stint,False,stint_summary
navenkumar1998/formula-1-dataset-with-weather-and-tyre-features,data\raw\kaggle_tyre_strategy\navenkumar1998__formula-1-dataset-with-weather-and-tyre-features\f1_all.parquet,2022,,,NOR,1.0,Intermediate,36.0,21.79824561403509,24.789473684210527,kaggle_tyre_strategy,stint,False,stint_summary
navenkumar1998/formula-1-dataset-with-weather-and-tyre-features,data\raw\kaggle_tyre_strategy\navenkumar1998__formula-1-dataset-with-weather-and-tyre-features\f1_all.parquet,2022,,,NOR,1.0,Medium,35.0,25.784647302904563,38.67676348547718,kaggle_tyre_strategy,stint,False,stint_summary
navenkumar1998/formula-1-dataset-with-weather-and-tyre-features,data\raw\kaggle_tyre_strategy\navenkumar1998__formula-1-dataset-with-weather-and-tyre-features\f1_all.parquet,2022,,,NOR,1.0,Soft,17.0,26.85384615384616,36.99230769230769,kaggle_tyre_strategy,stint,False,stint_summary
navenkumar1998/formula-1-dataset-with-weather-and-tyre-features,data\raw\kaggle_tyre_strategy\navenkumar1998__formula-1-dataset-with-weather-and-tyre-features\f1_all.parquet,2022,,,NOR,1.0,Wet,17.0,22.2,29.1,kaggle_tyre_strategy,stint,False,stint_summary
navenkumar1998/formula-1-dataset-with-weather-and-tyre-features,data\raw\kaggle_tyre_strategy\navenkumar1998__formula-1-dataset-with-weather-and-tyre-features\f1_all.parquet,2022,,,NOR,2.0,Hard,39.0,25.21021021021021,38.55540540540541,kaggle_tyre_strategy,stint,False,stint_summary
navenkumar1998/formula-1-dataset-with-weather-and-tyre-features,data\raw\kaggle_tyre_strategy\navenkumar1998__formula-1-dataset-with-weather-and-tyre-features\f1_all.parquet,2022,,,NOR,2.0,Intermediate,,22.2,29.1,kaggle_tyre_strategy,stint,False,stint_summary
navenkumar1998/formula-1-dataset-with-weather-and-tyre-features,data\raw\kaggle_tyre_strategy\navenkumar1998__formula-1-dataset-with-weather-and-tyre-features\f1_all.parquet,2022,,,NOR,2.0,Medium,44.0,20.677852348993287,28.095302013422817,kaggle_tyre_strategy,stint,False,stint_summary
navenkumar1998/formula-1-dataset-with-weather-and-tyre-features,data\raw\kaggle_tyre_strategy\navenkumar1998__formula-1-dataset-with-weather-and-tyre-features\f1_all.parquet,2022,,,NOR,2.0,Soft,14.0,28.0,43.20000000000001,kaggle_tyre_strategy,stint,False,stint_summary
navenkumar1998/formula-1-dataset-with-weather-and-tyre-features,data\raw\kaggle_tyre_strategy\navenkumar1998__formula-1-dataset-with-weather-and-tyre-features\f1_all.parquet,2022,,,NOR,2.0,Wet,4.0,16.2,19.4,kaggle_tyre_strategy,stint,False,stint_summary
navenkumar1998/formula-1-dataset-with-weather-and-tyre-features,data\raw\kaggle_tyre_strategy\navenkumar1998__formula-1-dataset-with-weather-and-tyre-features\f1_all.parquet,2022,,,NOR,3.0,Hard,28.0,22.65625,30.36875,kaggle_tyre_strategy,stint,False,stint_summary
navenkumar1998/formula-1-dataset-with-weather-and-tyre-features,data\raw\kaggle_tyre_strategy\navenkumar1998__formula-1-dataset-with-weather-and-tyre-features\f1_all.parquet,2022,,,NOR,3.0,Intermediate,22.0,16.2,19.4,kaggle_tyre_strategy,stint,False,stint_summary
navenkumar1998/formula-1-dataset-with-weather-and-tyre-features,data\raw\kaggle_tyre_strategy\navenkumar1998__formula-1-dataset-with-weather-and-tyre-features\f1_all.parquet,2022,,,NOR,3.0,Medium,28.0,21.313953488372093,39.781395348837215,kaggle_tyre_strategy,stint,False,stint_summary
navenkumar1998/formula-1-dataset-with-weather-and-tyre-features,data\raw\kaggle_tyre_strategy\navenkumar1998__formula-1-dataset-with-weather-and-tyre-features\f1_all.parquet,2022,,,NOR,3.0,Soft,21.0,30.173684210526314,41.7578947368421,kaggle_tyre_strategy,stint,False,stint_summary
navenkumar1998/formula-1-dataset-with-weather-and-tyre-features,data\raw\kaggle_tyre_strategy\navenkumar1998__formula-1-dataset-with-weather-and-tyre-features\f1_all.parquet,2022,,,NOR,4.0,Hard,29.0,22.2,29.1,kaggle_tyre_strategy,stint,False,stint_summary
navenkumar1998/formula-1-dataset-with-weather-and-tyre-features,data\raw\kaggle_tyre_strategy\navenkumar1998__formula-1-dataset-with-weather-and-tyre-features\f1_all.parquet,2022,,,NOR,4.0,Soft,18.0,25.694444444444443,35.75555555555555,kaggle_tyre_strategy,stint,False,stint_summary
navenkumar1998/formula-1-dataset-with-weather-and-tyre-features,data\raw\kaggle_tyre_strategy\navenkumar1998__formula-1-dataset-with-weather-and-tyre-features\f1_all.parquet,2022,,,NOR,5.0,Medium,13.0,22.2,29.1,kaggle_tyre_strategy,stint,False,stint_summary
navenkumar1998/formula-1-dataset-with-weather-and-tyre-features,data\raw\kaggle_tyre_strategy\navenkumar1998__formula-1-dataset-with-weather-and-tyre-features\f1_all.parquet,2022,,,OCO,1.0,Hard,41.0,28.338043478260868,42.9695652173913,kaggle_tyre_strategy,stint,False,stint_summary
navenkumar1998/formula-1-dataset-with-weather-and-tyre-features,data\raw\kaggle_tyre_strategy\navenkumar1998__formula-1-dataset-with-weather-and-tyre-features\f1_all.parquet,2022,,,OCO,1.0,Intermediate,26.0,20.921739130434784,24.0,kaggle_tyre_strategy,stint,False,stint_summary
navenkumar1998/formula-1-dataset-with-weather-and-tyre-features,data\raw\kaggle_tyre_strategy\navenkumar1998__formula-1-dataset-with-weather-and-tyre-features\f1_all.parquet,2022,,,OCO,1.0,Medium,33.0,23.48064516129032,37.16258064516129,kaggle_tyre_strategy,stint,False,stint_summary
navenkumar1998/formula-1-dataset-with-weather-and-tyre-features,data\raw\kaggle_tyre_strategy\navenkumar1998__formula-1-dataset-with-weather-and-tyre-features\f1_all.parquet,2022,,,OCO,1.0,Soft,19.0,27.20625,38.275,kaggle_tyre_strategy,stint,False,stint_summary
navenkumar1998/formula-1-dataset-with-weather-and-tyre-features,data\raw\kaggle_tyre_strategy\navenkumar1998__formula-1-dataset-with-weather-and-tyre-features\f1_all.parquet,2022,,,OCO,1.0,Wet,21.0,22.2,29.1,kaggle_tyre_strategy,stint,False,stint_summary
navenkumar1998/formula-1-dataset-with-weather-and-tyre-features,data\raw\kaggle_tyre_strategy\navenkumar1998__formula-1-dataset-with-weather-and-tyre-features\f1_all.parquet,2022,,,OCO,2.0,Hard,46.0,24.303430079155675,36.7122691292876,kaggle_tyre_strategy,stint,False,stint_summary
navenkumar1998/formula-1-dataset-with-weather-and-tyre-features,data\raw\kaggle_tyre_strategy\navenkumar1998__formula-1-dataset-with-weather-and-tyre-features\f1_all.parquet,2022,,,OCO,2.0,Medium,44.0,22.118,31.22,kaggle_tyre_strategy,stint,False,stint_summary
navenkumar1998/formula-1-dataset-with-weather-and-tyre-features,data\raw\kaggle_tyre_strategy\navenkumar1998__formula-1-dataset-with-weather-and-tyre-features\f1_all.parquet,2022,,,OCO,2.0,Soft,21.0,23.445945945945947,35.535135135135135,kaggle_tyre_strategy,stint,False,stint_summary
navenkumar1998/formula-1-dataset-with-weather-and-tyre-features,data\raw\kaggle_tyre_strategy\navenkumar1998__formula-1-dataset-with-weather-and-tyre-features\f1_all.parquet,2022,,,OCO,2.0,Wet,5.0,16.2,19.4,kaggle_tyre_strategy,stint,False,stint_summary
navenkumar1998/formula-1-dataset-with-weather-and-tyre-features,data\raw\kaggle_tyre_strategy\navenkumar1998__formula-1-dataset-with-weather-and-tyre-features\f1_all.parquet,2022,,,OCO,3.0,Hard,15.0,20.575,29.025,kaggle_tyre_strategy,stint,False,stint_summary
navenkumar1998/formula-1-dataset-with-weather-and-tyre-features,data\raw\kaggle_tyre_strategy\navenkumar1998__formula-1-dataset-with-weather-and-tyre-features\f1_all.parquet,2022,,,OCO,3.0,Intermediate,21.0,16.2,19.4,kaggle_tyre_strategy,stint,False,stint_summary
navenkumar1998/formula-1-dataset-with-weather-and-tyre-features,data\raw\kaggle_tyre_strategy\navenkumar1998__formula-1-dataset-with-weather-and-tyre-features\f1_all.parquet,2022,,,OCO,3.0,Medium,34.0,22.83205128205128,34.501282051282054,kaggle_tyre_strategy,stint,False,stint_summary
navenkumar1998/formula-1-dataset-with-weather-and-tyre-features,data\raw\kaggle_tyre_strategy\navenkumar1998__formula-1-dataset-with-weather-and-tyre-features\f1_all.parquet,2022,,,OCO,3.0,Soft,20.0,35.827777777777776,48.13333333333333,kaggle_tyre_strategy,stint,False,stint_summary
navenkumar1998/formula-1-dataset-with-weather-and-tyre-features,data\raw\kaggle_tyre_strategy\navenkumar1998__formula-1-dataset-with-weather-and-tyre-features\f1_all.parquet,2022,,,OCO,4.0,Soft,19.0,27.388372093023257,36.68837209302325,kaggle_tyre_strategy,stint,False,stint_summary
navenkumar1998/formula-1-dataset-with-weather-and-tyre-features,data\raw\kaggle_tyre_strategy\navenkumar1998__formula-1-dataset-with-weather-and-tyre-features\f1_all.parquet,2022,,,PER,1.0,Hard,7.0,21.0,41.7,kaggle_tyre_strategy,stint,False,stint_summary
navenkumar1998/formula-1-dataset-with-weather-and-tyre-features,data\raw\kaggle_tyre_strategy\navenkumar1998__formula-1-dataset-with-weather-and-tyre-features\f1_all.parquet,2022,,,PER,1.0,Intermediate,35.0,21.867272727272727,24.85090909090909,kaggle_tyre_strategy,stint,False,stint_summary
navenkumar1998/formula-1-dataset-with-weather-and-tyre-features,data\raw\kaggle_tyre_strategy\navenkumar1998__formula-1-dataset-with-weather-and-tyre-features\f1_all.parquet,2022,,,PER,1.0,Medium,27.0,27.318796992481204,40.87894736842106,kaggle_tyre_strategy,stint,False,stint_summary
navenkumar1998/formula-1-dataset-with-weather-and-tyre-features,data\raw\kaggle_tyre_strategy\navenkumar1998__formula-1-dataset-with-weather-and-tyre-features\f1_all.parquet,2022,,,PER,1.0,Soft,26.0,25.082758620689653,35.91149425287357,kaggle_tyre_strategy,stint,False,stint_summary
navenkumar1998/formula-1-dataset-with-weather-and-tyre-features,data\raw\kaggle_tyre_strategy\navenkumar1998__formula-1-dataset-with-weather-and-tyre-features\f1_all.parquet,2022,,,PER,1.0,Wet,16.0,22.2,29.1,kaggle_tyre_strategy,stint,False,stint_summary
navenkumar1998/formula-1-dataset-with-weather-and-tyre-features,data\raw\kaggle_tyre_strategy\navenkumar1998__formula-1-dataset-with-weather-and-tyre-features\f1_all.parquet,2022,,,PER,2.0,Hard,38.0,27.0,39.80339366515837,kaggle_tyre_strategy,stint,False,stint_summary
navenkumar1998/formula-1-dataset-with-weather-and-tyre-features,data\raw\kaggle_tyre_strategy\navenkumar1998__formula-1-dataset-with-weather-and-tyre-features\f1_all.parquet,2022,,,PER,2.0,Intermediate,,22.2,29.100000000000005,kaggle_tyre_strategy,stint,False,stint_summary
navenkumar1998/formula-1-dataset-with-weather-and-tyre-features,data\raw\kaggle_tyre_strategy\navenkumar1998__formula-1-dataset-with-weather-and-tyre-features\f1_all.parquet,2022,,,PER,2.0,Medium,48.0,22.836842105263155,32.32727272727273,kaggle_tyre_strategy,stint,False,stint_summary
navenkumar1998/formula-1-dataset-with-weather-and-tyre-features,data\raw\kaggle_tyre_strategy\navenkumar1998__formula-1-dataset-with-weather-and-tyre-features\f1_all.parquet,2022,,,PER,2.0,Wet,5.0,16.2,19.4,kaggle_tyre_strategy,stint,False,stint_summary
navenkumar1998/formula-1-dataset-with-weather-and-tyre-features,data\raw\kaggle_tyre_strategy\navenkumar1998__formula-1-dataset-with-weather-and-tyre-features\f1_all.parquet,2022,,,PER,3.0,Hard,18.0,23.25593220338983,37.83389830508475,kaggle_tyre_strategy,stint,False,stint_summary
navenkumar1998/formula-1-dataset-with-weather-and-tyre-features,data\raw\kaggle_tyre_strategy\navenkumar1998__formula-1-dataset-with-weather-and-tyre-features\f1_all.parquet,2022,,,PER,3.0,Intermediate,21.0,16.2,19.4,kaggle_tyre_strategy,stint,False,stint_summary
navenkumar1998/formula-1-dataset-with-weather-and-tyre-features,data\raw\kaggle_tyre_strategy\navenkumar1998__formula-1-dataset-with-weather-and-tyre-features\f1_all.parquet,2022,,,PER,3.0,Medium,35.0,24.432142857142857,34.61785714285714,kaggle_tyre_strategy,stint,False,stint_summary
navenkumar1998/formula-1-dataset-with-weather-and-tyre-features,data\raw\kaggle_tyre_strategy\navenkumar1998__formula-1-dataset-with-weather-and-tyre-features\f1_all.parquet,2022,,,PER,3.0,Soft,13.0,20.891176470588235,28.68235294117647,kaggle_tyre_strategy,stint,False,stint_summary
navenkumar1998/formula-1-dataset-with-weather-and-tyre-features,data\raw\kaggle_tyre_strategy\navenkumar1998__formula-1-dataset-with-weather-and-tyre-features\f1_all.parquet,2022,,,PER,4.0,Medium,34.0,22.214285714285715,29.222857142857144,kaggle_tyre_strategy,stint,False,stint_summary
navenkumar1998/formula-1-dataset-with-weather-and-tyre-features,data\raw\kaggle_tyre_strategy\navenkumar1998__formula-1-dataset-with-weather-and-tyre-features\f1_all.parquet,2022,,,PER,4.0,Soft,16.0,26.03333333333333,35.63333333333333,kaggle_tyre_strategy,stint,False,stint_summary
navenkumar1998/formula-1-dataset-with-weather-and-tyre-features,data\raw\kaggle_tyre_strategy\navenkumar1998__formula-1-dataset-with-weather-and-tyre-features\f1_all.parquet,2022,,,PER,5.0,Medium,16.0,22.7,33.4,kaggle_tyre_strategy,stint,False,stint_summary
navenkumar1998/formula-1-dataset-with-weather-and-tyre-features,data\raw\kaggle_tyre_strategy\navenkumar1998__formula-1-dataset-with-weather-and-tyre-features\f1_all.parquet,2022,,,RIC,1.0,Hard,33.0,25.5,47.2,kaggle_tyre_strategy,stint,False,stint_summary
navenkumar1998/formula-1-dataset-with-weather-and-tyre-features,data\raw\kaggle_tyre_strategy\navenkumar1998__formula-1-dataset-with-weather-and-tyre-features\f1_all.parquet,2022,,,RIC,1.0,Intermediate,36.0,25.495,28.1,kaggle_tyre_strategy,stint,False,stint_summary
navenkumar1998/formula-1-dataset-with-weather-and-tyre-features,data\raw\kaggle_tyre_strategy\navenkumar1998__formula-1-dataset-with-weather-and-tyre-features\f1_all.parquet,2022,,,RIC,1.0,Medium,44.0,25.73554502369668,39.43791469194313,kaggle_tyre_strategy,stint,False,stint_summary
navenkumar1998/formula-1-dataset-with-weather-and-tyre-features,data\raw\kaggle_tyre_strategy\navenkumar1998__formula-1-dataset-with-weather-and-tyre-features\f1_all.parquet,2022,,,RIC,1.0,Soft,17.0,25.12972972972973,35.321621621621624,kaggle_tyre_strategy,stint,False,stint_summary
navenkumar1998/formula-1-dataset-with-weather-and-tyre-features,data\raw\kaggle_tyre_strategy\navenkumar1998__formula-1-dataset-with-weather-and-tyre-features\f1_all.parquet,2022,,,RIC,1.0,Wet,19.0,22.2,29.1,kaggle_tyre_strategy,stint,False,stint_summary
navenkumar1998/formula-1-dataset-with-weather-and-tyre-features,data\raw\kaggle_tyre_strategy\navenkumar1998__formula-1-dataset-with-weather-and-tyre-features\f1_all.parquet,2022,,,RIC,2.0,Hard,37.0,25.532283464566927,38.6509842519685,kaggle_tyre_strategy,stint,False,stint_summary
navenkumar1998/formula-1-dataset-with-weather-and-tyre-features,data\raw\kaggle_tyre_strategy\navenkumar1998__formula-1-dataset-with-weather-and-tyre-features\f1_all.parquet,2022,,,RIC,2.0,Intermediate,16.0,13.1,17.0,kaggle_tyre_strategy,stint,False,stint_summary
navenkumar1998/formula-1-dataset-with-weather-and-tyre-features,data\raw\kaggle_tyre_strategy\navenkumar1998__formula-1-dataset-with-weather-and-tyre-features\f1_all.parquet,2022,,,RIC,2.0,Medium,31.0,20.754761904761907,33.11547619047619,kaggle_tyre_strategy,stint,False,stint_summary
navenkumar1998/formula-1-dataset-with-weather-and-tyre-features,data\raw\kaggle_tyre_strategy\navenkumar1998__formula-1-dataset-with-weather-and-tyre-features\f1_all.parquet,2022,,,RIC,2.0,Soft,26.0,27.66705882352941,36.97882352941176,kaggle_tyre_strategy,stint,False,stint_summary
navenkumar1998/formula-1-dataset-with-weather-and-tyre-features,data\raw\kaggle_tyre_strategy\navenkumar1998__formula-1-dataset-with-weather-and-tyre-features\f1_all.parquet,2022,,,RIC,2.0,Wet,6.0,16.2,19.4,kaggle_tyre_strategy,stint,False,stint_summary
navenkumar1998/formula-1-dataset-with-weather-and-tyre-features,data\raw\kaggle_tyre_strategy\navenkumar1998__formula-1-dataset-with-weather-and-tyre-features\f1_all.parquet,2022,,,RIC,3.0,Hard,45.0,22.291549295774647,32.124647887323945,kaggle_tyre_strategy,stint,False,stint_summary
navenkumar1998/formula-1-dataset-with-weather-and-tyre-features,data\raw\kaggle_tyre_strategy\navenkumar1998__formula-1-dataset-with-weather-and-tyre-features\f1_all.parquet,2022,,,RIC,3.0,Intermediate,20.0,16.2,19.4,kaggle_tyre_strategy,stint,False,stint_summary
navenkumar1998/formula-1-dataset-with-weather-and-tyre-features,data\raw\kaggle_tyre_strategy\navenkumar1998__formula-1-dataset-with-weather-and-tyre-features\f1_all.parquet,2022,,,RIC,3.0,Medium,17.0,24.846511627906978,35.009302325581395,kaggle_tyre_strategy,stint,False,stint_summary
navenkumar1998/formula-1-dataset-with-weather-and-tyre-features,data\raw\kaggle_tyre_strategy\navenkumar1998__formula-1-dataset-with-weather-and-tyre-features\f1_all.parquet,2022,,,RIC,3.0,Soft,16.0,30.2,42.8,kaggle_tyre_strategy,stint,False,stint_summary
navenkumar1998/formula-1-dataset-with-weather-and-tyre-features,data\raw\kaggle_tyre_strategy\navenkumar1998__formula-1-dataset-with-weather-and-tyre-features\f1_all.parquet,2022,,,RIC,4.0,Hard,32.0,13.1,17.0,kaggle_tyre_strategy,stint,False,stint_summary
navenkumar1998/formula-1-dataset-with-weather-and-tyre-features,data\raw\kaggle_tyre_strategy\navenkumar1998__formula-1-dataset-with-weather-and-tyre-features\f1_all.parquet,2022,,,RIC,4.0,Soft,20.0,27.61818181818182,37.33863636363636,kaggle_tyre_strategy,stint,False,stint_summary
navenkumar1998/formula-1-dataset-with-weather-and-tyre-features,data\raw\kaggle_tyre_strategy\navenkumar1998__formula-1-dataset-with-weather-and-tyre-features\f1_all.parquet,2022,,,RIC,5.0,Soft,14.0,18.593333333333337,30.226666666666667,kaggle_tyre_strategy,stint,False,stint_summary
navenkumar1998/formula-1-dataset-with-weather-and-tyre-features,data\raw\kaggle_tyre_strategy\navenkumar1998__formula-1-dataset-with-weather-and-tyre-features\f1_all.parquet,2022,,,RIC,6.0,Soft,17.0,22.7,33.4,kaggle_tyre_strategy,stint,False,stint_summary
navenkumar1998/formula-1-dataset-with-weather-and-tyre-features,data\raw\kaggle_tyre_strategy\navenkumar1998__formula-1-dataset-with-weather-and-tyre-features\f1_all.parquet,2022,,,RUS,1.0,Hard,40.0,30.2,42.8,kaggle_tyre_strategy,stint,False,stint_summary
navenkumar1998/formula-1-dataset-with-weather-and-tyre-features,data\raw\kaggle_tyre_strategy\navenkumar1998__formula-1-dataset-with-weather-and-tyre-features\f1_all.parquet,2022,,,RUS,1.0,Intermediate,21.0,20.217073170731705,23.365853658536587,kaggle_tyre_strategy,stint,False,stint_summary
navenkumar1998/formula-1-dataset-with-weather-and-tyre-features,data\raw\kaggle_tyre_strategy\navenkumar1998__formula-1-dataset-with-weather-and-tyre-features\f1_all.parquet,2022,,,RUS,1.0,Medium,34.0,24.67807486631016,38.41550802139037,kaggle_tyre_strategy,stint,False,stint_summary
navenkumar1998/formula-1-dataset-with-weather-and-tyre-features,data\raw\kaggle_tyre_strategy\navenkumar1998__formula-1-dataset-with-weather-and-tyre-features\f1_all.parquet,2022,,,RUS,1.0,Soft,23.0,26.32537313432836,36.95970149253731,kaggle_tyre_strategy,stint,False,stint_summary
navenkumar1998/formula-1-dataset-with-weather-and-tyre-features,data\raw\kaggle_tyre_strategy\navenkumar1998__formula-1-dataset-with-weather-and-tyre-features\f1_all.parquet,2022,,,RUS,1.0,Wet,21.0,22.2,29.1,kaggle_tyre_strategy,stint,False,stint_summary
navenkumar1998/formula-1-dataset-with-weather-and-tyre-features,data\raw\kaggle_tyre_strategy\navenkumar1998__formula-1-dataset-with-weather-and-tyre-features\f1_all.parquet,2022,,,RUS,2.0,Hard,36.0,25.258899676375403,38.45938511326861,kaggle_tyre_strategy,stint,False,stint_summary
navenkumar1998/formula-1-dataset-with-weather-and-tyre-features,data\raw\kaggle_tyre_strategy\navenkumar1998__formula-1-dataset-with-weather-and-tyre-features\f1_all.parquet,2022,,,RUS,2.0,Medium,45.0,22.423188405797102,30.592028985507245,kaggle_tyre_strategy,stint,False,stint_summary
navenkumar1998/formula-1-dataset-with-weather-and-tyre-features,data\raw\kaggle_tyre_strategy\navenkumar1998__formula-1-dataset-with-weather-and-tyre-features\f1_all.parquet,2022,,,RUS,2.0,Wet,5.0,16.2,19.4,kaggle_tyre_strategy,stint,False,stint_summary
navenkumar1998/formula-1-dataset-with-weather-and-tyre-features,data\raw\kaggle_tyre_strategy\navenkumar1998__formula-1-dataset-with-weather-and-tyre-features\f1_all.parquet,2022,,,RUS,3.0,Hard,25.0,24.20921052631579,40.47236842105264,kaggle_tyre_strategy,stint,False,stint_summary
navenkumar1998/formula-1-dataset-with-weather-and-tyre-features,data\raw\kaggle_tyre_strategy\navenkumar1998__formula-1-dataset-with-weather-and-tyre-features\f1_all.parquet,2022,,,RUS,3.0,Intermediate,23.0,16.2,19.4,kaggle_tyre_strategy,stint,False,stint_summary
navenkumar1998/formula-1-dataset-with-weather-and-tyre-features,data\raw\kaggle_tyre_strategy\navenkumar1998__formula-1-dataset-with-weather-and-tyre-features\f1_all.parquet,2022,,,RUS,3.0,Medium,34.0,23.553271028037383,31.427102803738315,kaggle_tyre_strategy,stint,False,stint_summary
navenkumar1998/formula-1-dataset-with-weather-and-tyre-features,data\raw\kaggle_tyre_strategy\navenkumar1998__formula-1-dataset-with-weather-and-tyre-features\f1_all.parquet,2022,,,RUS,3.0,Soft,9.0,27.1,42.45,kaggle_tyre_strategy,stint,False,stint_summary
navenkumar1998/formula-1-dataset-with-weather-and-tyre-features,data\raw\kaggle_tyre_strategy\navenkumar1998__formula-1-dataset-with-weather-and-tyre-features\f1_all.parquet,2022,,,RUS,4.0,Soft,17.0,27.65740740740741,35.81481481481482,kaggle_tyre_strategy,stint,False,stint_summary
navenkumar1998/formula-1-dataset-with-weather-and-tyre-features,data\raw\kaggle_tyre_strategy\navenkumar1998__formula-1-dataset-with-weather-and-tyre-features\f1_all.parquet,2022,,,RUS,5.0,Soft,6.0,26.7,29.2,kaggle_tyre_strategy,stint,False,stint_summary
navenkumar1998/formula-1-dataset-with-weather-and-tyre-features,data\raw\kaggle_tyre_strategy\navenkumar1998__formula-1-dataset-with-weather-and-tyre-features\f1_all.parquet,2022,,,SAI,1.0,Hard,18.0,30.015789473684208,54.46315789473684,kaggle_tyre_strategy,stint,False,stint_summary
navenkumar1998/formula-1-dataset-with-weather-and-tyre-features,data\raw\kaggle_tyre_strategy\navenkumar1998__formula-1-dataset-with-weather-and-tyre-features\f1_all.parquet,2022,,,SAI,1.0,Intermediate,35.0,26.7,29.2,kaggle_tyre_strategy,stint,False,stint_summary
navenkumar1998/formula-1-dataset-with-weather-and-tyre-features,data\raw\kaggle_tyre_strategy\navenkumar1998__formula-1-dataset-with-weather-and-tyre-features\f1_all.parquet,2022,,,SAI,1.0,Medium,30.0,24.462585034013607,37.12857142857143,kaggle_tyre_strategy,stint,False,stint_summary
navenkumar1998/formula-1-dataset-with-weather-and-tyre-features,data\raw\kaggle_tyre_strategy\navenkumar1998__formula-1-dataset-with-weather-and-tyre-features\f1_all.parquet,2022,,,SAI,1.0,Soft,32.0,25.09102564102564,37.33589743589744,kaggle_tyre_strategy,stint,False,stint_summary
navenkumar1998/formula-1-dataset-with-weather-and-tyre-features,data\raw\kaggle_tyre_strategy\navenkumar1998__formula-1-dataset-with-weather-and-tyre-features\f1_all.parquet,2022,,,SAI,1.0,Wet,21.0,22.2,29.1,kaggle_tyre_strategy,stint,False,stint_summary
navenkumar1998/formula-1-dataset-with-weather-and-tyre-features,data\raw\kaggle_tyre_strategy\navenkumar1998__formula-1-dataset-with-weather-and-tyre-features\f1_all.parquet,2022,,,SAI,2.0,Hard,34.0,24.33015873015873,35.32063492063492,kaggle_tyre_strategy,stint,False,stint_summary
navenkumar1998/formula-1-dataset-with-weather-and-tyre-features,data\raw\kaggle_tyre_strategy\navenkumar1998__formula-1-dataset-with-weather-and-tyre-features\f1_all.parquet,2022,,,SAI,2.0,Medium,42.0,24.761576354679804,37.41576354679803,kaggle_tyre_strategy,stint,False,stint_summary
navenkumar1998/formula-1-dataset-with-weather-and-tyre-features,data\raw\kaggle_tyre_strategy\navenkumar1998__formula-1-dataset-with-weather-and-tyre-features\f1_all.parquet,2022,,,SAI,2.0,Soft,19.0,25.466666666666665,35.125,kaggle_tyre_strategy,stint,False,stint_summary
navenkumar1998/formula-1-dataset-with-weather-and-tyre-features,data\raw\kaggle_tyre_strategy\navenkumar1998__formula-1-dataset-with-weather-and-tyre-features\f1_all.parquet,2022,,,SAI,3.0,Hard,43.0,21.28411214953271,33.55607476635514,kaggle_tyre_strategy,stint,False,stint_summary
navenkumar1998/formula-1-dataset-with-weather-and-tyre-features,data\raw\kaggle_tyre_strategy\navenkumar1998__formula-1-dataset-with-weather-and-tyre-features\f1_all.parquet,2022,,,SAI,3.0,Medium,14.0,30.55,44.52361111111111,kaggle_tyre_strategy,stint,False,stint_summary
navenkumar1998/formula-1-dataset-with-weather-and-tyre-features,data\raw\kaggle_tyre_strategy\navenkumar1998__formula-1-dataset-with-weather-and-tyre-features\f1_all.parquet,2022,,,SAI,3.0,Soft,26.0,20.46551724137931,30.113793103448277,kaggle_tyre_strategy,stint,False,stint_summary
navenkumar1998/formula-1-dataset-with-weather-and-tyre-features,data\raw\kaggle_tyre_strategy\navenkumar1998__formula-1-dataset-with-weather-and-tyre-features\f1_all.parquet,2022,,,SAI,4.0,Soft,24.0,26.59032258064516,36.817741935483866,kaggle_tyre_strategy,stint,False,stint_summary
navenkumar1998/formula-1-dataset-with-weather-and-tyre-features,data\raw\kaggle_tyre_strategy\navenkumar1998__formula-1-dataset-with-weather-and-tyre-features\f1_all.parquet,2022,,,STR,1.0,Hard,47.0,25.334166666666665,43.31666666666667,kaggle_tyre_strategy,stint,False,stint_summary
navenkumar1998/formula-1-dataset-with-weather-and-tyre-features,data\raw\kaggle_tyre_strategy\navenkumar1998__formula-1-dataset-with-weather-and-tyre-features\f1_all.parquet,2022,,,STR,1.0,Intermediate,35.0,21.867272727272727,24.85090909090909,kaggle_tyre_strategy,stint,False,stint_summary
navenkumar1998/formula-1-dataset-with-weather-and-tyre-features,data\raw\kaggle_tyre_strategy\navenkumar1998__formula-1-dataset-with-weather-and-tyre-features\f1_all.parquet,2022,,,STR,1.0,Medium,31.0,25.13968253968254,38.22936507936508,kaggle_tyre_strategy,stint,False,stint_summary
navenkumar1998/formula-1-dataset-with-weather-and-tyre-features,data\raw\kaggle_tyre_strategy\navenkumar1998__formula-1-dataset-with-weather-and-tyre-features\f1_all.parquet,2022,,,STR,1.0,Soft,18.0,25.03548387096774,33.81290322580645,kaggle_tyre_strategy,stint,False,stint_summary
navenkumar1998/formula-1-dataset-with-weather-and-tyre-features,data\raw\kaggle_tyre_strategy\navenkumar1998__formula-1-dataset-with-weather-and-tyre-features\f1_all.parquet,2022,,,STR,1.0,Wet,1.0,22.2,29.1,kaggle_tyre_strategy,stint,False,stint_summary
navenkumar1998/formula-1-dataset-with-weather-and-tyre-features,data\raw\kaggle_tyre_strategy\navenkumar1998__formula-1-dataset-with-weather-and-tyre-features\f1_all.parquet,2022,,,STR,2.0,Hard,37.0,26.532432432432437,40.07162162162162,kaggle_tyre_strategy,stint,False,stint_summary
navenkumar1998/formula-1-dataset-with-weather-and-tyre-features,data\raw\kaggle_tyre_strategy\navenkumar1998__formula-1-dataset-with-weather-and-tyre-features\f1_all.parquet,2022,,,STR,2.0,Medium,46.0,21.012380952380955,31.18285714285714,kaggle_tyre_strategy,stint,False,stint_summary
navenkumar1998/formula-1-dataset-with-weather-and-tyre-features,data\raw\kaggle_tyre_strategy\navenkumar1998__formula-1-dataset-with-weather-and-tyre-features\f1_all.parquet,2022,,,STR,2.0,Soft,23.0,26.803571428571427,37.85,kaggle_tyre_strategy,stint,False,stint_summary
navenkumar1998/formula-1-dataset-with-weather-and-tyre-features,data\raw\kaggle_tyre_strategy\navenkumar1998__formula-1-dataset-with-weather-and-tyre-features\f1_all.parquet,2022,,,STR,2.0,Wet,5.0,17.2,21.016666666666666,kaggle_tyre_strategy,stint,False,stint_summary
navenkumar1998/formula-1-dataset-with-weather-and-tyre-features,data\raw\kaggle_tyre_strategy\navenkumar1998__formula-1-dataset-with-weather-and-tyre-features\f1_all.parquet,2022,,,STR,3.0,Hard,26.0,22.095,33.75125,kaggle_tyre_strategy,stint,False,stint_summary
navenkumar1998/formula-1-dataset-with-weather-and-tyre-features,data\raw\kaggle_tyre_strategy\navenkumar1998__formula-1-dataset-with-weather-and-tyre-features\f1_all.parquet,2022,,,STR,3.0,Intermediate,22.0,20.08235294117647,25.676470588235293,kaggle_tyre_strategy,stint,False,stint_summary
navenkumar1998/formula-1-dataset-with-weather-and-tyre-features,data\raw\kaggle_tyre_strategy\navenkumar1998__formula-1-dataset-with-weather-and-tyre-features\f1_all.parquet,2022,,,STR,3.0,Medium,24.0,27.175,37.39791666666667,kaggle_tyre_strategy,stint,False,stint_summary
navenkumar1998/formula-1-dataset-with-weather-and-tyre-features,data\raw\kaggle_tyre_strategy\navenkumar1998__formula-1-dataset-with-weather-and-tyre-features\f1_all.parquet,2022,,,STR,3.0,Soft,30.0,21.839622641509436,34.341509433962266,kaggle_tyre_strategy,stint,False,stint_summary
navenkumar1998/formula-1-dataset-with-weather-and-tyre-features,data\raw\kaggle_tyre_strategy\navenkumar1998__formula-1-dataset-with-weather-and-tyre-features\f1_all.parquet,2022,,,STR,4.0,Hard,39.0,26.1375,35.75,kaggle_tyre_strategy,stint,False,stint_summary
navenkumar1998/formula-1-dataset-with-weather-and-tyre-features,data\raw\kaggle_tyre_strategy\navenkumar1998__formula-1-dataset-with-weather-and-tyre-features\f1_all.parquet,2022,,,STR,4.0,Intermediate,9.0,16.2,19.4,kaggle_tyre_strategy,stint,False,stint_summary
navenkumar1998/formula-1-dataset-with-weather-and-tyre-features,data\raw\kaggle_tyre_strategy\navenkumar1998__formula-1-dataset-with-weather-and-tyre-features\f1_all.parquet,2022,,,STR,4.0,Medium,15.0,18.3,30.0,kaggle_tyre_strategy,stint,False,stint_summary
navenkumar1998/formula-1-dataset-with-weather-and-tyre-features,data\raw\kaggle_tyre_strategy\navenkumar1998__formula-1-dataset-with-weather-and-tyre-features\f1_all.parquet,2022,,,STR,4.0,Soft,19.0,31.140625,40.6,kaggle_tyre_strategy,stint,False,stint_summary
navenkumar1998/formula-1-dataset-with-weather-and-tyre-features,data\raw\kaggle_tyre_strategy\navenkumar1998__formula-1-dataset-with-weather-and-tyre-features\f1_all.parquet,2022,,,STR,5.0,Soft,19.0,22.7,33.4,kaggle_tyre_strategy,stint,False,stint_summary
navenkumar1998/formula-1-dataset-with-weather-and-tyre-features,data\raw\kaggle_tyre_strategy\navenkumar1998__formula-1-dataset-with-weather-and-tyre-features\f1_all.parquet,2022,,,TSU,1.0,Hard,26.0,20.954545454545453,32.77272727272727,kaggle_tyre_strategy,stint,False,stint_summary
navenkumar1998/formula-1-dataset-with-weather-and-tyre-features,data\raw\kaggle_tyre_strategy\navenkumar1998__formula-1-dataset-with-weather-and-tyre-features\f1_all.parquet,2022,,,TSU,1.0,Intermediate,39.0,21.68490566037736,24.686792452830183,kaggle_tyre_strategy,stint,False,stint_summary
navenkumar1998/formula-1-dataset-with-weather-and-tyre-features,data\raw\kaggle_tyre_strategy\navenkumar1998__formula-1-dataset-with-weather-and-tyre-features\f1_all.parquet,2022,,,TSU,1.0,Medium,19.0,27.35,42.59375,kaggle_tyre_strategy,stint,False,stint_summary
navenkumar1998/formula-1-dataset-with-weather-and-tyre-features,data\raw\kaggle_tyre_strategy\navenkumar1998__formula-1-dataset-with-weather-and-tyre-features\f1_all.parquet,2022,,,TSU,1.0,Soft,29.0,24.61481481481481,35.85925925925926,kaggle_tyre_strategy,stint,False,stint_summary
navenkumar1998/formula-1-dataset-with-weather-and-tyre-features,data\raw\kaggle_tyre_strategy\navenkumar1998__formula-1-dataset-with-weather-and-tyre-features\f1_all.parquet,2022,,,TSU,1.0,Wet,6.0,22.2,29.100000000000005,kaggle_tyre_strategy,stint,False,stint_summary
navenkumar1998/formula-1-dataset-with-weather-and-tyre-features,data\raw\kaggle_tyre_strategy\navenkumar1998__formula-1-dataset-with-weather-and-tyre-features\f1_all.parquet,2022,,,TSU,2.0,Hard,39.0,26.176470588235293,42.417647058823526,kaggle_tyre_strategy,stint,False,stint_summary
navenkumar1998/formula-1-dataset-with-weather-and-tyre-features,data\raw\kaggle_tyre_strategy\navenkumar1998__formula-1-dataset-with-weather-and-tyre-features\f1_all.parquet,2022,,,TSU,2.0,Intermediate,15.0,22.2,29.1,kaggle_tyre_strategy,stint,False,stint_summary
navenkumar1998/formula-1-dataset-with-weather-and-tyre-features,data\raw\kaggle_tyre_strategy\navenkumar1998__formula-1-dataset-with-weather-and-tyre-features\f1_all.parquet,2022,,,TSU,2.0,Medium,45.0,22.296116504854368,31.17378640776699,kaggle_tyre_strategy,stint,False,stint_summary
navenkumar1998/formula-1-dataset-with-weather-and-tyre-features,data\raw\kaggle_tyre_strategy\navenkumar1998__formula-1-dataset-with-weather-and-tyre-features\f1_all.parquet,2022,,,TSU,2.0,Soft,17.0,18.3,30.0,kaggle_tyre_strategy,stint,False,stint_summary
navenkumar1998/formula-1-dataset-with-weather-and-tyre-features,data\raw\kaggle_tyre_strategy\navenkumar1998__formula-1-dataset-with-weather-and-tyre-features\f1_all.parquet,2022,,,TSU,2.0,Wet,5.0,16.2,19.4,kaggle_tyre_strategy,stint,False,stint_summary
navenkumar1998/formula-1-dataset-with-weather-and-tyre-features,data\raw\kaggle_tyre_strategy\navenkumar1998__formula-1-dataset-with-weather-and-tyre-features\f1_all.parquet,2022,,,TSU,3.0,Hard,23.0,22.728947368421053,31.771052631578947,kaggle_tyre_strategy,stint,False,stint_summary
navenkumar1998/formula-1-dataset-with-weather-and-tyre-features,data\raw\kaggle_tyre_strategy\navenkumar1998__formula-1-dataset-with-weather-and-tyre-features\f1_all.parquet,2022,,,TSU,3.0,Intermediate,13.0,16.2,19.4,kaggle_tyre_strategy,stint,False,stint_summary
navenkumar1998/formula-1-dataset-with-weather-and-tyre-features,data\raw\kaggle_tyre_strategy\navenkumar1998__formula-1-dataset-with-weather-and-tyre-features\f1_all.parquet,2022,,,TSU,3.0,Soft,23.0,26.488000000000003,38.531,kaggle_tyre_strategy,stint,False,stint_summary
navenkumar1998/formula-1-dataset-with-weather-and-tyre-features,data\raw\kaggle_tyre_strategy\navenkumar1998__formula-1-dataset-with-weather-and-tyre-features\f1_all.parquet,2022,,,TSU,4.0,Intermediate,8.0,16.2,19.4,kaggle_tyre_strategy,stint,False,stint_summary
navenkumar1998/formula-1-dataset-with-weather-and-tyre-features,data\raw\kaggle_tyre_strategy\navenkumar1998__formula-1-dataset-with-weather-and-tyre-features\f1_all.parquet,2022,,,TSU,4.0,Medium,27.0,22.2,29.1,kaggle_tyre_strategy,stint,False,stint_summary
navenkumar1998/formula-1-dataset-with-weather-and-tyre-features,data\raw\kaggle_tyre_strategy\navenkumar1998__formula-1-dataset-with-weather-and-tyre-features\f1_all.parquet,2022,,,TSU,4.0,Soft,20.0,23.650877192982456,32.87017543859649,kaggle_tyre_strategy,stint,False,stint_summary
navenkumar1998/formula-1-dataset-with-weather-and-tyre-features,data\raw\kaggle_tyre_strategy\navenkumar1998__formula-1-dataset-with-weather-and-tyre-features\f1_all.parquet,2022,,,TSU,5.0,Soft,7.0,22.2,29.1,kaggle_tyre_strategy,stint,False,stint_summary
navenkumar1998/formula-1-dataset-with-weather-and-tyre-features,data\raw\kaggle_tyre_strategy\navenkumar1998__formula-1-dataset-with-weather-and-tyre-features\f1_all.parquet,2022,,,VER,1.0,Intermediate,35.0,21.710714285714285,24.710714285714285,kaggle_tyre_strategy,stint,False,stint_summary
navenkumar1998/formula-1-dataset-with-weather-and-tyre-features,data\raw\kaggle_tyre_strategy\navenkumar1998__formula-1-dataset-with-weather-and-tyre-features\f1_all.parquet,2022,,,VER,1.0,Medium,26.0,26.730232558139534,40.2937984496124,kaggle_tyre_strategy,stint,False,stint_summary
navenkumar1998/formula-1-dataset-with-weather-and-tyre-features,data\raw\kaggle_tyre_strategy\navenkumar1998__formula-1-dataset-with-weather-and-tyre-features\f1_all.parquet,2022,,,VER,1.0,Soft,28.0,24.89763779527559,37.11811023622048,kaggle_tyre_strategy,stint,False,stint_summary
navenkumar1998/formula-1-dataset-with-weather-and-tyre-features,data\raw\kaggle_tyre_strategy\navenkumar1998__formula-1-dataset-with-weather-and-tyre-features\f1_all.parquet,2022,,,VER,1.0,Wet,18.0,22.2,29.100000000000005,kaggle_tyre_strategy,stint,False,stint_summary
navenkumar1998/formula-1-dataset-with-weather-and-tyre-features,data\raw\kaggle_tyre_strategy\navenkumar1998__formula-1-dataset-with-weather-and-tyre-features\f1_all.parquet,2022,,,VER,2.0,Hard,37.0,26.2,40.21412037037037,kaggle_tyre_strategy,stint,False,stint_summary
navenkumar1998/formula-1-dataset-with-weather-and-tyre-features,data\raw\kaggle_tyre_strategy\navenkumar1998__formula-1-dataset-with-weather-and-tyre-features\f1_all.parquet,2022,,,VER,2.0,Intermediate,,22.2,29.1,kaggle_tyre_strategy,stint,False,stint_summary
navenkumar1998/formula-1-dataset-with-weather-and-tyre-features,data\raw\kaggle_tyre_strategy\navenkumar1998__formula-1-dataset-with-weather-and-tyre-features\f1_all.parquet,2022,,,VER,2.0,Medium,46.0,22.54221105527638,33.82010050251256,kaggle_tyre_strategy,stint,False,stint_summary
navenkumar1998/formula-1-dataset-with-weather-and-tyre-features,data\raw\kaggle_tyre_strategy\navenkumar1998__formula-1-dataset-with-weather-and-tyre-features\f1_all.parquet,2022,,,VER,2.0,Soft,16.0,23.2,27.9,kaggle_tyre_strategy,stint,False,stint_summary
navenkumar1998/formula-1-dataset-with-weather-and-tyre-features,data\raw\kaggle_tyre_strategy\navenkumar1998__formula-1-dataset-with-weather-and-tyre-features\f1_all.parquet,2022,,,VER,2.0,Wet,5.0,16.2,19.4,kaggle_tyre_strategy,stint,False,stint_summary
navenkumar1998/formula-1-dataset-with-weather-and-tyre-features,data\raw\kaggle_tyre_strategy\navenkumar1998__formula-1-dataset-with-weather-and-tyre-features\f1_all.parquet,2022,,,VER,3.0,Hard,27.0,22.069879518072288,37.88313253012048,kaggle_tyre_strategy,stint,False,stint_summary
navenkumar1998/formula-1-dataset-with-weather-and-tyre-features,data\raw\kaggle_tyre_strategy\navenkumar1998__formula-1-dataset-with-weather-and-tyre-features\f1_all.parquet,2022,,,VER,3.0,Intermediate,21.0,16.2,19.4,kaggle_tyre_strategy,stint,False,stint_summary
navenkumar1998/formula-1-dataset-with-weather-and-tyre-features,data\raw\kaggle_tyre_strategy\navenkumar1998__formula-1-dataset-with-weather-and-tyre-features\f1_all.parquet,2022,,,VER,3.0,Medium,32.0,22.16263736263736,30.785714285714285,kaggle_tyre_strategy,stint,False,stint_summary
navenkumar1998/formula-1-dataset-with-weather-and-tyre-features,data\raw\kaggle_tyre_strategy\navenkumar1998__formula-1-dataset-with-weather-and-tyre-features\f1_all.parquet,2022,,,VER,3.0,Soft,19.0,26.732692307692307,33.823076923076925,kaggle_tyre_strategy,stint,False,stint_summary
navenkumar1998/formula-1-dataset-with-weather-and-tyre-features,data\raw\kaggle_tyre_strategy\navenkumar1998__formula-1-dataset-with-weather-and-tyre-features\f1_all.parquet,2022,,,VER,4.0,Hard,16.0,18.3,30.0,kaggle_tyre_strategy,stint,False,stint_summary
navenkumar1998/formula-1-dataset-with-weather-and-tyre-features,data\raw\kaggle_tyre_strategy\navenkumar1998__formula-1-dataset-with-weather-and-tyre-features\f1_all.parquet,2022,,,VER,4.0,Medium,34.0,26.433333333333334,35.689855072463764,kaggle_tyre_strategy,stint,False,stint_summary
navenkumar1998/formula-1-dataset-with-weather-and-tyre-features,data\raw\kaggle_tyre_strategy\navenkumar1998__formula-1-dataset-with-weather-and-tyre-features\f1_all.parquet,2022,,,VER,4.0,Soft,14.0,23.15833333333333,28.35833333333333,kaggle_tyre_strategy,stint,False,stint_summary
navenkumar1998/formula-1-dataset-with-weather-and-tyre-features,data\raw\kaggle_tyre_strategy\navenkumar1998__formula-1-dataset-with-weather-and-tyre-features\f1_all.parquet,2022,,,VER,5.0,Soft,19.0,20.65714285714285,31.821428571428573,kaggle_tyre_strategy,stint,False,stint_summary
navenkumar1998/formula-1-dataset-with-weather-and-tyre-features,data\raw\kaggle_tyre_strategy\navenkumar1998__formula-1-dataset-with-weather-and-tyre-features\f1_all.parquet,2022,,,VET,1.0,Hard,43.0,26.88674698795181,38.19518072289157,kaggle_tyre_strategy,stint,False,stint_summary
navenkumar1998/formula-1-dataset-with-weather-and-tyre-features,data\raw\kaggle_tyre_strategy\navenkumar1998__formula-1-dataset-with-weather-and-tyre-features\f1_all.parquet,2022,,,VET,1.0,Intermediate,34.0,21.94150943396226,24.91698113207547,kaggle_tyre_strategy,stint,False,stint_summary
navenkumar1998/formula-1-dataset-with-weather-and-tyre-features,data\raw\kaggle_tyre_strategy\navenkumar1998__formula-1-dataset-with-weather-and-tyre-features\f1_all.parquet,2022,,,VET,1.0,Medium,21.0,26.964,43.55266666666667,kaggle_tyre_strategy,stint,False,stint_summary
navenkumar1998/formula-1-dataset-with-weather-and-tyre-features,data\raw\kaggle_tyre_strategy\navenkumar1998__formula-1-dataset-with-weather-and-tyre-features\f1_all.parquet,2022,,,VET,1.0,Soft,38.0,26.14166666666667,39.13928571428572,kaggle_tyre_strategy,stint,False,stint_summary
navenkumar1998/formula-1-dataset-with-weather-and-tyre-features,data\raw\kaggle_tyre_strategy\navenkumar1998__formula-1-dataset-with-weather-and-tyre-features\f1_all.parquet,2022,,,VET,1.0,Wet,6.0,22.2,29.100000000000005,kaggle_tyre_strategy,stint,False,stint_summary
navenkumar1998/formula-1-dataset-with-weather-and-tyre-features,data\raw\kaggle_tyre_strategy\navenkumar1998__formula-1-dataset-with-weather-and-tyre-features\f1_all.parquet,2022,,,VET,2.0,Hard,43.0,25.7605504587156,47.14954128440367,kaggle_tyre_strategy,stint,False,stint_summary
navenkumar1998/formula-1-dataset-with-weather-and-tyre-features,data\raw\kaggle_tyre_strategy\navenkumar1998__formula-1-dataset-with-weather-and-tyre-features\f1_all.parquet,2022,,,VET,2.0,Intermediate,17.0,22.2,29.1,kaggle_tyre_strategy,stint,False,stint_summary
navenkumar1998/formula-1-dataset-with-weather-and-tyre-features,data\raw\kaggle_tyre_strategy\navenkumar1998__formula-1-dataset-with-weather-and-tyre-features\f1_all.parquet,2022,,,VET,2.0,Medium,48.0,21.667873303167426,29.99864253393665,kaggle_tyre_strategy,stint,False,stint_summary
navenkumar1998/formula-1-dataset-with-weather-and-tyre-features,data\raw\kaggle_tyre_strategy\navenkumar1998__formula-1-dataset-with-weather-and-tyre-features\f1_all.parquet,2022,,,VET,2.0,Soft,24.0,33.080769230769235,45.34615384615385,kaggle_tyre_strategy,stint,False,stint_summary
navenkumar1998/formula-1-dataset-with-weather-and-tyre-features,data\raw\kaggle_tyre_strategy\navenkumar1998__formula-1-dataset-with-weather-and-tyre-features\f1_all.parquet,2022,,,VET,2.0,Wet,3.0,16.2,19.4,kaggle_tyre_strategy,stint,False,stint_summary
navenkumar1998/formula-1-dataset-with-weather-and-tyre-features,data\raw\kaggle_tyre_strategy\navenkumar1998__formula-1-dataset-with-weather-and-tyre-features\f1_all.parquet,2022,,,VET,3.0,Hard,51.0,22.802325581395348,38.35581395348838,kaggle_tyre_strategy,stint,False,stint_summary
navenkumar1998/formula-1-dataset-with-weather-and-tyre-features,data\raw\kaggle_tyre_strategy\navenkumar1998__formula-1-dataset-with-weather-and-tyre-features\f1_all.parquet,2022,,,VET,3.0,Intermediate,23.0,16.2,19.4,kaggle_tyre_strategy,stint,False,stint_summary
navenkumar1998/formula-1-dataset-with-weather-and-tyre-features,data\raw\kaggle_tyre_strategy\navenkumar1998__formula-1-dataset-with-weather-and-tyre-features\f1_all.parquet,2022,,,VET,3.0,Medium,35.0,23.467777777777776,34.77,kaggle_tyre_strategy,stint,False,stint_summary
navenkumar1998/formula-1-dataset-with-weather-and-tyre-features,data\raw\kaggle_tyre_strategy\navenkumar1998__formula-1-dataset-with-weather-and-tyre-features\f1_all.parquet,2022,,,VET,4.0,Hard,42.0,22.2,29.1,kaggle_tyre_strategy,stint,False,stint_summary
navenkumar1998/formula-1-dataset-with-weather-and-tyre-features,data\raw\kaggle_tyre_strategy\navenkumar1998__formula-1-dataset-with-weather-and-tyre-features\f1_all.parquet,2022,,,VET,4.0,Medium,15.0,18.3,30.0,kaggle_tyre_strategy,stint,False,stint_summary
navenkumar1998/formula-1-dataset-with-weather-and-tyre-features,data\raw\kaggle_tyre_strategy\navenkumar1998__formula-1-dataset-with-weather-and-tyre-features\f1_all.parquet,2022,,,VET,4.0,Soft,8.0,22.7,33.4,kaggle_tyre_strategy,stint,False,stint_summary
navenkumar1998/formula-1-dataset-with-weather-and-tyre-features,data\raw\kaggle_tyre_strategy\navenkumar1998__formula-1-dataset-with-weather-and-tyre-features\f1_all.parquet,2022,,,VET,5.0,Soft,24.0,22.7,33.4,kaggle_tyre_strategy,stint,False,stint_summary
navenkumar1998/formula-1-dataset-with-weather-and-tyre-features,data\raw\kaggle_tyre_strategy\navenkumar1998__formula-1-dataset-with-weather-and-tyre-features\f1_all.parquet,2022,,,ZHO,1.0,Hard,24.0,20.3,30.399999999999995,kaggle_tyre_strategy,stint,False,stint_summary
navenkumar1998/formula-1-dataset-with-weather-and-tyre-features,data\raw\kaggle_tyre_strategy\navenkumar1998__formula-1-dataset-with-weather-and-tyre-features\f1_all.parquet,2022,,,ZHO,1.0,Intermediate,18.0,16.476923076923075,20.0,kaggle_tyre_strategy,stint,False,stint_summary
navenkumar1998/formula-1-dataset-with-weather-and-tyre-features,data\raw\kaggle_tyre_strategy\navenkumar1998__formula-1-dataset-with-weather-and-tyre-features\f1_all.parquet,2022,,,ZHO,1.0,Medium,45.0,24.4580310880829,37.99352331606217,kaggle_tyre_strategy,stint,False,stint_summary
navenkumar1998/formula-1-dataset-with-weather-and-tyre-features,data\raw\kaggle_tyre_strategy\navenkumar1998__formula-1-dataset-with-weather-and-tyre-features\f1_all.parquet,2022,,,ZHO,1.0,Soft,15.0,26.65945945945946,35.38648648648648,kaggle_tyre_strategy,stint,False,stint_summary
navenkumar1998/formula-1-dataset-with-weather-and-tyre-features,data\raw\kaggle_tyre_strategy\navenkumar1998__formula-1-dataset-with-weather-and-tyre-features\f1_all.parquet,2022,,,ZHO,1.0,Wet,19.0,22.2,29.1,kaggle_tyre_strategy,stint,False,stint_summary
navenkumar1998/formula-1-dataset-with-weather-and-tyre-features,data\raw\kaggle_tyre_strategy\navenkumar1998__formula-1-dataset-with-weather-and-tyre-features\f1_all.parquet,2022,,,ZHO,2.0,Hard,37.0,24.522380952380956,37.685476190476194,kaggle_tyre_strategy,stint,False,stint_summary
navenkumar1998/formula-1-dataset-with-weather-and-tyre-features,data\raw\kaggle_tyre_strategy\navenkumar1998__formula-1-dataset-with-weather-and-tyre-features\f1_all.parquet,2022,,,ZHO,2.0,Medium,44.0,20.94081632653061,28.067346938775508,kaggle_tyre_strategy,stint,False,stint_summary
navenkumar1998/formula-1-dataset-with-weather-and-tyre-features,data\raw\kaggle_tyre_strategy\navenkumar1998__formula-1-dataset-with-weather-and-tyre-features\f1_all.parquet,2022,,,ZHO,2.0,Soft,28.0,23.55,36.8,kaggle_tyre_strategy,stint,False,stint_summary
navenkumar1998/formula-1-dataset-with-weather-and-tyre-features,data\raw\kaggle_tyre_strategy\navenkumar1998__formula-1-dataset-with-weather-and-tyre-features\f1_all.parquet,2022,,,ZHO,2.0,Wet,7.0,16.2,19.4,kaggle_tyre_strategy,stint,False,stint_summary
navenkumar1998/formula-1-dataset-with-weather-and-tyre-features,data\raw\kaggle_tyre_strategy\navenkumar1998__formula-1-dataset-with-weather-and-tyre-features\f1_all.parquet,2022,,,ZHO,3.0,Hard,34.0,26.932352941176468,40.09754901960785,kaggle_tyre_strategy,stint,False,stint_summary
navenkumar1998/formula-1-dataset-with-weather-and-tyre-features,data\raw\kaggle_tyre_strategy\navenkumar1998__formula-1-dataset-with-weather-and-tyre-features\f1_all.parquet,2022,,,ZHO,3.0,Intermediate,9.0,16.2,19.4,kaggle_tyre_strategy,stint,False,stint_summary
navenkumar1998/formula-1-dataset-with-weather-and-tyre-features,data\raw\kaggle_tyre_strategy\navenkumar1998__formula-1-dataset-with-weather-and-tyre-features\f1_all.parquet,2022,,,ZHO,3.0,Medium,34.0,21.85952380952381,30.27857142857143,kaggle_tyre_strategy,stint,False,stint_summary
navenkumar1998/formula-1-dataset-with-weather-and-tyre-features,data\raw\kaggle_tyre_strategy\navenkumar1998__formula-1-dataset-with-weather-and-tyre-features\f1_all.parquet,2022,,,ZHO,3.0,Soft,18.0,20.1,31.170588235294115,kaggle_tyre_strategy,stint,False,stint_summary
navenkumar1998/formula-1-dataset-with-weather-and-tyre-features,data\raw\kaggle_tyre_strategy\navenkumar1998__formula-1-dataset-with-weather-and-tyre-features\f1_all.parquet,2022,,,ZHO,4.0,Intermediate,10.0,16.2,19.4,kaggle_tyre_strategy,stint,False,stint_summary
navenkumar1998/formula-1-dataset-with-weather-and-tyre-features,data\raw\kaggle_tyre_strategy\navenkumar1998__formula-1-dataset-with-weather-and-tyre-features\f1_all.parquet,2022,,,ZHO,4.0,Soft,15.0,23.16153846153846,28.32307692307692,kaggle_tyre_strategy,stint,False,stint_summary
navenkumar1998/formula-1-dataset-with-weather-and-tyre-features,data\raw\kaggle_tyre_strategy\navenkumar1998__formula-1-dataset-with-weather-and-tyre-features\f1_all.parquet,2022,,,ZHO,5.0,Soft,20.0,22.7,33.4,kaggle_tyre_strategy,stint,False,stint_summary
navenkumar1998/formula-1-dataset-with-weather-and-tyre-features,data\raw\kaggle_tyre_strategy\navenkumar1998__formula-1-dataset-with-weather-and-tyre-features\f1_all.parquet,2023,,,ALB,1.0,Hard,33.0,25.7,46.95,kaggle_tyre_strategy,stint,False,stint_summary
navenkumar1998/formula-1-dataset-with-weather-and-tyre-features,data\raw\kaggle_tyre_strategy\navenkumar1998__formula-1-dataset-with-weather-and-tyre-features\f1_all.parquet,2023,,,ALB,1.0,Medium,32.0,25.521363636363635,34.44340909090909,kaggle_tyre_strategy,stint,False,stint_summary
navenkumar1998/formula-1-dataset-with-weather-and-tyre-features,data\raw\kaggle_tyre_strategy\navenkumar1998__formula-1-dataset-with-weather-and-tyre-features\f1_all.parquet,2023,,,ALB,1.0,Soft,44.0,19.628205128205128,27.8,kaggle_tyre_strategy,stint,False,stint_summary
navenkumar1998/formula-1-dataset-with-weather-and-tyre-features,data\raw\kaggle_tyre_strategy\navenkumar1998__formula-1-dataset-with-weather-and-tyre-features\f1_all.parquet,2023,,,ALB,2.0,Hard,58.0,24.83681318681319,35.575274725274724,kaggle_tyre_strategy,stint,False,stint_summary
navenkumar1998/formula-1-dataset-with-weather-and-tyre-features,data\raw\kaggle_tyre_strategy\navenkumar1998__formula-1-dataset-with-weather-and-tyre-features\f1_all.parquet,2023,,,ALB,2.0,Medium,17.0,22.674647887323943,32.64859154929578,kaggle_tyre_strategy,stint,False,stint_summary
navenkumar1998/formula-1-dataset-with-weather-and-tyre-features,data\raw\kaggle_tyre_strategy\navenkumar1998__formula-1-dataset-with-weather-and-tyre-features\f1_all.parquet,2023,,,ALB,2.0,Soft,24.0,23.9,30.142857142857142,kaggle_tyre_strategy,stint,False,stint_summary
navenkumar1998/formula-1-dataset-with-weather-and-tyre-features,data\raw\kaggle_tyre_strategy\navenkumar1998__formula-1-dataset-with-weather-and-tyre-features\f1_all.parquet,2023,,,ALB,3.0,Hard,38.0,27.120560747663557,38.46168224299066,kaggle_tyre_strategy,stint,False,stint_summary
navenkumar1998/formula-1-dataset-with-weather-and-tyre-features,data\raw\kaggle_tyre_strategy\navenkumar1998__formula-1-dataset-with-weather-and-tyre-features\f1_all.parquet,2023,,,ALB,3.0,Intermediate,25.0,24.692592592592597,38.470370370370375,kaggle_tyre_strategy,stint,False,stint_summary
navenkumar1998/formula-1-dataset-with-weather-and-tyre-features,data\raw\kaggle_tyre_strategy\navenkumar1998__formula-1-dataset-with-weather-and-tyre-features\f1_all.parquet,2023,,,ALB,3.0,Medium,38.0,25.88677685950413,38.831818181818186,kaggle_tyre_strategy,stint,False,stint_summary
navenkumar1998/formula-1-dataset-with-weather-and-tyre-features,data\raw\kaggle_tyre_strategy\navenkumar1998__formula-1-dataset-with-weather-and-tyre-features\f1_all.parquet,2023,,,ALB,3.0,Soft,13.0,27.300000000000004,43.2,kaggle_tyre_strategy,stint,False,stint_summary
navenkumar1998/formula-1-dataset-with-weather-and-tyre-features,data\raw\kaggle_tyre_strategy\navenkumar1998__formula-1-dataset-with-weather-and-tyre-features\f1_all.parquet,2023,,,ALB,4.0,Hard,30.0,25.22093023255814,33.54186046511628,kaggle_tyre_strategy,stint,False,stint_summary
navenkumar1998/formula-1-dataset-with-weather-and-tyre-features,data\raw\kaggle_tyre_strategy\navenkumar1998__formula-1-dataset-with-weather-and-tyre-features\f1_all.parquet,2023,,,ALB,4.0,Intermediate,6.0,17.1,25.6,kaggle_tyre_strategy,stint,False,stint_summary
navenkumar1998/formula-1-dataset-with-weather-and-tyre-features,data\raw\kaggle_tyre_strategy\navenkumar1998__formula-1-dataset-with-weather-and-tyre-features\f1_all.parquet,2023,,,ALB,4.0,Soft,17.0,23.485714285714288,29.65714285714285,kaggle_tyre_strategy,stint,False,stint_summary
navenkumar1998/formula-1-dataset-with-weather-and-tyre-features,data\raw\kaggle_tyre_strategy\navenkumar1998__formula-1-dataset-with-weather-and-tyre-features\f1_all.parquet,2023,,,ALB,5.0,Intermediate,14.0,17.1,25.6,kaggle_tyre_strategy,stint,False,stint_summary
navenkumar1998/formula-1-dataset-with-weather-and-tyre-features,data\raw\kaggle_tyre_strategy\navenkumar1998__formula-1-dataset-with-weather-and-tyre-features\f1_all.parquet,2023,,,ALO,1.0,Hard,55.0,25.2,39.23214285714285,kaggle_tyre_strategy,stint,False,stint_summary
navenkumar1998/formula-1-dataset-with-weather-and-tyre-features,data\raw\kaggle_tyre_strategy\navenkumar1998__formula-1-dataset-with-weather-and-tyre-features\f1_all.parquet,2023,,,ALO,1.0,Medium,34.0,25.88032128514056,37.40481927710844,kaggle_tyre_strategy,stint,False,stint_summary
navenkumar1998/formula-1-dataset-with-weather-and-tyre-features,data\raw\kaggle_tyre_strategy\navenkumar1998__formula-1-dataset-with-weather-and-tyre-features\f1_all.parquet,2023,,,ALO,1.0,Soft,22.0,24.6,34.16914893617022,kaggle_tyre_strategy,stint,False,stint_summary
navenkumar1998/formula-1-dataset-with-weather-and-tyre-features,data\raw\kaggle_tyre_strategy\navenkumar1998__formula-1-dataset-with-weather-and-tyre-features\f1_all.parquet,2023,,,ALO,2.0,Hard,47.0,24.496935933147636,35.02214484679666,kaggle_tyre_strategy,stint,False,stint_summary
navenkumar1998/formula-1-dataset-with-weather-and-tyre-features,data\raw\kaggle_tyre_strategy\navenkumar1998__formula-1-dataset-with-weather-and-tyre-features\f1_all.parquet,2023,,,ALO,2.0,Intermediate,8.0,17.1,25.6,kaggle_tyre_strategy,stint,False,stint_summary
navenkumar1998/formula-1-dataset-with-weather-and-tyre-features,data\raw\kaggle_tyre_strategy\navenkumar1998__formula-1-dataset-with-weather-and-tyre-features\f1_all.parquet,2023,,,ALO,2.0,Medium,23.0,26.382758620689657,35.65344827586207,kaggle_tyre_strategy,stint,False,stint_summary
navenkumar1998/formula-1-dataset-with-weather-and-tyre-features,data\raw\kaggle_tyre_strategy\navenkumar1998__formula-1-dataset-with-weather-and-tyre-features\f1_all.parquet,2023,,,ALO,2.0,Soft,28.0,21.866666666666667,31.285555555555558,kaggle_tyre_strategy,stint,False,stint_summary
navenkumar1998/formula-1-dataset-with-weather-and-tyre-features,data\raw\kaggle_tyre_strategy\navenkumar1998__formula-1-dataset-with-weather-and-tyre-features\f1_all.parquet,2023,,,ALO,3.0,Hard,29.0,25.06995305164319,35.35446009389671,kaggle_tyre_strategy,stint,False,stint_summary
navenkumar1998/formula-1-dataset-with-weather-and-tyre-features,data\raw\kaggle_tyre_strategy\navenkumar1998__formula-1-dataset-with-weather-and-tyre-features\f1_all.parquet,2023,,,ALO,3.0,Intermediate,23.0,25.3,39.5,kaggle_tyre_strategy,stint,False,stint_summary
navenkumar1998/formula-1-dataset-with-weather-and-tyre-features,data\raw\kaggle_tyre_strategy\navenkumar1998__formula-1-dataset-with-weather-and-tyre-features\f1_all.parquet,2023,,,ALO,3.0,Medium,29.0,22.5,32.0,kaggle_tyre_strategy,stint,False,stint_summary
navenkumar1998/formula-1-dataset-with-weather-and-tyre-features,data\raw\kaggle_tyre_strategy\navenkumar1998__formula-1-dataset-with-weather-and-tyre-features\f1_all.parquet,2023,,,ALO,3.0,Soft,38.0,20.447916666666668,33.485416666666666,kaggle_tyre_strategy,stint,False,stint_summary
navenkumar1998/formula-1-dataset-with-weather-and-tyre-features,data\raw\kaggle_tyre_strategy\navenkumar1998__formula-1-dataset-with-weather-and-tyre-features\f1_all.parquet,2023,,,ALO,4.0,Medium,27.0,23.677419354838708,38.711290322580645,kaggle_tyre_strategy,stint,False,stint_summary
navenkumar1998/formula-1-dataset-with-weather-and-tyre-features,data\raw\kaggle_tyre_strategy\navenkumar1998__formula-1-dataset-with-weather-and-tyre-features\f1_all.parquet,2023,,,ALO,4.0,Soft,15.0,17.12857142857143,25.982142857142858,kaggle_tyre_strategy,stint,False,stint_summary
navenkumar1998/formula-1-dataset-with-weather-and-tyre-features,data\raw\kaggle_tyre_strategy\navenkumar1998__formula-1-dataset-with-weather-and-tyre-features\f1_all.parquet,2023,,,ALO,5.0,Intermediate,6.0,17.1,25.600000000000005,kaggle_tyre_strategy,stint,False,stint_summary
navenkumar1998/formula-1-dataset-with-weather-and-tyre-features,data\raw\kaggle_tyre_strategy\navenkumar1998__formula-1-dataset-with-weather-and-tyre-features\f1_all.parquet,2023,,,ALO,5.0,Soft,24.0,20.5,47.9,kaggle_tyre_strategy,stint,False,stint_summary
navenkumar1998/formula-1-dataset-with-weather-and-tyre-features,data\raw\kaggle_tyre_strategy\navenkumar1998__formula-1-dataset-with-weather-and-tyre-features\f1_all.parquet,2023,,,ALO,6.0,Intermediate,14.0,17.1,25.6,kaggle_tyre_strategy,stint,False,stint_summary
navenkumar1998/formula-1-dataset-with-weather-and-tyre-features,data\raw\kaggle_tyre_strategy\navenkumar1998__formula-1-dataset-with-weather-and-tyre-features\f1_all.parquet,2023,,,BOT,1.0,Hard,51.0,25.15674418604651,35.45627906976744,kaggle_tyre_strategy,stint,False,stint_summary
navenkumar1998/formula-1-dataset-with-weather-and-tyre-features,data\raw\kaggle_tyre_strategy\navenkumar1998__formula-1-dataset-with-weather-and-tyre-features\f1_all.parquet,2023,,,BOT,1.0,Medium,31.0,26.748148148148147,41.74074074074074,kaggle_tyre_strategy,stint,False,stint_summary
navenkumar1998/formula-1-dataset-with-weather-and-tyre-features,data\raw\kaggle_tyre_strategy\navenkumar1998__formula-1-dataset-with-weather-and-tyre-features\f1_all.parquet,2023,,,BOT,1.0,Soft,16.0,21.588636363636365,29.71590909090909,kaggle_tyre_strategy,stint,False,stint_summary
navenkumar1998/formula-1-dataset-with-weather-and-tyre-features,data\raw\kaggle_tyre_strategy\navenkumar1998__formula-1-dataset-with-weather-and-tyre-features\f1_all.parquet,2023,,,BOT,2.0,Hard,42.0,24.97655502392345,34.58205741626794,kaggle_tyre_strategy,stint,False,stint_summary
navenkumar1998/formula-1-dataset-with-weather-and-tyre-features,data\raw\kaggle_tyre_strategy\navenkumar1998__formula-1-dataset-with-weather-and-tyre-features\f1_all.parquet,2023,,,BOT,2.0,Intermediate,26.0,25.300000000000004,39.5,kaggle_tyre_strategy,stint,False,stint_summary
navenkumar1998/formula-1-dataset-with-weather-and-tyre-features,data\raw\kaggle_tyre_strategy\navenkumar1998__formula-1-dataset-with-weather-and-tyre-features\f1_all.parquet,2023,,,BOT,2.0,Medium,34.0,23.50843373493976,32.84939759036145,kaggle_tyre_strategy,stint,False,stint_summary
navenkumar1998/formula-1-dataset-with-weather-and-tyre-features,data\raw\kaggle_tyre_strategy\navenkumar1998__formula-1-dataset-with-weather-and-tyre-features\f1_all.parquet,2023,,,BOT,2.0,Soft,20.0,22.57692307692308,33.073076923076925,kaggle_tyre_strategy,stint,False,stint_summary
navenkumar1998/formula-1-dataset-with-weather-and-tyre-features,data\raw\kaggle_tyre_strategy\navenkumar1998__formula-1-dataset-with-weather-and-tyre-features\f1_all.parquet,2023,,,BOT,3.0,Hard,52.0,25.214957264957267,38.42799145299145,kaggle_tyre_strategy,stint,False,stint_summary
navenkumar1998/formula-1-dataset-with-weather-and-tyre-features,data\raw\kaggle_tyre_strategy\navenkumar1998__formula-1-dataset-with-weather-and-tyre-features\f1_all.parquet,2023,,,BOT,3.0,Medium,26.0,20.74096385542169,26.549397590361444,kaggle_tyre_strategy,stint,False,stint_summary
navenkumar1998/formula-1-dataset-with-weather-and-tyre-features,data\raw\kaggle_tyre_strategy\navenkumar1998__formula-1-dataset-with-weather-and-tyre-features\f1_all.parquet,2023,,,BOT,3.0,Soft,16.0,19.042857142857144,38.34285714285714,kaggle_tyre_strategy,stint,False,stint_summary
navenkumar1998/formula-1-dataset-with-weather-and-tyre-features,data\raw\kaggle_tyre_strategy\navenkumar1998__formula-1-dataset-with-weather-and-tyre-features\f1_all.parquet,2023,,,BOT,4.0,Hard,30.0,25.875,33.9125,kaggle_tyre_strategy,stint,False,stint_summary
navenkumar1998/formula-1-dataset-with-weather-and-tyre-features,data\raw\kaggle_tyre_strategy\navenkumar1998__formula-1-dataset-with-weather-and-tyre-features\f1_all.parquet,2023,,,BOT,4.0,Intermediate,4.0,17.1,25.6,kaggle_tyre_strategy,stint,False,stint_summary
navenkumar1998/formula-1-dataset-with-weather-and-tyre-features,data\raw\kaggle_tyre_strategy\navenkumar1998__formula-1-dataset-with-weather-and-tyre-features\f1_all.parquet,2023,,,BOT,4.0,Medium,21.0,22.4027027027027,45.240540540540536,kaggle_tyre_strategy,stint,False,stint_summary
navenkumar1998/formula-1-dataset-with-weather-and-tyre-features,data\raw\kaggle_tyre_strategy\navenkumar1998__formula-1-dataset-with-weather-and-tyre-features\f1_all.parquet,2023,,,BOT,4.0,Soft,14.0,25.433333333333334,31.55666666666667,kaggle_tyre_strategy,stint,False,stint_summary
navenkumar1998/formula-1-dataset-with-weather-and-tyre-features,data\raw\kaggle_tyre_strategy\navenkumar1998__formula-1-dataset-with-weather-and-tyre-features\f1_all.parquet,2023,,,BOT,5.0,Intermediate,1.0,17.1,25.6,kaggle_tyre_strategy,stint,False,stint_summary
navenkumar1998/formula-1-dataset-with-weather-and-tyre-features,data\raw\kaggle_tyre_strategy\navenkumar1998__formula-1-dataset-with-weather-and-tyre-features\f1_all.parquet,2023,,,BOT,5.0,Soft,2.0,17.5,30.95,kaggle_tyre_strategy,stint,False,stint_summary
navenkumar1998/formula-1-dataset-with-weather-and-tyre-features,data\raw\kaggle_tyre_strategy\navenkumar1998__formula-1-dataset-with-weather-and-tyre-features\f1_all.parquet,2023,,,BOT,6.0,Intermediate,9.0,17.1,25.6,kaggle_tyre_strategy,stint,False,stint_summary
navenkumar1998/formula-1-dataset-with-weather-and-tyre-features,data\raw\kaggle_tyre_strategy\navenkumar1998__formula-1-dataset-with-weather-and-tyre-features\f1_all.parquet,2023,,,BOT,6.0,Soft,4.0,17.5,30.95,kaggle_tyre_strategy,stint,False,stint_summary
navenkumar1998/formula-1-dataset-with-weather-and-tyre-features,data\raw\kaggle_tyre_strategy\navenkumar1998__formula-1-dataset-with-weather-and-tyre-features\f1_all.parquet,2023,,,BOT,7.0,Soft,5.0,17.5,30.95,kaggle_tyre_strategy,stint,False,stint_summary
navenkumar1998/formula-1-dataset-with-weather-and-tyre-features,data\raw\kaggle_tyre_strategy\navenkumar1998__formula-1-dataset-with-weather-and-tyre-features\f1_all.parquet,2023,,,DEV,1.0,Hard,9.0,21.41764705882353,36.66764705882353,kaggle_tyre_strategy,stint,False,stint_summary
navenkumar1998/formula-1-dataset-with-weather-and-tyre-features,data\raw\kaggle_tyre_strategy\navenkumar1998__formula-1-dataset-with-weather-and-tyre-features\f1_all.parquet,2023,,,DEV,1.0,Medium,53.0,24.910204081632656,36.34183673469388,kaggle_tyre_strategy,stint,False,stint_summary
navenkumar1998/formula-1-dataset-with-weather-and-tyre-features,data\raw\kaggle_tyre_strategy\navenkumar1998__formula-1-dataset-with-weather-and-tyre-features\f1_all.parquet,2023,,,DEV,1.0,Soft,27.0,22.944680851063836,30.36063829787234,kaggle_tyre_strategy,stint,False,stint_summary
navenkumar1998/formula-1-dataset-with-weather-and-tyre-features,data\raw\kaggle_tyre_strategy\navenkumar1998__formula-1-dataset-with-weather-and-tyre-features\f1_all.parquet,2023,,,DEV,2.0,Hard,42.0,23.94213836477988,32.2814465408805,kaggle_tyre_strategy,stint,False,stint_summary
navenkumar1998/formula-1-dataset-with-weather-and-tyre-features,data\raw\kaggle_tyre_strategy\navenkumar1998__formula-1-dataset-with-weather-and-tyre-features\f1_all.parquet,2023,,,DEV,2.0,Intermediate,24.0,25.3,39.5,kaggle_tyre_strategy,stint,False,stint_summary
navenkumar1998/formula-1-dataset-with-weather-and-tyre-features,data\raw\kaggle_tyre_strategy\navenkumar1998__formula-1-dataset-with-weather-and-tyre-features\f1_all.parquet,2023,,,DEV,2.0,Medium,37.0,18.846153846153847,31.04134615384616,kaggle_tyre_strategy,stint,False,stint_summary
navenkumar1998/formula-1-dataset-with-weather-and-tyre-features,data\raw\kaggle_tyre_strategy\navenkumar1998__formula-1-dataset-with-weather-and-tyre-features\f1_all.parquet,2023,,,DEV,3.0,Hard,29.0,23.36438356164384,31.131506849315063,kaggle_tyre_strategy,stint,False,stint_summary
navenkumar1998/formula-1-dataset-with-weather-and-tyre-features,data\raw\kaggle_tyre_strategy\navenkumar1998__formula-1-dataset-with-weather-and-tyre-features\f1_all.parquet,2023,,,DEV,3.0,Medium,27.0,22.2,31.75,kaggle_tyre_strategy,stint,False,stint_summary
navenkumar1998/formula-1-dataset-with-weather-and-tyre-features,data\raw\kaggle_tyre_strategy\navenkumar1998__formula-1-dataset-with-weather-and-tyre-features\f1_all.parquet,2023,,,DEV,3.0,Soft,20.0,20.25862068965517,30.156896551724135,kaggle_tyre_strategy,stint,False,stint_summary
navenkumar1998/formula-1-dataset-with-weather-and-tyre-features,data\raw\kaggle_tyre_strategy\navenkumar1998__formula-1-dataset-with-weather-and-tyre-features\f1_all.parquet,2023,,,DEV,4.0,Medium,33.0,22.5,32.0,kaggle_tyre_strategy,stint,False,stint_summary
navenkumar1998/formula-1-dataset-with-weather-and-tyre-features,data\raw\kaggle_tyre_strategy\navenkumar1998__formula-1-dataset-with-weather-and-tyre-features\f1_all.parquet,2023,,,DEV,4.0,Soft,5.0,17.5,30.95,kaggle_tyre_strategy,stint,False,stint_summary
navenkumar1998/formula-1-dataset-with-weather-and-tyre-features,data\raw\kaggle_tyre_strategy\navenkumar1998__formula-1-dataset-with-weather-and-tyre-features\f1_all.parquet,2023,,,DEV,5.0,Soft,6.0,17.5,30.95,kaggle_tyre_strategy,stint,False,stint_summary
navenkumar1998/formula-1-dataset-with-weather-and-tyre-features,data\raw\kaggle_tyre_strategy\navenkumar1998__formula-1-dataset-with-weather-and-tyre-features\f1_all.parquet,2023,,,GAS,1.0,Hard,47.0,25.300000000000004,39.5,kaggle_tyre_strategy,stint,False,stint_summary
navenkumar1998/formula-1-dataset-with-weather-and-tyre-features,data\raw\kaggle_tyre_strategy\navenkumar1998__formula-1-dataset-with-weather-and-tyre-features\f1_all.parquet,2023,,,GAS,1.0,Medium,31.0,26.01990291262136,36.00995145631068,kaggle_tyre_strategy,stint,False,stint_summary
navenkumar1998/formula-1-dataset-with-weather-and-tyre-features,data\raw\kaggle_tyre_strategy\navenkumar1998__formula-1-dataset-with-weather-and-tyre-features\f1_all.parquet,2023,,,GAS,1.0,Soft,23.0,20.444444444444443,30.625,kaggle_tyre_strategy,stint,False,stint_summary
navenkumar1998/formula-1-dataset-with-weather-and-tyre-features,data\raw\kaggle_tyre_strategy\navenkumar1998__formula-1-dataset-with-weather-and-tyre-features\f1_all.parquet,2023,,,GAS,2.0,Hard,47.0,24.35079365079365,33.346825396825395,kaggle_tyre_strategy,stint,False,stint_summary
navenkumar1998/formula-1-dataset-with-weather-and-tyre-features,data\raw\kaggle_tyre_strategy\navenkumar1998__formula-1-dataset-with-weather-and-tyre-features\f1_all.parquet,2023,,,GAS,2.0,Intermediate,16.0,17.1,25.6,kaggle_tyre_strategy,stint,False,stint_summary
navenkumar1998/formula-1-dataset-with-weather-and-tyre-features,data\raw\kaggle_tyre_strategy\navenkumar1998__formula-1-dataset-with-weather-and-tyre-features\f1_all.parquet,2023,,,GAS,2.0,Medium,21.0,24.58936170212766,34.22872340425532,kaggle_tyre_strategy,stint,False,stint_summary
navenkumar1998/formula-1-dataset-with-weather-and-tyre-features,data\raw\kaggle_tyre_strategy\navenkumar1998__formula-1-dataset-with-weather-and-tyre-features\f1_all.parquet,2023,,,GAS,2.0,Soft,18.0,21.4375,30.93125,kaggle_tyre_strategy,stint,False,stint_summary
navenkumar1998/formula-1-dataset-with-weather-and-tyre-features,data\raw\kaggle_tyre_strategy\navenkumar1998__formula-1-dataset-with-weather-and-tyre-features\f1_all.parquet,2023,,,GAS,3.0,Hard,43.0,24.928125,36.862109375,kaggle_tyre_strategy,stint,False,stint_summary
navenkumar1998/formula-1-dataset-with-weather-and-tyre-features,data\raw\kaggle_tyre_strategy\navenkumar1998__formula-1-dataset-with-weather-and-tyre-features\f1_all.parquet,2023,,,GAS,3.0,Intermediate,24.0,25.3,39.5,kaggle_tyre_strategy,stint,False,stint_summary
navenkumar1998/formula-1-dataset-with-weather-and-tyre-features,data\raw\kaggle_tyre_strategy\navenkumar1998__formula-1-dataset-with-weather-and-tyre-features\f1_all.parquet,2023,,,GAS,3.0,Medium,20.0,29.3,43.0,kaggle_tyre_strategy,stint,False,stint_summary
navenkumar1998/formula-1-dataset-with-weather-and-tyre-features,data\raw\kaggle_tyre_strategy\navenkumar1998__formula-1-dataset-with-weather-and-tyre-features\f1_all.parquet,2023,,,GAS,3.0,Soft,35.0,18.466666666666665,34.60916666666667,kaggle_tyre_strategy,stint,False,stint_summary
navenkumar1998/formula-1-dataset-with-weather-and-tyre-features,data\raw\kaggle_tyre_strategy\navenkumar1998__formula-1-dataset-with-weather-and-tyre-features\f1_all.parquet,2023,,,GAS,4.0,Medium,27.0,23.78333333333333,38.405,kaggle_tyre_strategy,stint,False,stint_summary
navenkumar1998/formula-1-dataset-with-weather-and-tyre-features,data\raw\kaggle_tyre_strategy\navenkumar1998__formula-1-dataset-with-weather-and-tyre-features\f1_all.parquet,2023,,,GAS,4.0,Soft,17.0,22.583870967741937,28.34193548387097,kaggle_tyre_strategy,stint,False,stint_summary
navenkumar1998/formula-1-dataset-with-weather-and-tyre-features,data\raw\kaggle_tyre_strategy\navenkumar1998__formula-1-dataset-with-weather-and-tyre-features\f1_all.parquet,2023,,,GAS,5.0,Intermediate,4.0,17.1,25.6,kaggle_tyre_strategy,stint,False,stint_summary
navenkumar1998/formula-1-dataset-with-weather-and-tyre-features,data\raw\kaggle_tyre_strategy\navenkumar1998__formula-1-dataset-with-weather-and-tyre-features\f1_all.parquet,2023,,,GAS,5.0,Soft,25.0,20.5,47.9,kaggle_tyre_strategy,stint,False,stint_summary
navenkumar1998/formula-1-dataset-with-weather-and-tyre-features,data\raw\kaggle_tyre_strategy\navenkumar1998__formula-1-dataset-with-weather-and-tyre-features\f1_all.parquet,2023,,,GAS,6.0,Intermediate,12.0,17.1,25.6,kaggle_tyre_strategy,stint,False,stint_summary
navenkumar1998/formula-1-dataset-with-weather-and-tyre-features,data\raw\kaggle_tyre_strategy\navenkumar1998__formula-1-dataset-with-weather-and-tyre-features\f1_all.parquet,2023,,,HAM,1.0,Hard,37.0,25.93737373737374,33.68484848484849,kaggle_tyre_strategy,stint,False,stint_summary
navenkumar1998/formula-1-dataset-with-weather-and-tyre-features,data\raw\kaggle_tyre_strategy\navenkumar1998__formula-1-dataset-with-weather-and-tyre-features\f1_all.parquet,2023,,,HAM,1.0,Medium,33.0,25.36315789473684,38.14377990430622,kaggle_tyre_strategy,stint,False,stint_summary
navenkumar1998/formula-1-dataset-with-weather-and-tyre-features,data\raw\kaggle_tyre_strategy\navenkumar1998__formula-1-dataset-with-weather-and-tyre-features\f1_all.parquet,2023,,,HAM,1.0,Soft,27.0,22.312244897959182,30.928571428571427,kaggle_tyre_strategy,stint,False,stint_summary
navenkumar1998/formula-1-dataset-with-weather-and-tyre-features,data\raw\kaggle_tyre_strategy\navenkumar1998__formula-1-dataset-with-weather-and-tyre-features\f1_all.parquet,2023,,,HAM,2.0,Hard,47.0,24.79430604982206,37.88113879003559,kaggle_tyre_strategy,stint,False,stint_summary
navenkumar1998/formula-1-dataset-with-weather-and-tyre-features,data\raw\kaggle_tyre_strategy\navenkumar1998__formula-1-dataset-with-weather-and-tyre-features\f1_all.parquet,2023,,,HAM,2.0,Intermediate,6.0,17.1,25.600000000000005,kaggle_tyre_strategy,stint,False,stint_summary
navenkumar1998/formula-1-dataset-with-weather-and-tyre-features,data\raw\kaggle_tyre_strategy\navenkumar1998__formula-1-dataset-with-weather-and-tyre-features\f1_all.parquet,2023,,,HAM,2.0,Medium,32.0,24.31086956521739,32.89782608695653,kaggle_tyre_strategy,stint,False,stint_summary
navenkumar1998/formula-1-dataset-with-weather-and-tyre-features,data\raw\kaggle_tyre_strategy\navenkumar1998__formula-1-dataset-with-weather-and-tyre-features\f1_all.parquet,2023,,,HAM,2.0,Soft,22.0,21.45,30.705,kaggle_tyre_strategy,stint,False,stint_summary
navenkumar1998/formula-1-dataset-with-weather-and-tyre-features,data\raw\kaggle_tyre_strategy\navenkumar1998__formula-1-dataset-with-weather-and-tyre-features\f1_all.parquet,2023,,,HAM,3.0,Hard,28.0,24.22396694214876,30.78181818181818,kaggle_tyre_strategy,stint,False,stint_summary
navenkumar1998/formula-1-dataset-with-weather-and-tyre-features,data\raw\kaggle_tyre_strategy\navenkumar1998__formula-1-dataset-with-weather-and-tyre-features\f1_all.parquet,2023,,,HAM,3.0,Intermediate,24.0,25.3,39.5,kaggle_tyre_strategy,stint,False,stint_summary
navenkumar1998/formula-1-dataset-with-weather-and-tyre-features,data\raw\kaggle_tyre_strategy\navenkumar1998__formula-1-dataset-with-weather-and-tyre-features\f1_all.parquet,2023,,,HAM,3.0,Medium,41.0,25.837903225806453,40.891935483870974,kaggle_tyre_strategy,stint,False,stint_summary
navenkumar1998/formula-1-dataset-with-weather-and-tyre-features,data\raw\kaggle_tyre_strategy\navenkumar1998__formula-1-dataset-with-weather-and-tyre-features\f1_all.parquet,2023,,,HAM,3.0,Soft,36.0,18.85058823529412,31.540000000000003,kaggle_tyre_strategy,stint,False,stint_summary
navenkumar1998/formula-1-dataset-with-weather-and-tyre-features,data\raw\kaggle_tyre_strategy\navenkumar1998__formula-1-dataset-with-weather-and-tyre-features\f1_all.parquet,2023,,,HAM,4.0,Medium,29.0,21.394915254237286,39.41694915254237,kaggle_tyre_strategy,stint,False,stint_summary
navenkumar1998/formula-1-dataset-with-weather-and-tyre-features,data\raw\kaggle_tyre_strategy\navenkumar1998__formula-1-dataset-with-weather-and-tyre-features\f1_all.parquet,2023,,,HAM,4.0,Soft,15.0,17.125,25.934375000000003,kaggle_tyre_strategy,stint,False,stint_summary
navenkumar1998/formula-1-dataset-with-weather-and-tyre-features,data\raw\kaggle_tyre_strategy\navenkumar1998__formula-1-dataset-with-weather-and-tyre-features\f1_all.parquet,2023,,,HAM,5.0,Intermediate,10.0,17.1,25.6,kaggle_tyre_strategy,stint,False,stint_summary
navenkumar1998/formula-1-dataset-with-weather-and-tyre-features,data\raw\kaggle_tyre_strategy\navenkumar1998__formula-1-dataset-with-weather-and-tyre-features\f1_all.parquet,2023,,,HAM,5.0,Soft,28.0,20.5,47.9,kaggle_tyre_strategy,stint,False,stint_summary
navenkumar1998/formula-1-dataset-with-weather-and-tyre-features,data\raw\kaggle_tyre_strategy\navenkumar1998__formula-1-dataset-with-weather-and-tyre-features\f1_all.parquet,2023,,,HAM,6.0,Intermediate,14.0,17.1,25.6,kaggle_tyre_strategy,stint,False,stint_summary
navenkumar1998/formula-1-dataset-with-weather-and-tyre-features,data\raw\kaggle_tyre_strategy\navenkumar1998__formula-1-dataset-with-weather-and-tyre-features\f1_all.parquet,2023,,,HUL,1.0,Hard,49.0,26.26666666666667,38.789351851851855,kaggle_tyre_strategy,stint,False,stint_summary
navenkumar1998/formula-1-dataset-with-weather-and-tyre-features,data\raw\kaggle_tyre_strategy\navenkumar1998__formula-1-dataset-with-weather-and-tyre-features\f1_all.parquet,2023,,,HUL,1.0,Medium,23.0,25.361538461538466,36.451602564102565,kaggle_tyre_strategy,stint,False,stint_summary
navenkumar1998/formula-1-dataset-with-weather-and-tyre-features,data\raw\kaggle_tyre_strategy\navenkumar1998__formula-1-dataset-with-weather-and-tyre-features\f1_all.parquet,2023,,,HUL,1.0,Soft,16.0,22.45909090909091,31.675,kaggle_tyre_strategy,stint,False,stint_summary
navenkumar1998/formula-1-dataset-with-weather-and-tyre-features,data\raw\kaggle_tyre_strategy\navenkumar1998__formula-1-dataset-with-weather-and-tyre-features\f1_all.parquet,2023,,,HUL,2.0,Hard,53.0,25.154968944099377,35.62329192546584,kaggle_tyre_strategy,stint,False,stint_summary
navenkumar1998/formula-1-dataset-with-weather-and-tyre-features,data\raw\kaggle_tyre_strategy\navenkumar1998__formula-1-dataset-with-weather-and-tyre-features\f1_all.parquet,2023,,,HUL,2.0,Medium,32.0,23.095620437956203,32.762773722627735,kaggle_tyre_strategy,stint,False,stint_summary
navenkumar1998/formula-1-dataset-with-weather-and-tyre-features,data\raw\kaggle_tyre_strategy\navenkumar1998__formula-1-dataset-with-weather-and-tyre-features\f1_all.parquet,2023,,,HUL,2.0,Soft,12.0,18.43846153846154,29.24230769230769,kaggle_tyre_strategy,stint,False,stint_summary
navenkumar1998/formula-1-dataset-with-weather-and-tyre-features,data\raw\kaggle_tyre_strategy\navenkumar1998__formula-1-dataset-with-weather-and-tyre-features\f1_all.parquet,2023,,,HUL,3.0,Hard,38.0,23.875776397515526,34.3360248447205,kaggle_tyre_strategy,stint,False,stint_summary
navenkumar1998/formula-1-dataset-with-weather-and-tyre-features,data\raw\kaggle_tyre_strategy\navenkumar1998__formula-1-dataset-with-weather-and-tyre-features\f1_all.parquet,2023,,,HUL,3.0,Intermediate,5.0,25.3,39.5,kaggle_tyre_strategy,stint,False,stint_summary
navenkumar1998/formula-1-dataset-with-weather-and-tyre-features,data\raw\kaggle_tyre_strategy\navenkumar1998__formula-1-dataset-with-weather-and-tyre-features\f1_all.parquet,2023,,,HUL,3.0,Medium,37.0,28.212195121951225,43.301829268292686,kaggle_tyre_strategy,stint,False,stint_summary
navenkumar1998/formula-1-dataset-with-weather-and-tyre-features,data\raw\kaggle_tyre_strategy\navenkumar1998__formula-1-dataset-with-weather-and-tyre-features\f1_all.parquet,2023,,,HUL,3.0,Soft,22.0,19.42054794520548,33.413698630136984,kaggle_tyre_strategy,stint,False,stint_summary
navenkumar1998/formula-1-dataset-with-weather-and-tyre-features,data\raw\kaggle_tyre_strategy\navenkumar1998__formula-1-dataset-with-weather-and-tyre-features\f1_all.parquet,2023,,,HUL,4.0,Hard,17.0,31.5,37.1,kaggle_tyre_strategy,stint,False,stint_summary
navenkumar1998/formula-1-dataset-with-weather-and-tyre-features,data\raw\kaggle_tyre_strategy\navenkumar1998__formula-1-dataset-with-weather-and-tyre-features\f1_all.parquet,2023,,,HUL,4.0,Intermediate,6.0,17.1,25.600000000000005,kaggle_tyre_strategy,stint,False,stint_summary
navenkumar1998/formula-1-dataset-with-weather-and-tyre-features,data\raw\kaggle_tyre_strategy\navenkumar1998__formula-1-dataset-with-weather-and-tyre-features\f1_all.parquet,2023,,,HUL,4.0,Medium,22.0,24.267567567567568,36.391891891891895,kaggle_tyre_strategy,stint,False,stint_summary
navenkumar1998/formula-1-dataset-with-weather-and-tyre-features,data\raw\kaggle_tyre_strategy\navenkumar1998__formula-1-dataset-with-weather-and-tyre-features\f1_all.parquet,2023,,,HUL,4.0,Soft,28.0,22.942857142857143,40.90595238095238,kaggle_tyre_strategy,stint,False,stint_summary
navenkumar1998/formula-1-dataset-with-weather-and-tyre-features,data\raw\kaggle_tyre_strategy\navenkumar1998__formula-1-dataset-with-weather-and-tyre-features\f1_all.parquet,2023,,,HUL,4.0,Wet,17.0,25.3,39.5,kaggle_tyre_strategy,stint,False,stint_summary
navenkumar1998/formula-1-dataset-with-weather-and-tyre-features,data\raw\kaggle_tyre_strategy\navenkumar1998__formula-1-dataset-with-weather-and-tyre-features\f1_all.parquet,2023,,,HUL,5.0,Intermediate,5.0,17.1,25.6,kaggle_tyre_strategy,stint,False,stint_summary
navenkumar1998/formula-1-dataset-with-weather-and-tyre-features,data\raw\kaggle_tyre_strategy\navenkumar1998__formula-1-dataset-with-weather-and-tyre-features\f1_all.parquet,2023,,,HUL,5.0,Soft,27.0,20.5,47.9,kaggle_tyre_strategy,stint,False,stint_summary
navenkumar1998/formula-1-dataset-with-weather-and-tyre-features,data\raw\kaggle_tyre_strategy\navenkumar1998__formula-1-dataset-with-weather-and-tyre-features\f1_all.parquet,2023,,,HUL,6.0,Intermediate,13.0,17.1,25.6,kaggle_tyre_strategy,stint,False,stint_summary
navenkumar1998/formula-1-dataset-with-weather-and-tyre-features,data\raw\kaggle_tyre_strategy\navenkumar1998__formula-1-dataset-with-weather-and-tyre-features\f1_all.parquet,2023,,,LAW,1.0,Medium,20.0,29.663636363636364,39.0,kaggle_tyre_strategy,stint,False,stint_summary
navenkumar1998/formula-1-dataset-with-weather-and-tyre-features,data\raw\kaggle_tyre_strategy\navenkumar1998__formula-1-dataset-with-weather-and-tyre-features\f1_all.parquet,2023,,,LAW,1.0,Soft,10.0,27.47142857142857,40.63571428571429,kaggle_tyre_strategy,stint,False,stint_summary
navenkumar1998/formula-1-dataset-with-weather-and-tyre-features,data\raw\kaggle_tyre_strategy\navenkumar1998__formula-1-dataset-with-weather-and-tyre-features\f1_all.parquet,2023,,,LAW,2.0,Hard,42.0,30.110000000000003,38.2075,kaggle_tyre_strategy,stint,False,stint_summary
navenkumar1998/formula-1-dataset-with-weather-and-tyre-features,data\raw\kaggle_tyre_strategy\navenkumar1998__formula-1-dataset-with-weather-and-tyre-features\f1_all.parquet,2023,,,LAW,2.0,Intermediate,14.0,17.1,25.6,kaggle_tyre_strategy,stint,False,stint_summary
navenkumar1998/formula-1-dataset-with-weather-and-tyre-features,data\raw\kaggle_tyre_strategy\navenkumar1998__formula-1-dataset-with-weather-and-tyre-features\f1_all.parquet,2023,,,LAW,2.0,Medium,15.0,27.3,43.2,kaggle_tyre_strategy,stint,False,stint_summary
navenkumar1998/formula-1-dataset-with-weather-and-tyre-features,data\raw\kaggle_tyre_strategy\navenkumar1998__formula-1-dataset-with-weather-and-tyre-features\f1_all.parquet,2023,,,LAW,3.0,Hard,27.0,28.98,40.76,kaggle_tyre_strategy,stint,False,stint_summary
navenkumar1998/formula-1-dataset-with-weather-and-tyre-features,data\raw\kaggle_tyre_strategy\navenkumar1998__formula-1-dataset-with-weather-and-tyre-features\f1_all.parquet,2023,,,LAW,3.0,Medium,21.0,29.3,43.0,kaggle_tyre_strategy,stint,False,stint_summary
navenkumar1998/formula-1-dataset-with-weather-and-tyre-features,data\raw\kaggle_tyre_strategy\navenkumar1998__formula-1-dataset-with-weather-and-tyre-features\f1_all.parquet,2023,,,LAW,3.0,Soft,7.0,17.1,25.6,kaggle_tyre_strategy,stint,False,stint_summary
navenkumar1998/formula-1-dataset-with-weather-and-tyre-features,data\raw\kaggle_tyre_strategy\navenkumar1998__formula-1-dataset-with-weather-and-tyre-features\f1_all.parquet,2023,,,LAW,4.0,Medium,29.0,22.421739130434784,29.85,kaggle_tyre_strategy,stint,False,stint_summary
navenkumar1998/formula-1-dataset-with-weather-and-tyre-features,data\raw\kaggle_tyre_strategy\navenkumar1998__formula-1-dataset-with-weather-and-tyre-features\f1_all.parquet,2023,,,LAW,5.0,Soft,13.0,17.1,25.6,kaggle_tyre_strategy,stint,False,stint_summary
navenkumar1998/formula-1-dataset-with-weather-and-tyre-features,data\raw\kaggle_tyre_strategy\navenkumar1998__formula-1-dataset-with-weather-and-tyre-features\f1_all.parquet,2023,,,LAW,6.0,Intermediate,4.0,17.1,25.6,kaggle_tyre_strategy,stint,False,stint_summary
navenkumar1998/formula-1-dataset-with-weather-and-tyre-features,data\raw\kaggle_tyre_strategy\navenkumar1998__formula-1-dataset-with-weather-and-tyre-features\f1_all.parquet,2023,,,LAW,7.0,Intermediate,8.0,17.1,25.6,kaggle_tyre_strategy,stint,False,stint_summary
navenkumar1998/formula-1-dataset-with-weather-and-tyre-features,data\raw\kaggle_tyre_strategy\navenkumar1998__formula-1-dataset-with-weather-and-tyre-features\f1_all.parquet,2023,,,LAW,8.0,Intermediate,16.0,17.1,25.6,kaggle_tyre_strategy,stint,False,stint_summary
navenkumar1998/formula-1-dataset-with-weather-and-tyre-features,data\raw\kaggle_tyre_strategy\navenkumar1998__formula-1-dataset-with-weather-and-tyre-features\f1_all.parquet,2023,,,LEC,1.0,Hard,44.0,24.473333333333336,37.43333333333333,kaggle_tyre_strategy,stint,False,stint_summary
navenkumar1998/formula-1-dataset-with-weather-and-tyre-features,data\raw\kaggle_tyre_strategy\navenkumar1998__formula-1-dataset-with-weather-and-tyre-features\f1_all.parquet,2023,,,LEC,1.0,Medium,39.0,25.082448979591835,36.93408163265306,kaggle_tyre_strategy,stint,False,stint_summary
navenkumar1998/formula-1-dataset-with-weather-and-tyre-features,data\raw\kaggle_tyre_strategy\navenkumar1998__formula-1-dataset-with-weather-and-tyre-features\f1_all.parquet,2023,,,LEC,1.0,Soft,23.0,25.652380952380952,32.12063492063492,kaggle_tyre_strategy,stint,False,stint_summary
navenkumar1998/formula-1-dataset-with-weather-and-tyre-features,data\raw\kaggle_tyre_strategy\navenkumar1998__formula-1-dataset-with-weather-and-tyre-features\f1_all.parquet,2023,,,LEC,2.0,Hard,42.0,25.99584487534626,35.605678670360106,kaggle_tyre_strategy,stint,False,stint_summary
navenkumar1998/formula-1-dataset-with-weather-and-tyre-features,data\raw\kaggle_tyre_strategy\navenkumar1998__formula-1-dataset-with-weather-and-tyre-features\f1_all.parquet,2023,,,LEC,2.0,Intermediate,10.0,17.1,25.6,kaggle_tyre_strategy,stint,False,stint_summary
navenkumar1998/formula-1-dataset-with-weather-and-tyre-features,data\raw\kaggle_tyre_strategy\navenkumar1998__formula-1-dataset-with-weather-and-tyre-features\f1_all.parquet,2023,,,LEC,2.0,Medium,20.0,24.824637681159423,36.08985507246377,kaggle_tyre_strategy,stint,False,stint_summary
navenkumar1998/formula-1-dataset-with-weather-and-tyre-features,data\raw\kaggle_tyre_strategy\navenkumar1998__formula-1-dataset-with-weather-and-tyre-features\f1_all.parquet,2023,,,LEC,2.0,Soft,25.0,22.2,31.75,kaggle_tyre_strategy,stint,False,stint_summary
navenkumar1998/formula-1-dataset-with-weather-and-tyre-features,data\raw\kaggle_tyre_strategy\navenkumar1998__formula-1-dataset-with-weather-and-tyre-features\f1_all.parquet,2023,,,LEC,3.0,Hard,50.0,26.81225806451613,40.4583870967742,kaggle_tyre_strategy,stint,False,stint_summary
navenkumar1998/formula-1-dataset-with-weather-and-tyre-features,data\raw\kaggle_tyre_strategy\navenkumar1998__formula-1-dataset-with-weather-and-tyre-features\f1_all.parquet,2023,,,LEC,3.0,Intermediate,23.0,25.3,39.5,kaggle_tyre_strategy,stint,False,stint_summary
navenkumar1998/formula-1-dataset-with-weather-and-tyre-features,data\raw\kaggle_tyre_strategy\navenkumar1998__formula-1-dataset-with-weather-and-tyre-features\f1_all.parquet,2023,,,LEC,3.0,Medium,32.0,22.115384615384617,31.153846153846157,kaggle_tyre_strategy,stint,False,stint_summary
navenkumar1998/formula-1-dataset-with-weather-and-tyre-features,data\raw\kaggle_tyre_strategy\navenkumar1998__formula-1-dataset-with-weather-and-tyre-features\f1_all.parquet,2023,,,LEC,3.0,Soft,30.0,17.378260869565217,26.50434782608696,kaggle_tyre_strategy,stint,False,stint_summary
navenkumar1998/formula-1-dataset-with-weather-and-tyre-features,data\raw\kaggle_tyre_strategy\navenkumar1998__formula-1-dataset-with-weather-and-tyre-features\f1_all.parquet,2023,,,LEC,4.0,Hard,24.0,22.5,32.0,kaggle_tyre_strategy,stint,False,stint_summary
navenkumar1998/formula-1-dataset-with-weather-and-tyre-features,data\raw\kaggle_tyre_strategy\navenkumar1998__formula-1-dataset-with-weather-and-tyre-features\f1_all.parquet,2023,,,LEC,4.0,Medium,14.0,31.5,37.1,kaggle_tyre_strategy,stint,False,stint_summary
navenkumar1998/formula-1-dataset-with-weather-and-tyre-features,data\raw\kaggle_tyre_strategy\navenkumar1998__formula-1-dataset-with-weather-and-tyre-features\f1_all.parquet,2023,,,MAG,1.0,Hard,56.0,23.99495798319328,36.109243697479,kaggle_tyre_strategy,stint,False,stint_summary
navenkumar1998/formula-1-dataset-with-weather-and-tyre-features,data\raw\kaggle_tyre_strategy\navenkumar1998__formula-1-dataset-with-weather-and-tyre-features\f1_all.parquet,2023,,,MAG,1.0,Medium,31.0,25.21190476190477,36.49464285714286,kaggle_tyre_strategy,stint,False,stint_summary
navenkumar1998/formula-1-dataset-with-weather-and-tyre-features,data\raw\kaggle_tyre_strategy\navenkumar1998__formula-1-dataset-with-weather-and-tyre-features\f1_all.parquet,2023,,,MAG,1.0,Soft,10.0,22.268421052631577,31.336842105263155,kaggle_tyre_strategy,stint,False,stint_summary
navenkumar1998/formula-1-dataset-with-weather-and-tyre-features,data\raw\kaggle_tyre_strategy\navenkumar1998__formula-1-dataset-with-weather-and-tyre-features\f1_all.parquet,2023,,,MAG,2.0,Hard,43.0,26.749248120300752,37.23139097744361,kaggle_tyre_strategy,stint,False,stint_summary
navenkumar1998/formula-1-dataset-with-weather-and-tyre-features,data\raw\kaggle_tyre_strategy\navenkumar1998__formula-1-dataset-with-weather-and-tyre-features\f1_all.parquet,2023,,,MAG,2.0,Intermediate,8.0,17.1,25.6,kaggle_tyre_strategy,stint,False,stint_summary
navenkumar1998/formula-1-dataset-with-weather-and-tyre-features,data\raw\kaggle_tyre_strategy\navenkumar1998__formula-1-dataset-with-weather-and-tyre-features\f1_all.parquet,2023,,,MAG,2.0,Medium,21.0,24.043478260869566,34.40978260869565,kaggle_tyre_strategy,stint,False,stint_summary
navenkumar1998/formula-1-dataset-with-weather-and-tyre-features,data\raw\kaggle_tyre_strategy\navenkumar1998__formula-1-dataset-with-weather-and-tyre-features\f1_all.parquet,2023,,,MAG,2.0,Wet,14.0,25.3,39.5,kaggle_tyre_strategy,stint,False,stint_summary
navenkumar1998/formula-1-dataset-with-weather-and-tyre-features,data\raw\kaggle_tyre_strategy\navenkumar1998__formula-1-dataset-with-weather-and-tyre-features\f1_all.parquet,2023,,,MAG,3.0,Hard,45.0,23.706363636363637,33.95318181818182,kaggle_tyre_strategy,stint,False,stint_summary
navenkumar1998/formula-1-dataset-with-weather-and-tyre-features,data\raw\kaggle_tyre_strategy\navenkumar1998__formula-1-dataset-with-weather-and-tyre-features\f1_all.parquet,2023,,,MAG,3.0,Medium,26.0,24.63589743589744,36.12564102564103,kaggle_tyre_strategy,stint,False,stint_summary
navenkumar1998/formula-1-dataset-with-weather-and-tyre-features,data\raw\kaggle_tyre_strategy\navenkumar1998__formula-1-dataset-with-weather-and-tyre-features\f1_all.parquet,2023,,,MAG,3.0,Soft,26.0,23.40714285714285,30.24642857142857,kaggle_tyre_strategy,stint,False,stint_summary
navenkumar1998/formula-1-dataset-with-weather-and-tyre-features,data\raw\kaggle_tyre_strategy\navenkumar1998__formula-1-dataset-with-weather-and-tyre-features\f1_all.parquet,2023,,,MAG,4.0,Hard,37.0,25.38679245283019,33.635849056603774,kaggle_tyre_strategy,stint,False,stint_summary
navenkumar1998/formula-1-dataset-with-weather-and-tyre-features,data\raw\kaggle_tyre_strategy\navenkumar1998__formula-1-dataset-with-weather-and-tyre-features\f1_all.parquet,2023,,,MAG,4.0,Medium,25.0,19.54375,28.546875,kaggle_tyre_strategy,stint,False,stint_summary
navenkumar1998/formula-1-dataset-with-weather-and-tyre-features,data\raw\kaggle_tyre_strategy\navenkumar1998__formula-1-dataset-with-weather-and-tyre-features\f1_all.parquet,2023,,,MAG,4.0,Soft,16.0,27.1,30.6,kaggle_tyre_strategy,stint,False,stint_summary
navenkumar1998/formula-1-dataset-with-weather-and-tyre-features,data\raw\kaggle_tyre_strategy\navenkumar1998__formula-1-dataset-with-weather-and-tyre-features\f1_all.parquet,2023,,,MAG,5.0,Intermediate,3.0,17.1,25.600000000000005,kaggle_tyre_strategy,stint,False,stint_summary
navenkumar1998/formula-1-dataset-with-weather-and-tyre-features,data\raw\kaggle_tyre_strategy\navenkumar1998__formula-1-dataset-with-weather-and-tyre-features\f1_all.parquet,2023,,,MAG,6.0,Intermediate,4.0,17.1,25.6,kaggle_tyre_strategy,stint,False,stint_summary
navenkumar1998/formula-1-dataset-with-weather-and-tyre-features,data\raw\kaggle_tyre_strategy\navenkumar1998__formula-1-dataset-with-weather-and-tyre-features\f1_all.parquet,2023,,,MAG,7.0,Intermediate,12.0,17.1,25.6,kaggle_tyre_strategy,stint,False,stint_summary
navenkumar1998/formula-1-dataset-with-weather-and-tyre-features,data\raw\kaggle_tyre_strategy\navenkumar1998__formula-1-dataset-with-weather-and-tyre-features\f1_all.parquet,2023,,,NOR,1.0,Medium,50.0,25.8597510373444,37.596680497925306,kaggle_tyre_strategy,stint,False,stint_summary
navenkumar1998/formula-1-dataset-with-weather-and-tyre-features,data\raw\kaggle_tyre_strategy\navenkumar1998__formula-1-dataset-with-weather-and-tyre-features\f1_all.parquet,2023,,,NOR,1.0,Soft,11.0,25.253125,36.965625,kaggle_tyre_strategy,stint,False,stint_summary
navenkumar1998/formula-1-dataset-with-weather-and-tyre-features,data\raw\kaggle_tyre_strategy\navenkumar1998__formula-1-dataset-with-weather-and-tyre-features\f1_all.parquet,2023,,,NOR,2.0,Hard,53.0,25.130476190476188,36.95488095238096,kaggle_tyre_strategy,stint,False,stint_summary
navenkumar1998/formula-1-dataset-with-weather-and-tyre-features,data\raw\kaggle_tyre_strategy\navenkumar1998__formula-1-dataset-with-weather-and-tyre-features\f1_all.parquet,2023,,,NOR,2.0,Intermediate,7.0,17.1,25.6,kaggle_tyre_strategy,stint,False,stint_summary
navenkumar1998/formula-1-dataset-with-weather-and-tyre-features,data\raw\kaggle_tyre_strategy\navenkumar1998__formula-1-dataset-with-weather-and-tyre-features\f1_all.parquet,2023,,,NOR,2.0,Medium,20.0,27.346153846153847,34.746153846153845,kaggle_tyre_strategy,stint,False,stint_summary
navenkumar1998/formula-1-dataset-with-weather-and-tyre-features,data\raw\kaggle_tyre_strategy\navenkumar1998__formula-1-dataset-with-weather-and-tyre-features\f1_all.parquet,2023,,,NOR,2.0,Soft,5.0,20.5,47.9,kaggle_tyre_strategy,stint,False,stint_summary
navenkumar1998/formula-1-dataset-with-weather-and-tyre-features,data\raw\kaggle_tyre_strategy\navenkumar1998__formula-1-dataset-with-weather-and-tyre-features\f1_all.parquet,2023,,,NOR,3.0,Hard,36.0,24.31984126984127,34.855555555555554,kaggle_tyre_strategy,stint,False,stint_summary
navenkumar1998/formula-1-dataset-with-weather-and-tyre-features,data\raw\kaggle_tyre_strategy\navenkumar1998__formula-1-dataset-with-weather-and-tyre-features\f1_all.parquet,2023,,,NOR,3.0,Intermediate,23.0,25.3,39.5,kaggle_tyre_strategy,stint,False,stint_summary
navenkumar1998/formula-1-dataset-with-weather-and-tyre-features,data\raw\kaggle_tyre_strategy\navenkumar1998__formula-1-dataset-with-weather-and-tyre-features\f1_all.parquet,2023,,,NOR,3.0,Medium,31.0,26.629126213592237,37.001456310679615,kaggle_tyre_strategy,stint,False,stint_summary
navenkumar1998/formula-1-dataset-with-weather-and-tyre-features,data\raw\kaggle_tyre_strategy\navenkumar1998__formula-1-dataset-with-weather-and-tyre-features\f1_all.parquet,2023,,,NOR,3.0,Soft,33.0,19.260416666666668,32.770833333333336,kaggle_tyre_strategy,stint,False,stint_summary
navenkumar1998/formula-1-dataset-with-weather-and-tyre-features,data\raw\kaggle_tyre_strategy\navenkumar1998__formula-1-dataset-with-weather-and-tyre-features\f1_all.parquet,2023,,,NOR,4.0,Hard,30.0,25.22093023255814,33.54186046511628,kaggle_tyre_strategy,stint,False,stint_summary
navenkumar1998/formula-1-dataset-with-weather-and-tyre-features,data\raw\kaggle_tyre_strategy\navenkumar1998__formula-1-dataset-with-weather-and-tyre-features\f1_all.parquet,2023,,,NOR,4.0,Medium,38.0,23.770886075949367,45.265189873417725,kaggle_tyre_strategy,stint,False,stint_summary
navenkumar1998/formula-1-dataset-with-weather-and-tyre-features,data\raw\kaggle_tyre_strategy\navenkumar1998__formula-1-dataset-with-weather-and-tyre-features\f1_all.parquet,2023,,,NOR,4.0,Soft,21.0,19.361764705882354,28.47058823529412,kaggle_tyre_strategy,stint,False,stint_summary
navenkumar1998/formula-1-dataset-with-weather-and-tyre-features,data\raw\kaggle_tyre_strategy\navenkumar1998__formula-1-dataset-with-weather-and-tyre-features\f1_all.parquet,2023,,,NOR,5.0,Hard,10.0,27.1,30.6,kaggle_tyre_strategy,stint,False,stint_summary
navenkumar1998/formula-1-dataset-with-weather-and-tyre-features,data\raw\kaggle_tyre_strategy\navenkumar1998__formula-1-dataset-with-weather-and-tyre-features\f1_all.parquet,2023,,,NOR,5.0,Intermediate,7.0,17.1,25.600000000000005,kaggle_tyre_strategy,stint,False,stint_summary
navenkumar1998/formula-1-dataset-with-weather-and-tyre-features,data\raw\kaggle_tyre_strategy\navenkumar1998__formula-1-dataset-with-weather-and-tyre-features\f1_all.parquet,2023,,,NOR,5.0,Soft,15.0,20.5,47.9,kaggle_tyre_strategy,stint,False,stint_summary
navenkumar1998/formula-1-dataset-with-weather-and-tyre-features,data\raw\kaggle_tyre_strategy\navenkumar1998__formula-1-dataset-with-weather-and-tyre-features\f1_all.parquet,2023,,,NOR,6.0,Intermediate,12.0,17.1,25.6,kaggle_tyre_strategy,stint,False,stint_summary
navenkumar1998/formula-1-dataset-with-weather-and-tyre-features,data\raw\kaggle_tyre_strategy\navenkumar1998__formula-1-dataset-with-weather-and-tyre-features\f1_all.parquet,2023,,,NOR,6.0,Soft,11.0,27.1,30.6,kaggle_tyre_strategy,stint,False,stint_summary
navenkumar1998/formula-1-dataset-with-weather-and-tyre-features,data\raw\kaggle_tyre_strategy\navenkumar1998__formula-1-dataset-with-weather-and-tyre-features\f1_all.parquet,2023,,,NOR,7.0,Intermediate,20.0,17.1,25.6,kaggle_tyre_strategy,stint,False,stint_summary
navenkumar1998/formula-1-dataset-with-weather-and-tyre-features,data\raw\kaggle_tyre_strategy\navenkumar1998__formula-1-dataset-with-weather-and-tyre-features\f1_all.parquet,2023,,,NOR,7.0,Soft,7.0,27.1,30.6,kaggle_tyre_strategy,stint,False,stint_summary
navenkumar1998/formula-1-dataset-with-weather-and-tyre-features,data\raw\kaggle_tyre_strategy\navenkumar1998__formula-1-dataset-with-weather-and-tyre-features\f1_all.parquet,2023,,,OCO,1.0,Hard,50.0,25.818699186991868,41.11056910569106,kaggle_tyre_strategy,stint,False,stint_summary
navenkumar1998/formula-1-dataset-with-weather-and-tyre-features,data\raw\kaggle_tyre_strategy\navenkumar1998__formula-1-dataset-with-weather-and-tyre-features\f1_all.parquet,2023,,,OCO,1.0,Medium,32.0,25.88625,34.793125,kaggle_tyre_strategy,stint,False,stint_summary
navenkumar1998/formula-1-dataset-with-weather-and-tyre-features,data\raw\kaggle_tyre_strategy\navenkumar1998__formula-1-dataset-with-weather-and-tyre-features\f1_all.parquet,2023,,,OCO,1.0,Soft,16.0,22.42954545454545,30.622727272727275,kaggle_tyre_strategy,stint,False,stint_summary
navenkumar1998/formula-1-dataset-with-weather-and-tyre-features,data\raw\kaggle_tyre_strategy\navenkumar1998__formula-1-dataset-with-weather-and-tyre-features\f1_all.parquet,2023,,,OCO,2.0,Hard,43.0,24.787224669603525,33.24955947136564,kaggle_tyre_strategy,stint,False,stint_summary
navenkumar1998/formula-1-dataset-with-weather-and-tyre-features,data\raw\kaggle_tyre_strategy\navenkumar1998__formula-1-dataset-with-weather-and-tyre-features\f1_all.parquet,2023,,,OCO,2.0,Intermediate,8.0,17.1,25.6,kaggle_tyre_strategy,stint,False,stint_summary
navenkumar1998/formula-1-dataset-with-weather-and-tyre-features,data\raw\kaggle_tyre_strategy\navenkumar1998__formula-1-dataset-with-weather-and-tyre-features\f1_all.parquet,2023,,,OCO,2.0,Medium,37.0,24.46910569105691,36.955691056910574,kaggle_tyre_strategy,stint,False,stint_summary
navenkumar1998/formula-1-dataset-with-weather-and-tyre-features,data\raw\kaggle_tyre_strategy\navenkumar1998__formula-1-dataset-with-weather-and-tyre-features\f1_all.parquet,2023,,,OCO,2.0,Soft,5.0,22.7,44.825,kaggle_tyre_strategy,stint,False,stint_summary
navenkumar1998/formula-1-dataset-with-weather-and-tyre-features,data\raw\kaggle_tyre_strategy\navenkumar1998__formula-1-dataset-with-weather-and-tyre-features\f1_all.parquet,2023,,,OCO,3.0,Hard,54.0,22.450000000000003,33.26313131313132,kaggle_tyre_strategy,stint,False,stint_summary
navenkumar1998/formula-1-dataset-with-weather-and-tyre-features,data\raw\kaggle_tyre_strategy\navenkumar1998__formula-1-dataset-with-weather-and-tyre-features\f1_all.parquet,2023,,,OCO,3.0,Intermediate,24.0,25.3,39.5,kaggle_tyre_strategy,stint,False,stint_summary
navenkumar1998/formula-1-dataset-with-weather-and-tyre-features,data\raw\kaggle_tyre_strategy\navenkumar1998__formula-1-dataset-with-weather-and-tyre-features\f1_all.parquet,2023,,,OCO,3.0,Soft,33.0,17.975,30.553125,kaggle_tyre_strategy,stint,False,stint_summary
navenkumar1998/formula-1-dataset-with-weather-and-tyre-features,data\raw\kaggle_tyre_strategy\navenkumar1998__formula-1-dataset-with-weather-and-tyre-features\f1_all.parquet,2023,,,OCO,4.0,Hard,30.0,23.56153846153846,31.67692307692308,kaggle_tyre_strategy,stint,False,stint_summary
navenkumar1998/formula-1-dataset-with-weather-and-tyre-features,data\raw\kaggle_tyre_strategy\navenkumar1998__formula-1-dataset-with-weather-and-tyre-features\f1_all.parquet,2023,,,OCO,4.0,Medium,17.0,25.467741935483872,43.02258064516129,kaggle_tyre_strategy,stint,False,stint_summary
navenkumar1998/formula-1-dataset-with-weather-and-tyre-features,data\raw\kaggle_tyre_strategy\navenkumar1998__formula-1-dataset-with-weather-and-tyre-features\f1_all.parquet,2023,,,OCO,4.0,Soft,18.0,17.121052631578948,25.88157894736842,kaggle_tyre_strategy,stint,False,stint_summary
navenkumar1998/formula-1-dataset-with-weather-and-tyre-features,data\raw\kaggle_tyre_strategy\navenkumar1998__formula-1-dataset-with-weather-and-tyre-features\f1_all.parquet,2023,,,OCO,5.0,Soft,23.0,20.5,47.9,kaggle_tyre_strategy,stint,False,stint_summary
navenkumar1998/formula-1-dataset-with-weather-and-tyre-features,data\raw\kaggle_tyre_strategy\navenkumar1998__formula-1-dataset-with-weather-and-tyre-features\f1_all.parquet,2023,,,OCO,5.0,Wet,2.0,17.1,25.6,kaggle_tyre_strategy,stint,False,stint_summary
navenkumar1998/formula-1-dataset-with-weather-and-tyre-features,data\raw\kaggle_tyre_strategy\navenkumar1998__formula-1-dataset-with-weather-and-tyre-features\f1_all.parquet,2023,,,OCO,6.0,Intermediate,1.0,17.1,25.6,kaggle_tyre_strategy,stint,False,stint_summary
navenkumar1998/formula-1-dataset-with-weather-and-tyre-features,data\raw\kaggle_tyre_strategy\navenkumar1998__formula-1-dataset-with-weather-and-tyre-features\f1_all.parquet,2023,,,OCO,6.0,Soft,19.0,20.5,47.9,kaggle_tyre_strategy,stint,False,stint_summary
navenkumar1998/formula-1-dataset-with-weather-and-tyre-features,data\raw\kaggle_tyre_strategy\navenkumar1998__formula-1-dataset-with-weather-and-tyre-features\f1_all.parquet,2023,,,OCO,7.0,Intermediate,9.0,17.1,25.6,kaggle_tyre_strategy,stint,False,stint_summary
navenkumar1998/formula-1-dataset-with-weather-and-tyre-features,data\raw\kaggle_tyre_strategy\navenkumar1998__formula-1-dataset-with-weather-and-tyre-features\f1_all.parquet,2023,,,PER,1.0,Hard,39.0,26.36186440677966,37.19025423728814,kaggle_tyre_strategy,stint,False,stint_summary
navenkumar1998/formula-1-dataset-with-weather-and-tyre-features,data\raw\kaggle_tyre_strategy\navenkumar1998__formula-1-dataset-with-weather-and-tyre-features\f1_all.parquet,2023,,,PER,1.0,Medium,28.0,25.531325301204816,35.12560240963855,kaggle_tyre_strategy,stint,False,stint_summary
navenkumar1998/formula-1-dataset-with-weather-and-tyre-features,data\raw\kaggle_tyre_strategy\navenkumar1998__formula-1-dataset-with-weather-and-tyre-features\f1_all.parquet,2023,,,PER,1.0,Soft,20.0,22.84375,30.009375,kaggle_tyre_strategy,stint,False,stint_summary
navenkumar1998/formula-1-dataset-with-weather-and-tyre-features,data\raw\kaggle_tyre_strategy\navenkumar1998__formula-1-dataset-with-weather-and-tyre-features\f1_all.parquet,2023,,,PER,2.0,Hard,40.0,25.29686274509804,35.31117647058824,kaggle_tyre_strategy,stint,False,stint_summary
navenkumar1998/formula-1-dataset-with-weather-and-tyre-features,data\raw\kaggle_tyre_strategy\navenkumar1998__formula-1-dataset-with-weather-and-tyre-features\f1_all.parquet,2023,,,PER,2.0,Intermediate,11.0,17.1,25.6,kaggle_tyre_strategy,stint,False,stint_summary
navenkumar1998/formula-1-dataset-with-weather-and-tyre-features,data\raw\kaggle_tyre_strategy\navenkumar1998__formula-1-dataset-with-weather-and-tyre-features\f1_all.parquet,2023,,,PER,2.0,Medium,31.0,25.047260273972604,35.74828767123287,kaggle_tyre_strategy,stint,False,stint_summary
navenkumar1998/formula-1-dataset-with-weather-and-tyre-features,data\raw\kaggle_tyre_strategy\navenkumar1998__formula-1-dataset-with-weather-and-tyre-features\f1_all.parquet,2023,,,PER,2.0,Soft,24.0,23.742857142857144,30.554761904761904,kaggle_tyre_strategy,stint,False,stint_summary
navenkumar1998/formula-1-dataset-with-weather-and-tyre-features,data\raw\kaggle_tyre_strategy\navenkumar1998__formula-1-dataset-with-weather-and-tyre-features\f1_all.parquet,2023,,,PER,3.0,Hard,24.0,24.575,29.713636363636365,kaggle_tyre_strategy,stint,False,stint_summary
navenkumar1998/formula-1-dataset-with-weather-and-tyre-features,data\raw\kaggle_tyre_strategy\navenkumar1998__formula-1-dataset-with-weather-and-tyre-features\f1_all.parquet,2023,,,PER,3.0,Medium,31.0,26.58571428571428,39.975,kaggle_tyre_strategy,stint,False,stint_summary
navenkumar1998/formula-1-dataset-with-weather-and-tyre-features,data\raw\kaggle_tyre_strategy\navenkumar1998__formula-1-dataset-with-weather-and-tyre-features\f1_all.parquet,2023,,,PER,3.0,Soft,33.0,19.08117647058824,32.26823529411765,kaggle_tyre_strategy,stint,False,stint_summary
navenkumar1998/formula-1-dataset-with-weather-and-tyre-features,data\raw\kaggle_tyre_strategy\navenkumar1998__formula-1-dataset-with-weather-and-tyre-features\f1_all.parquet,2023,,,PER,4.0,Hard,48.0,19.044117647058822,31.27426470588236,kaggle_tyre_strategy,stint,False,stint_summary
navenkumar1998/formula-1-dataset-with-weather-and-tyre-features,data\raw\kaggle_tyre_strategy\navenkumar1998__formula-1-dataset-with-weather-and-tyre-features\f1_all.parquet,2023,,,PER,4.0,Intermediate,4.0,25.3,39.5,kaggle_tyre_strategy,stint,False,stint_summary
navenkumar1998/formula-1-dataset-with-weather-and-tyre-features,data\raw\kaggle_tyre_strategy\navenkumar1998__formula-1-dataset-with-weather-and-tyre-features\f1_all.parquet,2023,,,PER,4.0,Medium,26.0,24.35,44.12,kaggle_tyre_strategy,stint,False,stint_summary
navenkumar1998/formula-1-dataset-with-weather-and-tyre-features,data\raw\kaggle_tyre_strategy\navenkumar1998__formula-1-dataset-with-weather-and-tyre-features\f1_all.parquet,2023,,,PER,4.0,Soft,16.0,17.7375,26.700000000000003,kaggle_tyre_strategy,stint,False,stint_summary
navenkumar1998/formula-1-dataset-with-weather-and-tyre-features,data\raw\kaggle_tyre_strategy\navenkumar1998__formula-1-dataset-with-weather-and-tyre-features\f1_all.parquet,2023,,,PER,5.0,Intermediate,9.0,17.1,25.600000000000005,kaggle_tyre_strategy,stint,False,stint_summary
navenkumar1998/formula-1-dataset-with-weather-and-tyre-features,data\raw\kaggle_tyre_strategy\navenkumar1998__formula-1-dataset-with-weather-and-tyre-features\f1_all.parquet,2023,,,PER,5.0,Soft,28.0,20.52857142857143,46.521428571428565,kaggle_tyre_strategy,stint,False,stint_summary
navenkumar1998/formula-1-dataset-with-weather-and-tyre-features,data\raw\kaggle_tyre_strategy\navenkumar1998__formula-1-dataset-with-weather-and-tyre-features\f1_all.parquet,2023,,,PER,5.0,Wet,13.0,25.300000000000004,39.5,kaggle_tyre_strategy,stint,False,stint_summary
navenkumar1998/formula-1-dataset-with-weather-and-tyre-features,data\raw\kaggle_tyre_strategy\navenkumar1998__formula-1-dataset-with-weather-and-tyre-features\f1_all.parquet,2023,,,PER,6.0,Intermediate,7.0,24.12857142857143,37.51428571428572,kaggle_tyre_strategy,stint,False,stint_summary
navenkumar1998/formula-1-dataset-with-weather-and-tyre-features,data\raw\kaggle_tyre_strategy\navenkumar1998__formula-1-dataset-with-weather-and-tyre-features\f1_all.parquet,2023,,,PER,6.0,Soft,1.0,17.5,30.95,kaggle_tyre_strategy,stint,False,stint_summary
navenkumar1998/formula-1-dataset-with-weather-and-tyre-features,data\raw\kaggle_tyre_strategy\navenkumar1998__formula-1-dataset-with-weather-and-tyre-features\f1_all.parquet,2023,,,PER,7.0,Intermediate,15.0,17.1,25.6,kaggle_tyre_strategy,stint,False,stint_summary
navenkumar1998/formula-1-dataset-with-weather-and-tyre-features,data\raw\kaggle_tyre_strategy\navenkumar1998__formula-1-dataset-with-weather-and-tyre-features\f1_all.parquet,2023,,,PIA,1.0,Hard,54.0,23.63142857142857,34.54,kaggle_tyre_strategy,stint,False,stint_summary
navenkumar1998/formula-1-dataset-with-weather-and-tyre-features,data\raw\kaggle_tyre_strategy\navenkumar1998__formula-1-dataset-with-weather-and-tyre-features\f1_all.parquet,2023,,,PIA,1.0,Medium,29.0,26.1819587628866,38.75077319587629,kaggle_tyre_strategy,stint,False,stint_summary
navenkumar1998/formula-1-dataset-with-weather-and-tyre-features,data\raw\kaggle_tyre_strategy\navenkumar1998__formula-1-dataset-with-weather-and-tyre-features\f1_all.parquet,2023,,,PIA,1.0,Soft,19.0,22.39607843137255,30.30294117647059,kaggle_tyre_strategy,stint,False,stint_summary
navenkumar1998/formula-1-dataset-with-weather-and-tyre-features,data\raw\kaggle_tyre_strategy\navenkumar1998__formula-1-dataset-with-weather-and-tyre-features\f1_all.parquet,2023,,,PIA,2.0,Hard,51.0,24.52948113207547,34.8933962264151,kaggle_tyre_strategy,stint,False,stint_summary
navenkumar1998/formula-1-dataset-with-weather-and-tyre-features,data\raw\kaggle_tyre_strategy\navenkumar1998__formula-1-dataset-with-weather-and-tyre-features\f1_all.parquet,2023,,,PIA,2.0,Intermediate,23.0,25.3,39.5,kaggle_tyre_strategy,stint,False,stint_summary
navenkumar1998/formula-1-dataset-with-weather-and-tyre-features,data\raw\kaggle_tyre_strategy\navenkumar1998__formula-1-dataset-with-weather-and-tyre-features\f1_all.parquet,2023,,,PIA,2.0,Medium,20.0,26.923076923076923,35.16153846153846,kaggle_tyre_strategy,stint,False,stint_summary
navenkumar1998/formula-1-dataset-with-weather-and-tyre-features,data\raw\kaggle_tyre_strategy\navenkumar1998__formula-1-dataset-with-weather-and-tyre-features\f1_all.parquet,2023,,,PIA,2.0,Soft,31.0,17.1,25.6,kaggle_tyre_strategy,stint,False,stint_summary
navenkumar1998/formula-1-dataset-with-weather-and-tyre-features,data\raw\kaggle_tyre_strategy\navenkumar1998__formula-1-dataset-with-weather-and-tyre-features\f1_all.parquet,2023,,,PIA,3.0,Hard,33.0,23.25432098765432,34.217283950617286,kaggle_tyre_strategy,stint,False,stint_summary
navenkumar1998/formula-1-dataset-with-weather-and-tyre-features,data\raw\kaggle_tyre_strategy\navenkumar1998__formula-1-dataset-with-weather-and-tyre-features\f1_all.parquet,2023,,,PIA,3.0,Medium,40.0,24.79320987654321,40.49043209876544,kaggle_tyre_strategy,stint,False,stint_summary
navenkumar1998/formula-1-dataset-with-weather-and-tyre-features,data\raw\kaggle_tyre_strategy\navenkumar1998__formula-1-dataset-with-weather-and-tyre-features\f1_all.parquet,2023,,,PIA,3.0,Soft,1.0,17.5,30.95,kaggle_tyre_strategy,stint,False,stint_summary
navenkumar1998/formula-1-dataset-with-weather-and-tyre-features,data\raw\kaggle_tyre_strategy\navenkumar1998__formula-1-dataset-with-weather-and-tyre-features\f1_all.parquet,2023,,,PIA,4.0,Hard,19.0,26.318181818181817,34.163636363636364,kaggle_tyre_strategy,stint,False,stint_summary
navenkumar1998/formula-1-dataset-with-weather-and-tyre-features,data\raw\kaggle_tyre_strategy\navenkumar1998__formula-1-dataset-with-weather-and-tyre-features\f1_all.parquet,2023,,,PIA,4.0,Intermediate,8.0,17.1,25.600000000000005,kaggle_tyre_strategy,stint,False,stint_summary
navenkumar1998/formula-1-dataset-with-weather-and-tyre-features,data\raw\kaggle_tyre_strategy\navenkumar1998__formula-1-dataset-with-weather-and-tyre-features\f1_all.parquet,2023,,,PIA,4.0,Soft,31.0,20.3,46.77,kaggle_tyre_strategy,stint,False,stint_summary
navenkumar1998/formula-1-dataset-with-weather-and-tyre-features,data\raw\kaggle_tyre_strategy\navenkumar1998__formula-1-dataset-with-weather-and-tyre-features\f1_all.parquet,2023,,,PIA,5.0,Intermediate,5.0,17.1,25.6,kaggle_tyre_strategy,stint,False,stint_summary
navenkumar1998/formula-1-dataset-with-weather-and-tyre-features,data\raw\kaggle_tyre_strategy\navenkumar1998__formula-1-dataset-with-weather-and-tyre-features\f1_all.parquet,2023,,,PIA,5.0,Medium,29.0,22.5,32.0,kaggle_tyre_strategy,stint,False,stint_summary
navenkumar1998/formula-1-dataset-with-weather-and-tyre-features,data\raw\kaggle_tyre_strategy\navenkumar1998__formula-1-dataset-with-weather-and-tyre-features\f1_all.parquet,2023,,,PIA,5.0,Soft,22.0,20.33333333333333,46.958333333333336,kaggle_tyre_strategy,stint,False,stint_summary
navenkumar1998/formula-1-dataset-with-weather-and-tyre-features,data\raw\kaggle_tyre_strategy\navenkumar1998__formula-1-dataset-with-weather-and-tyre-features\f1_all.parquet,2023,,,PIA,6.0,Intermediate,13.0,17.1,25.6,kaggle_tyre_strategy,stint,False,stint_summary
navenkumar1998/formula-1-dataset-with-weather-and-tyre-features,data\raw\kaggle_tyre_strategy\navenkumar1998__formula-1-dataset-with-weather-and-tyre-features\f1_all.parquet,2023,,,RIC,1.0,Medium,27.0,26.07032967032967,39.24120879120879,kaggle_tyre_strategy,stint,False,stint_summary
navenkumar1998/formula-1-dataset-with-weather-and-tyre-features,data\raw\kaggle_tyre_strategy\navenkumar1998__formula-1-dataset-with-weather-and-tyre-features\f1_all.parquet,2023,,,RIC,1.0,Soft,5.0,18.33333333333333,31.48333333333333,kaggle_tyre_strategy,stint,False,stint_summary
navenkumar1998/formula-1-dataset-with-weather-and-tyre-features,data\raw\kaggle_tyre_strategy\navenkumar1998__formula-1-dataset-with-weather-and-tyre-features\f1_all.parquet,2023,,,RIC,2.0,Hard,33.0,24.91,32.559,kaggle_tyre_strategy,stint,False,stint_summary
navenkumar1998/formula-1-dataset-with-weather-and-tyre-features,data\raw\kaggle_tyre_strategy\navenkumar1998__formula-1-dataset-with-weather-and-tyre-features\f1_all.parquet,2023,,,RIC,2.0,Medium,17.0,17.9,28.2,kaggle_tyre_strategy,stint,False,stint_summary
navenkumar1998/formula-1-dataset-with-weather-and-tyre-features,data\raw\kaggle_tyre_strategy\navenkumar1998__formula-1-dataset-with-weather-and-tyre-features\f1_all.parquet,2023,,,RIC,2.0,Soft,4.0,20.5,47.9,kaggle_tyre_strategy,stint,False,stint_summary
navenkumar1998/formula-1-dataset-with-weather-and-tyre-features,data\raw\kaggle_tyre_strategy\navenkumar1998__formula-1-dataset-with-weather-and-tyre-features\f1_all.parquet,2023,,,RIC,3.0,Hard,44.0,26.20625,40.98046875,kaggle_tyre_strategy,stint,False,stint_summary
navenkumar1998/formula-1-dataset-with-weather-and-tyre-features,data\raw\kaggle_tyre_strategy\navenkumar1998__formula-1-dataset-with-weather-and-tyre-features\f1_all.parquet,2023,,,RIC,3.0,Medium,43.0,25.061290322580643,41.39354838709678,kaggle_tyre_strategy,stint,False,stint_summary
navenkumar1998/formula-1-dataset-with-weather-and-tyre-features,data\raw\kaggle_tyre_strategy\navenkumar1998__formula-1-dataset-with-weather-and-tyre-features\f1_all.parquet,2023,,,RIC,3.0,Soft,28.0,22.9,46.1,kaggle_tyre_strategy,stint,False,stint_summary
navenkumar1998/formula-1-dataset-with-weather-and-tyre-features,data\raw\kaggle_tyre_strategy\navenkumar1998__formula-1-dataset-with-weather-and-tyre-features\f1_all.parquet,2023,,,RIC,4.0,Medium,29.0,20.5,47.9,kaggle_tyre_strategy,stint,False,stint_summary
navenkumar1998/formula-1-dataset-with-weather-and-tyre-features,data\raw\kaggle_tyre_strategy\navenkumar1998__formula-1-dataset-with-weather-and-tyre-features\f1_all.parquet,2023,,,RIC,5.0,Soft,15.0,20.5,47.9,kaggle_tyre_strategy,stint,False,stint_summary
navenkumar1998/formula-1-dataset-with-weather-and-tyre-features,data\raw\kaggle_tyre_strategy\navenkumar1998__formula-1-dataset-with-weather-and-tyre-features\f1_all.parquet,2023,,,RUS,1.0,Hard,54.0,26.56341463414634,42.62439024390244,kaggle_tyre_strategy,stint,False,stint_summary
navenkumar1998/formula-1-dataset-with-weather-and-tyre-features,data\raw\kaggle_tyre_strategy\navenkumar1998__formula-1-dataset-with-weather-and-tyre-features\f1_all.parquet,2023,,,RUS,1.0,Medium,26.0,25.23056768558952,36.32139737991267,kaggle_tyre_strategy,stint,False,stint_summary
navenkumar1998/formula-1-dataset-with-weather-and-tyre-features,data\raw\kaggle_tyre_strategy\navenkumar1998__formula-1-dataset-with-weather-and-tyre-features\f1_all.parquet,2023,,,RUS,1.0,Soft,31.0,22.50985915492958,30.651408450704224,kaggle_tyre_strategy,stint,False,stint_summary
navenkumar1998/formula-1-dataset-with-weather-and-tyre-features,data\raw\kaggle_tyre_strategy\navenkumar1998__formula-1-dataset-with-weather-and-tyre-features\f1_all.parquet,2023,,,RUS,2.0,Hard,41.0,25.86089743589744,36.25849358974359,kaggle_tyre_strategy,stint,False,stint_summary
navenkumar1998/formula-1-dataset-with-weather-and-tyre-features,data\raw\kaggle_tyre_strategy\navenkumar1998__formula-1-dataset-with-weather-and-tyre-features\f1_all.parquet,2023,,,RUS,2.0,Intermediate,24.0,23.660000000000004,36.72,kaggle_tyre_strategy,stint,False,stint_summary
navenkumar1998/formula-1-dataset-with-weather-and-tyre-features,data\raw\kaggle_tyre_strategy\navenkumar1998__formula-1-dataset-with-weather-and-tyre-features\f1_all.parquet,2023,,,RUS,2.0,Medium,24.0,24.844827586206897,35.54252873563219,kaggle_tyre_strategy,stint,False,stint_summary
navenkumar1998/formula-1-dataset-with-weather-and-tyre-features,data\raw\kaggle_tyre_strategy\navenkumar1998__formula-1-dataset-with-weather-and-tyre-features\f1_all.parquet,2023,,,RUS,2.0,Soft,22.0,18.01304347826087,29.05652173913043,kaggle_tyre_strategy,stint,False,stint_summary
navenkumar1998/formula-1-dataset-with-weather-and-tyre-features,data\raw\kaggle_tyre_strategy\navenkumar1998__formula-1-dataset-with-weather-and-tyre-features\f1_all.parquet,2023,,,RUS,3.0,Hard,27.0,23.15636363636364,28.65954545454545,kaggle_tyre_strategy,stint,False,stint_summary
navenkumar1998/formula-1-dataset-with-weather-and-tyre-features,data\raw\kaggle_tyre_strategy\navenkumar1998__formula-1-dataset-with-weather-and-tyre-features\f1_all.parquet,2023,,,RUS,3.0,Medium,42.0,28.618584070796462,43.2146017699115,kaggle_tyre_strategy,stint,False,stint_summary
navenkumar1998/formula-1-dataset-with-weather-and-tyre-features,data\raw\kaggle_tyre_strategy\navenkumar1998__formula-1-dataset-with-weather-and-tyre-features\f1_all.parquet,2023,,,RUS,3.0,Soft,24.0,21.023913043478263,37.35108695652174,kaggle_tyre_strategy,stint,False,stint_summary
navenkumar1998/formula-1-dataset-with-weather-and-tyre-features,data\raw\kaggle_tyre_strategy\navenkumar1998__formula-1-dataset-with-weather-and-tyre-features\f1_all.parquet,2023,,,RUS,4.0,Hard,44.0,21.280645161290323,28.93870967741936,kaggle_tyre_strategy,stint,False,stint_summary
navenkumar1998/formula-1-dataset-with-weather-and-tyre-features,data\raw\kaggle_tyre_strategy\navenkumar1998__formula-1-dataset-with-weather-and-tyre-features\f1_all.parquet,2023,,,RUS,4.0,Medium,30.0,21.571428571428573,39.38214285714286,kaggle_tyre_strategy,stint,False,stint_summary
navenkumar1998/formula-1-dataset-with-weather-and-tyre-features,data\raw\kaggle_tyre_strategy\navenkumar1998__formula-1-dataset-with-weather-and-tyre-features\f1_all.parquet,2023,,,RUS,5.0,Intermediate,15.0,17.1,25.600000000000005,kaggle_tyre_strategy,stint,False,stint_summary
navenkumar1998/formula-1-dataset-with-weather-and-tyre-features,data\raw\kaggle_tyre_strategy\navenkumar1998__formula-1-dataset-with-weather-and-tyre-features\f1_all.parquet,2023,,,RUS,5.0,Soft,15.0,24.55263157894737,43.92105263157895,kaggle_tyre_strategy,stint,False,stint_summary
navenkumar1998/formula-1-dataset-with-weather-and-tyre-features,data\raw\kaggle_tyre_strategy\navenkumar1998__formula-1-dataset-with-weather-and-tyre-features\f1_all.parquet,2023,,,RUS,6.0,Intermediate,6.0,17.1,25.6,kaggle_tyre_strategy,stint,False,stint_summary
navenkumar1998/formula-1-dataset-with-weather-and-tyre-features,data\raw\kaggle_tyre_strategy\navenkumar1998__formula-1-dataset-with-weather-and-tyre-features\f1_all.parquet,2023,,,RUS,7.0,Intermediate,9.0,17.1,25.600000000000005,kaggle_tyre_strategy,stint,False,stint_summary
navenkumar1998/formula-1-dataset-with-weather-and-tyre-features,data\raw\kaggle_tyre_strategy\navenkumar1998__formula-1-dataset-with-weather-and-tyre-features\f1_all.parquet,2023,,,RUS,8.0,Intermediate,11.0,17.1,25.6,kaggle_tyre_strategy,stint,False,stint_summary
navenkumar1998/formula-1-dataset-with-weather-and-tyre-features,data\raw\kaggle_tyre_strategy\navenkumar1998__formula-1-dataset-with-weather-and-tyre-features\f1_all.parquet,2023,,,SAI,1.0,Hard,33.0,25.957142857142856,36.74821428571429,kaggle_tyre_strategy,stint,False,stint_summary
navenkumar1998/formula-1-dataset-with-weather-and-tyre-features,data\raw\kaggle_tyre_strategy\navenkumar1998__formula-1-dataset-with-weather-and-tyre-features\f1_all.parquet,2023,,,SAI,1.0,Medium,38.0,24.89017857142857,36.915625,kaggle_tyre_strategy,stint,False,stint_summary
navenkumar1998/formula-1-dataset-with-weather-and-tyre-features,data\raw\kaggle_tyre_strategy\navenkumar1998__formula-1-dataset-with-weather-and-tyre-features\f1_all.parquet,2023,,,SAI,1.0,Soft,18.0,24.533962264150944,35.85471698113208,kaggle_tyre_strategy,stint,False,stint_summary
navenkumar1998/formula-1-dataset-with-weather-and-tyre-features,data\raw\kaggle_tyre_strategy\navenkumar1998__formula-1-dataset-with-weather-and-tyre-features\f1_all.parquet,2023,,,SAI,2.0,Hard,42.0,25.61497175141243,35.27175141242938,kaggle_tyre_strategy,stint,False,stint_summary
navenkumar1998/formula-1-dataset-with-weather-and-tyre-features,data\raw\kaggle_tyre_strategy\navenkumar1998__formula-1-dataset-with-weather-and-tyre-features\f1_all.parquet,2023,,,SAI,2.0,Intermediate,8.0,17.1,25.6,kaggle_tyre_strategy,stint,False,stint_summary
navenkumar1998/formula-1-dataset-with-weather-and-tyre-features,data\raw\kaggle_tyre_strategy\navenkumar1998__formula-1-dataset-with-weather-and-tyre-features\f1_all.parquet,2023,,,SAI,2.0,Medium,26.0,24.35217391304348,36.15913043478261,kaggle_tyre_strategy,stint,False,stint_summary
navenkumar1998/formula-1-dataset-with-weather-and-tyre-features,data\raw\kaggle_tyre_strategy\navenkumar1998__formula-1-dataset-with-weather-and-tyre-features\f1_all.parquet,2023,,,SAI,2.0,Soft,4.0,20.5,47.9,kaggle_tyre_strategy,stint,False,stint_summary
navenkumar1998/formula-1-dataset-with-weather-and-tyre-features,data\raw\kaggle_tyre_strategy\navenkumar1998__formula-1-dataset-with-weather-and-tyre-features\f1_all.parquet,2023,,,SAI,3.0,Hard,48.0,23.803619909502263,36.09027149321268,kaggle_tyre_strategy,stint,False,stint_summary
navenkumar1998/formula-1-dataset-with-weather-and-tyre-features,data\raw\kaggle_tyre_strategy\navenkumar1998__formula-1-dataset-with-weather-and-tyre-features\f1_all.parquet,2023,,,SAI,3.0,Intermediate,23.0,25.3,39.5,kaggle_tyre_strategy,stint,False,stint_summary
navenkumar1998/formula-1-dataset-with-weather-and-tyre-features,data\raw\kaggle_tyre_strategy\navenkumar1998__formula-1-dataset-with-weather-and-tyre-features\f1_all.parquet,2023,,,SAI,3.0,Medium,30.0,22.5,32.0,kaggle_tyre_strategy,stint,False,stint_summary
navenkumar1998/formula-1-dataset-with-weather-and-tyre-features,data\raw\kaggle_tyre_strategy\navenkumar1998__formula-1-dataset-with-weather-and-tyre-features\f1_all.parquet,2023,,,SAI,3.0,Soft,31.0,18.732142857142858,35.285714285714285,kaggle_tyre_strategy,stint,False,stint_summary
navenkumar1998/formula-1-dataset-with-weather-and-tyre-features,data\raw\kaggle_tyre_strategy\navenkumar1998__formula-1-dataset-with-weather-and-tyre-features\f1_all.parquet,2023,,,SAI,4.0,Hard,26.0,22.5,32.0,kaggle_tyre_strategy,stint,False,stint_summary
navenkumar1998/formula-1-dataset-with-weather-and-tyre-features,data\raw\kaggle_tyre_strategy\navenkumar1998__formula-1-dataset-with-weather-and-tyre-features\f1_all.parquet,2023,,,SAI,4.0,Medium,25.0,20.5,47.9,kaggle_tyre_strategy,stint,False,stint_summary
navenkumar1998/formula-1-dataset-with-weather-and-tyre-features,data\raw\kaggle_tyre_strategy\navenkumar1998__formula-1-dataset-with-weather-and-tyre-features\f1_all.parquet,2023,,,SAI,4.0,Soft,21.0,17.13809523809524,26.10952380952381,kaggle_tyre_strategy,stint,False,stint_summary
navenkumar1998/formula-1-dataset-with-weather-and-tyre-features,data\raw\kaggle_tyre_strategy\navenkumar1998__formula-1-dataset-with-weather-and-tyre-features\f1_all.parquet,2023,,,SAI,5.0,Intermediate,19.0,17.1,25.6,kaggle_tyre_strategy,stint,False,stint_summary
navenkumar1998/formula-1-dataset-with-weather-and-tyre-features,data\raw\kaggle_tyre_strategy\navenkumar1998__formula-1-dataset-with-weather-and-tyre-features\f1_all.parquet,2023,,,SAI,5.0,Soft,23.0,20.357142857142858,47.09285714285714,kaggle_tyre_strategy,stint,False,stint_summary
navenkumar1998/formula-1-dataset-with-weather-and-tyre-features,data\raw\kaggle_tyre_strategy\navenkumar1998__formula-1-dataset-with-weather-and-tyre-features\f1_all.parquet,2023,,,SAI,6.0,Intermediate,12.0,17.1,25.6,kaggle_tyre_strategy,stint,False,stint_summary
navenkumar1998/formula-1-dataset-with-weather-and-tyre-features,data\raw\kaggle_tyre_strategy\navenkumar1998__formula-1-dataset-with-weather-and-tyre-features\f1_all.parquet,2023,,,SAR,1.0,Hard,18.0,25.55263157894737,31.56578947368421,kaggle_tyre_strategy,stint,False,stint_summary
navenkumar1998/formula-1-dataset-with-weather-and-tyre-features,data\raw\kaggle_tyre_strategy\navenkumar1998__formula-1-dataset-with-weather-and-tyre-features\f1_all.parquet,2023,,,SAR,1.0,Medium,29.0,25.492822966507177,36.5043062200957,kaggle_tyre_strategy,stint,False,stint_summary
navenkumar1998/formula-1-dataset-with-weather-and-tyre-features,data\raw\kaggle_tyre_strategy\navenkumar1998__formula-1-dataset-with-weather-and-tyre-features\f1_all.parquet,2023,,,SAR,1.0,Soft,14.0,20.81764705882353,27.97647058823529,kaggle_tyre_strategy,stint,False,stint_summary
navenkumar1998/formula-1-dataset-with-weather-and-tyre-features,data\raw\kaggle_tyre_strategy\navenkumar1998__formula-1-dataset-with-weather-and-tyre-features\f1_all.parquet,2023,,,SAR,2.0,Hard,54.0,26.14372881355932,36.60322033898305,kaggle_tyre_strategy,stint,False,stint_summary
navenkumar1998/formula-1-dataset-with-weather-and-tyre-features,data\raw\kaggle_tyre_strategy\navenkumar1998__formula-1-dataset-with-weather-and-tyre-features\f1_all.parquet,2023,,,SAR,2.0,Medium,32.0,24.587179487179487,32.52756410256411,kaggle_tyre_strategy,stint,False,stint_summary
navenkumar1998/formula-1-dataset-with-weather-and-tyre-features,data\raw\kaggle_tyre_strategy\navenkumar1998__formula-1-dataset-with-weather-and-tyre-features\f1_all.parquet,2023,,,SAR,2.0,Soft,23.0,23.958536585365856,30.151219512195123,kaggle_tyre_strategy,stint,False,stint_summary
navenkumar1998/formula-1-dataset-with-weather-and-tyre-features,data\raw\kaggle_tyre_strategy\navenkumar1998__formula-1-dataset-with-weather-and-tyre-features\f1_all.parquet,2023,,,SAR,3.0,Hard,33.0,25.56231884057971,36.39782608695653,kaggle_tyre_strategy,stint,False,stint_summary
navenkumar1998/formula-1-dataset-with-weather-and-tyre-features,data\raw\kaggle_tyre_strategy\navenkumar1998__formula-1-dataset-with-weather-and-tyre-features\f1_all.parquet,2023,,,SAR,3.0,Medium,36.0,26.966666666666665,41.2552380952381,kaggle_tyre_strategy,stint,False,stint_summary
navenkumar1998/formula-1-dataset-with-weather-and-tyre-features,data\raw\kaggle_tyre_strategy\navenkumar1998__formula-1-dataset-with-weather-and-tyre-features\f1_all.parquet,2023,,,SAR,3.0,Soft,29.0,23.663636363636364,42.36363636363637,kaggle_tyre_strategy,stint,False,stint_summary
navenkumar1998/formula-1-dataset-with-weather-and-tyre-features,data\raw\kaggle_tyre_strategy\navenkumar1998__formula-1-dataset-with-weather-and-tyre-features\f1_all.parquet,2023,,,SAR,4.0,Hard,27.0,22.67142857142857,32.4,kaggle_tyre_strategy,stint,False,stint_summary
navenkumar1998/formula-1-dataset-with-weather-and-tyre-features,data\raw\kaggle_tyre_strategy\navenkumar1998__formula-1-dataset-with-weather-and-tyre-features\f1_all.parquet,2023,,,SAR,4.0,Intermediate,24.0,25.3,39.5,kaggle_tyre_strategy,stint,False,stint_summary
navenkumar1998/formula-1-dataset-with-weather-and-tyre-features,data\raw\kaggle_tyre_strategy\navenkumar1998__formula-1-dataset-with-weather-and-tyre-features\f1_all.parquet,2023,,,SAR,4.0,Medium,28.0,17.5,30.95,kaggle_tyre_strategy,stint,False,stint_summary
navenkumar1998/formula-1-dataset-with-weather-and-tyre-features,data\raw\kaggle_tyre_strategy\navenkumar1998__formula-1-dataset-with-weather-and-tyre-features\f1_all.parquet,2023,,,SAR,4.0,Soft,27.0,22.00188679245283,38.96037735849057,kaggle_tyre_strategy,stint,False,stint_summary
navenkumar1998/formula-1-dataset-with-weather-and-tyre-features,data\raw\kaggle_tyre_strategy\navenkumar1998__formula-1-dataset-with-weather-and-tyre-features\f1_all.parquet,2023,,,SAR,5.0,Hard,25.0,17.5,30.950000000000003,kaggle_tyre_strategy,stint,False,stint_summary
navenkumar1998/formula-1-dataset-with-weather-and-tyre-features,data\raw\kaggle_tyre_strategy\navenkumar1998__formula-1-dataset-with-weather-and-tyre-features\f1_all.parquet,2023,,,SAR,5.0,Soft,26.0,20.5,47.89999999999999,kaggle_tyre_strategy,stint,False,stint_summary
navenkumar1998/formula-1-dataset-with-weather-and-tyre-features,data\raw\kaggle_tyre_strategy\navenkumar1998__formula-1-dataset-with-weather-and-tyre-features\f1_all.parquet,2023,,,SAR,6.0,Soft,1.0,17.5,30.95,kaggle_tyre_strategy,stint,False,stint_summary
navenkumar1998/formula-1-dataset-with-weather-and-tyre-features,data\raw\kaggle_tyre_strategy\navenkumar1998__formula-1-dataset-with-weather-and-tyre-features\f1_all.parquet,2023,,,SAR,7.0,Soft,2.0,17.5,30.95,kaggle_tyre_strategy,stint,False,stint_summary
navenkumar1998/formula-1-dataset-with-weather-and-tyre-features,data\raw\kaggle_tyre_strategy\navenkumar1998__formula-1-dataset-with-weather-and-tyre-features\f1_all.parquet,2023,,,STR,1.0,Hard,52.0,26.83185185185185,37.24814814814815,kaggle_tyre_strategy,stint,False,stint_summary
navenkumar1998/formula-1-dataset-with-weather-and-tyre-features,data\raw\kaggle_tyre_strategy\navenkumar1998__formula-1-dataset-with-weather-and-tyre-features\f1_all.parquet,2023,,,STR,1.0,Medium,32.0,23.353691275167783,36.16140939597316,kaggle_tyre_strategy,stint,False,stint_summary
navenkumar1998/formula-1-dataset-with-weather-and-tyre-features,data\raw\kaggle_tyre_strategy\navenkumar1998__formula-1-dataset-with-weather-and-tyre-features\f1_all.parquet,2023,,,STR,1.0,Soft,18.0,25.05666666666667,35.83083333333333,kaggle_tyre_strategy,stint,False,stint_summary
navenkumar1998/formula-1-dataset-with-weather-and-tyre-features,data\raw\kaggle_tyre_strategy\navenkumar1998__formula-1-dataset-with-weather-and-tyre-features\f1_all.parquet,2023,,,STR,2.0,Hard,47.0,23.62455357142857,35.596875,kaggle_tyre_strategy,stint,False,stint_summary
navenkumar1998/formula-1-dataset-with-weather-and-tyre-features,data\raw\kaggle_tyre_strategy\navenkumar1998__formula-1-dataset-with-weather-and-tyre-features\f1_all.parquet,2023,,,STR,2.0,Intermediate,5.0,19.442857142857147,29.571428571428573,kaggle_tyre_strategy,stint,False,stint_summary
navenkumar1998/formula-1-dataset-with-weather-and-tyre-features,data\raw\kaggle_tyre_strategy\navenkumar1998__formula-1-dataset-with-weather-and-tyre-features\f1_all.parquet,2023,,,STR,2.0,Medium,20.0,28.219444444444445,37.29166666666666,kaggle_tyre_strategy,stint,False,stint_summary
navenkumar1998/formula-1-dataset-with-weather-and-tyre-features,data\raw\kaggle_tyre_strategy\navenkumar1998__formula-1-dataset-with-weather-and-tyre-features\f1_all.parquet,2023,,,STR,2.0,Soft,24.0,20.387878787878787,30.08333333333333,kaggle_tyre_strategy,stint,False,stint_summary
navenkumar1998/formula-1-dataset-with-weather-and-tyre-features,data\raw\kaggle_tyre_strategy\navenkumar1998__formula-1-dataset-with-weather-and-tyre-features\f1_all.parquet,2023,,,STR,3.0,Hard,43.0,23.96293103448276,35.08081896551724,kaggle_tyre_strategy,stint,False,stint_summary
navenkumar1998/formula-1-dataset-with-weather-and-tyre-features,data\raw\kaggle_tyre_strategy\navenkumar1998__formula-1-dataset-with-weather-and-tyre-features\f1_all.parquet,2023,,,STR,3.0,Medium,16.0,28.5,36.75,kaggle_tyre_strategy,stint,False,stint_summary
navenkumar1998/formula-1-dataset-with-weather-and-tyre-features,data\raw\kaggle_tyre_strategy\navenkumar1998__formula-1-dataset-with-weather-and-tyre-features\f1_all.parquet,2023,,,STR,3.0,Soft,23.0,19.47241379310345,41.34827586206896,kaggle_tyre_strategy,stint,False,stint_summary
navenkumar1998/formula-1-dataset-with-weather-and-tyre-features,data\raw\kaggle_tyre_strategy\navenkumar1998__formula-1-dataset-with-weather-and-tyre-features\f1_all.parquet,2023,,,STR,4.0,Hard,18.0,22.5,32.0,kaggle_tyre_strategy,stint,False,stint_summary
navenkumar1998/formula-1-dataset-with-weather-and-tyre-features,data\raw\kaggle_tyre_strategy\navenkumar1998__formula-1-dataset-with-weather-and-tyre-features\f1_all.parquet,2023,,,STR,4.0,Medium,30.0,22.57272727272727,38.87272727272728,kaggle_tyre_strategy,stint,False,stint_summary
navenkumar1998/formula-1-dataset-with-weather-and-tyre-features,data\raw\kaggle_tyre_strategy\navenkumar1998__formula-1-dataset-with-weather-and-tyre-features\f1_all.parquet,2023,,,STR,4.0,Soft,7.0,17.5,30.95,kaggle_tyre_strategy,stint,False,stint_summary
navenkumar1998/formula-1-dataset-with-weather-and-tyre-features,data\raw\kaggle_tyre_strategy\navenkumar1998__formula-1-dataset-with-weather-and-tyre-features\f1_all.parquet,2023,,,STR,5.0,Medium,17.0,22.5,32.0,kaggle_tyre_strategy,stint,False,stint_summary
navenkumar1998/formula-1-dataset-with-weather-and-tyre-features,data\raw\kaggle_tyre_strategy\navenkumar1998__formula-1-dataset-with-weather-and-tyre-features\f1_all.parquet,2023,,,STR,5.0,Soft,26.0,18.53555555555556,35.01555555555556,kaggle_tyre_strategy,stint,False,stint_summary
navenkumar1998/formula-1-dataset-with-weather-and-tyre-features,data\raw\kaggle_tyre_strategy\navenkumar1998__formula-1-dataset-with-weather-and-tyre-features\f1_all.parquet,2023,,,STR,6.0,Intermediate,8.0,17.1,25.600000000000005,kaggle_tyre_strategy,stint,False,stint_summary
navenkumar1998/formula-1-dataset-with-weather-and-tyre-features,data\raw\kaggle_tyre_strategy\navenkumar1998__formula-1-dataset-with-weather-and-tyre-features\f1_all.parquet,2023,,,STR,7.0,Intermediate,6.0,17.1,25.6,kaggle_tyre_strategy,stint,False,stint_summary
navenkumar1998/formula-1-dataset-with-weather-and-tyre-features,data\raw\kaggle_tyre_strategy\navenkumar1998__formula-1-dataset-with-weather-and-tyre-features\f1_all.parquet,2023,,,STR,8.0,Intermediate,14.0,17.1,25.6,kaggle_tyre_strategy,stint,False,stint_summary
navenkumar1998/formula-1-dataset-with-weather-and-tyre-features,data\raw\kaggle_tyre_strategy\navenkumar1998__formula-1-dataset-with-weather-and-tyre-features\f1_all.parquet,2023,,,TSU,1.0,Hard,36.0,27.1,35.2,kaggle_tyre_strategy,stint,False,stint_summary
navenkumar1998/formula-1-dataset-with-weather-and-tyre-features,data\raw\kaggle_tyre_strategy\navenkumar1998__formula-1-dataset-with-weather-and-tyre-features\f1_all.parquet,2023,,,TSU,1.0,Medium,53.0,25.602597402597404,37.00551948051948,kaggle_tyre_strategy,stint,False,stint_summary
navenkumar1998/formula-1-dataset-with-weather-and-tyre-features,data\raw\kaggle_tyre_strategy\navenkumar1998__formula-1-dataset-with-weather-and-tyre-features\f1_all.parquet,2023,,,TSU,1.0,Soft,14.0,23.7234375,33.10703125,kaggle_tyre_strategy,stint,False,stint_summary
navenkumar1998/formula-1-dataset-with-weather-and-tyre-features,data\raw\kaggle_tyre_strategy\navenkumar1998__formula-1-dataset-with-weather-and-tyre-features\f1_all.parquet,2023,,,TSU,2.0,Hard,46.0,24.04390243902439,36.21387195121951,kaggle_tyre_strategy,stint,False,stint_summary
navenkumar1998/formula-1-dataset-with-weather-and-tyre-features,data\raw\kaggle_tyre_strategy\navenkumar1998__formula-1-dataset-with-weather-and-tyre-features\f1_all.parquet,2023,,,TSU,2.0,Intermediate,23.0,22.99375,35.590625,kaggle_tyre_strategy,stint,False,stint_summary
navenkumar1998/formula-1-dataset-with-weather-and-tyre-features,data\raw\kaggle_tyre_strategy\navenkumar1998__formula-1-dataset-with-weather-and-tyre-features\f1_all.parquet,2023,,,TSU,2.0,Medium,21.0,24.91851851851852,33.91975308641975,kaggle_tyre_strategy,stint,False,stint_summary
navenkumar1998/formula-1-dataset-with-weather-and-tyre-features,data\raw\kaggle_tyre_strategy\navenkumar1998__formula-1-dataset-with-weather-and-tyre-features\f1_all.parquet,2023,,,TSU,2.0,Soft,5.0,20.5,47.9,kaggle_tyre_strategy,stint,False,stint_summary
navenkumar1998/formula-1-dataset-with-weather-and-tyre-features,data\raw\kaggle_tyre_strategy\navenkumar1998__formula-1-dataset-with-weather-and-tyre-features\f1_all.parquet,2023,,,TSU,3.0,Hard,37.0,24.966423357664237,35.77189781021898,kaggle_tyre_strategy,stint,False,stint_summary
navenkumar1998/formula-1-dataset-with-weather-and-tyre-features,data\raw\kaggle_tyre_strategy\navenkumar1998__formula-1-dataset-with-weather-and-tyre-features\f1_all.parquet,2023,,,TSU,3.0,Medium,32.0,26.45974025974026,39.56168831168832,kaggle_tyre_strategy,stint,False,stint_summary
navenkumar1998/formula-1-dataset-with-weather-and-tyre-features,data\raw\kaggle_tyre_strategy\navenkumar1998__formula-1-dataset-with-weather-and-tyre-features\f1_all.parquet,2023,,,TSU,3.0,Soft,50.0,18.717391304347824,31.48304347826087,kaggle_tyre_strategy,stint,False,stint_summary
navenkumar1998/formula-1-dataset-with-weather-and-tyre-features,data\raw\kaggle_tyre_strategy\navenkumar1998__formula-1-dataset-with-weather-and-tyre-features\f1_all.parquet,2023,,,TSU,4.0,Hard,20.0,26.5,34.266666666666666,kaggle_tyre_strategy,stint,False,stint_summary
navenkumar1998/formula-1-dataset-with-weather-and-tyre-features,data\raw\kaggle_tyre_strategy\navenkumar1998__formula-1-dataset-with-weather-and-tyre-features\f1_all.parquet,2023,,,TSU,4.0,Intermediate,8.0,17.1,25.600000000000005,kaggle_tyre_strategy,stint,False,stint_summary
navenkumar1998/formula-1-dataset-with-weather-and-tyre-features,data\raw\kaggle_tyre_strategy\navenkumar1998__formula-1-dataset-with-weather-and-tyre-features\f1_all.parquet,2023,,,TSU,4.0,Medium,29.0,20.5,47.9,kaggle_tyre_strategy,stint,False,stint_summary
navenkumar1998/formula-1-dataset-with-weather-and-tyre-features,data\raw\kaggle_tyre_strategy\navenkumar1998__formula-1-dataset-with-weather-and-tyre-features\f1_all.parquet,2023,,,TSU,4.0,Soft,20.0,26.47142857142857,31.59523809523809,kaggle_tyre_strategy,stint,False,stint_summary
navenkumar1998/formula-1-dataset-with-weather-and-tyre-features,data\raw\kaggle_tyre_strategy\navenkumar1998__formula-1-dataset-with-weather-and-tyre-features\f1_all.parquet,2023,,,TSU,5.0,Intermediate,6.0,17.1,25.6,kaggle_tyre_strategy,stint,False,stint_summary
navenkumar1998/formula-1-dataset-with-weather-and-tyre-features,data\raw\kaggle_tyre_strategy\navenkumar1998__formula-1-dataset-with-weather-and-tyre-features\f1_all.parquet,2023,,,TSU,5.0,Medium,27.0,22.5,32.0,kaggle_tyre_strategy,stint,False,stint_summary
navenkumar1998/formula-1-dataset-with-weather-and-tyre-features,data\raw\kaggle_tyre_strategy\navenkumar1998__formula-1-dataset-with-weather-and-tyre-features\f1_all.parquet,2023,,,TSU,5.0,Soft,19.0,20.323529411764707,46.90294117647059,kaggle_tyre_strategy,stint,False,stint_summary
navenkumar1998/formula-1-dataset-with-weather-and-tyre-features,data\raw\kaggle_tyre_strategy\navenkumar1998__formula-1-dataset-with-weather-and-tyre-features\f1_all.parquet,2023,,,TSU,6.0,Intermediate,14.0,17.1,25.6,kaggle_tyre_strategy,stint,False,stint_summary
navenkumar1998/formula-1-dataset-with-weather-and-tyre-features,data\raw\kaggle_tyre_strategy\navenkumar1998__formula-1-dataset-with-weather-and-tyre-features\f1_all.parquet,2023,,,VER,1.0,Hard,45.0,28.41764705882353,35.76470588235294,kaggle_tyre_strategy,stint,False,stint_summary
navenkumar1998/formula-1-dataset-with-weather-and-tyre-features,data\raw\kaggle_tyre_strategy\navenkumar1998__formula-1-dataset-with-weather-and-tyre-features\f1_all.parquet,2023,,,VER,1.0,Medium,55.0,25.14462540716612,36.81628664495114,kaggle_tyre_strategy,stint,False,stint_summary
navenkumar1998/formula-1-dataset-with-weather-and-tyre-features,data\raw\kaggle_tyre_strategy\navenkumar1998__formula-1-dataset-with-weather-and-tyre-features\f1_all.parquet,2023,,,VER,1.0,Soft,17.0,22.08709677419355,29.751612903225805,kaggle_tyre_strategy,stint,False,stint_summary
navenkumar1998/formula-1-dataset-with-weather-and-tyre-features,data\raw\kaggle_tyre_strategy\navenkumar1998__formula-1-dataset-with-weather-and-tyre-features\f1_all.parquet,2023,,,VER,2.0,Hard,47.0,23.786713286713287,36.16503496503497,kaggle_tyre_strategy,stint,False,stint_summary
navenkumar1998/formula-1-dataset-with-weather-and-tyre-features,data\raw\kaggle_tyre_strategy\navenkumar1998__formula-1-dataset-with-weather-and-tyre-features\f1_all.parquet,2023,,,VER,2.0,Intermediate,23.0,22.99375,35.590625,kaggle_tyre_strategy,stint,False,stint_summary
navenkumar1998/formula-1-dataset-with-weather-and-tyre-features,data\raw\kaggle_tyre_strategy\navenkumar1998__formula-1-dataset-with-weather-and-tyre-features\f1_all.parquet,2023,,,VER,2.0,Medium,24.0,26.7062015503876,36.35348837209303,kaggle_tyre_strategy,stint,False,stint_summary
navenkumar1998/formula-1-dataset-with-weather-and-tyre-features,data\raw\kaggle_tyre_strategy\navenkumar1998__formula-1-dataset-with-weather-and-tyre-features\f1_all.parquet,2023,,,VER,2.0,Soft,22.0,24.40952380952381,30.65,kaggle_tyre_strategy,stint,False,stint_summary
navenkumar1998/formula-1-dataset-with-weather-and-tyre-features,data\raw\kaggle_tyre_strategy\navenkumar1998__formula-1-dataset-with-weather-and-tyre-features\f1_all.parquet,2023,,,VER,3.0,Hard,25.0,25.69428571428572,32.752500000000005,kaggle_tyre_strategy,stint,False,stint_summary
navenkumar1998/formula-1-dataset-with-weather-and-tyre-features,data\raw\kaggle_tyre_strategy\navenkumar1998__formula-1-dataset-with-weather-and-tyre-features\f1_all.parquet,2023,,,VER,3.0,Medium,28.0,22.923404255319152,38.015957446808514,kaggle_tyre_strategy,stint,False,stint_summary
navenkumar1998/formula-1-dataset-with-weather-and-tyre-features,data\raw\kaggle_tyre_strategy\navenkumar1998__formula-1-dataset-with-weather-and-tyre-features\f1_all.parquet,2023,,,VER,3.0,Soft,38.0,18.91075268817204,33.026881720430104,kaggle_tyre_strategy,stint,False,stint_summary
navenkumar1998/formula-1-dataset-with-weather-and-tyre-features,data\raw\kaggle_tyre_strategy\navenkumar1998__formula-1-dataset-with-weather-and-tyre-features\f1_all.parquet,2023,,,VER,4.0,Hard,38.0,25.7,46.95,kaggle_tyre_strategy,stint,False,stint_summary
navenkumar1998/formula-1-dataset-with-weather-and-tyre-features,data\raw\kaggle_tyre_strategy\navenkumar1998__formula-1-dataset-with-weather-and-tyre-features\f1_all.parquet,2023,,,VER,4.0,Medium,29.0,22.42727272727273,40.94,kaggle_tyre_strategy,stint,False,stint_summary
navenkumar1998/formula-1-dataset-with-weather-and-tyre-features,data\raw\kaggle_tyre_strategy\navenkumar1998__formula-1-dataset-with-weather-and-tyre-features\f1_all.parquet,2023,,,VER,4.0,Soft,13.0,17.130769230769232,26.011538461538464,kaggle_tyre_strategy,stint,False,stint_summary
navenkumar1998/formula-1-dataset-with-weather-and-tyre-features,data\raw\kaggle_tyre_strategy\navenkumar1998__formula-1-dataset-with-weather-and-tyre-features\f1_all.parquet,2023,,,VER,5.0,Intermediate,14.0,17.1,25.6,kaggle_tyre_strategy,stint,False,stint_summary
navenkumar1998/formula-1-dataset-with-weather-and-tyre-features,data\raw\kaggle_tyre_strategy\navenkumar1998__formula-1-dataset-with-weather-and-tyre-features\f1_all.parquet,2023,,,VER,5.0,Soft,15.0,20.735294117647054,46.02941176470589,kaggle_tyre_strategy,stint,False,stint_summary
navenkumar1998/formula-1-dataset-with-weather-and-tyre-features,data\raw\kaggle_tyre_strategy\navenkumar1998__formula-1-dataset-with-weather-and-tyre-features\f1_all.parquet,2023,,,VER,6.0,Wet,1.0,17.1,25.6,kaggle_tyre_strategy,stint,False,stint_summary
navenkumar1998/formula-1-dataset-with-weather-and-tyre-features,data\raw\kaggle_tyre_strategy\navenkumar1998__formula-1-dataset-with-weather-and-tyre-features\f1_all.parquet,2023,,,VER,7.0,Intermediate,12.0,17.1,25.6,kaggle_tyre_strategy,stint,False,stint_summary
navenkumar1998/formula-1-dataset-with-weather-and-tyre-features,data\raw\kaggle_tyre_strategy\navenkumar1998__formula-1-dataset-with-weather-and-tyre-features\f1_all.parquet,2023,,,ZHO,1.0,Hard,31.0,22.949122807017545,27.26315789473684,kaggle_tyre_strategy,stint,False,stint_summary
navenkumar1998/formula-1-dataset-with-weather-and-tyre-features,data\raw\kaggle_tyre_strategy\navenkumar1998__formula-1-dataset-with-weather-and-tyre-features\f1_all.parquet,2023,,,ZHO,1.0,Medium,24.0,25.958450704225356,37.75774647887325,kaggle_tyre_strategy,stint,False,stint_summary
navenkumar1998/formula-1-dataset-with-weather-and-tyre-features,data\raw\kaggle_tyre_strategy\navenkumar1998__formula-1-dataset-with-weather-and-tyre-features\f1_all.parquet,2023,,,ZHO,1.0,Soft,12.0,23.365714285714283,31.72285714285714,kaggle_tyre_strategy,stint,False,stint_summary
navenkumar1998/formula-1-dataset-with-weather-and-tyre-features,data\raw\kaggle_tyre_strategy\navenkumar1998__formula-1-dataset-with-weather-and-tyre-features\f1_all.parquet,2023,,,ZHO,2.0,Hard,51.0,26.07843137254902,37.82287581699347,kaggle_tyre_strategy,stint,False,stint_summary
navenkumar1998/formula-1-dataset-with-weather-and-tyre-features,data\raw\kaggle_tyre_strategy\navenkumar1998__formula-1-dataset-with-weather-and-tyre-features\f1_all.parquet,2023,,,ZHO,2.0,Intermediate,9.0,17.1,25.6,kaggle_tyre_strategy,stint,False,stint_summary
navenkumar1998/formula-1-dataset-with-weather-and-tyre-features,data\raw\kaggle_tyre_strategy\navenkumar1998__formula-1-dataset-with-weather-and-tyre-features\f1_all.parquet,2023,,,ZHO,2.0,Medium,26.0,21.53783783783784,27.594594594594597,kaggle_tyre_strategy,stint,False,stint_summary
navenkumar1998/formula-1-dataset-with-weather-and-tyre-features,data\raw\kaggle_tyre_strategy\navenkumar1998__formula-1-dataset-with-weather-and-tyre-features\f1_all.parquet,2023,,,ZHO,2.0,Soft,9.0,26.62,43.67,kaggle_tyre_strategy,stint,False,stint_summary
navenkumar1998/formula-1-dataset-with-weather-and-tyre-features,data\raw\kaggle_tyre_strategy\navenkumar1998__formula-1-dataset-with-weather-and-tyre-features\f1_all.parquet,2023,,,ZHO,3.0,Hard,53.0,23.71015625,37.07578125,kaggle_tyre_strategy,stint,False,stint_summary
navenkumar1998/formula-1-dataset-with-weather-and-tyre-features,data\raw\kaggle_tyre_strategy\navenkumar1998__formula-1-dataset-with-weather-and-tyre-features\f1_all.parquet,2023,,,ZHO,3.0,Intermediate,25.0,25.3,39.5,kaggle_tyre_strategy,stint,False,stint_summary
navenkumar1998/formula-1-dataset-with-weather-and-tyre-features,data\raw\kaggle_tyre_strategy\navenkumar1998__formula-1-dataset-with-weather-and-tyre-features\f1_all.parquet,2023,,,ZHO,3.0,Medium,42.0,26.012857142857143,33.52857142857143,kaggle_tyre_strategy,stint,False,stint_summary
navenkumar1998/formula-1-dataset-with-weather-and-tyre-features,data\raw\kaggle_tyre_strategy\navenkumar1998__formula-1-dataset-with-weather-and-tyre-features\f1_all.parquet,2023,,,ZHO,3.0,Soft,25.0,23.5,36.07763157894737,kaggle_tyre_strategy,stint,False,stint_summary
navenkumar1998/formula-1-dataset-with-weather-and-tyre-features,data\raw\kaggle_tyre_strategy\navenkumar1998__formula-1-dataset-with-weather-and-tyre-features\f1_all.parquet,2023,,,ZHO,4.0,Hard,32.0,24.507272727272728,36.68363636363637,kaggle_tyre_strategy,stint,False,stint_summary
navenkumar1998/formula-1-dataset-with-weather-and-tyre-features,data\raw\kaggle_tyre_strategy\navenkumar1998__formula-1-dataset-with-weather-and-tyre-features\f1_all.parquet,2023,,,ZHO,4.0,Medium,7.0,20.5,47.9,kaggle_tyre_strategy,stint,False,stint_summary
navenkumar1998/formula-1-dataset-with-weather-and-tyre-features,data\raw\kaggle_tyre_strategy\navenkumar1998__formula-1-dataset-with-weather-and-tyre-features\f1_all.parquet,2023,,,ZHO,4.0,Soft,23.0,20.56382978723404,28.579787234042552,kaggle_tyre_strategy,stint,False,stint_summary
navenkumar1998/formula-1-dataset-with-weather-and-tyre-features,data\raw\kaggle_tyre_strategy\navenkumar1998__formula-1-dataset-with-weather-and-tyre-features\f1_all.parquet,2023,,,ZHO,5.0,Intermediate,2.0,17.1,25.6,kaggle_tyre_strategy,stint,False,stint_summary
navenkumar1998/formula-1-dataset-with-weather-and-tyre-features,data\raw\kaggle_tyre_strategy\navenkumar1998__formula-1-dataset-with-weather-and-tyre-features\f1_all.parquet,2023,,,ZHO,5.0,Soft,2.0,17.5,30.95,kaggle_tyre_strategy,stint,False,stint_summary
navenkumar1998/formula-1-dataset-with-weather-and-tyre-features,data\raw\kaggle_tyre_strategy\navenkumar1998__formula-1-dataset-with-weather-and-tyre-features\f1_all.parquet,2023,,,ZHO,6.0,Soft,3.0,17.5,30.95,kaggle_tyre_strategy,stint,False,stint_summary
