event_id,elapsed_s,timestamp,speed_kmh,brake,throttle,g_lat,wheel_speed_fl,wheel_speed_fr,wheel_speed_rl,wheel_speed_rr,tyre_core_fl,tyre_core_fr,tyre_core_rl,tyre_core_rr,psi_fl,psi_fr,psi_rl,psi_rr,load_fl,load_fr,load_rl,load_rr,slip_proxy_fl,slip_proxy_fr,slip_proxy_rl,slip_proxy_rr
1,155.9324562549591,1778170021.1526868,51.16263961791992,0.0,0.7680004239082336,-0.3461879789829254,41.98002243041992,40.15519332885742,40.85594177246094,39.243709564208984,75.32240295410156,77.38554382324219,77.45272827148438,78.40867614746094,23.891584396362305,24.22168731689453,24.232437133789062,24.385387420654297,2861.885009765625,3437.009765625,5371.08642578125,2993.508544921875,0.022277391439668115,-0.022051312991929417,0.024875183985096028,-0.015554238815803534
1,155.94850611686707,1778170021.1687367,51.16585922241211,0.0,0.828000545501709,-0.1829265356063842,41.78453826904297,40.346343994140625,40.56987762451172,39.33113479614258,75.31990814208984,77.38310241699219,77.44837951660156,78.40409851074219,23.891185760498047,24.221296310424805,24.23174095153809,24.384654998779297,2634.541259765625,3449.03466796875,5175.853515625,3197.175048828125,0.017453027690821132,-0.017457816548911098,0.01763519905319999,-0.013423222429120418
1,155.9639401435852,1778170021.1841707,51.165653228759766,0.0,0.8880006670951843,-0.0741098597645759,41.49528503417969,40.461082458496094,40.46237564086914,39.68434524536133,75.31739044189453,77.38065338134766,77.44393920898438,78.39952087402344,23.89078140258789,24.22090530395508,24.231029510498047,24.383922576904297,2455.739990234375,3485.779052734375,4713.912109375,3047.386474609375,0.010413782662860971,-0.01465965881786413,0.014942757419061037,-0.004559332441739561
1,155.97956585884094,1778170021.1997964,51.17893981933594,0.0,0.9600008130073548,0.0496328808367252,41.19830322265625,40.79841613769531,40.217315673828125,39.87342834472656,75.3143310546875,77.37767791748047,77.4384536743164,78.39402770996094,23.89029312133789,24.220428466796875,24.230152130126953,24.383045196533203,2280.20361328125,3617.627197265625,4215.79736328125,3043.209228515625,0.0029218131900299316,-0.006702579172026768,0.00853387293708896,-7.603705744407829e-05
1,155.99527430534363,1778170021.215505,51.194950103759766,0.0,1.0,0.0102706681936979,41.11864471435547,40.84052658081055,40.11101913452149,40.11101913452149,75.31177520751953,77.37519836425781,77.433837890625,78.38945007324219,23.88988494873047,24.22003173828125,24.229413986206055,24.382312774658203,2223.20361328125,3591.212158203125,3922.354248046875,2953.27880859375,0.0006695861708196915,-0.005988294754376122,0.005553696489083659,0.005567563192919289
1,156.01097178459167,1778170021.2312024,51.21549224853515,0.0,1.0,-0.0327136851847171,41.05869674682617,40.99482345581055,40.12494659423828,40.12494659423828,75.30921936035156,77.37271881103516,77.4292221069336,78.38487243652344,23.889474868774418,24.219635009765625,24.228675842285156,24.381580352783203,2055.010498046875,3593.82861328125,3717.370361328125,3020.404296875,-0.0011900924891745657,-0.002633082103444151,0.0054993876538880215,0.005513253608798285
1,156.02625393867493,1778170021.2464845,51.24617004394531,0.0,1.0,-0.1000042557716369,41.0692138671875,40.933345794677734,40.20797348022461,40.20797348022461,75.3066635131836,77.3702392578125,77.42460632324219,78.38029479980469,23.889066696166992,24.21923828125,24.227935791015625,24.380847930908203,1970.2557373046875,3135.510498046875,3532.59765625,3030.46875,-0.00153232549958493,-0.004724942138814581,0.006976802157850237,0.006990688486480323
1,156.0417652130127,1778170021.2619958,51.28290939331055,0.0,1.0,-0.1169540584087371,41.11134719848633,40.92293548583984,40.22796249389648,40.22796249389648,75.30410766601562,77.36775970458984,77.41999053955078,78.37571716308594,23.888656616210938,24.218841552734375,24.22719955444336,24.380115509033203,2062.7177734375,2909.47509765625,3537.219970703125,2958.965576171875,-0.0012240285849993704,-0.0056909029171210435,0.0067556489675792974,0.006769532246480914
1,156.05716109275818,1778170021.2773917,51.31353759765625,0.0,1.0,-0.2079143524169922,41.214385986328125,40.87187576293945,40.6694450378418,40.6694450378418,75.30154418945312,77.36527252197266,77.41535186767578,78.37113952636719,23.888246536254883,24.21844482421875,24.22645568847656,24.379383087158203,2379.768798828125,2670.93359375,3643.699951171875,1291.352783203125,0.0006815910258948232,-0.007524252867311398,0.017196797490085958,0.017210824753654874
1,156.07345294952393,1778170021.2936835,51.38490295410156,0.0,1.0,-0.2640422582626343,41.351619720458984,40.90858459472656,40.2990837097168,40.2990837097168,75.29843139648438,77.36225128173828,77.4097671508789,78.36564636230469,23.88774871826172,24.217960357666016,24.225563049316406,24.378501892089844,2891.22265625,2557.331298828125,3815.94482421875,1923.2681884765625,0.002619200520176168,-0.008012493686944566,0.00653371168986272,0.006547591908223405
1,156.08889842033386,1778170021.309129,51.43338394165039,0.0,1.0,-0.306017130613327,41.50194549560547,40.939208984375,40.63104248046875,40.63104248046875,75.29581451416016,77.35973358154297,77.40511322021484,78.36106872558594,23.8873291015625,24.21755599975586,24.22481918334961,24.377769470214844,3093.681396484375,2732.917236328125,3851.996826171875,2112.541015625,0.005315525602598958,-0.008205631512779865,0.01386833838328938,0.01388231974701526
1,156.10393738746643,1778170021.324168,51.49456787109375,0.0,1.0,-0.3531583547592163,41.619632720947266,40.92947006225586,40.64547348022461,40.64547348022461,75.29318237304688,77.35721588134766,77.40045928955078,78.35649108886719,23.88690948486328,24.21715545654297,24.22407341003418,24.377037048339844,3287.44482421875,2772.8037109375,3873.84375,2201.68896484375,0.006968436990741678,-0.009619699734271125,0.013023367319366486,0.013037337030842089
1,156.11962580680847,1778170021.3398564,51.5608024597168,0.0,1.0,-0.3843426704406738,41.7646369934082,40.988914489746094,40.78736877441406,40.78736877441406,75.2905502319336,77.35469818115234,77.39580535888672,78.35191345214844,23.88648796081543,24.216751098632812,24.22332763671875,24.376304626464844,3328.195556640625,2859.141357421875,4021.341064453125,2250.298583984375,0.009178700403321471,-0.00945539077106683,0.015254015825433731,0.015268016297814713
1,156.13469099998474,1778170021.3549216,51.6348876953125,0.0,1.0,-0.4275543391704559,41.889156341552734,41.00356674194336,40.992881774902344,40.694461822509766,75.28791809082031,77.35218048095703,77.39115142822266,78.34732818603516,23.886066436767575,24.21634864807129,24.222583770751953,24.375572204589844,3490.87646484375,2876.46337890625,4142.3037109375,2335.20361328125,0.01073524354799793,-0.010523033952435368,0.018905502342878577,0.011502023311250165
1,156.15048122406006,1778170021.3707118,51.715187072753906,0.0,1.0,-0.4247906804084778,42.07981872558594,41.02994918823242,41.46144104003906,40.633941650390625,75.28528594970703,77.34966278076172,77.38651275634766,78.34271240234375,23.885644912719727,24.21594619750977,24.22184181213379,24.374834060668945,3394.017822265625,2688.528076171875,4281.046875,2348.180908203125,0.013759163418031628,-0.01142375884542346,0.028951694452855614,0.00842948615606609
1,156.16557145118713,1778170021.385802,51.824092864990234,0.0,1.0,-0.4437818229198456,42.203128814697266,41.06283187866211,41.5745735168457,40.672367095947266,75.2821273803711,77.34664154052734,77.3810043334961,78.33717346191406,23.88513946533203,24.21546173095703,24.22096061706543,24.373947143554688,3287.11962890625,2357.651123046875,4485.47216796875,2472.262451171875,0.014593260526263085,-0.012710592253629027,0.029591119975324487,0.007261937325613976
1,156.18134450912476,1778170021.401575,51.924583435058594,0.0,1.0,-0.4614849090576172,42.33669662475586,41.09015274047851,41.207183837890625,41.207183837890625,75.27949523925781,77.34412384033203,77.37647247314453,78.33255767822266,23.884719848632812,24.215059280395508,24.22023582458496,24.37320899963379,3261.435302734375,2164.560791015625,4694.13037109375,2544.95361328125,0.01583455094658759,-0.013965696337807532,0.018517765033814193,0.018531810513680913
1,156.19636011123657,1778170021.4165907,52.02812194824219,0.0,1.0,-0.4993342161178589,42.46595764160156,41.11549758911133,41.37924575805664,41.37924575805664,75.27686309814453,77.34160614013672,77.37198638916016,78.3279800415039,23.88429832458496,24.214656829833984,24.21951675415039,24.37247657775879,3270.746337890625,2099.879150390625,4731.65185546875,2509.1259765625,0.016908331041806557,-0.015320966704919448,0.020735255019136423,0.020749331078451005
1,156.2118363380432,1778170021.432067,52.14222717285156,0.0,1.0,-0.5708587765693665,42.59543991088867,41.14471435546875,41.560062408447266,41.4700927734375,75.27423095703125,77.3390884399414,77.36748504638672,78.3233642578125,23.88387680053711,24.21425437927246,24.21879768371582,24.37173843383789,3603.110107421875,2067.8583984375,4616.2900390625,2345.703125,0.017776837538373558,-0.016777600998353015,0.02295212277110914,0.0207517019691128
1,156.22719883918762,1778170021.4474294,52.252742767333984,0.0,1.0,-0.5196070671081543,42.865604400634766,41.17707824707031,41.981468200683594,41.981468200683594,75.2715835571289,77.3365707397461,77.36294555664062,78.3187484741211,23.883453369140625,24.213851928710938,24.21807098388672,24.37099838256836,3659.209716796875,1964.8280029296875,4451.85205078125,2188.331298828125,0.022065885246352,-0.01808538192503184,0.031139029374326332,0.03115324890291382
1,156.24349522590637,1778170021.4637258,52.39236831665039,0.0,1.0,-0.3854474425315857,42.99057388305664,41.28229904174805,41.9781494140625,41.9781494140625,75.26891326904297,77.33402252197266,77.3583755493164,78.31413269042969,23.883026123046875,24.213443756103516,24.21733856201172,24.370262145996097,3604.056884765625,1837.3643798828125,4382.88134765625,2349.944091796875,0.022313850339954255,-0.018199758624539486,0.028309748045348027,0.028323928557813183
1,156.25923466682434,1778170021.4794652,52.57286071777344,0.0,1.0,-0.2188131213188171,43.0011100769043,41.50130462646485,42.196163177490234,42.196163177490234,75.26570892333984,77.3309555053711,77.3528823852539,78.30859375,23.88251304626465,24.21295166015625,24.216461181640625,24.369375228881836,3353.738525390625,1934.614013671875,4327.3193359375,2493.83349609375,0.01905374691720496,-0.016379821785248327,0.030101567199873447,0.030115772421735576
1,156.2752730846405,1778170021.4955037,52.75077819824219,0.0,1.0,-0.0996719896793365,43.06685256958008,41.7568359375,42.05413436889648,41.59199142456055,75.2630386352539,77.32839965820312,77.3482894897461,78.3039779663086,23.8820858001709,24.212543487548828,24.21572494506836,24.368637084960938,3014.76611328125,2238.821044921875,4142.759765625,3190.36669921875,0.0171694204639381,-0.013661462472680297,0.02317170462833751,0.0119417805687696
1,156.29129576683044,1778170021.5115263,52.92205047607422,0.0,1.0,0.0252977907657623,42.937477111816406,42.08407974243164,42.77742004394531,41.67723083496094,75.26034545898438,77.32584381103516,77.34363555908203,78.29936218261719,23.881654739379883,24.212135314941406,24.21498107910156,24.367897033691406,2628.123046875,2788.374267578125,3869.2021484375,3620.2353515625,0.010831792538940732,-0.009148749665652933,0.03740089858347373,0.010734001810446925
1,156.30738353729248,1778170021.527614,53.139984130859375,0.0,1.0,-0.0166610926389694,42.968265533447266,42.44279098510742,42.350704193115234,42.350704193115234,75.25707244873047,77.3227767944336,77.33805084228516,78.2938232421875,23.881132125854492,24.21164321899414,24.214088439941406,24.36701202392578,2262.794921875,3226.73486328125,3648.779052734375,3975.850341796875,0.007408092998550497,-0.004801290878744924,0.02284048607240563,0.022854591163104176
1,156.32339310646057,1778170021.5436237,53.33382034301758,0.0,1.0,-0.0982987806200981,43.02302169799805,42.71134948730469,42.521095275878906,42.521095275878906,75.25432586669922,77.32022094726562,77.33338165283203,78.28923034667969,23.880691528320312,24.21123504638672,24.213340759277344,24.366275787353516,2107.7939453125,3331.459228515625,3574.674072265625,4175.865234375,0.005025887579638955,-0.0021439625684076535,0.02322335276414278,0.023237463134618164
1,156.338933467865,1778170021.559164,53.53269577026367,0.0,1.0,-0.1278333216905594,43.16151809692383,42.83988952636719,42.77762222290039,42.77762222290039,75.25157928466797,77.31763458251953,77.32868957519531,78.28465270996094,23.88025283813477,24.2108211517334,24.212589263916016,24.365543365478516,2274.018798828125,3243.359375,3625.3818359375,4175.0869140625,0.004515471671931337,-0.0028591282494578873,0.025572155656427897,0.02558629841717175
1,156.35441136360168,1778170021.574642,53.74458694458008,0.0,1.0,-0.1641338616609573,43.39022445678711,43.00148391723633,42.97900390625,42.97900390625,75.24883270263672,77.3150405883789,77.3239974975586,78.28005981445312,23.87981414794922,24.21040725708008,24.21183967590332,24.364809036254883,2513.892333984375,2875.209228515625,3793.65478515625,3918.937744140625,0.005856901013544968,-0.003043973879189865,0.026337768147182583,0.026351921465812778
1,156.36993551254272,1778170021.590166,54.00265884399414,0.0,1.0,-0.2038338929414749,43.63885498046875,43.090301513671875,43.350040435791016,43.350040435791016,75.24553680419922,77.31192779541016,77.31842041015625,78.27452087402344,23.87928581237793,24.20990753173828,24.210947036743164,24.363922119140625,2976.791748046875,2346.176513671875,4242.73095703125,3407.4267578125,0.006786159075911069,-0.005758974526730909,0.030251031883641533,0.030265239166638924
1,156.38508892059326,1778170021.6053195,54.2306022644043,0.0,1.0,-0.2624821364879608,43.92072677612305,43.23031997680664,43.56364059448242,43.56364059448242,75.24279022216797,77.30933380126953,77.31390380859375,78.26990509033203,23.87884521484375,24.20949363708496,24.210224151611328,24.36318588256836,3350.088134765625,2089.868408203125,4551.93798828125,3172.093505859375,0.009030103011485213,-0.006720866484572818,0.03097570949111561,0.030989926767502896
1,156.4004783630371,1778170021.620709,54.4697380065918,0.0,1.0,-0.3332444429397583,44.16652297973633,43.32210540771485,43.78266143798828,43.78266143798828,75.24004364013672,77.30670166015625,77.30950164794922,78.26528930664062,23.878406524658203,24.20907211303711,24.20952033996582,24.362445831298828,3527.914306640625,1906.7730712890625,4962.22314453125,3028.1865234375,0.010222313609580924,-0.008981965312011897,0.03161005290003094,0.03162427892408837
1,156.41581535339355,1778170021.636046,54.71111679077149,0.0,1.0,-0.3873046040534973,44.413936614990234,43.45674514770508,44.22060012817383,44.22060012817383,75.23729705810547,77.30406951904297,77.30508422851562,78.26067352294922,23.877967834472656,24.208650588989254,24.208812713623047,24.36170768737793,3542.012451171875,1848.15283203125,4823.595703125,2879.648193359375,0.011399468642734778,-0.010287843246381323,0.03733193122029066,0.037346236149723655
1,156.43134951591492,1778170021.65158,54.962642669677734,0.0,1.0,-0.4450336694717407,44.67472457885742,43.6298828125,44.562984466552734,44.562984466552734,75.23455047607422,77.30143737792969,77.3006591796875,78.25605773925781,23.877527236938477,24.208229064941406,24.208105087280273,24.36096954345703,3497.89697265625,1874.6873779296875,4734.85107421875,2814.970947265625,0.012682512420791214,-0.010891964421402611,0.04057971850650555,0.04059406822330747
1,156.44668126106262,1778170021.6669118,55.22615814208984,0.0,1.0,-0.4786040782928467,44.97186279296875,43.76502990722656,44.821441650390625,44.821441650390625,75.23178100585938,77.2988052368164,77.29621124267578,78.2514419555664,23.877084732055664,24.207809448242188,24.20739364624023,24.3602294921875,3347.741943359375,1803.83544921875,4693.8564453125,2856.151123046875,0.014553789610241896,-0.01256233963438369,0.04162089504045219,0.04163525911520116
1,156.46234583854675,1778170021.6825764,55.49665069580078,0.0,1.0,-0.5189687609672546,45.191463470458984,43.93659591674805,45.21733856201172,45.21733856201172,75.22899627685547,77.29617309570312,77.291748046875,78.246826171875,23.87664031982422,24.207387924194336,24.20668029785156,24.35949325561523,3335.28662109375,1795.59033203125,4492.9736328125,2926.1611328125,0.014538808925754099,-0.013523095536990493,0.045699541024593726,0.045713961344350684
1,156.47754001617432,1778170021.6977706,55.77644348144531,0.0,1.0,-0.5385302901268005,45.5469970703125,44.1339225769043,45.51593780517578,45.51593780517578,75.22618865966797,77.29354095458984,77.28724670410156,78.2422103881836,23.876190185546875,24.206966400146484,24.20595932006836,24.358753204345703,3192.556884765625,1819.766357421875,4389.04638671875,3057.468994140625,0.01739116785304251,-0.014063375006220458,0.04732476041372813,0.047339203145451814
1,156.49354457855225,1778170021.7137752,56.124507904052734,0.0,1.0,-0.5407546162605286,45.830928802490234,44.340213775634766,46.03826141357422,46.03826141357422,75.2228012084961,77.2903823852539,77.28184509277344,78.2366714477539,23.875648498535156,24.20646095275879,24.205095291137695,24.35786819458008,2984.43603515625,1820.8076171875,4349.736328125,3021.38427734375,0.01738456632988794,-0.015597912387984247,0.05277378654230658,0.05278830441674209
1,156.5086362361908,1778170021.7288668,56.42438888549805,0.0,1.0,-0.5588042736053467,46.16361618041992,44.53777694702149,46.374412536621094,46.374412536621094,75.21997833251953,77.28775024414062,77.27738189697266,78.2320556640625,23.87519645690918,24.206039428710938,24.20438003540039,24.357128143310547,3015.177001953125,1819.004638671875,4583.453125,2998.218994140625,0.01932339030660124,-0.016466942821036556,0.05482460414992896,0.05483915030538067
1,156.5248146057129,1778170021.7450452,56.73954391479492,0.0,1.0,-0.5926946401596069,46.46554183959961,44.7346076965332,46.62285614013672,46.62285614013672,75.2171630859375,77.28511810302734,77.27304077148438,78.2274398803711,23.874746322631836,24.20561981201172,24.203685760498047,24.35638999938965,3208.27099609375,1593.7967529296875,4845.7705078125,2998.83984375,0.020291334084463708,-0.017607400586662214,0.05458533770342755,0.05459988055936682
1,156.54071021080017,1778170021.7609408,57.12379455566406,0.0,1.0,-0.6510086059570312,46.88615798950195,44.930564880371094,47.15346908569336,47.15346908569336,75.21379852294922,77.2819595336914,77.26793670654297,78.2219009399414,23.87420654296875,24.20511245727539,24.202869415283203,24.35550308227539,3440.01806640625,1521.11279296875,5139.935546875,2909.425537109375,0.022601983292740435,-0.019941229019781348,0.05941299326724492,0.05942760269712255
1,156.55584502220154,1778170021.7760756,57.45294952392578,0.0,1.0,-0.7012923955917358,47.15610122680664,45.15146255493164,47.57302474975586,47.57302474975586,75.21101379394531,77.27932739257812,77.26374816894531,78.21728515625,23.873762130737305,24.204692840576172,24.20219993591309,24.354766845703125,3534.382080078125,1359.273193359375,5408.14697265625,2885.99853515625,0.022597188755903774,-0.02076532684154153,0.06271578184925697,0.06273043682497792
1,156.57136726379395,1778170021.7915978,57.796119689941406,0.0,1.0,-0.7375612258911133,47.51874542236328,45.31787872314453,47.984413146972656,47.984413146972656,75.20824432373047,77.27669525146484,77.25962829589844,78.21266174316406,23.873319625854492,24.20427131652832,24.201539993286133,24.354026794433594,3564.0927734375,1284.623779296875,5487.1201171875,2867.62646484375,0.024342794446482685,-0.022991863247353916,0.06554108594337404,0.0655557798803712
1,156.58650517463684,1778170021.8067358,58.13994216918945,0.0,1.0,-0.759071946144104,47.824764251708984,45.53498840332031,48.59623718261719,48.59623718261719,75.20543670654297,77.27406311035156,77.25552368164062,78.20804595947266,23.87286949157715,24.20384979248047,24.200883865356445,24.353286743164062,3504.610595703125,1282.6458740234375,5473.20849609375,2833.734619140625,0.024842848851355015,-0.024116613905607043,0.07274559998560015,0.07276039327369377
1,156.60257577896118,1778170021.8228064,58.493446350097656,0.0,1.0,-0.7882301807403564,48.18263626098633,45.75381851196289,49.17716598510742,49.17716598510742,75.20263671875,77.27143096923828,77.2514419555664,78.20343017578125,23.87242126464844,24.20343017578125,24.20022964477539,24.352548599243164,3585.98681640625,1250.511962890625,5460.48974609375,2831.06982421875,0.02627176517964247,-0.025352833353478044,0.07900878715725601,0.07902366681543804
1,156.61867952346802,1778170021.83891,58.92929458618164,0.0,1.0,-0.8106849193572998,48.582664489746094,45.983341217041016,49.9812126159668,49.9812126159668,75.19927215576172,77.26827239990234,77.24655151367188,78.19789123535156,23.871883392333984,24.20292282104492,24.199447631835938,24.351661682128903,3475.54248046875,1231.982666015625,5459.98779296875,2709.357421875,0.027138764619704547,-0.027708314942177625,0.08853961892013618,0.08855463000961006
1,156.63474130630493,1778170021.854972,59.29544448852539,0.0,0.9879999756813048,-0.8050174713134766,48.95935821533203,46.17803192138672,50.738399505615234,50.738399505615234,75.19647216796875,77.26564025878906,77.2425308227539,78.19327545166016,23.871435165405273,24.202503204345703,24.19880485534668,24.350923538208008,3467.160400390625,1048.8243408203125,5538.09033203125,2648.224365234375,0.02871108551163437,-0.02962102043906467,0.09820680136467597,0.09822194576573362
1,156.65033102035522,1778170021.8705616,59.669307708740234,0.0,0.9279998540878296,-0.8143634796142578,49.28067398071289,46.35018539428711,51.483028411865234,51.483028411865234,75.19368743896484,77.26300811767578,77.23854064941406,78.18865966796875,23.870990753173828,24.20207977294922,24.198165893554688,24.35018539428711,3449.7099609375,979.9461669921876,5312.0185546875,2672.818359375,0.028974642191260447,-0.03210607047925429,0.10734202149457905,0.10735729187139764
1,156.66644191741943,1778170021.8866725,60.0355224609375,0.0,0.8679997324943542,-0.8465420007705688,49.75618743896485,46.59878921508789,51.61919021606445,51.61919021606445,75.19087219238281,77.2603759765625,77.23450469970703,78.18404388427734,23.87053871154785,24.20166015625,24.197521209716797,24.34944725036621,3380.3330078125,1268.8721923828125,5135.181640625,2749.5068359375,0.032566030249575384,-0.032850464420345005,0.10349809317603653,0.10351331054463109
1,156.68195986747742,1778170021.9021904,60.413673400878906,0.0,0.8679997324943542,-1.0254662036895752,50.24864959716797,46.88169479370117,44.75994491577149,44.75994491577149,75.18753814697266,77.25721740722656,77.22954559326172,78.17850494384766,23.870006561279297,24.201154708862305,24.196727752685547,24.348560333251953,3462.04638671875,1484.8487548828125,5178.15087890625,2711.645751953125,0.03625868636416718,-0.03306929980194362,-0.04912595244797946,-0.0491128397829389
1,156.6976010799408,1778170021.9178317,60.45462417602539,0.0,0.9279998540878296,-1.035260558128357,50.095848083496094,47.00178146362305,50.83494567871094,50.64593505859375,75.1848373413086,77.25458526611328,77.22538757324219,78.17388916015625,23.86957359313965,24.200733184814453,24.196062088012695,24.347822189331055,3781.73974609375,1587.0150146484375,5188.11474609375,2277.981689453125,0.032407712432304114,-0.03124918072031979,0.07919899552756182,0.07520122703159648
1,156.71316027641296,1778170021.9333909,60.64358139038086,0.0,0.9879999756813048,-0.7965342402458191,50.28030014038086,47.169429779052734,51.38620376586914,51.38620376586914,75.1822509765625,77.251953125,77.22135925292969,78.16927337646484,23.869159698486328,24.20031356811523,24.195417404174805,24.347084045410156,4123.62451171875,1401.1591796875,5366.0234375,2019.3125,0.032980332547576374,-0.030823054952916595,0.08750280988048775,0.08751780667224307
1,156.72827219963074,1778170021.9485028,60.9261360168457,0.0,1.0,-0.7164567708969116,50.471473693847656,47.4549446105957,49.408573150634766,49.408573150634766,75.17975616455078,77.24932098388672,77.21735382080078,78.16465759277344,23.86876106262207,24.19989013671875,24.19477653503418,24.346343994140625,4289.62353515625,1312.284912109375,5304.95751953125,1925.0526123046875,0.03209906019017694,-0.029478580631778772,0.040800209216091066,0.040814561973486096
1,156.74433064460754,1778170021.9645612,61.134498596191406,0.0,1.0,-0.595597505569458,50.526100158691406,47.719600677490234,51.08924865722656,51.08924865722656,75.17725372314453,77.24662780761719,77.21328735351562,78.16004180908203,23.86836051940918,24.199459075927734,24.19412612915039,24.34560775756836,4157.77783203125,1675.6343994140625,5072.353515625,2047.1865234375,0.02969465083041234,-0.02739222779379502,0.07253594351074111,0.07255073390764721
1,156.7594723701477,1778170021.979703,61.40458297729492,0.0,1.0,-0.436016321182251,50.590309143066406,48.09041976928711,51.74872589111328,51.74872589111328,75.17467498779297,77.2439193725586,77.20917510986328,78.15542602539062,23.867948532104492,24.19902801513672,24.19346809387207,24.344867706298828,3792.506103515625,1964.4835205078125,4900.47314453125,2369.51806640625,0.02646838946218999,-0.02414549524328302,0.08160221880462482,0.08161713422653438
1,156.77460598945618,1778170021.9948366,61.71297073364258,0.0,1.0,-0.383901983499527,50.715118408203125,48.54170227050781,49.55154037475586,49.55154037475586,75.17192840576172,77.2412109375,77.20500946044922,78.15081024169922,23.867507934570312,24.19859313964844,24.19280242919922,24.34412956237793,3249.262939453125,2526.4833984375,4620.22998046875,2764.164794921875,0.023858696470565377,-0.01991026908146032,0.030503333512994946,0.030517544275261654
1,156.79068279266357,1778170022.0109134,61.981407165527344,0.0,1.0,-0.2564615905284881,50.56184768676758,49.00421142578125,51.31078338623047,51.31078338623047,75.16850280761719,77.23796081542969,77.19984436035156,78.14527130126953,23.866960525512695,24.198074340820312,24.191974639892575,24.343242645263672,2655.388916015625,2732.744873046875,4330.2099609375,3196.662841796875,0.01634355342683569,-0.014857029694855028,0.062468120285344986,0.06248277184578388
1,156.8060324192047,1778170022.026263,62.28548812866211,0.0,1.0,-0.1902613192796707,50.59891891479492,49.56672286987305,51.68907165527344,51.68907165527344,75.16564178466797,77.2352523803711,77.19552612304688,78.14065551757812,23.86650276184082,24.19763946533203,24.1912841796875,24.342504501342773,2303.064697265625,2921.161376953125,4251.58447265625,3254.210693359375,0.012123242513462529,-0.008413458775624716,0.06507589112479928,0.06509057864670509
1,156.82210493087769,1778170022.0423355,62.63615036010742,0.0,1.0,-0.2263193577528,50.713985443115234,49.951805114746094,51.63150787353515,51.63150787353515,75.16278076171875,77.2325439453125,77.19117736816406,78.13607788085938,23.866044998168945,24.197206497192383,24.190587997436523,24.341772079467773,1824.903564453125,2617.726806640625,4210.00830078125,3536.19970703125,0.0087457460222653,-0.0063042815084154435,0.05793368368751883,0.0579482727175431
1,156.83768701553345,1778170022.0579176,63.07322311401367,0.0,1.0,-0.2493656277656555,50.92659759521485,50.47364807128906,51.401214599609375,51.401214599609375,75.15934753417969,77.22929382324219,77.18600463867188,78.13069915771484,23.865495681762695,24.196685791015625,24.189760208129883,24.340911865234375,1719.681884765625,2475.2421875,4401.8759765625,3741.876708984375,0.005955269724731149,-0.002881072198799517,0.04591658877861726,0.04593101209148842
1,156.85281014442444,1778170022.0730407,63.425559997558594,0.0,1.0,-0.2512699961662292,51.1600341796875,50.824737548828125,51.40997695922851,51.40997695922851,75.15645599365234,77.22654724121094,77.18179321289062,78.12623596191406,23.86503219604492,24.19624710083008,24.1890869140625,24.340198516845703,2099.458251953125,2505.395751953125,4602.7734375,3737.321044921875,0.004952530679948497,-0.0015228653786190094,0.040283698716965466,0.040298044351619655
1,156.86883878707886,1778170022.0890694,63.76085662841797,0.0,1.0,-0.2222270518541336,51.34651184082031,51.191123962402344,51.6506462097168,51.6506462097168,75.1535415649414,77.22380065917969,77.1776351928711,78.1217269897461,23.864566802978516,24.19580841064453,24.18842124938965,24.3394775390625,2449.791748046875,2628.132568359375,4788.93994140625,3453.933837890625,0.0033116038314353613,0.0003864749134747658,0.03965754704455282,0.03967188404450139
1,156.88414525985718,1778170022.1043758,64.08351135253906,0.0,1.0,-0.1718279719352722,51.60437774658203,51.44416046142578,52.03791809082031,52.03791809082031,75.15060424804688,77.22105407714844,77.17355346679688,78.11711883544922,23.864097595214844,24.195369720458984,24.187767028808594,24.33873748779297,2686.547607421875,2583.81005859375,4965.43115234375,3122.597412109375,0.0032733542241698554,0.00026960817398102854,0.04217897464827969,0.04219334641901229
1,156.90018153190613,1778170022.120412,64.4122543334961,0.0,1.0,-0.1746826767921447,51.8510627746582,51.72394943237305,52.33429336547851,52.33429336547851,75.14766693115234,77.21830749511719,77.1695327758789,78.11250305175781,23.86362648010254,24.194929122924805,24.18712615966797,24.338001251220703,2752.55224609375,2382.23388671875,5080.09765625,3155.00634765625,0.002924396776451177,0.0005768923745701482,0.04276527359963378,0.04277965345549761
1,156.91539573669434,1778170022.1356263,64.75385284423828,0.0,1.0,-0.1316443979740142,52.10369110107422,51.959720611572266,52.52725601196289,52.52725601196289,75.14472961425781,77.21556091308594,77.1655044555664,78.1078872680664,23.863157272338867,24.194488525390625,24.18648147583008,24.337261199951172,2569.09130859375,1853.76123046875,4968.14306640625,3239.542724609375,0.0024942932813696306,-0.00016466090330657934,0.04108884815376146,0.04110320489152097
1,156.93123531341553,1778170022.151466,65.16143798828125,0.0,1.0,-0.1155151203274726,52.40400314331055,52.28056716918945,52.79649353027344,52.79649353027344,75.14120483398438,77.21226501464844,77.16059875488281,78.10244750976562,23.862592697143555,24.19396209716797,24.18569564819336,24.33639144897461,2366.458251953125,2067.46044921875,4675.8251953125,3577.866943359375,0.0019656587593170904,-0.0002833615923719668,0.03987973397314204,0.03989407403707479
1,156.94616270065308,1778170022.1663933,65.49613189697266,0.0,1.0,-0.0977260321378707,52.61466217041016,52.56514358520508,53.109100341796875,53.109100341796875,75.13826751708984,77.20951843261719,77.1563720703125,78.09798431396484,23.86212158203125,24.193523406982425,24.185020446777344,24.335678100585938,2179.649658203125,2117.39453125,4345.16015625,3788.676025390625,0.0008527040143004871,2.1857884434206554e-05,0.04069145093343152,0.0407058021910367
1,156.96155214309692,1778170022.1817827,65.8292007446289,0.0,1.0,-0.0714644864201545,52.88603591918945,52.85033416748047,53.43450546264648,53.43450546264648,75.13533020019531,77.20677185058594,77.1520767211914,78.09358978271484,23.861652374267575,24.193084716796875,24.1843318939209,24.33497428894043,2199.65673828125,2503.544189453125,4025.359375,3842.214111328125,0.0009248371014556334,0.0003602928611357026,0.04177014295380577,0.04178450908670106
1,156.97709250450134,1778170022.197323,66.1527099609375,0.0,1.0,-0.0456036478281021,53.11763000488281,53.12080764770508,53.92050552368164,53.92050552368164,75.13239288330078,77.20402526855469,77.14768981933594,78.0891342163086,23.861183166503903,24.192644119262695,24.183629989624023,24.33426094055176,2308.994873046875,2838.3056640625,3746.370361328125,3546.460205078125,0.0003917055387727686,0.0005627238406515911,0.04610435390563694,0.046118779807811316
1,156.99314832687378,1778170022.213379,66.47705078125,0.0,1.0,-0.0339965224266052,53.4343376159668,53.41360092163086,54.29493713378906,54.29493713378906,75.12945556640625,77.20124053955078,77.1432876586914,78.08467102050781,23.8607120513916,24.19219970703125,24.182926177978516,24.33354759216309,2477.108642578125,3020.77490234375,3912.337890625,3551.033447265625,0.0014464209924414106,0.0011690210855010985,0.04822927598124749,0.04824373118634728
1,157.00838685035706,1778170022.2286174,66.82870483398438,0.0,1.0,-0.0104173868894577,53.73357772827149,53.6941032409668,54.323097229003906,54.323097229003906,75.12651824951172,77.19845581054688,77.13903045654297,78.08026123046875,23.86024284362793,24.191753387451172,24.18224334716797,24.332841873168945,2557.480712890625,3049.797119140625,4324.74560546875,3855.640625,0.0017555246640597044,0.001130836717087691,0.043254275290349975,0.043268661889604765
1,157.0242760181427,1778170022.2445066,67.2642593383789,0.0,1.0,0.0025946348905563,54.09518051147461,54.09502410888672,54.26448059082031,54.26448059082031,75.12299346923828,77.19511413574219,77.13406372070312,78.07513427734375,23.859678268432617,24.191219329833984,24.18144989013672,24.332021713256836,2584.068603515625,2924.754150390625,4614.45751953125,4301.14453125,0.001966594677816902,0.0020750378930822766,0.03538049728362469,0.03539477530255386
1,157.03922653198242,1778170022.259457,67.61084747314453,0.0,1.0,-0.0198337733745574,54.35481643676758,54.325138092041016,54.53989028930664,54.53989028930664,75.12003326416016,77.19232940673828,77.12998962402344,78.07089233398438,23.85920524597168,24.190773010253903,24.180797576904297,24.331342697143555,2502.387451171875,2731.830078125,4740.36376953125,4145.115234375,0.0016146921623036992,0.0011790398037481165,0.03530085964277352,0.0353151365634905
1,157.05440998077393,1778170022.2746406,67.9355239868164,0.0,1.0,-0.0091398209333419,54.57429122924805,54.60218811035156,55.06145477294922,55.06145477294922,75.11705780029297,77.18954467773438,77.12586212158203,78.0665512084961,23.858728408813477,24.190326690673828,24.180137634277344,24.33064842224121,2368.892822265625,2373.316650390625,4528.36083984375,3638.253662109375,0.000852797143682249,0.0014756792023034038,0.04020622033068455,0.04022056489690251
1,157.06992626190186,1778170022.2901568,68.25419616699219,0.0,1.0,-0.0272733867168426,54.84825134277344,54.8018798828125,55.62652969360352,55.62652969360352,75.11407470703125,77.18675994873047,77.12171173095703,78.0620346069336,23.858251571655273,24.18988037109375,24.179473876953125,24.329925537109375,2181.738037109375,2117.959228515625,4331.486328125,3314.046875,0.0011806846531954296,0.00044539541669808,0.04597500102923502,0.045989425147617835
1,157.08604311943054,1778170022.3062737,68.58858489990234,0.0,1.0,-0.0328195393085479,55.09056091308594,55.071102142333984,56.00898742675781,56.00898742675781,75.1110610961914,77.18397521972656,77.11752319335938,78.05751037597656,23.857769012451172,24.189435958862305,24.178802490234375,24.329200744628903,2122.2138671875,2142.840576171875,4167.2890625,3237.15966796875,0.0007011160195733446,0.00045881470410424896,0.048032071112085406,0.048046523597707
1,157.10126972198486,1778170022.3215003,68.92864990234375,0.0,1.0,-0.0232021659612655,55.36679458618164,55.35868453979492,56.29408264160156,56.29408264160156,75.10804748535156,77.18115997314453,77.11328887939453,78.0530014038086,23.857288360595703,24.18898582458496,24.17812728881836,24.328479766845703,1899.997314453125,2434.13427734375,4104.7412109375,3448.089599609375,0.0007570117119872766,0.0007216120720452412,0.04816986258816924,0.04818431697395131
1,157.11732721328735,1778170022.3375578,69.35347747802734,0.0,1.0,-0.02951280772686,55.7431640625,55.67989730834961,56.43683242797851,56.43683242797851,75.10442352294922,77.17778778076172,77.10823059082031,78.04773712158203,23.856708526611328,24.188446044921875,24.177316665649418,24.32763671875,2291.675048828125,2674.08154296875,4177.31982421875,3761.46435546875,0.0013880553551166575,0.0003626610051812307,0.04439090894242992,0.04440531121599678
1,157.13350892066956,1778170022.3537395,69.71073150634766,0.0,1.0,-0.017917513847351,56.037559509277344,55.9975700378418,56.54275894165039,56.54275894165039,75.10137176513672,77.1749267578125,77.10405731201172,78.04344177246094,23.856220245361328,24.18798828125,24.17664909362793,24.326950073242188,2603.6806640625,2863.94921875,4332.513671875,3986.045166015625,0.0015176460598969044,0.0009141551268347925,0.0409887830140645,0.04100313837191405
1,157.14927411079407,1778170022.3695047,70.06066131591797,0.0,1.0,-0.010311335325241,56.34812545776367,56.33818817138672,56.74571990966797,56.74571990966797,75.09832000732422,77.17208099365234,77.09991455078125,78.0392074584961,23.855731964111328,24.18753242492676,24.175987243652344,24.32627296447754,2859.6611328125,3253.631103515625,4366.79248046875,4102.0224609375,0.002038188331051627,0.0019728024502343455,0.03950736813516076,0.039521703064124836
1,157.1652479171753,1778170022.3854785,70.47428894042969,0.0,1.0,0.002955749630928,56.7009391784668,56.6861457824707,57.0819206237793,57.0819206237793,75.09464263916016,77.16869354248047,77.09498596191406,78.03416442871094,23.85514259338379,24.18699073791504,24.17519760131836,24.32546615600586,2857.4150390625,3007.33544921875,4432.07568359375,4143.43212890625,0.0023942860772148133,0.0022441182052166386,0.039528902930340726,0.039543238156272364
1,157.179913520813,1778170022.400144,70.818359375,0.0,1.0,-0.0077909231185913,56.92802810668945,56.926300048828125,57.40373992919922,57.40373992919922,75.091552734375,77.16576385498047,77.09087371826172,78.02996826171875,23.85464859008789,24.1865234375,24.17453956604004,24.32479476928711,2766.25,2527.098388671875,4367.4443359375,4114.005859375,0.0015192750181303172,0.0016001611533107418,0.04031059384917457,0.04032493985471586
1,157.19536185264587,1778170022.4155924,71.15779876708984,0.0,1.0,0.0037644952535629,57.22818374633789,57.19096755981445,57.81316757202149,57.81316757202149,75.08846282958984,77.16282653808594,77.08675384521484,78.02572631835938,23.854154586791992,24.186052322387695,24.17388153076172,24.324115753173828,2450.47607421875,2400.26513671875,4264.74365234375,3841.524658203125,0.0019971599708992205,0.0014568204449272315,0.04273260663649525,0.04274698604187788
1,157.21049571037292,1778170022.4307263,71.4925537109375,0.0,1.0,0.000106081366539,57.48797607421875,57.461692810058594,58.27435302734375,58.27435302734375,75.08537292480469,77.1598892211914,77.08259582519531,78.02139282226562,23.853660583496097,24.18558120727539,24.17321395874023,24.323421478271484,2153.652587890625,2416.65966796875,4057.527587890625,3608.216796875,0.0018327884881956802,0.0014860293983982586,0.04612924840449062,0.04614367464996327
1,157.22657537460327,1778170022.446806,71.82958984375,0.0,1.0,0.0118768066167831,57.70977783203125,57.76517868041992,58.686485290527344,58.686485290527344,75.08228302001953,77.15695190429688,77.0783920288086,78.01702880859375,23.85316467285156,24.18511199951172,24.172542572021484,24.322723388671875,2303.359619140625,2857.9765625,4014.443603515625,3566.89501953125,0.0009791892747343933,0.0020514574883438996,0.048584438545053565,0.04859889864788691
1,157.2422740459442,1778170022.4625046,72.17735290527344,0.0,1.0,0.0109972059726715,58.05876922607422,58.04782485961914,58.93396759033203,58.93396759033203,75.07919311523438,77.15400695800781,77.07418823242188,78.0127182006836,23.852670669555664,24.184640884399418,24.171871185302734,24.32203483581543,2403.150390625,2873.34619140625,3965.680419921875,3762.4287109375,0.0021804058453915864,0.002102833097304968,0.047932775954972584,0.04794722707130217
1,157.25762391090393,1778170022.4778545,72.6101303100586,0.0,1.0,0.003052681684494,58.43595504760742,58.39747619628906,59.055389404296875,59.055389404296875,75.07547760009766,77.15043640136719,77.06929016113281,78.0075912475586,23.852075576782227,24.184070587158203,24.171085357666016,24.32121467590332,2503.84765625,2434.395263671875,4488.1025390625,3817.173095703125,0.0026791005272377433,0.0021302036389276857,0.043832983262907854,0.04384737784261383
1,157.27318334579468,1778170022.493414,72.9749755859375,0.0,1.0,-0.0204559415578842,58.70781326293945,58.66682052612305,59.14223861694336,59.14223861694336,75.07234954833984,77.14742279052734,77.06535339355469,78.00334167480469,23.85157585144043,24.18358612060547,24.170455932617188,24.320533752441406,2344.5693359375,1946.5513916015625,4843.05126953125,3978.42431640625,0.0023074961320050935,0.001718935399760646,0.04014166933048835,0.04015601300654059
1,157.28937458992004,1778170022.5096052,73.34776306152344,0.0,1.0,-0.0220115482807159,58.93798828125,58.894893646240234,59.157020568847656,59.157020568847656,75.06918334960938,77.1443862915039,77.0615005493164,77.999267578125,23.8510684967041,24.183101654052734,24.16983985900879,24.319881439208984,2063.57421875,1931.4127197265625,5017.84912109375,4582.017578125,0.001123065076919394,0.0005022232491103118,0.035113835845258956,0.035128110186895656
1,157.3052966594696,1778170022.5255272,73.7033462524414,0.0,1.0,-0.0291560739278793,59.19744110107422,59.20737075805664,59.486961364746094,59.486961364746094,75.06598663330078,77.1413345336914,77.05763244628906,77.99520874023438,23.850557327270508,24.182613372802734,24.169219970703125,24.319232940673828,2207.14501953125,2473.7666015625,4758.0986328125,4182.884765625,0.0006789419980797184,0.000958009861846687,0.035865272959025196,0.03587955766306794
1,157.32082223892212,1778170022.5410528,74.10086059570312,0.0,1.0,-0.0162154585123062,59.52141571044922,59.46821212768555,60.139991760253906,60.139991760253906,75.06214141845703,77.13771057128906,77.0528793334961,77.99016571044922,23.849943161010746,24.18203353881836,24.168460845947266,24.31842613220215,2606.668701171875,3058.40576171875,4383.1044921875,3819.218505859375,0.0007579137303537209,-2.5513115379682816e-05,0.041618792604166455,0.04163315664992262
1,157.3362317085266,1778170022.5564623,74.43488311767578,0.0,1.0,-0.0047011673450469,59.82485580444336,59.83161163330078,60.55660629272461,60.55660629272461,75.05896759033203,77.13478088378906,77.04878997802734,77.9859619140625,23.84943389892578,24.181564331054688,24.16780662536621,24.31775283813477,2753.433837890625,3046.721435546875,4095.027099609375,3975.90283203125,0.0013460346980451732,0.0015703975691361283,0.04412792737859483,0.04414232602561485
1,157.35196352005005,1778170022.572194,74.78215026855469,0.0,1.0,0.0070997178554534,60.08070373535156,60.08522415161133,60.87133026123047,60.87133026123047,75.0557632446289,77.13175964355469,77.04463195800781,77.98180389404297,23.848922729492188,24.181081771850582,24.16714096069336,24.317089080810547,2471.5751953125,2555.67919921875,3982.142333984375,4159.2392578125,0.0009585532517963902,0.0011451012666137128,0.044680620823754236,0.044695027092481965
1,157.36703538894653,1778170022.587266,75.14801788330078,0.0,1.0,0.0087418258190155,60.40045928955078,60.32486724853515,60.934234619140625,60.934234619140625,75.05255889892578,77.12870788574219,77.0405502319336,77.97779083251953,23.84840965270996,24.180593490600582,24.166488647460938,24.31644630432129,2518.9306640625,2066.174072265625,4234.71728515625,4377.390625,0.0013865261745897861,0.0002444133253320935,0.04066877693829185,0.04068312788322004
1,157.38257360458374,1778170022.6028042,75.50682830810547,0.0,1.0,-0.0189298242330551,60.64842224121094,60.66367721557617,61.154693603515625,61.154693603515625,75.04939270019531,77.12565612792969,77.03650665283203,77.9737548828125,23.847902297973633,24.180105209350582,24.16584014892578,24.31579971313477,2975.755859375,2126.287109375,4290.00634765625,4226.66064453125,0.0007193833624297152,0.0010823254242156022,0.03947072096227333,0.03948505538586855
1,157.39818453788757,1778170022.618415,75.84584045410156,0.0,1.0,0.0014850795269012,61.05818557739258,60.896244049072266,61.61951446533203,61.61951446533203,75.04671478271484,77.12260437011719,77.03246307373047,77.96957397460938,23.84747314453125,24.179616928100582,24.165193557739254,24.31513214111328,4191.947265625,2203.292724609375,4177.5625,3684.0888671875,0.002977427200208327,0.0004284382441472889,0.04268997517819084,0.04270435399568062
1,157.4142346382141,1778170022.6344652,76.23248291015625,0.0,0.0,-0.0302924364805221,61.441383361816406,61.29710006713867,61.2739372253418,61.2739372253418,75.04368591308594,77.11894226074219,77.02747344970703,77.96441650390625,23.846988677978516,24.179031372070312,24.16439437866211,24.314306259155273,4219.220703125,2427.7314453125,3644.048095703125,3554.280517578125,0.004153145144781378,0.001906405650970333,0.03158356999309708,0.031597795651951976
1,157.42982363700867,1778170022.6500542,76.46698760986328,0.0,0.0,-0.0544304996728897,61.53921890258789,61.56900787353515,58.589500427246094,58.32202911376953,75.04093933105469,77.11589050292969,77.0230712890625,77.96022033691406,23.84654998779297,24.178543090820312,24.16369247436523,24.313634872436523,3679.65087890625,2349.6962890625,3300.79345703125,4286.322265625,0.002667713316697018,0.0032645417978642843,-0.01663554161781977,-0.021111273501159156
1,157.44491147994995,1778170022.665142,76.36273956298828,0.0,0.0,-0.0507156103849411,61.395843505859375,61.39743423461914,59.600215911865234,59.600215911865234,75.03804016113281,77.11283111572266,77.01858520507812,77.95623016357422,23.846086502075195,24.17805290222168,24.162973403930664,24.31299591064453,3439.39697265625,2056.450439453125,3120.890869140625,4597.34619140625,0.0016972983190275404,0.0018345651139042296,0.001693894641365823,0.0017077081180796316
1,157.46043753623962,1778170022.680668,76.28524017333984,0.0,0.0,-0.0211732238531112,61.278099060058594,61.26458358764648,59.72037506103515,59.72037506103515,75.03514862060547,77.1097412109375,77.01407623291016,77.95225524902344,23.845623016357425,24.17755889892578,24.16225242614746,24.312360763549805,3627.118408203125,1615.7821044921875,3096.095947265625,4406.49755859375,0.0007919400511982033,0.0006823912039759517,0.004733083895122059,0.004746939282613383
1,157.475515127182,1778170022.6957457,76.27621459960938,0.0,0.0,0.0080274241045117,61.2703742980957,61.218204498291016,59.347320556640625,59.347320556640625,75.03231811523438,77.10665130615234,77.00947570800781,77.94820404052734,23.845170974731445,24.17706298828125,24.161516189575195,24.31171226501465,3702.359375,1776.0396728515625,2479.857177734375,4293.861328125,0.0007841857669714791,4.3163846328519995e-05,-0.0014250245318592203,-0.0014112540654079853
1,157.49083423614502,1778170022.7110648,76.23562622070312,0.0,0.0,0.0701921284198761,61.20948791503906,61.21537399291992,59.40251541137695,59.40251541137695,75.029541015625,77.1035385131836,77.0048599243164,77.94403076171875,23.8447265625,24.17656707763672,24.160778045654297,24.311044692993164,3840.56884765625,2049.58740234375,2223.606201171875,3904.005859375,0.0003219686485396167,0.0005293308512595019,3.582399477219944e-05,4.9614606496550806e-05
1,157.50689005851746,1778170022.7271206,76.1799545288086,0.0,0.0,0.160534992814064,61.13124084472656,61.233741760253906,59.404579162597656,59.404579162597656,75.02632904052734,77.09976959228516,76.99932098388672,77.93901824951172,23.84421157836914,24.17596435546875,24.15989112854004,24.31024169921875,4363.2353515625,2809.526123046875,2399.3720703125,4189.73291015625,-0.00022669899557492545,0.0015609393174875752,0.0008014105006677319,0.0008152116699200462
1,157.52317309379578,1778170022.7434037,76.13629913330078,0.0,0.0,0.2389764636754989,61.05175018310547,61.31378936767578,59.2545280456543,59.46853256225586,75.02376556396484,77.09678649902344,76.99482727050781,77.93498229980469,23.84380340576172,24.17548561096191,24.15917205810547,24.30959701538086,4658.8447265625,3344.825927734375,3359.614501953125,4584.64208984375,-0.0009542227912602286,0.0034452570889189627,-0.0011541373352154105,0.002467132880875411
1,157.53878903388977,1778170022.7590196,76.0880355834961,0.0,0.0,0.2659363448619842,60.972076416015625,61.37347412109375,59.20496368408203,59.42985916137695,75.02127838134766,77.09392547607422,76.99049377441406,77.93112182617188,23.84340476989746,24.17502784729004,24.158477783203125,24.308979034423828,4719.91650390625,3516.572265625,3698.46533203125,5043.84716796875,-0.0016251180392887754,0.005059158873144343,-0.0013565874297821745,0.002450674763456062
1,157.55428814888,1778170022.7745187,76.0389633178711,0.0,0.0,0.3590838313102722,60.895503997802734,61.40462875366211,59.09025192260742,59.484107971191406,75.0189208984375,77.09117126464844,76.98599243164062,77.92737579345703,23.843027114868164,24.17458724975586,24.157758712768555,24.308380126953125,5183.71337890625,3889.9541015625,2913.1572265625,5220.7314453125,-0.0022354386445436747,0.006218301829669315,-0.0026482625532229243,0.004013261506185417
1,157.56954383850098,1778170022.7897744,75.98410034179688,0.0,0.0,0.393577516078949,60.84612274169922,61.51039123535156,58.98761749267578,59.56819152832031,75.01663208007812,77.08856964111328,76.98133850097656,77.92354583740234,23.842660903930664,24.174171447753903,24.157012939453125,24.30776596069336,5103.41259765625,4259.5703125,2238.3076171875,4890.94384765625,-0.002324709759552457,0.008679171773890548,-0.0036617030270025275,0.006158435758410796
1,157.5856122970581,1778170022.8058429,75.9144287109375,0.0,0.0,0.4322731792926788,60.66460418701172,61.66447830200195,58.941890716552734,59.7182731628418,75.01374816894531,77.08558654785156,76.97575378417969,77.91883850097656,23.842199325561523,24.173694610595703,24.15612030029297,24.30701446533203,4944.00439453125,4686.39794921875,1931.1373291015625,4653.205078125,-0.0043881138142420895,0.01213402087792037,-0.003520361389217741,0.009619188649095722
1,157.60035800933838,1778170022.8205886,75.85330200195312,0.0,0.0,0.4855043590068817,60.62451934814453,61.78257751464844,58.87021255493164,59.84706115722656,75.01126861572266,77.08341217041016,76.97109985351562,77.91490173339844,23.8418025970459,24.1733455657959,24.155376434326172,24.306385040283203,4696.126953125,6531.10107421875,1502.5955810546875,4825.15869140625,-0.004244187912622821,0.014889644805395896,-0.003930121300913969,0.012611886635324865
1,157.61596632003784,1778170022.836197,75.79391479492188,0.0,0.0,0.505280077457428,60.555633544921875,61.87651824951172,58.831634521484375,59.93385696411133,75.00862884521484,77.0811538696289,76.96644592285156,77.91106414794922,23.841381072998047,24.172985076904297,24.154632568359375,24.30577087402344,4237.2314453125,4520.66259765625,1353.72900390625,5090.2275390625,-0.0045963117604332915,0.017229200822454604,-0.0038029079116748132,0.014875038961213782
1,157.6315381526947,1778170022.8517687,75.7342758178711,0.0,0.0,0.6098228693008423,60.482906341552734,61.85069274902344,58.792633056640625,60.03378677368164,75.00581359863281,77.07874298095703,76.9617919921875,77.9073486328125,23.840930938720703,24.17259979248047,24.153886795043945,24.30517578125,4092.103515625,4802.51513671875,1604.941162109375,5541.142578125,-0.0050088739471061405,0.017605348212461625,-0.0036793584632144327,0.017367698459044734
1,157.6466999053955,1778170022.8669305,75.7342758178711,0.0,0.0,0.6098228693008423,60.482906341552734,61.85069274902344,58.792633056640625,60.03378677368164,75.00581359863281,77.07874298095703,76.9617919921875,77.9073486328125,23.840930938720703,24.17259979248047,24.153886795043945,24.30517578125,4092.103515625,4802.51513671875,1604.941162109375,5541.142578125,-0.0050088739471061405,0.017605348212461625,-0.0036793584632144327,0.017367698459044734
1,157.6622257232666,1778170022.8824563,75.7342758178711,0.0,0.0,0.6098228693008423,60.482906341552734,61.85069274902344,58.792633056640625,60.03378677368164,75.00581359863281,77.07874298095703,76.9617919921875,77.9073486328125,23.840930938720703,24.17259979248047,24.153886795043945,24.30517578125,4092.103515625,4802.51513671875,1604.941162109375,5541.142578125,-0.0050088739471061405,0.017605348212461625,-0.0036793584632144327,0.017367698459044734
1,157.6773443222046,1778170022.897575,74.94889068603516,0.7508978843688965,0.0,0.2571475505828857,49.59342956542969,52.873924255371094,56.62862014770508,59.09931564331055,75.00153350830078,77.07495880126953,76.95527648925781,77.90239715576172,23.84024429321289,24.17199325561523,24.152843475341797,24.30438232421875,2878.62451171875,3754.2421875,2591.03076171875,6012.56640625,-0.1756000330298202,-0.12097014634850078,-0.030295380623916124,0.012026595880216817
1,157.69256067276,1778170022.9127913,73.88176727294922,0.0991156846284866,0.0,0.4079777896404266,55.86090087890625,47.164527893066406,58.428558349609375,59.431034088134766,74.99311828613281,77.0667495727539,76.94415283203125,77.89329528808594,23.838897705078125,24.17068099975586,24.151063919067383,24.30292701721191,849.7752685546875,0.0,5001.767578125,6082.6728515625,-0.05800262487652752,-0.20456351766005199,0.014977908532813888,0.032406415986562465
1,157.70847940444946,1778170022.92871,73.81133270263672,0.0403808541595935,0.0,0.3235088586807251,55.471435546875,43.79303359985352,57.703857421875,58.677947998046875,74.98920440673828,77.06291961669922,76.93951416015625,77.88917541503906,23.83827209472656,24.170066833496097,24.15032196044922,24.302268981933594,0.0,0.0,5057.69677734375,6189.50732421875,-0.06367764822504851,-0.2607194622726038,0.003345468526136708,0.02029686990761803
1,157.72458744049072,1778170022.944818,73.73987579345703,0.0,0.0,0.246474951505661,55.471435546875,43.79303359985352,58.16716003417969,58.62963104248047,74.98592376708984,77.0597152709961,76.93563842773438,77.88578033447266,23.83774757385254,24.1695556640625,24.149702072143555,24.30172348022461,0.0,0.0,5062.49609375,6274.81591796875,-0.0627703141600835,-0.26000306966040765,0.012381389037315893,0.020444625431897734
1,157.7402024269104,1778170022.960433,73.7281723022461,0.0,0.0,0.0988005921244621,55.471435546875,43.79303359985352,57.74607467651367,58.13160705566406,74.9825668334961,77.05651092529297,76.9317855834961,77.88240814208984,23.83721160888672,24.16904067993164,24.149085998535156,24.301185607910156,0.0,0.0,5082.65087890625,5462.02734375,-0.06262153983070118,-0.25988560374066605,0.005212069338407899,0.011937160571606986
1,157.75532817840576,1778170022.9755588,73.70328521728516,0.0,0.0,0.1230455487966537,55.471435546875,43.79303359985352,57.50947570800781,58.02256393432617,74.97920989990234,77.05330657958984,76.92784118652344,77.87842559814453,23.836673736572266,24.168529510498047,24.148454666137695,24.300548553466797,0.0,0.0,4672.943359375,4549.1884765625,-0.06230501910425024,-0.2596356923587484,0.0014315190778120268,0.010380027110035384
1,157.77085137367249,1778170022.991082,73.6351318359375,0.1642784625291824,0.0,0.1857153177261352,55.81022262573242,42.178733825683594,57.19388961791992,57.59873962402344,74.97518157958984,77.04945373535156,76.92301177978516,77.87353515625,23.836029052734375,24.167911529541016,24.147682189941406,24.299766540527344,1693.1910400390625,0.0,4749.0498046875,4355.3720703125,-0.05570493764158069,-0.2862670294316123,-0.003142091995550822,0.0039280641084942225
1,157.78645420074463,1778170023.0066848,73.50123596191406,0.305390328168869,0.0,0.3257606625556946,54.616241455078125,35.84880447387695,56.577186584472656,56.98817443847656,74.97183990478516,77.04621124267578,76.91893005371094,77.86969757080078,23.835494995117188,24.16739273071289,24.147029876708984,24.299152374267575,2953.49267578125,0.0,4333.20947265625,5788.796875,-0.07422339769327935,-0.3922746891494763,-0.01209450810116841,-0.004904445259404255
1,157.80157470703125,1778170023.0218053,73.01292419433594,1.0,0.0,0.1014495491981506,44.18133163452149,48.809791564941406,55.13096618652344,55.59614562988281,74.96852111816406,77.04402160644531,76.91532135009766,77.86615753173828,23.834962844848633,24.16704368591309,24.14645004272461,24.298583984375,3625.04443359375,9677.7041015625,6419.61767578125,6323.8876953125,-0.24609245164907945,-0.16702014163771473,-0.030909010570425166,-0.022718619245658322
1,157.81683778762817,1778170023.0370684,72.31260681152344,1.0,0.0,0.3990029990673065,54.7575798034668,54.58800506591797,54.43219375610352,54.17699432373047,74.96543884277344,77.0434341430664,76.91134643554688,77.86215209960938,23.834470748901367,24.16695022583008,24.145814895629883,24.297943115234375,3966.147216796875,8270.4189453125,4307.8173828125,2826.254638671875,-0.05657091803872161,-0.05938804343905746,-0.03392573245093611,-0.038441806979146564
1,157.83225750923157,1778170023.052488,71.66423034667969,1.0,0.0,0.2236309051513672,42.74628829956055,56.33280944824219,53.67586135864258,55.35553359985352,74.96218872070312,77.04200744628906,76.90721130371094,77.8579330444336,23.83395004272461,24.16672134399414,24.145153045654297,24.29726791381836,3097.1962890625,8658.525390625,5013.015625,4947.44287109375,-0.2568525326136194,-0.0205410036648902,-0.0387302501725475,-0.008635681246410343
1,157.84762692451477,1778170023.0678575,70.97802734375,1.0,0.0,0.3700783252716064,51.732967376708984,47.756160736083984,53.81147384643555,53.79012298583984,74.95884704589844,77.04077911376953,76.90283203125,77.8536376953125,23.833415985107425,24.16652488708496,24.144453048706055,24.296581268310547,3476.02001953125,8781.16015625,3687.760986328125,3025.681884765625,-0.09192337283417529,-0.1616357129879965,-0.026984728977280992,-0.02735738105997043
1,157.86311984062195,1778170023.0833504,70.366943359375,0.8322131633758545,0.0,0.4015587866306305,43.34752655029297,51.489501953125,54.071102142333984,50.071624755859375,74.95565795898438,77.0396728515625,76.8982925415039,77.84898376464844,23.832904815673828,24.16634750366211,24.143726348876953,24.29583740234375,4771.4716796875,8463.125,3690.32568359375,0.0,-0.23250656801246883,-0.0882468041142519,-0.013799473676032403,-0.08673317730260521
1,157.8782868385315,1778170023.0985174,69.83866882324219,0.9800184965133668,0.0,0.3565863668918609,50.36717987060547,51.262840270996094,52.87432861328125,46.9896354675293,74.9529800415039,77.03811645507812,76.893798828125,77.84429931640625,23.83247756958008,24.166099548339844,24.143007278442383,24.295087814331055,5161.99267578125,6646.52880859375,3816.867431640625,1157.17333984375,-0.10147386326797958,-0.08539409328045777,-0.028332655515073246,-0.1364632867445439
1,157.89381909370422,1778170023.1140497,69.08158874511719,0.8540351390838623,0.0,0.2457193434238433,48.960208892822266,46.75469970703125,50.96537780761719,49.65827178955078,74.94938659667969,77.03508758544922,76.88832092285156,77.83866882324219,23.83190155029297,24.16561508178711,24.14213180541992,24.294185638427734,4157.3818359375,4061.138671875,3648.107421875,0.0,-0.11700147575215003,-0.1566841855545631,-0.05314903674024596,-0.07742014485711901
1,157.90952348709106,1778170023.129754,68.62757873535156,0.8000683784484863,0.0,0.4480440020561218,48.19220733642578,47.81913757324219,53.74604797363281,44.02256774902344,74.94656372070312,77.03223419189453,76.8837661743164,77.83397674560547,23.831449508666992,24.16515731811523,24.141403198242188,24.29343605041504,4356.7177734375,3454.93603515625,3786.783203125,0.0,-0.12510250204878326,-0.13177886797869598,0.005116848517152439,-0.17671277404530283
1,157.92452311515808,1778170023.1447537,68.18488311767578,0.3365026414394378,0.0,0.1699490845203399,49.58742141723633,41.3900032043457,49.037841796875,52.05725860595703,74.94341278076172,77.02925872802734,76.879150390625,77.82984924316406,23.83094596862793,24.16468048095703,24.140663146972656,24.29277610778809,3023.4423828125,0.0,3185.715087890625,7782.95751953125,-0.09392852636929294,-0.24362938314948823,-0.0769782344679778,-0.020131318968292677
1,157.94023633003235,1778170023.160467,67.74629211425781,0.3108207285404205,0.0,0.3895519375801086,49.04122543334961,33.90738296508789,51.43821334838867,52.376766204833984,74.94024658203125,77.02628326416016,76.87442016601562,77.82698059082031,23.8304386138916,24.16420555114746,24.139907836914062,24.292316436767575,2937.746826171875,0.0,2151.604736328125,7243.3408203125,-0.09810741591370897,-0.37635703081538363,-0.025528730433870495,-0.007734631906179068
1,157.95551133155823,1778170023.175742,67.5215072631836,0.3510312736034393,0.0,0.3792067766189575,47.45206069946289,25.95391845703125,51.31405258178711,51.996150970458984,74.93708038330078,77.02330780029297,76.86968994140625,77.82286071777344,23.829933166503903,24.163728713989254,24.139150619506836,24.291656494140625,3474.952880859375,0.0,1676.47802734375,4467.2431640625,-0.12442776463524652,-0.5210522944887805,-0.024644626829579686,-0.011665965879132156
1,157.97110152244568,1778170023.191332,67.23258972167969,0.4157122671604156,0.0,0.3574586510658264,46.407508850097656,16.75790023803711,49.64834976196289,52.633079528808594,74.93401336669922,77.02033233642578,76.86495971679688,77.81900024414062,23.82944107055664,24.163253784179688,24.13839340209961,24.291038513183594,4298.2265625,0.0,356.45794677734375,6377.9365234375,-0.1400217872709768,-0.6894246022059765,-0.052250264366140886,0.004739842118716586
1,157.9862036705017,1778170023.2064342,66.82064819335938,0.8367760181427002,0.0,0.3343453407287597,45.312767028808594,22.542999267578125,46.91777420043945,51.57598876953125,74.93111419677734,77.01736450195312,76.8602294921875,77.81532287597656,23.828977584838867,24.162776947021484,24.137636184692383,24.290451049804688,5133.77685546875,2832.2529296875,0.0,5608.033203125,-0.155131862968785,-0.5796333030096287,-0.0988534779147443,-0.009369804400322201
1,158.0015504360199,1778170023.221781,66.43960571289062,0.4857529699802398,0.0,0.4197836816310882,48.49734878540039,20.035737991333008,43.38175582885742,52.234718322753906,74.92848205566406,77.0144271850586,76.85549926757812,77.8111801147461,23.828556060791016,24.162307739257812,24.136878967285156,24.28978729248047,4968.70654296875,0.0,0.0,4448.20263671875,-0.09056851898351004,-0.6242442917291458,-0.16199082519111963,0.009036540796671266
1,158.01693439483643,1778170023.237165,66.03341674804688,0.5706900358200073,0.0,0.2895966470241546,42.53975296020508,15.031709671020508,44.01926040649414,50.640167236328125,74.92488861083984,77.01092529296875,76.84982299804688,77.80594635009766,23.82798194885254,24.16174697875977,24.135971069335938,24.288951873779297,3320.322021484375,90.28298950195312,1304.3895263671875,3568.31005859375,-0.19737953939215025,-0.716357111654041,-0.14444552681108458,-0.015748591306476656
1,158.03328251838684,1778170023.253513,65.74169921875,0.223352313041687,0.0,0.1902608126401901,47.86557388305664,11.467533111572266,45.579246520996094,50.91128158569336,74.92176055908203,77.00802612304688,76.8450927734375,77.8012924194336,23.827482223510746,24.161285400390625,24.135215759277344,24.2882080078125,1673.8865966796875,0.0,783.8834228515625,2206.3193359375,-0.09288702745943977,-0.7826516401317511,-0.11019485877522561,-0.0060883347818762035
1,158.04902410507202,1778170023.2692547,65.54192352294922,0.1437438428401947,0.0,0.1804288029670715,46.98728561401367,7.3712687492370605,46.51057052612305,51.27029037475586,74.91863250732422,77.005126953125,76.84034729003906,77.79663848876953,23.826980590820312,24.16082000732422,24.134456634521484,24.28746223449707,985.1079711914062,0.0,1296.56884765625,1896.6986083984375,-0.10681749692915654,-0.8598637950535053,-0.08924580931956239,0.0039712523942068145
1,158.06428265571594,1778170023.2845132,65.36837005615234,0.0322814658284187,0.0,0.0814967080950737,45.938907623291016,5.464387893676758,49.51348114013672,49.87191009521485,74.9155044555664,77.00222778320312,76.83561706542969,77.79198455810547,23.826480865478516,24.160356521606445,24.133697509765625,24.28671646118164,42.958648681640625,0.0,1587.9224853515625,0.0,-0.12442764579289856,-0.8958399561684351,-0.02786965566484656,-0.020818884280405348
1,158.07981371879578,1778170023.3000443,65.2647476196289,0.0,0.0,0.1054428666830062,45.88752746582031,5.413009166717529,50.930389404296875,49.03329849243164,74.91175079345703,76.99874877929688,76.82994079589844,77.7863998413086,23.82588005065918,24.159799575805664,24.132789611816406,24.285823822021484,0.0,0.0,1676.2786865234375,0.0,-0.12401831279683351,-0.8966554950515588,0.0015370690224949524,-0.03575559022218611
1,158.09573197364807,1778170023.3159626,65.22701263427734,0.0,0.0,0.1367337554693222,45.88752746582031,5.413009166717529,50.44052505493164,49.18788146972656,74.90862274169922,76.995849609375,76.82521057128906,77.78174591064453,23.82537841796875,24.15933609008789,24.132034301757812,24.285079956054688,0.0,0.0,2219.5927734375,0.0,-0.12351154183186253,-0.8965957084198721,-0.00752219240499008,-0.03215611034036414
1,158.11132192611694,1778170023.3315525,65.16981506347656,0.0863940343260765,0.0,0.2025672495365142,45.763614654541016,4.222576141357422,50.28676986694336,48.923072814941406,74.9054946899414,76.99295043945312,76.82046508789062,77.77709197998047,23.824878692626953,24.158870697021484,24.131275177001953,24.284334182739254,689.0122680664062,0.0,2640.945556640625,0.0,-0.1251111855388215,-0.9192656616342956,-0.009679097626685174,-0.03652173583534801
1,158.12738013267517,1778170023.3476107,65.08507537841797,0.1541919708251953,0.0,0.2584609389305115,44.881858825683594,1.1894068717956543,49.819969177246094,48.9503288269043,74.9023666381836,76.99003601074219,76.81571197509766,77.7724380493164,23.824378967285156,24.15840530395508,24.13051414489746,24.28359031677246,1279.647216796875,0.0,3595.675048828125,2573.92724609375,-0.140851065577143,-0.9772293031914375,-0.017594609856638077,-0.03472983149300557
1,158.14217138290405,1778170023.362402,64.84236907958984,0.1212052628397941,0.0,0.474543035030365,45.610137939453125,0.0,49.98095703125,51.11903762817383,74.89922332763672,76.98709106445312,76.81114959716797,77.76800537109375,23.823875427246097,24.157934188842773,24.129783630371097,24.282880783081055,678.8745727539062,0.0,4181.0908203125,0.0,-0.1236420224084177,-1.0,-0.010731027256521863,0.011808861188505437
1,158.15793371200562,1778170023.3781643,64.68582153320312,0.4158567786216736,0.0,0.4962451457977295,48.915260314941406,0.0,49.92547607421875,50.436519622802734,74.89655303955078,76.98408508300781,76.80664825439453,77.76409149169922,23.823448181152344,24.157453536987305,24.12906265258789,24.28225326538086,10288.939453125,0.0,4093.94677734375,8846.1484375,-0.05786247167442515,-1.0,-0.009437663790925588,0.0007156585738421484
1,158.1733319759369,1778170023.3935626,63.73676300048828,1.0,0.0,1.230785608291626,47.36547088623047,13.374521255493164,46.81721496582031,47.92802047729492,74.89945983886719,76.98052978515625,76.8010482788086,77.76058959960938,23.82391357421875,24.156883239746097,24.12816619873047,24.281694412231445,20278.9375,5227.55419921875,2714.618896484375,7446.9150390625,-0.07412813178864852,-0.7385338141299104,-0.05727664547678135,-0.03489587430571939
1,158.18938040733337,1778170023.409611,62.75739288330078,1.0,0.0,0.3679395318031311,42.35610580444336,33.435916900634766,42.22270965576172,49.61371612548828,74.89852142333984,76.97769165039062,76.79627990722656,77.75682067871094,23.82376289367676,24.156429290771484,24.127403259277344,24.281089782714844,2831.65234375,4914.09716796875,0.0,6321.81787109375,-0.15912747266781568,-0.33614132731480617,-0.1365247343694056,0.01463899004316671
1,158.20444202423096,1778170023.4246726,62.31349182128906,0.4796120524406433,0.0,0.6415389180183411,33.46189880371094,49.14084243774414,39.8914680480957,48.65519714355469,74.89558410644531,76.97512817382812,76.79151153564453,77.75410461425781,23.82329368591309,24.156021118164062,24.12664031982422,24.280656814575195,0.0,5202.90478515625,0.0,9845.78125,-0.3309670215322136,-0.017375023691732383,-0.1783882809795626,0.0021248499937689402
1,158.21997165679932,1778170023.4402022,62.119266510009766,0.7113584280014038,0.0,1.0850834846496582,18.80669593811035,42.937522888183594,37.02568435668945,47.91032791137695,74.89263153076172,76.97345733642578,76.7867431640625,77.75096893310547,23.82282066345215,24.15575408935547,24.125877380371097,24.28015518188477,0.0,8338.9013671875,0.0,7743.9951171875,-0.6228056171612488,-0.1387327041600982,-0.23502812224421654,-0.010131492459733549
1,158.23528695106506,1778170023.4555175,61.687137603759766,0.8676559925079346,0.0,0.9422606229782104,0.0,48.937992095947266,32.7795524597168,47.85631561279297,74.88965606689453,76.97248077392578,76.78197479248047,77.747314453125,23.822345733642575,24.155597686767575,24.12511444091797,24.279571533203125,0.0,10125.5244140625,0.0,4779.94921875,-1.0,-0.01149512061008695,-0.3180114308551165,-0.004321052770878686
1,158.2510223388672,1778170023.471253,61.208717346191406,0.8489239811897278,0.0,0.7316223382949829,0.0,40.46677017211914,26.21051597595215,47.0654411315918,74.8860855102539,76.97132873535156,76.77625274658203,77.74201202392578,23.821773529052734,24.155412673950195,24.12419891357422,24.27872085571289,0.0,9471.1865234375,0.0,4027.874267578125,-1.0,-0.17621751545420183,-0.45041991615752675,-0.013121839903525556
1,158.267156124115,1778170023.4873867,60.76048278808594,0.7475910186767578,0.0,0.8493964672088623,0.0,41.66564178466797,18.9669132232666,46.945831298828125,74.88311004638672,76.97025299072266,76.771484375,77.73738098144531,23.82129669189453,24.15523910522461,24.123435974121097,24.27798080444336,0.0,8550.5908203125,0.0,2797.114501953125,-1.0,-0.14555492804976178,-0.5993693833327653,-0.008368073103041218
1,158.28336930274963,1778170023.5036,60.29147720336914,0.3359842896461487,0.0,0.6230180263519287,0.0,46.3201904296875,13.457592010498049,46.90370178222656,74.87947845458984,76.96844482421875,76.76576232910156,77.73179626464844,23.820716857910156,24.154951095581055,24.122520446777344,24.277088165283203,0.0,7102.69140625,0.0,1348.2066650390625,-1.0,-0.04271401422741117,-0.7135293539835501,-0.0015510181154562153
1,158.29872846603394,1778170023.518959,60.061092376708984,0.0,0.0,0.5392882823944092,0.0,47.051700592041016,12.21517848968506,46.29038619995117,74.87642669677734,76.9666748046875,76.76099395751953,77.72714233398438,23.820228576660156,24.15466690063477,24.12175750732422,24.276342391967773,0.0,5915.17578125,0.0,0.0,-1.0,-0.023866118011043325,-0.7389790987677904,-0.010826984054218114
1,158.31392979621887,1778170023.5341604,59.91531753540039,0.0,0.0,0.506923258304596,0.0,47.311004638671875,12.290156364440918,46.21540832519531,74.87337493896484,76.9646987915039,76.7562255859375,77.72248840332031,23.819740295410156,24.15435028076172,24.120994567871097,24.275596618652344,0.0,5004.1728515625,0.0,0.0,-1.0,-0.01609856369372631,-0.7367379630121804,-0.010026401925626538
1,158.32971048355103,1778170023.549941,59.75031280517578,0.4449222683906555,0.0,0.4335692822933197,0.0,45.114131927490234,18.11334228515625,44.80620574951172,74.87032318115234,76.96244812011719,76.7514419555664,77.71781158447266,23.819252014160156,24.15399169921875,24.12023162841797,24.27484893798828,0.0,4188.11669921875,6358.54443359375,0.0,-1.0,-0.05919479484336532,-0.6109305732934456,-0.03756220642551655
1,158.34576654434204,1778170023.5659971,59.25465774536133,0.3719756603240967,0.0,0.3501428067684173,0.0,40.408164978027344,37.73799133300781,39.28213882446289,74.86727142333984,76.95990753173828,76.74683380126953,77.71308135986328,23.818763732910156,24.15358543395996,24.11949348449707,24.274093627929688,0.0,3371.60205078125,3880.0146484375,0.0,-1.0,-0.15028374915276577,-0.1826181673970898,-0.14916114327201135
1,158.36139225959778,1778170023.5816228,58.965675354003906,0.0,0.0,0.2356759011745453,0.0,45.31792449951172,42.425777435302734,36.76325607299805,74.86421966552734,76.95738983154297,76.74211883544922,77.7083511352539,23.818275451660156,24.15318298339844,24.11874008178711,24.27333641052246,0.0,3399.167724609375,0.0,0.0,-1.0,-0.04236937999326562,-0.07658010617508615,-0.19981689864855856
1,158.37679934501648,1778170023.59703,58.806297302246094,0.0,0.0,0.3876732885837555,0.0,46.95816802978515,42.3359375,36.85309600830078,74.86055755615234,76.95442199707031,76.73644256591797,77.70267486572266,23.81768798828125,24.15270614624023,24.117830276489254,24.27242660522461,0.0,3628.159423828125,0.0,0.0,-1.0,-0.005019430089632904,-0.07603814852548241,-0.1956874845231963
1,158.39219570159912,1778170023.6124263,58.6982536315918,0.0,0.0,0.4064221084117889,0.0,46.83781814575195,42.261077880859375,36.92795944213867,74.85750579833984,76.9520034790039,76.7317123413086,77.69794464111328,23.81719970703125,24.152320861816406,24.11707305908203,24.271671295166016,0.0,3752.139892578125,0.0,0.0,-1.0,-0.005742753065319239,-0.07597422973152268,-0.19257012762701686
1,158.4073362350464,1778170023.6275668,58.58747863769531,0.0,0.0,0.4197472929954529,0.0,46.83372116088867,42.18621826171875,37.00281524658203,74.85445404052734,76.94964599609375,76.72698211669922,77.6932144165039,23.81671142578125,24.15194320678711,24.11631774902344,24.27091407775879,0.0,3855.618408203125,0.0,0.0,-1.0,-0.003949982817017417,-0.07586699452001311,-0.1894036527952887
1,158.42364263534546,1778170023.6438732,58.47933197021485,0.0,0.0,0.4080829620361328,0.0,46.857444763183594,42.11136245727539,37.07767105102539,74.85140228271484,76.94729614257812,76.72223663330078,77.68848419189453,23.81622314453125,24.151567459106445,24.115558624267575,24.27015686035156,0.0,3792.9609375,0.0,0.0,-1.0,-0.0016024914342778196,-0.07580080887492546,-0.18626175590952532
1,158.43948006629944,1778170023.6597106,58.372528076171875,0.0,0.0,0.4183872938156128,0.0,46.867881774902344,42.03651428222656,37.15251922607422,74.84835052490234,76.94497680664062,76.71746826171875,77.68375396728516,23.81573486328125,24.151195526123047,24.114795684814453,24.26940155029297,0.0,3877.4208984375,0.0,0.0,-1.0,0.0004470606266779864,-0.07575547159478369,-0.18312717591517624
1,158.45452213287354,1778170023.6747527,58.19160461425781,0.0,0.0,0.4496451020240783,7.499356269836426,46.85255432128906,41.961669921875,37.22736358642578,74.84532928466797,76.94271850585938,76.71269989013672,77.67899322509766,23.81525230407715,24.150835037231445,24.114032745361328,24.268638610839844,3746.733642578125,4077.76416015625,0.0,0.0,-0.8394380308613424,0.003229350836604805,-0.0745326011268197,-0.1789367173345111
1,158.4700562953949,1778170023.6902869,57.727439880371094,0.0,0.0,0.555248498916626,31.46824073791504,46.84102249145508,41.871864318847656,37.31717300415039,74.84183502197266,76.9401626586914,76.70697784423828,77.67327117919922,23.814693450927734,24.15042495727539,24.113117218017575,24.267723083496097,6102.22119140625,4457.71435546875,0.0,0.0,-0.3208445362762896,0.011047031989129596,-0.06908785853432586,-0.17033814818389548
1,158.48535752296448,1778170023.705588,57.15068435668945,1.0,0.0,1.6128747463226318,45.23563003540039,34.061790466308594,38.26408386230469,43.41946792602539,74.8396224975586,76.93793487548828,76.70232391357422,77.66850280761719,23.81433868408203,24.150070190429688,24.11237144470215,24.26696014404297,6587.41943359375,4407.51123046875,5307.96875,3799.115966796875,-0.013860759014342694,-0.2573685672147882,-0.1407123327351134,-0.024925620876819043
1,158.50073504447937,1778170023.7209656,56.41022872924805,1.0,0.0,1.7800613641738892,34.24932098388672,45.00167465209961,38.278934478759766,43.298118591308594,74.83721923828125,76.9357681274414,76.69788360595703,77.66404724121094,23.813955307006836,24.149723052978516,24.11166000366211,24.266246795654297,6883.3330078125,5128.767578125,4869.3173828125,5301.376953125,-0.24356234843268576,-0.005973175232810157,-0.12909522043137778,-0.01488745843729855
1,158.51599526405334,1778170023.7362258,55.60417175292969,1.0,0.0,2.0245068073272705,35.273475646972656,33.92462921142578,37.14771270751953,42.58277893066406,74.8349838256836,76.93380737304688,76.69328308105469,77.6598892211914,23.813596725463867,24.149410247802734,24.110923767089844,24.26558303833008,6490.79931640625,6292.548828125,4202.28076171875,6834.55810546875,-0.20964917467219168,-0.23978747073683193,-0.14258042102095791,-0.017118169153466423
1,158.53152632713318,1778170023.751757,54.65894317626953,1.0,0.0,2.019899606704712,39.02250671386719,42.48617172241211,37.07857894897461,42.743186950683594,74.83231353759766,76.9324722290039,76.68866729736328,77.65618896484375,23.813169479370117,24.14919662475586,24.110187530517575,24.264989852905273,4933.1943359375,8029.89794921875,4458.67724609375,8665.068359375,-0.11052659731142733,-0.031468702410854976,-0.12937617995681383,0.003645526166200508
1,158.5475652217865,1778170023.7677958,53.80040740966797,1.0,0.0,2.0546302795410156,27.083396911621097,42.83279800415039,36.43411636352539,42.305931091308594,74.82954406738281,76.93138122558594,76.68405151367188,77.6529769897461,23.812726974487305,24.14902114868164,24.109447479248047,24.264476776123047,2816.70751953125,9302.263671875,3623.11328125,10331.9736328125,-0.3728136431123402,-0.00798515713283543,-0.13085673149687305,0.009230522303495414
1,158.56383562088013,1778170023.7840662,52.89017105102539,1.0,0.0,2.144340991973877,35.08263397216797,34.1381721496582,33.9093132019043,41.68584060668945,74.8262710571289,76.93073272705078,76.67851257324219,77.6495132446289,23.81220245361328,24.14891815185547,24.108562469482425,24.2639217376709,941.9346923828124,10784.6083984375,1932.6781005859375,11356.4013671875,-0.1735886876673849,-0.19574719901455506,-0.17716507597236275,0.011552144781945328
1,158.57852005958557,1778170023.7987506,52.1535758972168,1.0,0.0,2.2547366619110107,31.81919860839844,39.98637008666992,35.99281311035156,40.9051399230957,74.82356262207031,76.93083190917969,76.67389678955078,77.646728515625,23.811769485473633,24.14893341064453,24.10782241821289,24.263477325439453,177.45816040039062,12077.171875,1337.486083984375,11396.1572265625,-0.23987646582564914,-0.04466612035158579,-0.11427195799256451,0.006626767639534625
1,158.5944995880127,1778170023.8147302,51.52688217163086,1.0,0.0,1.8395278453826904,17.604408264160156,41.40937805175781,32.655731201171875,40.66440963745117,74.82084655761719,76.9305419921875,76.66928100585938,77.64382934570312,23.81133460998535,24.148887634277344,24.107086181640625,24.263011932373047,0.0,11838.6337890625,974.2514038085938,10728.5986328125,-0.5743363157026802,0.0013643656070174703,-0.18661859008886794,0.012873690005637872
1,158.60914778709412,1778170023.8293784,50.998287200927734,0.9415302276611328,0.0,1.9283862113952637,0.0,32.352542877197266,33.51287078857422,39.9601936340332,74.81809997558594,76.9302978515625,76.66466522216797,77.64051055908203,23.810895919799805,24.148847579956055,24.106346130371097,24.262481689453125,188.96194458007812,10317.798828125,1035.2447509765625,8793.7783203125,-1.0,-0.20953959481315887,-0.1566172072779649,0.005649580674897292
1,158.62453174591064,1778170023.8447623,50.35234832763672,0.9197150468826294,0.0,1.5167169570922852,3.720981121063232,42.70026016235352,34.61054992675781,39.58586502075195,74.81536102294922,76.92957305908203,76.66004943847656,77.63665008544922,23.810457229614254,24.148731231689453,24.105607986450195,24.261863708496097,1034.365966796875,8783.25,1165.902587890625,6567.94580078125,-0.9079302912688413,0.056666844796810834,-0.11781947880273536,0.009009122558758076
1,158.64034152030945,1778170023.860572,49.82095718383789,0.869231104850769,0.0,1.1456830501556396,12.114181518554688,33.10742950439453,31.788728713989254,38.90169906616211,74.81265258789062,76.92823028564453,76.65543365478516,77.63233947753906,23.81002426147461,24.148517608642575,24.104869842529297,24.261173248291016,2196.19677734375,6559.015625,1481.609375,4796.08740234375,-0.6970569159931972,-0.17198026971435865,-0.18110204377659023,0.002146435320175888
1,158.65557146072388,1778170023.875802,49.066062927246094,0.833544909954071,0.0,0.996170163154602,27.86756896972656,31.06645965576172,36.18677520751953,37.41984176635742,74.80940246582031,76.92626953125,76.64989471435547,77.6268081665039,23.80950355529785,24.148202896118164,24.10398292541504,24.26028823852539,3660.582275390625,4530.21337890625,1658.6431884765625,2817.544921875,-0.29238520323380446,-0.21107114285246886,-0.05346350073864459,-0.021196714520903215
1,158.6710729598999,1778170023.8913035,48.48215866088867,0.7889750599861145,0.0,0.8926528692245483,39.58928680419922,36.96468734741211,32.93271255493164,35.89882278442383,74.80670166015625,76.92440795898438,76.64527893066406,77.6221923828125,23.809072494506836,24.147905349731445,24.10324478149414,24.259552001953125,4465.349609375,3347.078125,1478.2420654296875,1364.377197265625,0.017360243402130715,-0.04998080921409509,-0.12820524999792027,-0.04967327657493359
1,158.68646931648254,1778170023.9067,48.07822799682617,0.5517088770866394,0.0,0.8104175329208374,29.000463485717773,32.4908561706543,32.10200119018555,33.5648307800293,74.80401611328125,76.92253112792969,76.64066314697266,77.6175765991211,23.808643341064453,24.147605895996097,24.10250473022461,24.258811950683594,4349.16259765625,2525.309326171875,1090.968017578125,622.3538818359375,-0.2484886937145374,-0.15794590431731015,-0.14305618587635416,-0.10399446482472097
1,158.70177006721497,1778170023.9220006,47.60924530029297,0.4597784876823425,0.0,0.5831811428070068,37.59294509887695,36.457611083984375,31.82862663269043,35.418724060058594,74.8013687133789,76.920654296875,76.63604736328125,77.61296081542969,23.80821990966797,24.14730453491211,24.101768493652344,24.258073806762695,3751.44140625,2024.3687744140625,920.3461303710938,530.8185424804688,-0.01622884178098971,-0.04583342217129005,-0.14198417699521815,-0.04519145283414494
1,158.7170786857605,1778170023.9373093,47.293174743652344,0.4184599220752716,0.0,0.6521040797233582,30.867197036743164,34.00616455078125,31.281496047973633,35.647850036621094,74.79866790771484,76.91881561279297,76.63143157958984,77.60834503173828,23.80778694152832,24.147010803222656,24.101028442382812,24.257335662841797,2977.113037109375,1695.426513671875,648.385986328125,689.6371459960938,-0.18683672170586318,-0.10404443195891977,-0.1510976404745661,-0.0325922624691517
1,158.7330949306488,1778170023.9533255,46.93001937866211,0.4718589186668396,0.0,0.4637373089790344,33.226322174072266,33.937889099121094,29.751922607421875,35.336795806884766,74.79595947265625,76.9169692993164,76.62681579589844,77.60372924804688,23.807353973388672,24.14671516418457,24.10029029846191,24.256595611572266,2395.992919921875,1950.9461669921875,414.2981262207031,1254.1922607421875,-0.11791472784477786,-0.09892408361183258,-0.18635867872685064,-0.03361291653279386
1,158.7488112449646,1778170023.9690418,46.50447845458984,0.5097633600234985,0.0,0.7600542306900024,28.990549087524418,35.384822845458984,31.80864906311035,36.31461715698242,74.79270935058594,76.91473388671875,76.62127685546875,77.59819030761719,23.80683326721191,24.14635848999023,24.099403381347656,24.25571060180664,1719.226806640625,2754.14990234375,328.5486145019531,2478.85595703125,-0.22332255095663722,-0.051910062875339946,-0.12215237027365478,0.002216099887173417
1,158.76483130455017,1778170023.985062,46.11906814575195,0.5430443286895752,0.0,0.7636568546295166,30.4322509765625,34.03334426879883,28.57385635375977,36.90776062011719,74.79000091552734,76.91290283203125,76.61666107177734,77.59356689453125,23.806400299072266,24.14606475830078,24.09866523742676,24.25497055053711,1326.724609375,3693.1630859375,324.091552734375,3606.453369140625,-0.17788497413862736,-0.08050072135788655,-0.20483541763822388,0.027097931931307606
1,158.78040719032288,1778170024.0006378,45.73166275024414,0.6094521880149841,0.0,1.1052579879760742,29.172142028808594,35.04560470581055,29.75217628479004,35.81010818481445,74.78729248046875,76.91111755371094,76.61204528808594,77.58892059326172,23.805967330932617,24.14577865600586,24.09792709350586,24.254226684570312,1095.5335693359375,4709.9716796875,441.1820068359375,4307.318359375,-0.20525032348765693,-0.04513086500327179,-0.16503082869096386,0.004993664950997179
1,158.79603576660156,1778170024.0162663,45.341453552246094,0.0,0.0,1.1418977975845337,30.902732849121097,39.37194061279297,31.969446182250977,37.710899353027344,74.78458404541016,76.90945434570312,76.60742950439453,77.5843276977539,23.80553436279297,24.145511627197266,24.09718894958496,24.25349235534668,1018.7168579101562,5249.4248046875,577.77197265625,4727.61376953125,-0.15085768883951878,0.08197860302658189,-0.09508378855034627,0.06744654158035313
1,158.81187868118286,1778170024.0321093,45.099578857421875,0.0,0.0,1.4572519063949585,34.73463439941406,37.440956115722656,33.782352447509766,36.70893859863281,74.78129577636719,76.90763854980469,76.60189056396484,77.57899475097656,23.805007934570312,24.14522171020508,24.096302032470703,24.252639770507812,1083.70947265625,5497.17578125,812.67138671875,5611.02099609375,-0.04044631362982021,0.034431492302344546,-0.03863989318069827,0.04465773505601889
1,158.82762908935547,1778170024.0478597,44.93333053588867,0.0,0.0,1.5578566789627075,34.390682220458984,37.84670639038086,33.51160430908203,36.67901611328125,74.7785873413086,76.90620422363281,76.59727478027344,77.57469940185547,23.80457305908203,24.14499282836914,24.095563888549805,24.251953125,1033.1805419921875,5844.12548828125,1044.6334228515625,6066.66162109375,-0.04643299943062296,0.04951045703453438,-0.04281628034443241,0.04766817201397644
1,158.84283304214478,1778170024.0630636,44.79838562011719,0.0,0.0,1.6472561359405518,33.95113754272461,37.65888977050781,33.10843276977539,36.58808517456055,74.77587890625,76.90486145019531,76.59265899658203,77.57048034667969,23.804140090942383,24.144777297973633,24.094825744628903,24.251277923583984,1004.3887939453124,6129.27197265625,1238.21435546875,6377.1806640625,-0.05578477522754477,0.04744791862411857,-0.051483360774285836,0.04821893578200154
1,158.8585081100464,1778170024.0787387,44.65325546264648,0.0,0.0,1.6891157627105713,33.99391555786133,37.56218719482422,33.078739166259766,36.43959045410156,74.7731704711914,76.90354919433594,76.58802795410156,77.56636810302734,23.803707122802734,24.144567489624023,24.094085693359375,24.25061798095703,1084.4935302734375,6385.3916015625,1298.8162841796875,6717.59765625,-0.0515223598300959,0.04815385386097226,-0.0492539821303668,0.047357733277318514
1,158.87377071380615,1778170024.0940013,44.513404846191406,0.0,0.0,1.722386360168457,33.98671340942383,37.51320266723633,33.0106086730957,36.39055252075195,74.77046203613281,76.90231323242188,76.58340454101562,77.56228637695312,23.80327415466309,24.144371032714844,24.093345642089844,24.24996566772461,1093.00634765625,6594.89990234375,1310.9970703125,6750.0380859375,-0.048744048169329646,0.05007572305797736,-0.04823131488768018,0.049234392866485566
1,158.88932585716248,1778170024.1095564,44.386619567871094,0.0,0.0,1.7007769346237185,33.921024322509766,37.47503280639648,32.87070846557617,36.25893783569336,74.76775360107422,76.90116119384766,76.57878875732422,77.55824279785156,23.80284118652344,24.14418601989746,24.092605590820312,24.24931907653809,1125.341064453125,6627.02880859375,1342.4273681640625,6915.33837890625,-0.04787072192232267,0.05200363476546954,-0.049557850280975035,0.04842577684405169
1,158.9046037197113,1778170024.1248343,44.25136947631836,0.0,0.0,1.633281707763672,33.8696403503418,37.39983749389648,32.76870346069336,36.185028076171875,74.76448059082031,76.8997573852539,76.57329559326172,77.5533676147461,23.802316665649418,24.14396095275879,24.09172821044922,24.248538970947266,1193.8140869140625,6500.35302734375,1304.876220703125,6784.3251953125,-0.04640733459452695,0.053101639959932,-0.04961135919895432,0.04948656060955159
1,158.92039251327515,1778170024.140623,44.154441833496094,0.0,0.0,1.513761281967163,33.81855773925781,37.35380172729492,32.67234420776367,36.1187744140625,74.76173400878906,76.89851379394531,76.56871795654297,77.54920196533203,23.801877975463867,24.143760681152344,24.09099578857422,24.24787139892578,1291.2982177734375,6194.2734375,1211.2061767578125,6187.4443359375,-0.04575538947738478,0.05411428718644973,-0.05032590635378431,0.049864593519159506
1,158.93638491630554,1778170024.1566155,44.06724166870117,0.0,0.0,1.3486504554748535,33.75163269042969,37.384071350097656,32.58777618408203,36.103118896484375,74.75898742675781,76.89718627929688,76.56413269042969,77.54490661621094,23.801437377929688,24.143550872802734,24.090261459350582,24.24718475341797,1514.090576171875,5812.28857421875,1194.8846435546875,5580.2919921875,-0.04575926613601167,0.05705605725729379,-0.0509096626180805,0.051486103884478274
1,158.9517195224762,1778170024.17195,43.99129486083984,0.0,0.0,1.219048261642456,33.72006607055664,37.36178970336914,32.49492263793945,36.11712646484375,74.75624084472656,76.89573669433594,76.55951690673828,77.54046630859375,23.80099868774414,24.14331817626953,24.089523315429688,24.24647521972656,1752.157470703125,5328.7265625,1282.63525390625,5087.11328125,-0.045005865669414113,0.0582498504945943,-0.05198009455410546,0.05371006319770677
1,158.96706652641296,1778170024.187297,43.92543411254883,0.0,0.0,1.0975217819213867,33.68761444091797,37.373985290527344,32.43856430053711,36.096187591552734,74.75349426269531,76.89418029785156,76.55490112304688,77.5359115600586,23.800559997558594,24.143068313598633,24.088783264160156,24.245746612548828,2031.3831787109375,4922.7685546875,1381.4825439453125,4700.16162109375,-0.044494418713039385,0.06018251556451748,-0.05220534216186212,0.054678167474190964
1,158.98327898979187,1778170024.2035096,43.85501480102539,0.0,0.0,0.9604092836380004,33.69511032104492,37.314544677734375,32.393531799316406,36.056766510009766,74.75019836425781,76.89218139648438,76.54936218261719,77.5303726196289,23.800031661987305,24.142749786376953,24.08789825439453,24.24485969543457,2315.226806640625,4427.345703125,1544.1324462890625,4389.93701171875,-0.042747182432812614,0.060196031516782655,-0.05200131876724068,0.055218019552899955
1,158.99850249290466,1778170024.218733,43.80338668823242,0.0,0.0,0.8863323926925659,33.642234802246094,37.28461837768555,32.41395568847656,36.02583694458008,74.74745178222656,76.89046478271484,76.54474639892578,77.5257568359375,23.799591064453125,24.142475128173828,24.087158203125,24.244121551513672,2403.13671875,4167.888671875,1779.7252197265625,4243.87255859375,-0.04312285709370722,0.06059433305889117,-0.05028556549328922,0.05555549927072745
1,159.01376843452454,1778170024.233999,43.75628662109375,0.0,0.0,0.8212665319442749,33.6616096496582,37.23609161376953,32.405757904052734,35.95210647583008,74.74470520019531,76.88874816894531,76.54013061523438,77.52116394042969,23.799152374267575,24.142200469970703,24.086421966552734,24.243385314941406,2429.23046875,4045.8310546875,2026.0361328125,4151.65625,-0.04154119021645597,0.060354103098530176,-0.04950372547868809,0.054529093511257454
1,159.02929759025574,1778170024.2495282,43.71160125732422,0.0,0.0,0.7922748923301697,33.69217300415039,37.184814453125,32.41097640991211,35.86897659301758,74.74195861816406,76.88703155517578,76.53551483154297,77.51661682128906,23.79871368408203,24.141925811767575,24.085681915283203,24.242658615112305,2621.113525390625,3950.92333984375,2191.158447265625,4260.26806640625,-0.039690249105733266,0.05997639115725728,-0.04837883406562493,0.053166297801173545
1,159.04454731941223,1778170024.264778,43.66707611083984,0.0,0.0,0.7342616319656372,33.7308464050293,37.10431289672851,32.47723388671875,35.78797912597656,74.73921203613281,76.88531494140625,76.53089904785156,77.51207733154297,23.79827308654785,24.141651153564453,24.084943771362305,24.241931915283203,2643.455078125,3927.5859375,2254.3994140625,4081.96630859375,-0.037607658059972016,0.05876010933381326,-0.0454611387949565,0.051859528534317745
1,159.06025910377502,1778170024.2804897,43.62907028198242,0.0,0.0,0.6996771693229675,33.72307586669922,37.016845703125,32.483787536621094,35.73678207397461,74.73644256591797,76.88359832763672,76.52628326416016,77.50753784179688,23.79783058166504,24.141376495361328,24.084205627441406,24.241207122802734,2514.84912109375,3944.83837890625,2274.419677734375,3988.3046875,-0.03699120445815063,0.05718438498657963,-0.044436841839635144,0.051269751654162254
1,159.0756344795227,1778170024.295865,43.58042526245117,0.0,0.0,0.6718177199363708,33.729949951171875,36.94845199584961,32.54202651977539,35.6229248046875,74.73310089111328,76.88153839111328,76.52074432373047,77.50204467773438,23.79729652404785,24.14104461669922,24.08331871032715,24.240325927734375,2368.21826171875,3991.3466796875,2354.51220703125,4235.7822265625,-0.035719763868110155,0.05640895384869182,-0.0416551240190538,0.049090111667245084
1,159.09097337722778,1778170024.311204,43.54072952270508,0.0,0.0,0.654145359992981,33.77009201049805,36.81996154785156,32.54446029663086,35.55731201171875,74.73031616210938,76.87982177734375,76.51612854003906,77.49746704101562,23.796850204467773,24.140769958496097,24.08258056640625,24.239593505859375,2262.69287109375,4022.92529296875,2479.717041015625,4413.33154296875,-0.03369199971030756,0.05369499903991293,-0.040709669812227234,0.04811250969802372
1,159.1063175201416,1778170024.326548,43.50171661376953,0.0,0.0,0.6814579367637634,33.74040985107422,36.73515701293945,32.57787322998047,35.43714904785156,74.72753143310547,76.87810516357422,76.51151275634766,77.49288940429688,23.796405792236328,24.14049530029297,24.08184051513672,24.238861083984375,2454.0419921875,4080.014404296875,2518.985595703125,4541.6533203125,-0.033675498355832945,0.052210896838505994,-0.03886359272025719,0.04550728557825634
1,159.12196111679077,1778170024.3421917,43.45882034301758,0.0,0.0,0.6871735453605652,33.76236343383789,36.63639068603515,32.57075881958008,35.392303466796875,74.72474670410156,76.87638854980469,76.50689697265625,77.48831176757812,23.79595947265625,24.140220642089844,24.081104278564453,24.238128662109375,2569.108154296875,4075.0390625,2487.29638671875,4630.572265625,-0.032092311695238185,0.05041771562601571,-0.03812499942693681,0.04521486780749262
1,159.13726091384888,1778170024.3574915,43.41545867919922,0.0,0.0,0.7146568894386292,33.721961975097656,36.614227294921875,32.54523468017578,35.338897705078125,74.721923828125,76.87464141845703,76.50228118896484,77.48373413085938,23.795507431030273,24.139942169189453,24.08036422729492,24.237396240234375,2576.314208984375,4123.55029296875,2419.23486328125,4773.78369140625,-0.032284999013103,0.05083074101050178,-0.037918844341375824,0.044680019258689585
1,159.1534309387207,1778170024.3736615,43.37077713012695,0.0,0.0,0.7114323377609253,33.69707107543945,36.54655075073242,32.52733612060547,35.281375885009766,74.71910095214844,76.87284851074219,76.49766540527344,77.47915649414062,23.795055389404297,24.13965606689453,24.079626083374023,24.236663818359375,2693.879638671875,4361.18115234375,2328.5283203125,4924.73095703125,-0.03200306424512134,0.04996900814043004,-0.037457337444176675,0.044054073998478493
1,159.16925144195557,1778170024.389482,43.31415939331055,0.0,0.0,0.710513710975647,33.6663703918457,36.49319839477539,32.48392105102539,35.24819564819336,74.71571350097656,76.87068176269531,76.49209594726562,77.47370910644531,23.794513702392575,24.13930892944336,24.0787353515625,24.235794067382812,2870.655517578125,4273.00244140625,2226.61865234375,5013.2587890625,-0.031620829426790675,0.04980666903158548,-0.03748556764778621,0.04443564027788671
1,159.18432092666626,1778170024.4045515,43.26737594604492,0.0,0.0,0.7263943552970886,33.62730026245117,36.508575439453125,32.45976257324219,35.212162017822266,74.712890625,76.8688735961914,76.4874038696289,77.46916961669922,23.7940616607666,24.139019012451172,24.077983856201172,24.23506736755371,2850.598388671875,4282.83349609375,2184.307861328125,5005.7666015625,-0.03169878406978455,0.051384619602450554,-0.0371614371205663,0.044496087475382806
1,159.19960618019104,1778170024.4198368,43.220680236816406,0.0,0.0,0.7046719789505005,33.57765197753906,36.41132736206055,32.41075897216797,35.199981689453125,74.71006774902344,76.8670425415039,76.48271179199219,77.4646224975586,23.793609619140625,24.13872528076172,24.077232360839844,24.23434066772461,2807.4052734375,4356.53515625,2177.343017578125,4913.1220703125,-0.032083801022617986,0.049716933355409054,-0.03757632546374157,0.04526286848635275
1,159.21477627754211,1778170024.4350069,43.17207717895508,0.0,0.0,0.7238083481788635,33.55564498901367,36.4363899230957,32.39474105834961,35.16617202758789,74.70724487304688,76.86519622802734,76.47798156738281,77.46004486083984,23.79315948486328,24.138431549072266,24.07647705078125,24.23360824584961,2675.01513671875,4422.875,2167.925537109375,4912.3740234375,-0.031629214551256446,0.051622055235211795,-0.03696901098094851,0.04543451618989103
1,159.23035621643066,1778170024.4505868,43.126487731933594,0.0,0.0,0.7024950385093689,33.49317169189453,36.38425064086914,32.35338592529297,35.118003845214844,74.70437622070312,76.86332702636719,76.47325134277344,77.4554672241211,23.792699813842773,24.13813209533691,24.075719833374023,24.23287582397461,2631.077392578125,4331.765625,2078.16796875,4938.22802734375,-0.032410341178604196,0.051227308018963136,-0.03718168634214569,0.04510617820230256
1,159.2455723285675,1778170024.465803,43.0793342590332,0.0,0.0,0.6988189220428467,33.49275588989258,36.354270935058594,32.32889175415039,35.08707046508789,74.7014389038086,76.8614273071289,76.46852111816406,77.45088958740234,23.7922306060791,24.137828826904297,24.074962615966797,24.23214340209961,2589.28515625,3852.331787109375,2126.562744140625,4919.56005859375,-0.03136326905523712,0.051510820050070016,-0.03685754191823487,0.04532854304930822
1,159.2611186504364,1778170024.4813492,43.03596878051758,0.0,0.0,0.6896581649780273,33.42999267578125,36.258575439453125,32.29676818847656,35.04201889038086,74.69850158691406,76.8595199584961,76.46379089355469,77.4463119506836,23.791759490966797,24.137523651123047,24.074207305908203,24.23141098022461,2615.68701171875,3717.27001953125,2391.305419921875,4856.2900390625,-0.03220420621404496,0.04979969657322414,-0.036845014787322716,0.0450383276134394
1,159.2771599292755,1778170024.4973905,42.98311996459961,0.0,0.0,0.6943703293800354,33.39226531982422,36.209720611572266,32.23884582519531,34.97312545776367,74.69497680664062,76.85723114013672,76.45811462402344,77.4408187866211,23.791196823120117,24.137157440185547,24.073299407958984,24.23052978515625,2554.0712890625,3919.976806640625,2371.980224609375,4805.4931640625,-0.032107824227868065,0.049674211480750685,-0.03739027768164915,0.0442661321949116
1,159.29263138771057,1778170024.512862,42.93706130981445,0.0,0.0,0.6910499334335327,33.31464385986328,36.19474029541016,32.19193649291992,34.964134216308594,74.6920394897461,76.8553237915039,76.45338439941406,77.43624114990234,23.790725708007812,24.136852264404297,24.072540283203125,24.22979736328125,2481.49951171875,3895.77001953125,2289.701171875,4754.73876953125,-0.033321876586078325,0.05036547236027755,-0.03775983840175989,0.04511755976852849
1,159.30877947807312,1778170024.52901,42.89375686645508,0.0,0.0,0.6783947348594666,33.29415512084961,36.11598587036133,32.15538787841797,34.88765335083008,74.68910217285156,76.8534164428711,76.44865417480469,77.4316635131836,23.79025650024414,24.136547088623047,24.07178497314453,24.22906494140625,2575.1845703125,3809.516357421875,2218.521728515625,4689.3291015625,-0.032941057011973474,0.049138146642685676,-0.037881952595375856,0.04388427615934409
1,159.32472348213196,1778170024.544954,42.83852005004883,0.0,0.0,0.6693794131278992,33.242313385009766,36.102088928222656,32.09525680541992,34.89301300048828,74.68556213378906,76.85112762451172,76.44297790527344,77.4261703491211,23.789690017700195,24.136180877685547,24.070877075195312,24.228187561035156,2425.97509765625,3800.773681640625,2146.384033203125,4678.318359375,-0.03320184435253937,0.05008671098480755,-0.03844287450528294,0.045390855255448725
1,159.3395357131958,1778170024.5597663,42.80311965942383,0.0,0.0,0.6815845966339111,33.20009231567383,36.05998229980469,32.08792495727539,34.79924011230469,74.68318939208984,76.84960174560547,76.43919372558594,77.4225082397461,23.789310455322266,24.135936737060547,24.07027053833008,24.22760009765625,2349.044677734375,3835.433349609375,2323.603271484375,4580.60205078125,-0.03363119845140261,0.04972943570919375,-0.03786745710927042,0.04344369846497553
1,159.35483932495117,1778170024.57507,42.75050735473633,0.0,0.0,0.6850640177726746,33.13276290893555,35.99013137817383,31.98163604736328,34.798038482666016,74.67961883544922,76.84729766845703,76.43351745605469,77.4170150756836,23.788738250732425,24.13556671142578,24.06936264038086,24.226722717285156,2272.094970703125,3949.546630859375,2497.700927734375,4540.0458984375,-0.034404101929378816,0.04898541140136947,-0.039874293366813474,0.044691771638762035
1,159.37046766281128,1778170024.5906982,42.705718994140625,0.0,0.0,0.6947038769721985,33.11452865600586,35.966949462890625,31.974496841430664,34.731224060058594,74.6766128540039,76.84535217285156,76.42878723144531,77.41243743896484,23.788257598876953,24.135255813598633,24.068605422973633,24.225990295410156,2205.203857421875,3977.622802734375,2593.88916015625,4638.77587890625,-0.03392337898907616,0.049409173272460416,-0.03908189694371933,0.043779432577471855
1,159.38580989837646,1778170024.6060405,42.66444778442383,0.0,0.0,0.6997779011726379,33.031558990478516,35.92991638183594,31.87772560119629,34.666015625,74.67359924316406,76.8434066772461,76.42405700683594,77.4078598022461,23.78777503967285,24.134944915771484,24.067848205566406,24.225257873535156,2261.49072265625,4145.71533203125,2618.10302734375,4502.23828125,-0.03541173217758109,0.04934275226877527,-0.041063402997493004,0.042827518157884104
1,159.401611328125,1778170024.621842,42.61701583862305,0.0,0.0,0.6915083527565002,33.00273513793945,35.88319396972656,31.868024826049805,34.672996520996094,74.67058563232422,76.84146118164062,76.41932678222656,77.40328216552734,23.78729248046875,24.134634017944336,24.067092895507812,24.224525451660156,2276.451171875,4252.17333984375,2694.5869140625,4493.55322265625,-0.035180814930229176,0.04914459206552668,-0.04028826512552253,0.04419839971831041
1,159.41763472557068,1778170024.6378653,42.563575744628906,0.0,0.0,0.6955710053443909,32.975868225097656,35.829444885253906,31.78422164916992,34.5406494140625,74.66693115234375,76.83912658691406,76.41365051269531,77.39778900146484,23.78670883178711,24.134260177612305,24.066184997558594,24.22364616394043,2383.94140625,4381.56201171875,2664.996337890625,4647.15771484375,-0.03475587738628527,0.04888835420354454,-0.041610230211898025,0.04151871030610743
1,159.43315839767456,1778170024.653389,42.51480484008789,0.0,0.0,0.7125418782234192,32.90048599243164,35.78084945678711,31.768688201904297,34.57522201538086,74.66387176513672,76.8371810913086,76.40892028808594,77.3932113647461,23.786218643188477,24.133949279785156,24.065425872802734,24.22291374206543,2527.823486328125,4474.93115234375,2551.119384765625,4661.0830078125,-0.035857658206808085,0.0486673497937915,-0.040979729750553306,0.043757167679716824
1,159.44911241531372,1778170024.669343,42.46906280517578,0.0,0.0,0.6954176425933838,32.88042449951172,35.78853225708008,31.733917236328125,34.50680160522461,74.66078186035156,76.83523559570312,76.40419006347656,77.38863372802734,23.785724639892575,24.133636474609375,24.06467056274414,24.22218132019043,2607.535888671875,4543.45947265625,2452.785888671875,4685.828125,-0.035407743459609176,0.050022245516013975,-0.04099758281250632,0.04281366357681171
1,159.46521496772766,1778170024.6854455,42.42142105102539,0.0,0.0,0.7060295343399048,32.83193588256836,35.74134063720703,31.720930099487305,34.501983642578125,74.6576919555664,76.83326721191406,76.39945983886719,77.3840560913086,23.78523063659668,24.133323669433594,24.06391334533691,24.22144889831543,2621.805908203125,4632.560546875,2389.429931640625,4407.85205078125,-0.03574852702187625,0.04981534276491084,-0.04031348007220259,0.04383903985514426
1,159.4808225631714,1778170024.7010531,42.36344528198242,0.0,0.0600000023841857,0.7081286311149597,32.78870391845703,35.724021911621094,31.66253662109375,34.50258255004883,74.65398406982422,76.83088684082031,76.39378356933594,77.3785171508789,23.784637451171875,24.13294219970703,24.063005447387695,24.220561981201172,2568.876953125,4569.7021484375,2408.10009765625,4424.13330078125,-0.03570034794457044,0.050742657812783865,-0.04076917424811244,0.045285712355894514
1,159.49670910835266,1778170024.7169397,42.315670013427734,0.0,0.1200000122189521,0.6835309267044067,32.806297302246094,35.71760940551758,31.64877700805664,34.47403335571289,74.65089416503906,76.82890319824219,76.38905334472656,77.37389373779297,23.784143447875977,24.132625579833984,24.06224822998047,24.21982192993164,2489.137451171875,4431.40869140625,2434.615478515625,4547.18994140625,-0.034093636717596465,0.051740145502602086,-0.0401035070816842,0.045599962431570606
1,159.51232624053955,1778170024.7325568,42.27181625366211,0.0,0.1799999922513961,0.6969130635261536,32.72581100463867,35.63947296142578,31.615507125854492,34.392147064208984,74.6478042602539,76.8268814086914,76.38432312011719,77.36930084228516,23.78364944458008,24.132301330566406,24.061492919921875,24.219087600708008,2497.999267578125,4317.38330078125,2452.55322265625,4483.13330078125,-0.035463776416871484,0.05052805368287516,-0.04011779914204727,0.04419849821871846
1,159.5283281803131,1778170024.7485588,42.225284576416016,0.0,0.2399999648332595,0.6706960201263428,32.736236572265625,35.61017990112305,31.577625274658203,34.39995574951172,74.64471435546875,76.82485961914062,76.37959289550781,77.3647232055664,23.783153533935547,24.131977081298828,24.060733795166016,24.218355178833008,2496.849853515625,4121.11328125,2400.059814453125,4347.2900390625,-0.0340932568498008,0.05082131167153903,-0.04021142514345488,0.0455865354262317
1,159.54367113113403,1778170024.7639017,42.17313003540039,0.0,0.3119999468326568,0.6714147925376892,32.702518463134766,35.57765579223633,31.5887393951416,34.35033416748047,74.64100646972656,76.82243347167969,76.37391662597656,77.3592300415039,23.782560348510746,24.131587982177734,24.059825897216797,24.21747589111328,2442.653076171875,3947.43310546875,2448.47509765625,4335.720703125,-0.03389485012921789,0.05115989694190781,-0.0386862499077677,0.04536947524418289
1,159.5592179298401,1778170024.7794485,42.13165664672851,0.0,0.3719999194145202,0.667039692401886,32.632877349853516,35.50278854370117,31.564716339111328,34.333160400390625,74.6379165649414,76.8204116821289,76.36918640136719,77.35465240478516,23.782066345214844,24.13126564025879,24.059070587158203,24.21674346923828,2386.77978515625,4002.316650390625,2367.348876953125,4345.96826171875,-0.035003218102948264,0.04998046515693777,-0.038471749063422434,0.04587535518449681
1,159.57530045509338,1778170024.795531,42.09120178222656,0.0,0.4319998919963836,0.6718782782554626,32.63219451904297,35.4931755065918,31.587968826293945,34.26373291015625,74.63482666015625,76.81838989257812,76.36445617675781,77.35005950927734,23.781572341918945,24.130943298339844,24.058311462402344,24.21600914001465,2371.552734375,4050.863525390625,2145.646240234375,4411.8662109375,-0.03409594813515582,0.05070505169464967,-0.036838600285502565,0.044763600512249146
1,159.59139943122864,1778170024.81163,42.05495834350586,0.0,0.491999864578247,0.6696209907531738,32.585411071777344,35.47419357299805,31.56791305541992,34.302520751953125,74.6317367553711,76.81636810302734,76.35972595214844,77.34540557861328,23.781078338623047,24.130619049072266,24.05755615234375,24.21526336669922,2503.167236328125,4035.54833984375,2106.00830078125,4309.08740234375,-0.034649491787125064,0.05104815443113497,-0.036620592457071055,0.046847720790950786
1,159.60748028755188,1778170024.8277109,42.01393508911133,0.0,0.5640000104904175,0.6727941036224365,32.59705352783203,35.452789306640625,31.61406135559082,34.24214553833008,74.6280288696289,76.8139419555664,76.35404968261719,77.3398208618164,23.78048515319824,24.130229949951172,24.05664825439453,24.214370727539062,2659.197509765625,3991.8740234375,2003.106689453125,4400.1220703125,-0.033361656771290105,0.0514396229291707,-0.03427021525685736,0.04602554820873528
1,159.62353801727295,1778170024.8437686,41.98554229736328,0.0,0.6240001320838928,0.6813033819198608,32.574249267578125,35.42770767211914,31.571977615356445,34.26534652709961,74.62493896484375,76.81192016601562,76.34931945800781,77.33516693115234,23.779991149902344,24.129905700683594,24.055891036987305,24.213626861572266,2677.271484375,3936.194580078125,2175.363037109375,4482.50537109375,-0.03338466457152778,0.05140630012983971,-0.03490356031522335,0.047442145410782954
1,159.63910508155823,1778170024.8593357,41.95963287353515,0.0,0.6840002536773682,0.682106614112854,32.59986114501953,35.410499572753906,31.62322235107422,34.248573303222656,74.6218490600586,76.80987548828125,76.34458923339844,77.33051300048828,23.779495239257812,24.129579544067383,24.05513381958008,24.21288299560547,2634.457763671875,3894.91455078125,2126.01123046875,4577.0771484375,-0.032027312863443735,0.051544518286060104,-0.03274020499582064,0.04757587489373494
1,159.65517926216125,1778170024.8754098,41.938018798828125,0.0,0.7560003995895386,0.6870875358581543,32.53205108642578,35.40407180786133,31.603374481201172,34.220218658447266,74.6181411743164,76.80740356445312,76.33891296386719,77.3249282836914,23.778902053833008,24.12918472290039,24.05422592163086,24.21198844909668,2586.625732421875,3912.226318359375,2202.103759765625,4695.0263671875,-0.0335429283339308,0.051895488518023836,-0.032849097152625184,0.047248033280924195
1,159.6707158088684,1778170024.8909464,41.92203521728515,0.0,0.8160005211830139,0.6811997890472412,32.582210540771484,35.4123420715332,31.6381778717041,34.224952697753906,74.61505126953125,76.80534362792969,76.33418273925781,77.32027435302734,23.77840805053711,24.12885475158691,24.053468704223633,24.21124267578125,2506.59228515625,3847.08544921875,2330.5947265625,4852.29833984375,-0.03168375065936069,0.05254235657027717,-0.031414865935318614,0.04779224868487808
1,159.68593430519104,1778170024.906165,41.91563034057617,0.0,0.8760006427764893,0.6806454062461853,32.54156494140625,35.327213287353516,31.644683837890625,34.18415451049805,74.6119613647461,76.80330657958984,76.32945251464844,77.31562042236328,23.77791404724121,24.128528594970703,24.052711486816406,24.210498809814453,2391.157470703125,3783.872314453125,2408.749267578125,5048.71142578125,-0.03274392609789456,0.050172564709986434,-0.0310676552818,0.0467031337667656
1,159.70121264457703,1778170024.9214432,41.91120147705078,0.0,0.9360007643699646,0.6877478957176208,32.509307861328125,35.33030700683594,31.63275718688965,34.172733306884766,74.60887145996094,76.80128479003906,76.32472229003906,77.31100463867188,23.777420043945312,24.128204345703125,24.051956176757812,24.209760665893555,2412.037109375,3837.159912109375,2475.4365234375,5121.83837890625,-0.03360061512913093,0.05037551588345468,-0.031330487868215906,0.04646399258412659
1,159.7164707183838,1778170024.9367013,41.91245651245117,0.0,0.99600088596344,0.680811882019043,32.54723358154297,35.33232879638672,31.731660842895508,34.1779670715332,74.60578155517578,76.79922485351562,76.31999206542969,77.30638885498047,23.77692413330078,24.12787628173828,24.051198959350582,24.209022521972656,2457.773681640625,3832.828125,2395.638671875,5090.88232421875,-0.0325021746812304,0.050404169535944066,-0.02833092176268115,0.04659292465518039
1,159.73202872276306,1778170024.9522593,41.92243957519531,0.0,1.0,0.6738601326942444,32.515167236328125,35.27741241455078,31.710023880004883,34.187355041503906,74.60269165039062,76.79716491699219,76.31524658203125,77.3017578125,23.776430130004883,24.127546310424805,24.050437927246097,24.208282470703125,2520.926025390625,3836.927490234375,2388.775146484375,5030.02197265625,-0.033685542573003824,0.04852180008713858,-0.029224704131521007,0.04663110632459144
1,159.74807000160217,1778170024.9683006,41.93685150146485,0.0,1.0,0.664437472820282,32.51475524902344,35.31148147583008,31.773466110229492,34.19124984741211,74.59898376464844,76.79469299316406,76.30952453613281,77.29617309570312,23.77583694458008,24.127151489257812,24.049522399902344,24.207387924194336,2661.11181640625,3768.812255859375,2418.813720703125,4898.38134765625,-0.03402986367177152,0.04917372636154038,-0.02761675641076322,0.046390620200994936
1,159.76334071159363,1778170024.9835713,41.95497131347656,0.0,1.0,0.6466831564903259,32.569156646728516,35.334800720214844,31.81404685974121,34.234134674072266,74.59589385986328,76.79263305664062,76.30475616455078,77.29151916503906,23.77534294128418,24.126821517944336,24.04875946044922,24.206642150878903,2635.018310546875,3719.234130859375,2472.813232421875,4768.99560546875,-0.03283155857531461,0.04941316321916278,-0.026795334541734883,0.047250579986993335
1,159.77895855903625,1778170024.9991891,41.9847526550293,0.0,1.0,0.6552819609642029,32.515174865722656,35.335487365722656,31.88011932373047,34.25788879394531,74.59280395507812,76.79057312011719,76.29998779296875,77.286865234375,23.77484893798828,24.12649154663086,24.047996520996097,24.20589828491211,2573.26416015625,3901.711181640625,2470.776123046875,4751.52294921875,-0.035119504207917096,0.048689153872876645,-0.025465914776736875,0.04723386911352345
1,159.79487490653992,1778170025.0151055,42.0164794921875,0.0,1.0,0.6223483681678772,32.61209487915039,35.345767974853516,31.952173233032227,34.31456756591797,74.58971405029297,76.78851318359375,76.29522705078125,77.28221130371094,23.77435302734375,24.126161575317383,24.04723739624023,24.205154418945312,2509.7705078125,3452.50439453125,2447.38330078125,4735.95068359375,-0.032974182070471425,0.04820216213697437,-0.02400085816815778,0.048174410456584216
1,159.80968952178955,1778170025.02992,42.05622482299805,0.0,1.0,0.6447960734367371,32.58089065551758,35.40161895751953,32.060791015625,34.32208251953125,74.58662414550781,76.78645324707031,76.29045867919922,77.27755737304688,23.77385902404785,24.125831604003903,24.04647445678711,24.204408645629883,2574.10595703125,3637.864013671875,2398.870849609375,4741.60302734375,-0.034812476681965854,0.048866288900649923,-0.021608565674623326,0.047413166039975474
1,159.825434923172,1778170025.0456655,42.10022735595703,0.0,1.0,0.6406368613243103,32.69650650024414,35.44841003417969,32.08818435668945,34.40028762817383,74.58353424072266,76.78439331054688,76.28569030761719,77.27290344238281,23.773365020751953,24.125503540039062,24.045711517333984,24.20366477966309,2593.88818359375,3644.555419921875,2450.58349609375,4729.44482421875,-0.03239981257080771,0.049154889467455165,-0.021796083624634588,0.04870253026969107
1,159.84129524230957,1778170025.0615258,42.16701126098633,0.0,1.0,0.6493781208992004,32.66550064086914,35.483741760253906,32.17308044433594,34.43486785888672,74.57982635498047,76.78192138671875,76.27996826171875,77.26731872558594,23.77277183532715,24.12510681152344,24.04479598999023,24.202770233154297,2314.789794921875,3774.162841796875,2582.98046875,4717.01318359375,-0.03484840797054223,0.048537288370007925,-0.020761411476072245,0.04809411888874737
1,159.85688829421997,1778170025.0771189,42.225887298583984,0.0,1.0,0.6488897800445557,32.760868072509766,35.54408645629883,32.260337829589844,34.50211715698242,74.57673645019531,76.77986145019531,76.27519989013672,77.26266479492188,23.77227783203125,24.124778747558594,24.04403305053711,24.2020263671875,2590.0390625,3841.882568359375,2676.94140625,4706.658203125,-0.03338028380890967,0.04885598792411905,-0.019474661547776884,0.04867676227741602
1,159.87202262878418,1778170025.0922532,42.29117965698242,0.0,1.0,0.6570634841918945,32.803279876708984,35.617305755615234,32.45866775512695,34.57106399536133,74.57364654541016,76.77780151367188,76.27043151855469,77.25801086425781,23.77178382873535,24.124446868896484,24.043270111083984,24.201282501220703,2588.3447265625,4092.09033203125,2559.847412109375,4713.20556640625,-0.03362318361683381,0.049393946633934815,-0.014969709943720932,0.049150108507537205
1,159.88754081726074,1778170025.1077714,42.363059997558594,0.0,1.0,0.6769417524337769,32.88423156738281,35.69331741333008,32.603126525878906,34.66035461425781,74.570556640625,76.77574157714844,76.26566314697266,77.25335693359375,23.771289825439453,24.12411880493164,24.04250717163086,24.200536727905273,2560.152099609375,4344.6513671875,2474.1484375,4837.4814453125,-0.03288213110049576,0.04984910138156784,-0.012264595711513726,0.05007510426271544
1,159.90285682678223,1778170025.1230874,42.44374465942383,0.0,1.0,0.6677699685096741,32.95616149902344,35.75875473022461,32.71580505371094,34.74290084838867,74.56746673583984,76.77371978759766,76.26089477539062,77.24870300292969,23.77079391479492,24.123794555664062,24.041744232177734,24.199790954589844,2499.80029296875,4350.5400390625,2456.586181640625,4810.94677734375,-0.032609180005667926,0.04977441224131263,-0.010735071314453726,0.050575012264227226
1,159.91885256767273,1778170025.1390831,42.54827117919922,0.0,1.0,0.7013087868690491,33.03947448730469,35.86833572387695,32.85956573486328,34.886497497558594,74.56375885009766,76.77128601074219,76.25517272949219,77.24311828613281,23.770200729370117,24.12340545654297,24.040828704833984,24.198898315429688,2380.017333984375,4786.0087890625,2509.445068359375,4845.009765625,-0.032546177122083186,0.05040455675156452,-0.008828980539501097,0.05232559707129858
1,159.9339997768402,1778170025.1542304,42.6395378112793,0.0,1.0,0.7267990112304688,33.127952575683594,35.99270248413086,33.05289840698242,34.989891052246094,74.5606689453125,76.76927947998047,76.25040435791016,77.23843383789062,23.76970672607422,24.123085021972656,24.04006576538086,24.198150634765625,2336.20361328125,5068.74609375,2535.4404296875,4731.93408203125,-0.032031688805776226,0.05179053323363969,-0.005131329875303292,0.053185290714968136
1,159.94933152198792,1778170025.169562,42.74197769165039,0.0,1.0,0.7074573040008545,33.229026794433594,36.10737991333008,33.120033264160156,35.160945892333984,74.55755615234375,76.76721954345703,76.24563598632812,77.23375701904297,23.769208908081055,24.12275505065918,24.039302825927734,24.19740104675293,2206.11376953125,4624.49169921875,2658.8076171875,4658.1318359375,-0.03140540503702749,0.05261281205103119,-0.005499867587571039,0.05579747682059444
1,159.9646921157837,1778170025.1849227,42.85817337036133,0.0,1.0,0.6789344549179077,33.337589263916016,36.15749740600586,33.19944381713867,35.24695587158203,74.55442810058594,76.7651596069336,76.2408676147461,77.2291030883789,23.768707275390625,24.122425079345703,24.03853988647461,24.1966552734375,2067.14453125,4401.2451171875,2829.45947265625,4552.92431640625,-0.03087551355779916,0.05121608116223908,-0.005818116134948759,0.05551070113248047
1,159.98011183738708,1778170025.2003424,42.976219177246094,0.0,1.0,0.654586136341095,33.457061767578125,36.33725357055664,33.3126220703125,35.39582443237305,74.55130004882812,76.76321411132812,76.23609924316406,77.22442626953125,23.768207550048828,24.122114181518555,24.037776947021484,24.19590759277344,1949.625244140625,4346.1103515625,3063.78173828125,4461.30517578125,-0.03007394730738633,0.05354037356187602,-0.005169008436145428,0.05705725092670999
1,159.99582958221436,1778170025.2160602,43.119144439697266,0.0,1.0,0.5806893706321716,33.57734298706055,36.17230987548828,33.42522048950195,35.52950668334961,74.54817199707031,76.76115417480469,76.23133087158203,77.21975708007812,23.76770782470703,24.12178421020508,24.03701400756836,24.195159912109375,1807.177978515625,2410.556396484375,3246.04052734375,4311.18994140625,-0.029813506086943997,0.04528182021697047,-0.005115098588802436,0.05753250647547348
1,160.01165962219238,1778170025.2318902,43.30253982543945,0.0,1.0,0.5215832591056824,33.70319366455078,36.175804138183594,33.854007720947266,35.582763671875,74.54441833496094,76.75868225097656,76.2256088256836,77.21417236328125,23.767107009887695,24.12138938903809,24.03609848022461,24.19426727294922,1835.3623046875,1843.2000732421875,3204.714599609375,4170.73681640625,-0.03030151133474135,0.04095537841103547,0.0033799382458929994,0.05463210911408445
1,160.027423620224,1778170025.2476542,43.46307373046875,0.0,1.0,0.4971266984939575,33.851993560791016,36.32078552246094,34.1436767578125,35.64250183105469,74.5412826538086,76.75659942626953,76.22084045410156,77.2094955444336,23.766605377197266,24.121055603027344,24.035335540771484,24.193519592285156,1990.7110595703125,1648.7408447265625,3053.88330078125,4216.8388671875,-0.029617746239771536,0.041266953692431274,0.008227511706074386,0.052500782069876406
2,504.804616689682,1778170370.0248473,233.88754272460935,0.0,1.0,0.4730778336524963,187.35731506347656,187.785888671875,184.44744873046875,184.44744873046875,79.8320083618164,73.85411834716797,75.4049072265625,74.47360229492188,24.613121032714844,23.656658172607425,23.90478515625,23.755775451660156,4250.32470703125,5808.60986328125,5370.4892578125,6593.826171875,-0.0019722990929567086,0.0004218124410311219,0.0121252408738175,0.012139198200023626
2,504.8199841976166,1778170370.0402148,234.0124053955078,0.0,1.0,0.5138022899627686,187.44125366210935,187.96511840820312,184.535888671875,184.535888671875,79.82975006103516,73.85242462158203,75.40631103515625,74.475830078125,24.61275863647461,23.65638732910156,23.905010223388672,23.756132125854492,3884.123779296875,5309.3076171875,5472.18310546875,6758.53369140625,-0.0020579283329813514,0.000842344279439633,0.012070239090510748,0.012084195658235819
2,504.83517360687256,1778170370.0554042,234.1204376220703,0.0,1.0,0.5581843256950378,187.44723510742188,187.9934844970703,184.54034423828125,184.54034423828125,79.82754516601562,73.85066223144531,75.40772247314453,74.47802734375,24.612407684326172,23.656105041503903,23.905235290527344,23.75648498535156,3861.486328125,5574.8330078125,5605.54345703125,6848.72802734375,-0.002486586734417928,0.0005314857814568974,0.011627655603095643,0.011641606067542387
2,504.8505606651306,1778170370.0707912,234.2230682373047,0.0,1.0,0.618044376373291,187.55484008789065,188.10055541992188,184.5990447998047,184.5990447998047,79.82535552978516,73.84900665283203,75.40922546386719,74.48027038574219,24.612056732177734,23.655841827392575,23.90547561645508,23.75684356689453,3779.689453125,5575.1455078125,5725.02685546875,6998.60986328125,-0.002351295415683685,0.000662677165965686,0.011506034308295554,0.01151998309557034
2,504.86648631095886,1778170370.086717,234.32345581054688,0.0,1.0,0.6176736354827881,187.5666656494141,188.1835174560547,184.78501892089844,184.78501892089844,79.8230209350586,73.8476333618164,75.41040802001953,74.48226928710938,24.611682891845703,23.655620574951172,23.905664443969727,23.757164001464844,3762.95849609375,5680.6611328125,5329.62158203125,6561.33251953125,-0.0027158265971721773,0.0006751334532293374,0.012091294585778956,0.012105251443861764
2,504.88203263282776,1778170370.1022632,234.42257690429688,0.0,1.0,0.6867507100105286,187.6240234375,188.2909240722656,184.8450164794922,184.8450164794922,79.82107543945312,73.84605407714844,75.41149139404297,74.48430633544922,24.611371994018555,23.65536880493164,23.905838012695312,23.757488250732425,4298.0546875,5502.8359375,5413.75390625,6841.787109375,-0.002832669068712712,0.0008229156341361676,0.011991826569573316,0.012005782055980463
2,504.89747738838196,1778170370.117708,234.5394744873047,0.0,1.0,0.7711343169212341,187.63912963867188,188.4126739501953,184.9477081298828,184.9477081298828,79.81871795654297,73.84437561035156,75.4126205444336,74.4870834350586,24.610994338989254,23.655099868774418,23.90601921081543,23.757932662963867,4069.2890625,5927.0576171875,5140.07861328125,7195.86962890625,-0.003249425416441576,0.0009709069189494102,0.012049373754337012,0.012063330034326691
2,504.91334986686707,1778170370.1335804,234.63539123535156,0.0,1.0,0.7941099405288696,187.68148803710935,188.51828002929688,185.06146240234375,185.06146240234375,79.81641387939453,73.84331512451172,75.41338348388672,74.4896240234375,24.610626220703125,23.654930114746097,23.90614128112793,23.758338928222656,3689.78466796875,6335.66064453125,5312.54345703125,7127.75830078125,-0.003431969275557112,0.0011225383583013393,0.012257875919514882,0.012271835074773696
2,504.9289650917053,1778170370.1491957,234.7325134277344,0.0,1.0,0.8349031209945679,187.73263549804688,188.63169860839844,185.11163330078125,185.11163330078125,79.81379699707031,73.84278869628906,75.41448211669922,74.49198913574219,24.610206604003903,23.65484619140625,23.90631675720215,23.758718490600582,3382.891845703125,6215.47607421875,5169.001953125,7072.5263671875,-0.003572831141444466,0.001310374897160349,0.012113360848796884,0.012127318011176058
2,504.944207906723,1778170370.1644385,234.8278961181641,0.0,1.0,0.8917809128761292,187.7639617919922,188.68067932128903,185.17958068847656,185.17958068847656,79.81084442138672,73.84202575683594,75.41534423828125,74.49465942382812,24.60973358154297,23.65472412109375,23.906455993652344,23.759145736694336,3173.543212890625,6432.9658203125,5188.62646484375,7312.3388671875,-0.0038113583723443645,0.0011635592490950586,0.012073616504111984,0.01208757311841202
2,504.9600102901459,1778170370.1802409,234.91778564453125,0.0,1.0,0.980249285697937,187.77728271484375,188.80506896972656,185.29324340820312,185.29324340820312,79.8077163696289,73.84210205078125,75.41584014892578,74.49749755859375,24.609233856201172,23.654735565185547,23.90653419494629,23.759599685668945,3229.481201171875,6770.8388671875,4983.91650390625,7751.7841796875,-0.004121894868769238,0.001440246192052408,0.01230732445059779,0.012321284287757805
2,504.97589111328125,1778170370.1961217,235.018310546875,0.0,1.0,1.0501056909561155,187.8498687744141,188.89903259277344,185.49777221679688,185.49777221679688,79.80439758300781,73.84236145019531,75.41633605957031,74.50081634521484,24.60870361328125,23.65477752685547,23.906614303588867,23.760129928588867,3327.9443359375,7211.3427734375,4752.935546875,7180.06201171875,-0.004163068011672988,0.0015100768544344945,0.012991246493306186,0.013005215761831668
2,504.9916241168976,1778170370.2118547,235.10302734375,0.0,1.0,1.10167133808136,187.90028381347656,188.99855041503903,185.54888916015625,185.54888916015625,79.80132293701172,73.84259796142578,75.41667938232422,74.50365447998047,24.608211517333984,23.654815673828125,23.90666961669922,23.760583877563477,3017.735595703125,6770.2392578125,4734.06396484375,7744.98681640625,-0.004254741091523351,0.0016766298823824854,0.012905271919371408,0.012919240002297494
2,505.0066599845886,1778170370.2268906,235.18951416015625,0.0,1.0,1.1867564916610718,187.91990661621097,189.01841735839844,185.56549072265625,185.56549072265625,79.79837036132812,73.84281158447266,75.41730499267578,74.50672149658203,24.607738494873047,23.654850006103516,23.906768798828125,23.761075973510746,3510.400146484375,6924.2080078125,5286.486328125,7400.91015625,-0.004516959504989981,0.0014135353116242477,0.012623387837486844,0.012637352033198157
2,505.0221827030182,1778170370.2424133,235.27098083496097,0.0,1.0,1.276621699333191,187.98992919921875,189.20101928710935,185.625732421875,185.625732421875,79.79617309570312,73.84357452392578,75.41798400878906,74.51008605957031,24.60738754272461,23.654972076416016,23.906877517700195,23.761613845825195,3886.566162109375,7221.15185546875,5022.875,7870.5615234375,-0.0044908551009631426,0.002033862631252159,0.012601372041404435,0.01261533593351527
2,505.03783893585205,1778170370.2580695,235.34556579589844,0.0,1.0,1.2762290239334106,187.98085021972656,189.2290496826172,185.7895050048828,185.7895050048828,79.79405212402344,73.84407043457031,75.41848754882812,74.51322174072266,24.60704803466797,23.655052185058594,23.906957626342773,23.762115478515625,3979.89990234375,7128.865234375,4852.75244140625,7648.90478515625,-0.004854411570668016,0.001864706947798167,0.013173569447144873,0.013187541229925381
2,505.0534613132477,1778170370.273692,235.43753051757812,0.0,1.0,1.3673837184906006,188.08197021484375,189.35096740722656,185.76809692382812,185.76809692382812,79.79180908203125,73.8448486328125,75.4193344116211,74.5174789428711,24.606689453125,23.655176162719727,23.907093048095703,23.76279640197754,4133.390625,7464.1337890625,5350.79345703125,8401.40625,-0.004708020678959701,0.0021186023669979015,0.012661111736659514,0.012675076452587808
2,505.0690131187439,1778170370.2892437,235.51014709472656,0.0,1.0,1.4346392154693604,188.09494018554688,189.43344116210935,185.84115600585935,185.84115600585935,79.7897720336914,73.8460922241211,75.42021179199219,74.52132415771484,24.60636329650879,23.65537452697754,23.90723419189453,23.763412475585938,3871.826171875,7535.7001953125,5164.4140625,8100.9052734375,-0.004946293065639318,0.002245960208050901,0.012747008162534712,0.01276097406298482
2,505.08507442474365,1778170370.305305,235.5787353515625,0.0,1.0,1.4683886766433716,188.1283416748047,189.48416137695312,185.9220733642578,185.9220733642578,79.78724670410156,73.8471908569336,75.42102813720703,74.52529907226562,24.605958938598633,23.65555000305176,23.90736389160156,23.764047622680664,3419.83447265625,7541.810546875,5087.05712890625,8554.9482421875,-0.005059352852969434,0.0022224285001541944,0.012892982196300418,0.012906950109749848
2,505.0997803211212,1778170370.320011,235.6465759277344,0.0,1.0,1.5241369009017944,188.1096343994141,189.53208923339844,185.94119262695312,185.94119262695312,79.78386688232422,73.8485107421875,75.42179870605469,74.52971649169922,24.605419158935547,23.65576171875,23.907487869262695,23.76475524902344,2754.677734375,7775.27783203125,5079.935546875,9083.9921875,-0.005444694833517394,0.002187325226224779,0.01270550989656627,0.012719475224750365
2,505.1149935722351,1778170370.3352242,235.714599609375,0.0,1.0,1.5222229957580566,188.10012817382812,189.64854431152344,186.00567626953125,186.00567626953125,79.78028106689453,73.85022735595703,75.42243957519531,74.53439331054688,24.60484504699707,23.656036376953125,23.907590866088867,23.7655029296875,2850.51025390625,8037.57470703125,4926.5673828125,8822.2548828125,-0.005781954412594548,0.0025137099540493146,0.012764359109584289,0.01277832524930611
2,505.1304705142975,1778170370.350701,235.78277587890625,0.0,1.0,1.3591387271881104,188.23191833496097,189.7685089111328,186.1395721435547,186.1395721435547,79.77650451660156,73.85212707519531,75.42285919189453,74.53878021240234,24.60424041748047,23.656339645385746,23.907657623291016,23.766204833984375,2510.00146484375,7986.2587890625,4702.00146484375,8662.90234375,-0.005373045349112537,0.0028578039137212574,0.013200345595076879,0.013214317747103577
2,505.14651012420654,1778170370.3667407,235.85885620117188,0.0,1.0,1.2438781261444092,188.42572021484375,189.6854248046875,186.25003051757812,186.25003051757812,79.77256774902344,73.8538589477539,75.4230728149414,74.54301452636719,24.60361099243164,23.6566162109375,23.907691955566406,23.766881942749023,2441.695556640625,7836.27392578125,4733.81005859375,8478.2646484375,-0.00467015076000965,0.0020953871500455357,0.01347457673147101,0.013488552665177567
2,505.1625335216522,1778170370.382764,235.95509338378903,0.0,1.0,1.262082576751709,188.63034057617188,189.65640258789065,186.2284698486328,186.2284698486328,79.76782989501953,73.85549926757812,75.42399597167969,74.54769897460938,24.60285186767578,23.656879425048828,23.907838821411133,23.76763153076172,2555.278076171875,7267.60595703125,5258.6728515625,8045.66552734375,-0.00399567356417585,0.0015334103476647432,0.012943944724554513,0.012957913340783112
2,505.17803263664246,1778170370.3982632,236.0333709716797,0.0,1.0,1.2530180215835571,188.7874755859375,189.60003662109375,186.27053833007812,186.27053833007812,79.76429748535156,73.85638427734375,75.42505645751953,74.55098724365234,24.60228729248047,23.657020568847656,23.908008575439453,23.768157958984375,3167.892333984375,7041.41064453125,5499.1533203125,7529.6259765625,-0.0034965584612246525,0.0009037065519401644,0.012836759492282024,0.012850726630413423
2,505.19344186782837,1778170370.4136724,236.1130523681641,0.0,1.0,1.234217405319214,188.93832397460935,189.55804443359375,186.3208923339844,186.3208923339844,79.7612533569336,73.85714721679688,75.42623901367188,74.55408477783203,24.60179901123047,23.657142639160156,23.9081974029541,23.768653869628903,3077.099609375,7053.27734375,5367.5107421875,7576.31591796875,-0.0030368743259133746,0.0003443271213148247,0.012768661063603526,0.012782627262649893
2,505.20955991744995,1778170370.4297905,236.1916046142578,0.0,1.0,1.1714847087860107,189.07501220703125,189.57241821289065,186.4266662597656,186.4266662597656,79.758544921875,73.85774230957031,75.42725372314453,74.55683898925781,24.601367950439453,23.657238006591797,23.90835952758789,23.76909446716309,3451.739501953125,7176.30908203125,5090.0732421875,7499.353515625,-0.0026474254818926735,8.746285423222311e-05,0.013006591132743273,0.013020560612873489
2,505.225679397583,1778170370.44591,236.2845458984375,0.0,1.0,1.1551854610443115,189.22000122070312,189.6367645263672,186.4464111328125,186.4464111328125,79.75582885742188,73.85903930664062,75.42860412597656,74.5601806640625,24.600933074951172,23.657445907592773,23.90857696533203,23.769628524780273,4202.35107421875,7377.7001953125,5417.35009765625,7374.72998046875,-0.002275226550105147,3.3408538963719536e-05,0.012715377949228168,0.012729343413493854
2,505.2414858341217,1778170370.4617164,236.3629608154297,0.0,1.0,1.1174015998840332,189.38050842285156,189.6759796142578,186.4881896972656,186.4881896972656,79.75389862060547,73.86030578613281,75.4299087524414,74.56309509277344,24.600624084472656,23.65764808654785,23.908784866333008,23.770095825195312,3878.985107421875,7448.43115234375,5439.12255859375,7290.38427734375,-0.0017601817856690571,-9.163007409829227e-05,0.012606255265991129,0.012620219225442098
2,505.2564504146576,1778170370.476681,236.44436645507812,0.0,1.0,1.105465054512024,189.47279357910156,189.76910400390625,186.5120849609375,186.5120849609375,79.75147247314453,73.86182403564453,75.43089294433594,74.56635284423828,24.60023498535156,23.65789222717285,23.90894317626953,23.77061653137207,3836.072998046875,7580.4423828125,5424.173828125,7907.73046875,-0.001617591686334019,5.486222869843793e-05,0.01238732762116368,0.012401288561576962
2,505.2720022201538,1778170370.4922328,236.5280609130859,0.0,1.0,1.106961965560913,189.6192321777344,189.8401031494141,186.42987060546875,186.42987060546875,79.74967193603516,73.863525390625,75.43257904052734,74.56990051269531,24.599946975708008,23.658164978027344,23.90921211242676,23.771183013916016,4451.31201171875,7766.2470703125,6081.5712890625,8076.22412109375,-0.0011995143117577989,7.501953805966188e-05,0.011582997134187423,0.01159694698278857
2,505.2880573272705,1778170370.508288,236.6262969970703,0.0,1.0,1.0536261796951294,189.8355255126953,189.91616821289065,186.5414581298828,186.5414581298828,79.7490234375,73.86580657958984,75.43445587158203,74.57433319091797,24.599843978881836,23.65852928161621,23.909513473510746,23.771892547607425,5515.39892578125,8158.92919921875,5579.32861328125,8262.52734375,-0.0004753385006069921,6.037887261700625e-05,0.011768266789767612,0.01178221919325928
2,505.30357551574707,1778170370.523806,236.7066345214844,0.0,1.0,1.006251573562622,189.9417724609375,190.0093536376953,186.5584259033203,186.5584259033203,79.74881744384766,73.86820983886719,75.43614196777344,74.57808685302734,24.59981155395508,23.658912658691406,23.90978240966797,23.77249336242676,5404.1943359375,8355.6171875,6073.5517578125,8256.98046875,-0.00025535113047359115,0.00021149054957536606,0.011516874666309018,0.011530823603073559
2,505.31961393356323,1778170370.5398445,236.7901306152344,0.0,1.0,0.9425281882286072,190.00845336914065,190.16946411132812,186.53448486328125,186.53448486328125,79.74872589111328,73.87033081054688,75.43861389160156,74.58207702636719,24.599796295166016,23.659252166748047,23.910179138183594,23.77313232421875,5549.24267578125,7971.4033203125,6980.09228515625,8221.201171875,-0.0002570311999849917,0.0007013257691579344,0.01103043501010692,0.011044377238811354
2,505.33428049087524,1778170370.554511,236.8776397705078,0.0,1.0,0.910774290561676,190.10464477539065,190.2257080078125,186.4464111328125,186.4464111328125,79.7486572265625,73.8720932006836,75.44200897216797,74.5865249633789,24.59978485107422,23.659534454345703,23.910720825195312,23.77384376525879,5681.3828125,7644.49169921875,7441.75390625,8784.529296875,-0.00012043297864694491,0.0006274938089130266,0.01017974273522082,0.010193673232778533
2,505.34980058670044,1778170370.5700312,236.9636077880859,0.0,1.0,0.8311803340911865,190.14402770996097,190.30929565429688,186.54293823242188,186.54293823242188,79.74840545654297,73.87345123291016,75.4452896118164,74.59115600585938,24.59974479675293,23.659751892089844,23.91124725341797,23.774585723876953,5114.1865234375,7527.19287109375,7209.0654296875,8765.3603515625,-0.0002761148387930845,0.0007040054022380282,0.010336060533131741,0.010349993186330453
2,505.3653302192688,1778170370.5855608,237.0487518310547,0.0,1.0,0.7715743780136108,190.2107696533203,190.2861785888672,186.6171417236328,186.6171417236328,79.74777221679688,73.87447357177734,75.448486328125,74.59552764892578,24.59964370727539,23.659915924072266,23.91175842285156,23.77528381347656,5411.38427734375,7111.62744140625,7139.861328125,8719.8671875,-0.00028441499391707037,0.00022305597392602294,0.010374913823347098,0.010388847012337
2,505.38089632987976,1778170370.601127,237.1548309326172,0.0,1.0,0.7111186981201172,190.263916015625,190.38816833496097,186.6820068359375,186.6820068359375,79.748046875,73.87544250488281,75.45247650146484,74.60089111328125,24.599687576293945,23.660070419311523,23.91239547729492,23.776142120361328,5888.18603515625,7060.44970703125,7110.611328125,8632.595703125,-0.0004523833686069789,0.0003115178715089595,0.010274007165166799,0.010287938962642018
2,505.3969259262085,1778170370.6171565,237.23507690429688,0.0,1.0,0.7040561437606812,190.31040954589844,190.4749298095703,186.79383850097656,186.79383850097656,79.74866485595703,73.8765869140625,75.45545959472656,74.60541534423828,24.59978485107422,23.660253524780273,23.912872314453125,23.776866912841797,6230.716796875,7464.42822265625,6794.76025390625,8640.2744140625,-0.0005463152382745307,0.00042885351110344416,0.010537275738851104,0.01055121116683111
2,505.4125168323517,1778170370.6327474,237.3176727294922,0.0,1.0,0.6928090453147888,190.37994384765625,190.62396240234375,186.84640502929688,186.84640502929688,79.74984741210938,73.87813568115234,75.45872497558594,74.6096420288086,24.5999755859375,23.66050148010254,23.913394927978516,23.777542114257812,6547.92529296875,7744.2041015625,7644.1162109375,8420.9765625,-0.0005291177990900398,0.0008631545754245185,0.010469850320964147,0.010483784819139697
2,505.42760133743286,1778170370.647832,237.4005889892578,0.0,1.0,0.6395890116691589,190.44583129882812,190.72752380371097,186.9298095703125,186.9298095703125,79.75137329101562,73.87905883789062,75.4622573852539,74.6139144897461,24.6002197265625,23.660648345947266,23.91396141052246,23.778226852416992,6739.09619140625,6877.13427734375,7422.630859375,8616.82421875,-0.0005324202210114093,0.0010571407173907144,0.010567822481842404,0.01058175833106545
2,505.44360423088074,1778170370.6638348,237.4987030029297,0.0,1.0,0.6884245872497559,190.48777770996097,190.8900451660156,186.94102478027344,186.94102478027344,79.75318145751953,73.88047790527344,75.46676635742188,74.61986541748047,24.600509643554688,23.660877227783203,23.914682388305664,23.77917861938477,6953.56640625,7534.7578125,7778.734375,9301.568359375,-0.0007252686086250959,0.0014962513059888494,0.010210948768819561,0.010224879696712152
2,505.45882654190063,1778170370.6790571,237.5800323486328,0.0,1.0,0.6768189072608948,190.56710815429688,191.01080322265625,187.01808166503903,187.01808166503903,79.75469970703125,73.8819351196289,75.47067260742188,74.62501525878906,24.600751876831055,23.661109924316406,23.915307998657227,23.78000259399414,6628.9072265625,7544.0888671875,7954.2216796875,9001.2421875,-0.0006513293337360171,0.0017867500775401446,0.010281394616861395,0.010295326516210679
2,505.4744713306427,1778170370.694702,237.65594482421875,0.0,1.0,0.6654360294342041,190.56256103515625,191.09075927734375,187.1174774169922,187.1174774169922,79.75544738769531,73.88317108154297,75.47480773925781,74.62984466552734,24.60087203979492,23.66130828857422,23.915969848632812,23.78077507019043,5728.58837890625,7291.6376953125,7904.64013671875,9253.73046875,-0.0009943808537976606,0.0018859659976413479,0.010495458281207126,0.010509393132519307
2,505.4891953468323,1778170370.709426,237.74085998535156,0.0,1.0,0.6875100135803223,190.53184509277344,191.1636199951172,187.10511779785156,187.10511779785156,79.75489044189453,73.88380432128906,75.47879028320312,74.63565063476562,24.60078239440918,23.661407470703125,23.916606903076172,23.78170394897461,4740.18212890625,6429.7724609375,7894.31494140625,9729.7705078125,-0.0015121687922037275,0.0019099882846040916,0.010067812132769305,0.01008174108679083
2,505.5051198005676,1778170370.7253504,237.82798767089844,0.0,1.0,0.7052494287490845,190.50518798828125,191.1807098388672,187.1364593505859,187.1364593505859,79.75334167480469,73.88444519042969,75.48274230957031,74.6413803100586,24.60053443908691,23.661510467529297,23.917238235473633,23.782621383666992,4409.35791015625,7020.06640625,7666.56005859375,9579.28125,-0.002017608475031518,0.001632478054072628,0.00986690850648908,0.009880834690025875
2,505.5206320285797,1778170370.7408626,237.90866088867188,0.0,1.0,0.7616420388221741,190.48117065429688,191.1380615234375,187.2220458984375,187.2220458984375,79.75191497802734,73.88533782958984,75.48619842529297,74.64683532714844,24.60030746459961,23.66165351867676,23.91779136657715,23.783493041992188,4359.99609375,7191.4912109375,7172.169921875,9393.216796875,-0.002481792337214128,0.0010694643031183837,0.009986173802116971,0.010000101630336378
2,505.5366976261139,1778170370.7569282,237.9784240722656,0.0,1.0,0.8091444969177246,190.48727416992188,191.2563934326172,187.44468688964844,187.44468688964844,79.75077819824219,73.88664245605469,75.48859405517578,74.65155029296875,24.60012435913086,23.661863327026367,23.918174743652344,23.78424835205078,4859.71826171875,7663.89013671875,6057.73193359375,8815.3671875,-0.002742260271250907,0.0013955733012576133,0.010890801940287576,0.010904742243435406
2,505.5522425174713,1778170370.772473,238.0693817138672,0.0,1.0,0.5959659814834595,190.609130859375,191.37887573242188,187.4808349609375,187.4808349609375,79.74991607666016,73.888916015625,75.49129486083984,74.65702056884766,24.599987030029297,23.6622257232666,23.918607711791992,23.78512382507324,5138.6572265625,7835.90380859375,6459.1064453125,8540.2099609375,-0.00248556373601283,0.0016540341541926296,0.010699449751828016,0.010713387416206643
2,505.5679204463959,1778170370.788151,238.14666748046875,0.0,1.0,0.5760048627853394,190.7206268310547,191.3513336181641,187.53536987304688,187.53536987304688,79.74966430664062,73.89080810546875,75.49372100830078,74.6612548828125,24.599945068359375,23.66252899169922,23.918994903564453,23.78580093383789,5241.12060546875,7904.30126953125,6736.3720703125,8380.740234375,-0.002225984899874578,0.001184861916086355,0.0106653468082607,0.010679284002355738
2,505.5835852622986,1778170370.8038158,238.22088623046875,0.0,1.0,0.6438247561454773,190.9093780517578,191.4252166748047,187.56480407714844,187.56480407714844,79.75010681152344,73.89299774169922,75.49658966064453,74.6655044555664,24.600017547607425,23.662879943847656,23.91945457458496,23.786479949951172,6774.9248046875,8223.990234375,6921.63232421875,8410.8935546875,-0.0015496825011602766,0.0012593875383490882,0.010509046987090764,0.010522982025793048
2,505.5996890068054,1778170370.8199196,238.28958129882812,0.0,1.0,0.6107317209243774,191.2183380126953,191.45721435546875,187.6592712402344,187.6592712402344,79.75190734863281,73.89490509033203,75.49980926513672,74.66947174072266,24.600303649902344,23.663185119628903,23.91996955871582,23.7871150970459,6740.77294921875,7710.841796875,7313.04248046875,8019.22509765625,-0.00022213423137640298,0.0011380577559791938,0.010726530386153232,0.010740468423976912
2,505.6154463291168,1778170370.835677,238.37513732910156,0.0,1.0,0.6306514143943787,191.24853515625,191.55426025390625,187.78057861328125,187.78057861328125,79.75257873535156,73.89691162109375,75.50377655029297,74.67430114746094,24.600412368774418,23.66350555419922,23.920604705810547,23.787887573242188,5405.4404296875,7680.16552734375,7211.43310546875,8455.4375,-0.0004231399424652338,0.0012860109635950412,0.011016890030910442,0.011030832072828067
2,505.631196975708,1778170370.8514276,238.45263671875,0.0,1.0,0.5894386768341064,191.3856964111328,191.59861755371097,187.6484832763672,187.6484832763672,79.75288391113281,73.89879608154297,75.50818634033203,74.67884063720703,24.60046005249023,23.663806915283203,23.921310424804688,23.78861427307129,6272.71728515625,7896.94873046875,8415.546875,8566.130859375,-3.1359931343510894e-05,0.001192371058295727,0.009977325317907182,0.009991253024105085
2,505.6465473175049,1778170370.866778,238.52394104003903,0.0,1.0,0.5058350563049316,191.50108337402344,191.64007568359375,187.77127075195312,187.77127075195312,79.75411224365234,73.9002456665039,75.51244354248047,74.68331146240234,24.600658416748047,23.664039611816406,23.9219913482666,23.789329528808594,6719.541015625,7103.82373046875,7708.82177734375,8762.9453125,0.00027241316900439294,0.0011096480718328916,0.01033608223966409,0.010350014893162118
2,505.66240668296814,1778170370.8826373,238.59095764160156,0.0,1.0,0.4726428091526031,191.5882110595703,191.63653564453125,187.94818115234375,187.94818115234375,79.7552490234375,73.90089416503906,75.51561737060547,74.68830871582031,24.600839614868164,23.664142608642575,23.92249870300293,23.790128707885746,6161.640625,6940.46533203125,6921.3828125,9309.880859375,0.00044642013040796513,0.0008099638352465632,0.011003923972900287,0.011017865836014495
2,505.6777334213257,1778170370.897964,238.68722534179688,0.0,1.0,0.4143956303596496,191.64801025390625,191.6260986328125,187.77601623535156,187.77601623535156,79.75582122802734,73.90101623535156,75.5207290649414,74.69515991210938,24.60093116760254,23.664161682128903,23.923316955566406,23.79122543334961,5246.3818359375,6178.38525390625,8362.630859375,9523.9453125,0.00035505549089642763,0.00035183095067981007,0.009670434655383753,0.009684358129523396
2,505.693496465683,1778170370.913727,238.76597595214844,0.0,0.0,0.3067466616630554,191.5829620361328,191.6132049560547,186.0384521484375,186.0384521484375,79.75447082519531,73.90076446533203,75.5257568359375,74.70000457763672,24.60071563720703,23.664121627807617,23.924121856689453,23.79199981689453,4156.12451171875,6320.9853515625,8508.314453125,8754.375,-0.00031430860106196334,-4.539558126448462e-05,-2.367749370568717e-06,1.1422335685074003e-05
2,505.70865988731384,1778170370.9288905,238.66119384765625,0.0,0.0,0.297527939081192,191.3760681152344,191.4457550048828,185.90823364257812,185.90823364257812,79.75308990478516,73.90065002441406,75.53011322021484,74.70469665527344,24.600494384765625,23.66410446166992,23.92481803894043,23.79275131225586,5699.482421875,6367.9521484375,8267.12890625,8754.4638671875,-0.0009554580813410096,-0.00048061394342679975,-0.00026358799906289754,-0.0002498015162653022
2,505.7247304916382,1778170370.944961,238.5128173828125,0.0,0.0,0.2527768015861511,191.3119354248047,191.2743682861328,185.76817321777344,185.76817321777344,79.75313568115234,73.90107727050781,75.53359985351562,74.7082290649414,24.600502014160156,23.664173126220703,23.925376892089844,23.793315887451172,5538.55810546875,6536.85498046875,6943.82763671875,7752.6474609375,-0.0006689638659992392,-0.000754172598529057,-0.0003953165629920763,-0.00038153189674672294
2,505.7403881549835,1778170370.9606187,238.369140625,0.0,0.0,0.2280735224485397,191.19625854492188,191.1107635498047,185.67059326171875,185.67059326171875,79.75369262695312,73.90155792236328,75.53556060791016,74.71155548095703,24.600589752197266,23.664249420166016,23.925689697265625,23.793848037719727,6677.14794921875,6869.78857421875,5840.09814453125,7706.39501953125,-0.0006712284340516517,-0.0010070888994266891,-0.0003181928042467197,-0.0003044070744556704
2,505.75570464134216,1778170370.9759352,238.1903381347656,0.0,0.0,0.1706408113241195,191.2376708984375,191.0142517089844,185.54592895507812,185.54592895507812,79.756103515625,73.90237426757812,75.53886413574219,74.71521759033203,24.600975036621097,23.664379119873047,23.92621803283691,23.79443359375,7329.83203125,6693.84716796875,7500.369140625,7708.9091796875,0.00029555146370818797,-0.0007620491279252128,-0.00023947856145667412,-0.00022569174618702892
2,505.7717967033386,1778170370.9920273,238.0432891845703,0.0,0.0,0.1197394877672195,191.01971435546875,190.9418487548828,185.46112060546875,185.46112060546875,79.75861358642578,73.9027328491211,75.54166412353516,74.71792602539062,24.60137939453125,23.66443634033203,23.926666259765625,23.79486846923828,7741.6298828125,6801.50732421875,6940.6015625,7103.4921875,-0.00022728221793932857,-0.0005237694009706528,-7.913364945311141e-05,-6.534462300833432e-05
2,505.78709602355957,1778170371.0073266,237.89060974121097,0.0,0.0,0.0701065063476562,190.9774932861328,190.8968505859375,185.4119873046875,185.4119873046875,79.76087188720703,73.90264892578125,75.545166015625,74.72058868408203,24.60173797607422,23.6644229888916,23.927227020263672,23.7952938079834,7345.982421875,5920.28857421875,7783.50048828125,7270.88720703125,0.00019325567092609575,-0.0001179922990526272,0.00029754669214687723,0.0003113409130581779
2,505.8026087284088,1778170371.0228393,237.74363708496097,0.0,0.0,0.0045094639062881,190.83380126953125,190.71873474121097,185.2994842529297,185.2994842529297,79.76290130615234,73.90138244628906,75.54890441894531,74.72325897216797,24.60206413269043,23.664220809936523,23.927824020385746,23.79572105407715,7317.5341796875,5232.4189453125,7748.3798828125,7078.12255859375,5.855969216628232e-05,-0.0004333814064154673,0.0003085995930376395,0.00032239396636968287
2,505.8181252479553,1778170371.0383558,237.59751892089844,0.0,0.0,-0.0112270563840866,190.65196228027344,190.58050537109375,185.14598083496097,185.14598083496097,79.7646713256836,73.89949798583984,75.5526123046875,74.72622680664062,24.60234832763672,23.66391944885254,23.928417205810547,23.79619598388672,7171.3974609375,5051.8017578125,7478.7919921875,7662.68896484375,-0.000279929993382666,-0.0005435787832958061,9.45988255209862e-05,0.0001083902477572174
2,505.8333206176758,1778170371.0535512,237.245361328125,1.0,0.0,-0.0346068143844604,182.3348846435547,180.1967315673828,182.10690307617188,182.10690307617188,79.7658920288086,73.89705657958984,75.55510711669922,74.72892761230469,24.602542877197266,23.663528442382812,23.92881774902344,23.796628952026367,6911.08349609375,4341.01708984375,6455.22119140625,7118.0810546875,-0.042472910555700794,-0.053596213455197717,-0.01486131549269265,-0.01484773031427522
2,505.84904766082764,1778170371.0692782,236.0518035888672,1.0,0.0,-0.0538423061370849,182.0723876953125,177.3037109375,181.207763671875,181.207763671875,79.76753234863281,73.89424896240234,75.55721282958984,74.73125457763672,24.602806091308594,23.6630802154541,23.929153442382812,23.79700088500977,7033.3818359375,5404.92626953125,5889.712890625,6481.50732421875,-0.03901679611174247,-0.0640820172386719,-0.014768765066062395,-0.014755178611363995
2,505.865070104599,1778170371.0853007,235.0272979736328,1.0,0.0,-0.0604298114776611,181.5638427734375,177.5821533203125,180.2083740234375,180.2083740234375,79.7690200805664,73.89286804199219,75.55828094482422,74.73281860351562,24.603042602539062,23.662858963012695,23.92932510375977,23.797250747680664,7545.90625,6014.25390625,5360.5732421875,6218.56884765625,-0.037523596672621506,-0.058526067626490486,-0.01593144451676709,-0.015917874095555007
2,505.8808422088623,1778170371.1010728,233.9820098876953,1.0,0.0,-0.0474686026573181,181.30453491210935,178.71743774414062,179.09361267089844,179.09361267089844,79.77132415771484,73.89234161376953,75.55860900878906,74.73336791992188,24.603412628173828,23.66277503967285,23.92937660217285,23.797338485717773,7910.78857421875,6773.1103515625,4883.6005859375,5346.333984375,-0.034604583613190854,-0.04827439914135501,-0.01764983099055728,-0.01763628426609709
2,505.8962233066559,1778170371.116454,232.94134521484375,1.0,0.0,-0.0801618695259094,180.47789001464844,179.4008331298828,178.01919555664062,178.25619506835938,79.77364349365234,73.89277648925781,75.55829620361328,74.73367309570312,24.603782653808594,23.662843704223633,23.9293270111084,23.797388076782227,7851.15087890625,7209.58447265625,4233.22509765625,5320.34375,-0.03471299770066061,-0.04036701803199405,-0.01918082133813126,-0.0178614990604955
2,505.9117031097412,1778170371.1319337,231.70668029785156,1.0,0.0,-0.0515161156654357,179.51625061035156,179.010498046875,177.11129760742188,177.11129760742188,79.77633666992188,73.89374542236328,75.55744934082031,74.7337417602539,24.60421371459961,23.66299819946289,23.92919158935547,23.79739761352539,7723.64453125,7512.005859375,4316.07958984375,5011.138671875,-0.034740140118901475,-0.03735261505584053,-0.018983291707887706,-0.01896976337200773
2,505.92778992652893,1778170371.1480205,230.6942596435547,1.0,0.0,-0.0667430758476257,178.2875518798828,177.98936462402344,176.06808471679688,176.4330596923828,79.77803802490234,73.89440155029297,75.5566177368164,74.73353576660156,24.60448455810547,23.663105010986328,23.929058074951172,23.797365188598633,7063.3125,7210.94189453125,3862.332763671875,4975.49365234375,-0.0371397320753466,-0.038643307080531986,-0.020481718138135485,-0.018437719865769475
2,505.94333052635193,1778170371.163561,229.6986389160156,1.0,0.0,-0.0577737689018249,176.64341735839844,176.53668212890625,175.26004028320312,175.51312255859375,79.77869415283203,73.89452362060547,75.55542755126953,74.73307037353516,24.604591369628903,23.663124084472656,23.92886734008789,23.797290802001953,6365.09228515625,6495.08837890625,3849.582763671875,4632.41259765625,-0.0418840526149179,-0.0423565823693145,-0.020750903117977226,-0.019323306094435333
2,505.95940828323364,1778170371.1796389,228.69924926757812,1.0,0.0,-0.0518867969512939,175.3424835205078,174.95196533203125,174.63668823242188,174.87579345703125,79.77879333496094,73.8938217163086,75.55442810058594,74.73270416259766,24.60460662841797,23.66301155090332,23.928709030151367,23.79723358154297,6166.82373046875,6056.8837890625,4023.689453125,4828.31591796875,-0.04478431053325349,-0.04680583289172102,-0.01996983749548442,-0.018614488090475056
2,505.9746210575104,1778170371.1948516,227.49136352539065,1.0,0.0,-0.0911058783531189,174.74703979492188,173.68463134765625,173.70590209960938,173.87466430664062,79.77909851074219,73.89266204833984,75.55320739746094,74.73206329345703,24.604656219482425,23.662826538085938,23.928512573242188,23.797130584716797,6562.4482421875,6318.92578125,3895.966552734375,4614.4619140625,-0.04297353775292745,-0.048686265262134376,-0.020017420752282744,-0.019051801414233238
2,505.990238904953,1778170371.2104695,226.45846557617188,1.0,0.0,-0.1001214981079101,174.66465759277344,173.6346435546875,172.92584228515625,172.92584228515625,79.77989959716797,73.8922119140625,75.55211639404297,74.7311782836914,24.60478401184082,23.66275405883789,23.9283390045166,23.79698944091797,6961.55517578125,6550.23193359375,3968.797119140625,4384.51171875,-0.039061687233894804,-0.044622279899183326,-0.019968502822182987,-0.019954988072480084
2,506.0053298473358,1778170371.2255604,225.41580200195312,1.0,0.0,-0.1318748593330383,174.6857147216797,173.7429962158203,172.3054656982422,172.3054656982422,79.78142547607422,73.892333984375,75.55136108398438,74.73030090332031,24.60502815246582,23.66277313232422,23.9282169342041,23.79684829711914,7605.7958984375,7126.7822265625,4476.00244140625,4491.318359375,-0.03450047106059839,-0.03960422957271792,-0.01896750989533358,-0.01895398134182036
2,506.0209925174713,1778170371.241223,224.36151123046875,1.0,0.0,-0.1442082524299621,174.53880310058594,173.484130859375,171.89366149902344,171.89366149902344,79.78373718261719,73.89298248291016,75.55127716064453,74.72968292236328,24.605398178100582,23.66287612915039,23.928203582763672,23.79674911499023,8255.2158203125,7432.97314453125,5258.21533203125,5029.3681640625,-0.03077932566298558,-0.036528910228025624,-0.01671322000073827,-0.016699660360302238
2,506.0361623764038,1778170371.256393,223.30963134765625,1.0,0.0,-0.1353136897087097,173.9095458984375,172.98431396484375,171.4457550048828,171.4457550048828,79.78636932373047,73.89395141601562,75.55187225341797,74.7298355102539,24.60581970214844,23.66303253173828,23.928298950195312,23.79677391052246,8455.50390625,7692.15087890625,5706.0908203125,5656.67919921875,-0.029724648006865362,-0.03477945256467352,-0.014655773705078534,-0.01464218569221587
2,506.05179357528687,1778170371.2720242,222.2705993652344,1.0,0.0,-0.1420994400978088,173.3769073486328,171.98269653320312,170.8412628173828,170.8412628173828,79.78939819335938,73.89471435546875,75.55278778076172,74.730712890625,24.606304168701172,23.66315460205078,23.92844581604004,23.796913146972656,8825.779296875,7348.48046875,5962.89892578125,6278.08642578125,-0.02817455950900072,-0.03588237339804634,-0.013540075110497707,-0.01352647171202015
2,506.06762051582336,1778170371.287851,221.2401123046875,1.0,0.0,-0.1626209616661071,172.72714233398438,170.37620544433594,170.18853759765625,170.18853759765625,79.7928466796875,73.89469909667969,75.55408477783203,74.73178100585938,24.606855392456055,23.663150787353516,23.928653717041016,23.79708480834961,8908.5380859375,6536.509765625,6430.86865234375,6405.95361328125,-0.02730709000030751,-0.040439502612559686,-0.012731841041909941,-0.012718226497789309
2,506.0827651023865,1778170371.3029957,220.01889038085935,1.0,0.0,-0.1730509996414184,171.61778259277344,168.555908203125,169.35964965820312,169.35964965820312,79.79685974121094,73.89371490478516,75.55593872070312,74.73342895507812,24.607498168945312,23.662994384765625,23.9289493560791,23.797348022460938,8669.3818359375,6031.22705078125,6724.37158203125,6876.0087890625,-0.02819003317275448,-0.045422267219688894,-0.012087067192481427,-0.012073443756853486
2,506.0979061126709,1778170371.3181367,219.0098419189453,1.0,0.0,-0.1991504430770874,170.1295623779297,167.1044464111328,168.60946655273438,168.60946655273438,79.7992935180664,73.89247131347656,75.55767822265625,74.73495483398438,24.607887268066406,23.662796020507812,23.929227828979492,23.797592163085938,7746.37890625,5705.1923828125,6905.92431640625,6964.080078125,-0.032178678039401776,-0.04928211525599924,-0.011931584387064875,-0.011917958807310725
2,506.11342573165894,1778170371.3336563,218.02259826660156,1.0,0.0,-0.17841237783432,167.97454833984375,165.46388244628906,167.80429077148438,167.80429077148438,79.80010986328125,73.89085388183594,75.5595703125,74.73641967773438,24.60801696777344,23.66253662109375,23.92953109741211,23.797826766967773,6516.52587890625,5187.9375,6881.05029296875,6941.47998046875,-0.0401110248273161,-0.05435313100216321,-0.012197218188814252,-0.012183596272181463
2,506.1288073062897,1778170371.349038,217.01791381835935,1.0,0.0,-0.2009258866310119,167.384033203125,164.3919219970703,166.8973846435547,166.8973846435547,79.80078887939453,73.88909912109375,75.56120300292969,74.73802947998047,24.608125686645508,23.662256240844727,23.929792404174805,23.798084259033203,6921.07470703125,5628.98486328125,6305.2021484375,6973.8916015625,-0.03905733415114443,-0.05613000946407054,-0.012987526583767117,-0.012973915565580252
2,506.14426016807556,1778170371.3644907,215.9922637939453,1.0,0.0,-0.1814875602722168,167.19920349121094,164.9392547607422,165.73345947265625,165.96018981933594,79.80194091796875,73.88817596435547,75.56197357177734,74.7394027709961,24.60831069946289,23.662107467651367,23.929916381835938,23.798303604125977,7559.1474609375,6501.63134765625,5455.294921875,6519.9794921875,-0.03556038606822154,-0.04849051629621981,-0.015216657821050417,-0.013855833912330251
2,506.15983629226685,1778170371.3800669,214.96002197265625,1.0,0.0,-0.1619538068771362,166.56346130371094,166.22779846191406,164.52862548828125,164.79592895507812,79.80339813232422,73.88865661621094,75.56136322021484,74.74005126953125,24.608543395996097,23.662185668945312,23.92981719970703,23.79840850830078,7876.39599609375,7785.482421875,4310.84423828125,5539.77294921875,-0.034613831983439924,-0.03645224286996129,-0.01768117699257099,-0.016071672264077463
2,506.174763917923,1778170371.3949945,213.91891479492188,1.0,0.0,-0.1818528175354004,166.12301635742188,166.05606079101562,163.9443817138672,163.9443817138672,79.80538177490234,73.89012908935547,75.5607681274414,74.73991394042969,24.60886001586914,23.66242027282715,23.92972183227539,23.798385620117188,8130.93408203125,8135.87158203125,4872.63623046875,5345.5390625,-0.03248066223348378,-0.032763149773576083,-0.016405603862150175,-0.01639203997965133
2,506.19033551216125,1778170371.410566,212.8775634765625,1.0,0.0,-0.238517165184021,165.99964904785156,165.63137817382812,163.29043579101562,163.29043579101562,79.80812072753906,73.89198303222656,75.56057739257812,74.73970794677734,24.609298706054688,23.662717819213867,23.929691314697266,23.79835319519043,8990.11328125,8708.6123046875,5421.02490234375,5376.28759765625,-0.028469785451238905,-0.030517410236044373,-0.01553665247304703,-0.015523076607606101
2,506.2055678367615,1778170371.4257984,211.62332153320312,1.0,0.0,-0.2614575624465942,165.3792266845703,164.90908813476562,162.52532958984375,162.52532958984375,79.81210327148438,73.89482879638672,75.56048583984375,74.73977661132812,24.609935760498047,23.663171768188477,23.929677963256836,23.798364639282227,9432.205078125,9128.6708984375,5570.0244140625,5777.71044921875,-0.026364360062306913,-0.02902431782294923,-0.01434206359260315,-0.014328471253641006
2,506.22123193740845,1778170371.4414625,210.5726318359375,1.0,0.0,-0.281160831451416,164.67291259765625,164.32054138183594,161.89791870117188,161.89791870117188,79.81572723388672,73.89753723144531,75.56073760986328,74.74008178710938,24.610515594482425,23.663604736328125,23.929718017578125,23.798412322998047,9477.8642578125,9289.578125,5788.1923828125,5861.8828125,-0.025685256471577822,-0.027662083451483577,-0.013247955800885558,-0.013234348374048355
2,506.2364332675934,1778170371.4566638,209.5202484130859,1.0,0.0,-0.3237429857254028,164.10153198242188,163.43931579589844,161.4460906982422,161.4460906982422,79.81954193115234,73.90033721923828,75.56180572509766,74.74080657958984,24.61112594604492,23.66405487060547,23.92988967895508,23.79852867126465,9878.8994140625,9142.8134765625,6795.34912109375,6599.82763671875,-0.024189093755101476,-0.028018889800757618,-0.011059353283539353,-0.011045715675615853
2,506.25227069854736,1778170371.4725013,208.4670257568359,1.0,0.0,-0.4087948203086853,163.70919799804688,162.60435485839844,160.84646606445312,160.66796875,79.82400512695312,73.9027099609375,75.56352996826172,74.741943359375,24.611839294433594,23.66443252563477,23.930164337158203,23.79870986938477,10577.666015625,8977.5419921875,7320.85986328125,6868.95556640625,-0.02160383157219703,-0.02809885905996845,-0.009754568325067936,-0.010839840117417121
2,506.26797890663147,1778170371.4882095,207.4263153076172,1.0,0.0,-0.4476749897003174,162.70167541503906,161.40476989746094,160.1395721435547,159.9374237060547,79.82848358154297,73.9045639038086,75.56558990478516,74.74333953857422,24.61255645751953,23.664730072021484,23.93049430847168,23.79893493652344,10280.5712890625,8331.3056640625,7407.64404296875,7096.07177734375,-0.02274656635758976,-0.03042858763663292,-0.009160057457358484,-0.010397174496362793
2,506.2829124927521,1778170371.503143,206.383544921875,1.0,0.0,-0.4778646826744079,161.68826293945312,160.4190216064453,159.51016235351562,159.163330078125,79.8325424194336,73.90599822998047,75.56774139404297,74.74493408203125,24.61320686340332,23.664958953857425,23.93083953857422,23.7991886138916,9585.1455078125,7996.1162109375,7698.76171875,7299.99560546875,-0.02392663906628456,-0.031481133602589306,-0.00806781127934919,-0.010210978334243337
2,506.29840993881226,1778170371.5186405,205.3561553955078,1.0,0.0,-0.5047810077667236,160.55589294433594,158.74871826171875,158.93687438964844,158.47625732421875,79.83597564697266,73.90641784667969,75.57073211669922,74.74663543701172,24.61375617980957,23.665027618408203,23.931316375732425,23.799461364746097,9210.384765625,7059.45849609375,8833.884765625,7654.62158203125,-0.025913425078722185,-0.03677046199179379,-0.006688102518164318,-0.009553174723729518
2,506.3130714893341,1778170371.533302,204.32794189453125,1.0,0.0,-0.598720133304596,159.57424926757812,157.61740112304688,157.98202514648438,157.6133575439453,79.83902740478516,73.90634155273438,75.57402038574219,74.74850463867188,24.61424446105957,23.665014266967773,23.93184280395508,23.799760818481445,8821.8779296875,6779.46484375,8595.6669921875,7634.572265625,-0.026997218080309415,-0.038822288825445805,-0.007687161207747817,-0.009989174973257464
2,506.32908630371094,1778170371.549317,203.1003265380859,1.0,0.0,-0.6257490515708923,158.36148071289062,155.79893493652344,157.06448364257812,156.6464385986328,79.84222412109375,73.905517578125,75.57766723632812,74.75099182128906,24.614755630493164,23.66488265991211,23.93242645263672,23.800159454345703,8566.5078125,6228.40380859375,8602.6318359375,7925.00537109375,-0.028555564839220726,-0.044168910437617726,-0.007487320778128859,-0.010115356079993143
2,506.3442189693451,1778170371.5644495,202.08457946777344,1.0,0.0,-0.6452342867851257,157.34091186523438,154.3175811767578,156.1849365234375,155.65345764160156,79.84442138671875,73.90435791015625,75.58061981201172,74.75261688232422,24.61510848999023,23.664697647094727,23.932899475097656,23.80041885375977,8399.91796875,5829.5185546875,8496.7109375,7352.4404296875,-0.029964740785815902,-0.04849840187914589,-0.008084527333043323,-0.011446266382569514
2,506.35951495170593,1778170371.5797455,201.06190490722656,1.0,0.0,-0.7038917541503906,156.50204467773438,153.09591674804688,155.26449584960938,154.82029724121094,79.8467788696289,73.90293884277344,75.58338928222656,74.75403594970703,24.6154842376709,23.664470672607425,23.93334197998047,23.80064582824707,8504.4833984375,5843.1875,8097.32373046875,7213.7021484375,-0.030228859698196442,-0.05122964931001028,-0.00891464457721991,-0.01173642798521124
2,506.37475085258484,1778170371.5949814,200.05294799804688,1.0,0.0,-0.7378942966461182,155.6390380859375,151.465576171875,154.3760528564453,153.77053833007812,79.84899139404297,73.90117645263672,75.58572387695312,74.75494384765625,24.61583709716797,23.66418838500977,23.9337158203125,23.800790786743164,8640.802734375,5524.67724609375,7714.17578125,6602.9306640625,-0.030712493350762426,-0.05659912385356769,-0.009615872956623028,-0.013486886895112682
2,506.38999032974243,1778170371.610221,199.0340881347656,1.0,0.0,-0.7791261672973633,154.64230346679688,150.7845458984375,153.4407958984375,152.77471923828125,79.85124969482422,73.89957427978516,75.58734130859375,74.75532531738281,24.616199493408203,23.66393280029297,23.93397521972656,23.800851821899418,8519.1572265625,5655.15869140625,7275.962890625,6098.42626953125,-0.031989921012008815,-0.0560333338436938,-0.010576836732872685,-0.01485827423419106
2,506.4056248664856,1778170371.6258554,198.0056610107422,1.0,0.0,-0.8099168539047241,153.9612579345703,149.88619995117188,152.55828857421875,151.82469177246094,79.85357666015625,73.8979263305664,75.58863830566406,74.75520324707031,24.61657333374023,23.663667678833008,23.934181213378903,23.80083274841309,8851.548828125,5615.2265625,6891.78369140625,5770.6181640625,-0.031247410385578878,-0.056783625323976294,-0.011158020363163157,-0.015899427738819027
2,506.42159366607666,1778170371.6418242,196.76910400390625,1.0,0.0,-0.8936727643013,153.25094604492188,149.01315307617188,151.52655029296875,150.52792358398438,79.85697937011719,73.89602661132812,75.58964538574219,74.75444030761719,24.617116928100582,23.66336441040039,23.934343338012695,23.800710678100582,9209.712890625,5842.3369140625,6503.6748046875,5068.33740234375,-0.02965697430576808,-0.05638467423579352,-0.011673313331010182,-0.01817328220286063
2,506.43691849708557,1778170371.657149,195.7311248779297,1.0,0.0,-0.9221105575561525,152.4361572265625,148.58560180664062,150.58636474609375,149.76614379882812,79.85981750488281,73.8946533203125,75.59013366699219,74.75353240966797,24.617570877075195,23.663145065307617,23.93442153930664,23.800565719604492,9224.2646484375,5911.1259765625,6002.43701171875,5011.31982421875,-0.02969753952066745,-0.054102396512978324,-0.012596979216343396,-0.01796167054215214
2,506.4524555206299,1778170371.672686,194.70608520507812,1.0,0.0,-0.9729481339454652,151.66053771972656,147.41641235351562,149.78643798828125,148.68267822265625,79.8628158569336,73.89311218261719,75.59027099609375,74.75223541259766,24.61804962158203,23.66289710998535,23.9344425201416,23.800357818603516,9541.8388671875,5625.6416015625,5925.44482421875,4559.53515625,-0.029552380142039092,-0.05660493005019829,-0.012671524773821163,-0.01993352452805419
2,506.46802711486816,1778170371.6882577,193.68389892578125,1.0,0.0,-1.0083348751068115,150.55221557617188,145.99864196777344,149.04116821289062,147.7270965576172,79.86540222167969,73.89122772216797,75.59050750732422,74.75057220458984,24.618465423583984,23.662595748901367,23.934480667114254,23.80009078979492,8767.7333984375,5727.07177734375,5981.52880859375,4392.078125,-0.031560121176370304,-0.06074700909365505,-0.012399226845999145,-0.021093242624311004
2,506.4834156036377,1778170371.7036462,192.65798950195312,1.0,0.0,-1.023029327392578,149.55902099609375,145.03338623046875,148.1788787841797,146.9166259765625,79.86754608154297,73.88931274414062,75.59044647216797,74.7489013671875,24.618806838989254,23.662290573120117,23.934471130371097,23.799823760986328,8771.65625,5815.59765625,5862.4931640625,4372.42138671875,-0.032825979375471825,-0.061988305982522696,-0.012884492379171775,-0.02127967958485666
2,506.49922370910645,1778170371.7194543,191.6060333251953,1.0,0.0,-1.1173535585403442,149.13827514648438,145.0318603515625,147.34730529785156,145.86868286132812,79.8702163696289,73.88787078857422,75.59027862548828,74.74698638916016,24.619234085083008,23.662059783935547,23.93444442749023,23.79951858520508,9306.130859375,6064.162109375,5662.3271484375,4048.550537109375,-0.030251830558456927,-0.056848353483630265,-0.013035090569179841,-0.022925757592791918
2,506.51510095596313,1778170371.7353315,190.34381103515625,1.0,0.0,-1.1755551099777222,147.79635620117188,145.76852416992188,146.42132568359375,144.5997314453125,79.8729476928711,73.88720703125,75.59015655517578,74.74420928955078,24.61967086791992,23.66195297241211,23.934425354003903,23.799072265625,8837.8837890625,7181.55810546875,5676.59814453125,3906.458251953125,-0.03260464186242684,-0.04577171441861683,-0.012733800770537429,-0.02500270870634158
2,506.5305542945862,1778170371.7507849,189.28453063964844,1.0,0.0,-1.2836912870407104,147.1527099609375,145.17674255371094,145.7692108154297,143.7194366455078,79.87540435791016,73.8869857788086,75.58997344970703,74.74187469482422,24.62006378173828,23.66191864013672,23.93439483642578,23.7987003326416,8947.7900390625,7321.42724609375,5943.6728515625,3885.259765625,-0.03142741013115691,-0.04432722383833865,-0.011630410682354708,-0.025515205596539636
2,506.5466375350952,1778170371.766868,188.21788024902344,1.0,0.0,-1.3895387649536133,146.34165954589844,144.22265625,145.41941833496094,143.01608276367188,79.87781524658203,73.8868637084961,75.59075164794922,74.73973083496094,24.62044906616211,23.66189765930176,23.934520721435547,23.798357009887695,9068.4150390625,7168.556640625,7227.46826171875,3960.509033203125,-0.03130706937178551,-0.045227500193034786,-0.008414381181949926,-0.02478879254494304
2,506.56209206581116,1778170371.7823226,187.1656494140625,1.0,0.0,-1.467764377593994,145.54379272460938,142.42984008789062,144.53501892089844,142.34950256347656,79.88037109375,73.88617706298828,75.59190368652344,74.7376937866211,24.620859146118164,23.661788940429688,23.934703826904297,23.798030853271484,8945.265625,6259.1025390625,7166.7021484375,4388.38330078125,-0.031172237980588435,-0.051795240812432475,-0.008904207435478484,-0.023877122271539153
2,506.5771517753601,1778170371.7973824,186.13478088378903,1.0,0.0,-1.463257074356079,144.23953247070312,139.36752319335938,144.02810668945312,141.5006866455078,79.88238525390625,73.88421630859375,75.5936279296875,74.73579406738281,24.62118148803711,23.661474227905273,23.934980392456055,23.797727584838867,8666.9921875,4885.9765625,8081.03369140625,4295.6064453125,-0.034536618653622564,-0.06704361962914207,-0.006910446099155698,-0.024323829326328483
2,506.59329891204834,1778170371.8135295,184.9188690185547,1.0,0.0,-1.509629726409912,143.2132568359375,134.46302795410156,142.91671752929688,140.68374633789062,79.88492584228516,73.88056182861328,75.59608459472656,74.73365020751953,24.6215877532959,23.660888671875,23.935373306274418,23.79738426208496,8856.5068359375,4491.0859375,8190.18017578125,4418.58984375,-0.03510284645580508,-0.09395671120384597,-0.008094042716202399,-0.02357839698101638
2,506.6088168621063,1778170371.8290474,183.90931701660156,1.0,0.0,-1.568641185760498,142.60870361328125,129.28114318847656,142.1519775390625,139.71104431152344,79.88746643066406,73.87708282470703,75.59838104248047,74.73174285888672,24.621994018554688,23.66033363342285,23.935741424560547,23.79707908630371,9664.7763671875,3788.93798828125,8459.3974609375,4128.79638671875,-0.03390166644181669,-0.12409149812762255,-0.007985846502167382,-0.02500656689866243
2,506.62486362457275,1778170371.8450942,182.94692993164065,1.0,0.0,-1.4873270988464355,141.41519165039062,131.4452362060547,141.18019104003906,138.5158233642578,79.89022064208984,73.87301635742188,75.60028839111328,74.72932434082031,24.6224365234375,23.659683227539062,23.936046600341797,23.79669189453125,9374.193359375,3634.10546875,7823.60400390625,3471.26171875,-0.03694747746170601,-0.1047444648310808,-0.009584716227477919,-0.0282625392775111
2,506.6406605243683,1778170371.860891,181.77249145507812,1.0,0.0,-1.5741674900054932,140.3388214111328,133.30026245117188,140.14453125,137.2082061767578,79.8935546875,73.86918640136719,75.60224914550781,74.72582244873047,24.622968673706055,23.659069061279297,23.936359405517575,23.796131134033203,9674.4296875,3438.03662109375,7656.181640625,3437.235595703125,-0.03810271782503161,-0.08624422622658356,-0.01049796958799587,-0.031216775681253695
2,506.6555700302124,1778170371.8758006,181.0104217529297,1.0,0.0,-1.5310590267181396,139.34649658203125,125.9574737548828,139.46664428710938,136.7376708984375,79.89555358886719,73.86571502685547,75.60334014892578,74.72364807128906,24.623287200927734,23.65851402282715,23.936534881591797,23.79578399658203,9237.4970703125,3449.26025390625,7338.69482421875,3413.97607421875,-0.04088318151962056,-0.1329429955770518,-0.011138507021557387,-0.03047439975573285
2,506.67050766944885,1778170371.8907382,179.93914794921875,1.0,0.0,-1.7081232070922852,138.15098571777344,135.509521484375,138.70523071289062,135.5191650390625,79.89773559570312,73.86516571044922,75.604736328125,74.72064208984375,24.623638153076172,23.65842628479004,23.936758041381836,23.79530334472656,8835.0869140625,7723.7763671875,7150.63525390625,2886.710205078125,-0.043450694062528994,-0.061635775908272517,-0.010682084678000914,-0.03339343429352637
2,506.6857841014862,1778170371.9060147,178.69871520996094,1.0,0.0,-1.809644341468811,136.77101135253906,134.70083618164062,137.66241455078125,135.33026123046875,79.89974975585938,73.86549377441406,75.60591125488281,74.71719360351562,24.623958587646484,23.658477783203125,23.93694496154785,23.794750213623047,7745.45263671875,9864.5986328125,7087.140625,5062.876953125,-0.04643201680609532,-0.06076092707440317,-0.011304296497637978,-0.028040490260438533
2,506.7013132572174,1778170371.9215438,177.78512573242188,1.0,0.0,-1.7874104976654053,135.3658905029297,135.40696716308594,137.36325073242188,134.35922241210938,79.90033721923828,73.86680603027344,75.60681915283203,74.71515655517578,24.624053955078125,23.658689498901367,23.937091827392575,23.79442596435547,7484.4130859375,9455.4736328125,7254.5234375,2830.1025390625,-0.05137873912487301,-0.05098543621779883,-0.00838330264498155,-0.030055819342235557
2,506.7173755168915,1778170371.937606,176.60011291503906,1.0,0.0,-1.6908280849456787,134.843017578125,134.18594360351562,137.06846618652344,129.3251495361328,79.9010238647461,73.86823272705078,75.60911560058594,74.70974731445312,24.624164581298828,23.658916473388672,23.93745803833008,23.793560028076172,7173.90380859375,11170.609375,8486.3466796875,950.9456787109376,-0.048702142841762996,-0.05323250911867805,-0.0038717188427219718,-0.06013236299948943
2,506.7336711883545,1778170371.9539018,175.5346221923828,1.0,0.0,-1.7657428979873655,132.89639282226562,132.68409729003906,135.77670288085938,130.3208770751953,79.9013671875,73.86872863769531,75.6116943359375,74.70675659179688,24.624217987060547,23.65899658203125,23.93787002563477,23.793081283569336,6654.24169921875,9592.1494140625,9110.8505859375,4084.2978515625,-0.05674430302081657,-0.05814645921578976,-0.007269960158476474,-0.047147037591116825
2,506.74921345710754,1778170371.969444,174.33245849609375,1.0,0.0,-1.5184955596923828,132.25816345214844,127.80883026123048,135.15426635742188,131.3783721923828,79.90101623535156,73.86629486083984,75.6147232055664,74.7035140991211,24.624162673950195,23.658607482910156,23.9383544921875,23.79256248474121,6355.53466796875,8637.6201171875,9068.3115234375,5219.1015625,-0.05480097364764802,-0.08649717469036344,-0.005006602352625955,-0.03279105350609046
2,506.7647294998169,1778170371.98496,173.40756225585938,0.5839652419090271,0.0,-1.2669912576675415,132.97488403320312,121.56241607666016,135.3770294189453,128.57736206054688,79.9007339477539,73.86343383789062,75.61773681640625,74.69960021972656,24.624116897583008,23.65814971923828,23.9388370513916,23.791934967041016,6421.9541015625,3526.392333984375,9490.6513671875,0.0,-0.044610157081165336,-0.12650870808412673,0.0019490582532655232,-0.04836334542844101
2,506.78025126457214,1778170372.0004818,172.50009155273438,0.6043399572372437,0.0,-1.2167071104049685,131.04507446289062,116.04974365234376,133.7545928955078,127.22189331054688,79.90059661865234,73.86103820800781,75.62083435058594,74.69572448730469,24.624095916748047,23.65776634216309,23.939332962036133,23.79131507873535,6463.54052734375,0.0,9387.240234375,1625.645751953125,-0.053522259354561896,-0.16173343338664192,-0.004851097826797157,-0.05344204925068308
2,506.7962875366211,1778170372.016518,171.7848663330078,0.6248963475227356,0.0,-1.2294319868087769,131.20693969726562,108.00777435302734,132.92312622070312,124.02474975585938,79.90071868896484,73.85701751708984,75.62348175048828,74.69107055664062,24.624114990234375,23.657123565673828,23.939756393432617,23.790571212768555,7135.51806640625,0.0,8606.67578125,692.1299438476562,-0.048407660288235954,-0.21657503799854028,-0.006919761432536586,-0.07338752812484817
2,506.8124179840088,1778170372.0326486,171.1339874267578,0.6100965142250061,0.0,-1.199538230895996,132.9455108642578,90.06175231933594,132.55210876464844,120.9872589111328,79.90116882324219,73.85029602050781,75.62572479248047,74.68573760986328,24.624187469482425,23.65604782104492,23.94011688232422,23.789718627929688,6652.62255859375,0.0,7457.05712890625,518.0477294921875,-0.032131311413315045,-0.3442603980076191,-0.005925196427936541,-0.09264329854510911
2,506.82829451560974,1778170372.048525,170.65963745117188,0.5665923953056335,0.0,-1.0815500020980835,133.0168914794922,76.06671905517578,131.94464111328125,119.2677993774414,79.9010009765625,73.84466552734375,75.62654876708984,74.6812973022461,24.62416076660156,23.6551456451416,23.94024658203125,23.78900718688965,5923.70361328125,0.0,6505.62451171875,1262.24658203125,-0.028920002898716768,-0.44461882451396484,-0.0077305241795110335,-0.10305240308033958
2,506.84358739852905,1778170372.063818,170.2171630859375,0.5501964688301086,0.0,-0.8334824442863464,133.2398681640625,63.00941848754883,131.38316345214844,118.19681549072266,79.90044403076172,73.83901977539062,75.62659454345703,74.67692565917969,24.62407112121582,23.65424346923828,23.94025421142578,23.788307189941406,5893.13427734375,0.0,5512.369140625,3097.4619140625,-0.024763653520695317,-0.5387573984664571,-0.009384632779883662,-0.10879603324690157
2,506.8594059944153,1778170372.0796366,169.74696350097656,0.5333658456802368,0.0,-0.7872229218482971,132.8291015625,50.01853561401367,131.26309204101562,115.74820709228516,79.89981842041016,73.8333740234375,75.6260986328125,74.67254638671875,24.62397003173828,23.653339385986328,23.940176010131836,23.787607192993164,5578.8603515625,0.0,4868.814453125,0.0,-0.025077140656403762,-0.63283925012433,-0.007548459006214037,-0.12484104372003202
2,506.87475752830505,1778170372.094988,169.190185546875,0.4695279002189636,0.0,-0.6271017789840698,132.37867736816406,36.099178314208984,129.93881225585938,119.5262451171875,79.89812469482422,73.82655334472656,75.62416076660156,74.66828155517578,24.623699188232425,23.65224838256836,23.939865112304688,23.786924362182617,4897.36767578125,0.0,3226.47900390625,2415.80859375,-0.02518567285036155,-0.7341421798484382,-0.014327998818564835,-0.09330171765157524
2,506.89081263542175,1778170372.1110432,168.8207550048828,0.4786650240421295,0.0,-0.559790849685669,131.82730102539062,24.566997528076172,129.39198303222656,115.64073944091795,79.8967514038086,73.82086944580078,75.62137603759766,74.66366577148438,24.62347984313965,23.651338577270508,23.93942070007324,23.78618621826172,4741.13232421875,0.0,2097.7900390625,0.0,-0.027121613906672337,-0.8186767337828847,-0.016328191539262904,-0.12085663042891814
2,506.90645241737366,1778170372.126683,168.49427795410156,0.4429315030574798,0.0,-0.5434533953666687,131.70449829101562,13.933056831359863,129.0660400390625,112.02022552490234,79.89494323730469,73.81515502929688,75.61827850341797,74.65901947021484,24.623191833496097,23.65042495727539,23.93892478942871,23.78544235229492,4526.15234375,0.0,2006.431396484375,0.0,-0.026144583679555855,-0.8969641065667945,-0.016904919615784775,-0.14673099723538074
2,506.92213559150696,1778170372.1423662,168.16456604003906,0.4204921424388885,0.0,-0.5437506437301636,131.4813690185547,6.98716926574707,128.245849609375,109.24131774902344,79.89315795898438,73.80939483642578,75.61488342285156,74.65436553955078,24.622905731201172,23.649503707885746,23.93838119506836,23.784698486328125,4542.68505859375,1613.260009765625,1297.245849609375,1352.328125,-0.025888301203981667,-0.9482281048528296,-0.02123704733341447,-0.16626674861629587
2,506.9371898174286,1778170372.1574204,167.62313842773438,0.8816794157028198,0.0,-0.5807223320007324,127.2451171875,15.28139877319336,124.11717987060548,114.56957244873048,79.89149475097656,73.80375671386719,75.6112289428711,74.6505126953125,24.622638702392575,23.648601531982425,23.93779754638672,23.784082412719727,4993.06884765625,4586.7216796875,1519.382568359375,3017.775390625,-0.0542285694754886,-0.8864057284803617,-0.04968709753993805,-0.12277700422513782
2,506.9532120227814,1778170372.1734426,166.64476013183594,1.0,0.0,-0.5319006443023682,123.92705535888672,29.798694610595703,120.3106689453125,116.28367614746094,79.89002227783203,73.79731750488281,75.60694885253906,74.6463394165039,24.62240219116211,23.647571563720703,23.937110900878903,23.78341484069824,5711.47998046875,6379.962890625,1552.0911865234375,2925.75537109375,-0.07348276898106931,-0.7771909297393094,-0.07342373054417528,-0.10442538792536615
2,506.9686291217804,1778170372.1888597,165.58998107910156,1.0,0.0,-0.5502946376800537,122.93146514892578,44.196163177490234,119.86831665039062,114.79222869873048,79.8890609741211,73.79300689697266,75.60384368896484,74.64297485351562,24.622249603271484,23.646881103515625,23.936614990234375,23.782875061035156,5294.068359375,8399.505859375,2731.8935546875,3915.04736328125,-0.07507177220135208,-0.6674340348310648,-0.07095009296913113,-0.11028048891399789
2,506.9847218990326,1778170372.2049525,164.49188232421875,1.0,0.0,-0.6387719511985779,123.0202178955078,60.12885284423828,123.02090454101562,114.04926300048828,79.88819122314453,73.78999328613281,75.60200500488281,74.6402359008789,24.62211036682129,23.646398544311523,23.93632125854492,23.78243827819824,7096.3115234375,7997.2685546875,4614.53955078125,4137.63232421875,-0.0682249995284715,-0.5445237488109486,-0.040150506907829175,-0.11013792905419029
2,507.0002861022949,1778170372.2205167,163.38417053222656,1.0,0.0,-0.8211925029754639,122.7046127319336,75.02462768554688,125.66770935058594,113.61234283447266,79.88729858398438,73.78750610351562,75.6016845703125,74.6375503540039,24.621967315673828,23.645999908447266,23.936269760131836,23.782007217407227,5072.38916015625,6798.33740234375,6437.03662109375,4252.73974609375,-0.0643144037806701,-0.4278351675255413,-0.012851669035931157,-0.10753699754645307
2,507.01560711860657,1778170372.2358377,162.537353515625,0.789685845375061,0.0,-0.7499619722366333,114.12068176269533,88.68779754638672,125.89402770996094,115.39022064208984,79.88334655761719,73.78519439697266,75.60279846191406,74.63506317138672,24.621334075927734,23.6456298828125,23.936447143554688,23.7816104888916,2702.92431640625,7032.185546875,8268.8662109375,4604.5205078125,-0.1252374016059956,-0.32011106177683635,-0.00592159778498369,-0.08884869222382807
2,507.03120017051697,1778170372.2514307,161.36441040039062,1.0,0.0,-1.0087029933929443,122.45724487304688,104.30984497070312,124.408935546875,118.87936401367188,79.88194274902344,73.78266906738281,75.60589599609375,74.63324737548828,24.621110916137695,23.645227432250977,23.93694305419922,23.78131866455078,5942.85009765625,4362.08740234375,10024.5498046875,6606.38525390625,-0.05451256587122755,-0.19453841192512367,-0.01050748564045112,-0.05447416279920403
2,507.04668951034546,1778170372.26692,160.37474060058594,0.8243865966796875,0.0,-0.9896427392959596,123.89366149902344,113.03655242919922,124.14855194091795,123.06298065185548,79.8810806274414,73.7792739868164,75.60960388183594,74.6325454711914,24.6209716796875,23.644683837890625,23.937536239624023,23.78120803833008,5901.7490234375,2236.638916015625,11169.828125,6412.48779296875,-0.037519024935078416,-0.12176604150719228,-0.006485097750077551,-0.015158942018648647
2,507.06265473365784,1778170372.2828853,159.67642211914062,0.5744110941886902,0.0,-0.8282628655433655,124.59303283691406,111.9785385131836,123.8807144165039,124.22118377685548,79.87875366210938,73.77481079101562,75.61398315429688,74.63165283203125,24.620601654052734,23.643970489501953,23.938236236572266,23.781064987182617,5098.3974609375,621.68310546875,11806.7197265625,6047.373046875,-0.02785287228999922,-0.12618138596277095,-0.004292902662852982,-0.0015425679474758702
2,507.07773423194885,1778170372.2979648,159.14862060546875,0.815462052822113,0.0,-0.8319071531295776,125.20716094970705,102.97205352783205,122.47875213623048,123.11041259765624,79.8795166015625,73.77027130126953,75.61849975585938,74.63093566894531,24.62072372436523,23.64324378967285,23.9389591217041,23.780948638916016,10246.15625,0.0,11921.001953125,6960.412109375,-0.019821161934944764,-0.19379816085615398,-0.01229655523802553,-0.007188975075009485
2,507.0934443473816,1778170372.313675,158.56695556640625,0.7236603498458862,0.0,-0.5171235799789429,123.5260238647461,93.7717742919922,122.44064331054688,122.13097381591795,79.88021087646484,73.76573181152344,75.62353515625,74.63005065917969,24.620834350585938,23.64251708984375,23.93976593017578,23.780807495117188,7522.4580078125,707.9347534179688,13522.2001953125,5616.201171875,-0.029434595555940746,-0.26313702503081193,-0.00898184856373374,-0.011474640243033352
2,507.1085479259491,1778170372.3287785,157.95265197753906,0.938356876373291,0.0,-0.4375268518924713,122.04661560058594,98.148681640625,120.51319885253906,120.45328521728516,79.88179779052734,73.76121520996094,75.62605285644531,74.62802124023438,24.62108612060547,23.64179420471191,23.940168380737305,23.78048324584961,9270.7138671875,1894.3155517578125,6927.6962890625,4165.2958984375,-0.03732908357407694,-0.22574353922703128,-0.02078876739648028,-0.021262089585933452
2,507.124582529068,1778170372.344813,156.92816162109375,1.0,0.0,-0.3181854486465454,122.83895111083984,108.9669418334961,119.86522674560548,117.73460388183594,79.8853988647461,73.75714874267578,75.62623596191406,74.62410736083984,24.62166404724121,23.641143798828125,23.940196990966797,23.779857635498047,11285.8583984375,4063.447265625,5359.67431640625,2695.449462890625,-0.02475384900987221,-0.134790727776666,-0.019695449860571146,-0.037107235977568376
2,507.13933062553406,1778170372.3595612,156.03868103027344,1.0,0.0,-0.1342336535453796,118.88150024414062,111.22291564941406,119.91647338867188,115.28248596191406,79.8854751586914,73.75479125976562,75.62610626220703,74.6202392578125,24.621675491333008,23.640766143798828,23.94017791748047,23.779237747192383,6508.86181640625,4066.040283203125,6111.85009765625,3014.06494140625,-0.050792766627466346,-0.11184391703408636,-0.01368583215254271,-0.05178734833000531
2,507.15445947647095,1778170372.37469,155.2108612060547,0.9087404012680054,0.0,-0.037355899810791,117.98704528808594,112.92594146728516,115.73258209228516,116.27901458740234,79.88422393798828,73.75208282470703,75.6231918334961,74.61722564697266,24.62147521972656,23.64033317565918,23.93971061706543,23.77875518798828,5057.091796875,4153.8818359375,1360.085205078125,3783.683349609375,-0.05291000381678501,-0.09343509859169763,-0.04302139520438053,-0.03848975239692087
2,507.1703898906708,1778170372.3906205,154.35162353515625,0.7942802309989929,0.0,0.1097079515457153,114.93096923828124,109.0407943725586,116.11709594726562,116.03678131103516,79.88157653808594,73.74987030029297,75.62007904052734,74.6141128540039,24.62105178833008,23.639978408813477,23.939212799072266,23.778257369995117,2990.35205078125,4479.57275390625,2353.171142578125,3358.006103515625,-0.07230567499460072,-0.11975190400490476,-0.03449693212562299,-0.0351514358128201
2,507.1858515739441,1778170372.4060822,153.544921875,0.6769234538078308,0.0,0.2160019874572754,110.41340637207033,113.61522674560548,118.26677703857422,116.12638092041016,79.87776947021484,73.74755859375,75.61786651611328,74.61080932617188,24.62044334411621,23.639610290527344,23.93885803222656,23.777729034423828,1783.7393798828125,4144.59228515625,4562.27001953125,3243.2861328125,-0.10408793869978772,-0.07800541299497321,-0.011456014187223529,-0.029333331147820885
2,507.20161485671997,1778170372.4218454,152.995361328125,0.4308852255344391,0.0,0.1606764793395996,106.4705581665039,114.93435668945312,116.52853393554688,117.90818786621094,79.87333679199219,73.74488067626953,75.61505126953125,74.60758972167969,24.619733810424805,23.63918113708496,23.93840789794922,23.77721405029297,137.9615478515625,3559.1103515625,869.889892578125,3516.534912109375,-0.13297763601371093,-0.06395032832819114,-0.022486614186593368,-0.01089958442922967
2,507.2175660133362,1778170372.4377966,152.4822998046875,0.4033224284648895,0.0,0.308630496263504,98.70401000976562,116.62781524658205,117.43865966796876,117.73609924316406,79.86798095703125,73.74203491210938,75.61114501953125,74.60383605957031,24.618877410888672,23.63872528076172,23.937782287597656,23.776613235473633,0.0,3843.822021484375,2599.0673828125,3630.370361328125,-0.1935185250840712,-0.046962485379099084,-0.011537161136818908,-0.009019993189592235
2,507.233601808548,1778170372.4538324,152.08872985839844,0.3690351545810699,0.0,0.3172632753849029,89.48052978515625,117.42807006835938,117.65284729003906,117.65284729003906,79.86344909667969,73.73937225341797,75.6084213256836,74.60111999511719,24.618152618408203,23.6382999420166,23.937347412109375,23.77617835998535,0.0,3355.22509765625,2691.15234375,4290.0712890625,-0.26698890817371757,-0.03793995186149668,-0.007171802334301591,-0.0071581111165927025
2,507.24917340278625,1778170372.469404,151.73182678222656,0.2991621196269989,0.0,0.3678679168224334,81.60760498046875,117.50702667236328,117.73942565917967,117.73942565917967,79.85889434814453,73.73611450195312,75.60628509521484,74.5989761352539,24.61742401123047,23.637779235839844,23.9370059967041,23.77583694458008,0.0,2507.209716796875,3738.806640625,5089.90771484375,-0.3299102444533416,-0.03502860344248948,-0.004104154428820506,-0.004090420907886139
2,507.2657413482666,1778170372.485972,151.38714599609375,0.1621980965137481,0.0,0.2926713526248932,74.88015747070312,116.9757080078125,117.77144622802734,117.58716583251952,79.85340118408203,73.73117065429688,75.60407257080078,74.59701538085938,24.61654281616211,23.636987686157227,23.9366512298584,23.775522232055664,0.0,805.9146728515625,4150.859375,6277.37109375,-0.38375021600258696,-0.03720468021984569,-0.0015652203031137901,-0.003113753153336063
2,507.28026390075684,1778170372.5004945,151.1497802734375,0.1844323575496673,0.0,0.2431634664535522,79.88475036621094,114.1038055419922,117.50733184814452,117.15809631347656,79.8488540649414,73.72666931152344,75.60253143310547,74.59542083740234,24.615816116333008,23.636266708374023,23.93640518188477,23.775266647338867,1828.927490234375,0.0,4289.8251953125,5322.39892578125,-0.34153090728648505,-0.05936767677496746,-0.0022398848614362254,-0.005191541381065923
2,507.296302318573,1778170372.516533,150.78311157226562,0.4214934110641479,0.0,0.1618079841136932,96.26776885986328,106.2039794921875,116.48920440673828,116.10287475585938,79.84549713134766,73.72212982177734,75.60112762451172,74.59345245361328,24.615280151367188,23.63554000854492,23.936180114746097,23.774951934814453,4514.119140625,0.0,4386.93505859375,4923.2294921875,-0.20456034516882726,-0.1223620818889587,-0.00847955838414094,-0.011754250249954579
2,507.31201219558716,1778170372.5322428,149.83663940429688,0.9669827818870544,0.0,0.0917189121246337,115.27835083007812,114.41764831542967,114.25715637207033,113.29242706298828,79.8440933227539,73.72415924072266,75.59957122802734,74.5910873413086,24.615055084228516,23.6358642578125,23.935932159423828,23.774574279785156,5659.96826171875,5334.033203125,4377.32177734375,4217.9345703125,-0.04146326048008753,-0.04851426218199417,-0.02133494461528118,-0.02958491257048934
2,507.327073097229,1778170372.5473037,148.82232666015625,1.0,0.3000000119209289,-0.0718785524368286,112.14968872070312,112.43596649169922,113.31375122070312,110.57121276855467,79.84251403808594,73.72415924072266,75.59768676757812,74.58765411376953,24.614803314208984,23.6358642578125,23.935630798339844,23.774024963378903,4395.208984375,0.0,3694.355712890625,2342.1787109375,-0.06112231890308828,-0.0586211060409948,-0.022800533172413928,-0.04643859175158316
2,507.3425886631012,1778170372.5628192,148.0819854736328,0.0,0.5,-0.3356054127216339,120.72467803955078,121.74545288085938,115.99735260009766,109.8747329711914,79.84061431884766,73.72203826904297,75.59537506103516,74.58212280273438,24.614498138427734,23.635526657104492,23.93526077270508,23.77313995361328,5558.373046875,7050.9658203125,3807.723388671875,0.0,0.015717323705559894,0.024419437731092453,0.005343658853484534,-0.047707668607177345
2,507.3586163520813,1778170372.578847,147.9988555908203,0.0,0.5,-0.3705759942531585,118.83019256591795,116.90711975097656,115.60148620605467,109.95040130615234,79.8398666381836,73.7193832397461,75.59380340576172,74.57750701904297,24.6143798828125,23.635101318359375,23.935009002685547,23.77239990234375,6078.8388671875,5589.3642578125,4575.94091796875,0.0,0.0003396344102848392,-0.015739869942423268,0.002475470323983764,-0.046516581563822434
2,507.3743133544922,1778170372.594544,147.70811462402344,0.0,0.4636363685131073,-0.4277656674385071,119.0530242919922,117.54798126220705,115.64888763427734,117.04288482666016,79.83943939208984,73.71612548828125,75.59265899658203,74.5798110961914,24.61431121826172,23.634580612182617,23.934825897216797,23.772769927978516,6259.29052734375,4995.67431640625,4903.03125,1339.264892578125,0.004188191454216783,-0.008396365557900465,0.0048605567096706714,0.01698687027606116
2,507.3898215293884,1778170372.610052,147.61997985839844,0.0,0.3272727131843567,-0.3950913250446319,118.9485321044922,117.92205047607422,115.44332122802734,113.22872161865234,79.8389892578125,73.71288299560547,75.5912094116211,74.57649230957031,24.614238739013672,23.634061813354492,23.934593200683594,23.772239685058594,6254.66015625,0.0,4043.57373046875,4415.40576171875,0.0039058334660999616,-0.0046469075286473815,0.0036732863840454044,-0.015567041002007675
2,507.4049484729767,1778170372.625179,147.48309326171875,0.0,0.1909090876579284,-0.5778598785400391,118.8213119506836,117.53587341308594,115.54914093017578,113.81060791015624,79.83894348144531,73.70968627929688,75.58902740478516,74.57225036621094,24.61423110961914,23.633548736572266,23.93424415588379,23.771560668945312,7050.22021484375,1631.115234375,3412.050048828125,4096.7958984375,0.0037628962626063966,-0.006985727261325514,0.005525705549631832,-0.009589608103538372
2,507.42070412635803,1778170372.6409347,147.2885284423828,0.0,0.0272727310657501,-0.553213357925415,118.79161071777344,117.40071105957033,115.5657730102539,114.6038818359375,79.83905029296875,73.70440673828125,75.58634948730469,74.5679702758789,24.614248275756836,23.63270568847656,23.933815002441406,23.7708740234375,6797.3134765625,0.0,3401.23193359375,4226.52978515625,0.004837606805505823,-0.006817419760489107,0.006998908306250717,-0.001368897101481803
2,507.4359543323517,1778170372.656185,147.1388702392578,0.0,0.0,-0.6306633949279785,118.78202056884766,117.2606201171875,115.5270538330078,114.35956573486328,79.83892822265625,73.699951171875,75.58415222167969,74.56399536132812,24.614227294921875,23.63199234008789,23.93346405029297,23.770238876342773,6527.15478515625,0.0,3561.98583984375,0.0,0.005778445471445792,-0.006993573828830035,0.007685420938524645,-0.002484245339744229
2,507.45138931274414,1778170372.67162,146.9998321533203,0.0,0.0,-0.8632800579071045,118.65962982177734,117.2606201171875,115.48894500732422,114.00704956054688,79.83834075927734,73.69544982910156,75.58192443847656,74.56083679199219,24.6141357421875,23.631271362304688,23.933107376098633,23.76973342895508,5800.33544921875,0.0,3381.938232421875,0.0,0.005692434056274287,-0.006054350220231042,0.008305809642219275,-0.004618531812197735
2,507.4669382572174,1778170372.6871688,146.8573455810547,0.0,0.0,-0.9283519983291626,118.54761505126952,117.2606201171875,115.39556884765624,113.73252868652344,79.83731842041016,73.69092559814453,75.5796127319336,74.5576400756836,24.61397171020508,23.63054847717285,23.932737350463867,23.769222259521484,5442.57373046875,0.0,3324.3583984375,3141.47509765625,0.005717899583457253,-0.005089986414695269,0.008468070764477753,-0.006051908238883685
2,507.48238229751587,1778170372.7026129,146.7138671875,0.0,0.0,-0.8680140972137451,118.39813995361328,117.2606201171875,115.2938003540039,113.67549896240234,79.83613586425781,73.68638610839844,75.57709503173828,74.55376434326172,24.613780975341797,23.62982177734375,23.932334899902344,23.76860237121582,5252.14111328125,0.0,3095.875,2383.085205078125,0.005432102095972224,-0.00411701710226986,0.008564051407052187,-0.005578769624081992
2,507.49783277511597,1778170372.7180634,146.57406616210938,0.0,0.0,-1.1596418619155884,118.2980499267578,116.86407470703124,115.57044219970705,114.49288940429688,79.83487701416016,73.68211364746094,75.5745620727539,74.54999542236328,24.61357879638672,23.629138946533203,23.931930541992188,23.76799964904785,5291.92431640625,2617.687255859375,3398.6708984375,2386.773193359375,0.005540303139510927,-0.006538186473128316,0.011948319105089089,0.0025269654780806228
2,507.5132439136505,1778170372.7334745,146.46170043945312,0.0,0.0,-1.1854737997055054,118.3249969482422,116.70440673828124,114.99159240722656,113.77215576171876,79.83384704589844,73.67818450927734,75.57231140136719,74.54615020751953,24.613414764404297,23.628509521484375,23.931570053100582,23.767383575439453,5528.29443359375,2763.6572265625,3633.051513671875,3494.57958984375,0.006540982739604129,-0.007134379678009228,0.0076523228887639405,-0.003019650647580696
2,507.5283989906311,1778170372.7486296,146.30751037597656,0.0,0.0,-1.3856271505355835,118.34476470947266,116.79124450683594,115.21307373046876,115.21307373046876,79.83306884765625,73.67597198486328,75.57044219970703,74.5418930053711,24.613290786743164,23.628154754638672,23.93127059936523,23.76670265197754,5948.2734375,4798.447265625,4341.458984375,2040.7493896484375,0.007770085987611308,-0.005348468784941662,0.010657113711664445,0.010671050792224301
2,507.54364681243896,1778170372.7638774,146.0838623046875,0.0,0.0,-1.5252954959869385,118.3930206298828,116.61261749267578,115.07391357421876,115.07391357421876,79.83235931396484,73.67379760742188,75.56900024414062,74.53732299804688,24.613178253173828,23.6278076171875,23.931039810180664,23.765972137451172,6159.533203125,4648.365234375,5284.00390625,3594.026611328125,0.00972449291398303,-0.0053493046213094475,0.01098179455147097,0.01099573610941773
2,507.5591993331909,1778170372.77943,145.8969268798828,0.0,0.0,-1.6013081073760986,118.38633728027344,116.33678436279295,112.73824310302734,112.97783660888672,79.83187866210938,73.671875,75.56831359863281,74.53507995605469,24.613100051879883,23.627500534057617,23.930931091308594,23.765613555908203,6131.466796875,4414.3837890625,5918.67626953125,5317.5458984375,0.010961164413710422,-0.00643061559211433,-0.008269173897099913,-0.006147823116840367
2,507.57477712631226,1778170372.7950077,145.7124786376953,0.0,0.0,-1.5922600030899048,118.2114028930664,116.1357192993164,115.0952606201172,113.70295715332033,79.83146667480469,73.6698226928711,75.56845092773438,74.53177642822266,24.613033294677734,23.62717056274414,23.930952072143555,23.76508331298828,6316.9287109375,4417.36669921875,7172.8515625,3511.541748046875,0.010745131721566548,-0.006892280081646107,0.013746549833191679,0.0014971027512613588
2,507.59033966064453,1778170372.8105702,145.5718994140625,0.0,0.0,-1.6758044958114624,118.08880615234376,115.99359130859376,114.34165954589844,112.64905548095705,79.83113861083984,73.66700744628906,75.56935119628906,74.52932739257812,24.61298179626465,23.626720428466797,23.931095123291016,23.764692306518555,6577.11083984375,2933.333740234375,8230.25390625,5007.66650390625,0.010671957896803974,-0.007149781255392118,0.008081481578537053,-0.006827492302203919
2,507.60542821884155,1778170372.8256588,145.38319396972656,0.0,0.0,-1.6192388534545898,117.83698272705078,115.77352905273438,114.30747985839844,112.5135269165039,79.83120727539062,73.6629409790039,75.57070922851562,74.52706909179688,24.612993240356445,23.626070022583008,23.931312561035156,23.764331817626953,6910.91357421875,1527.77587890625,8677.3193359375,4390.85107421875,0.009825749329455347,-0.007747148565709239,0.00908822504274398,-0.006734808728506403
2,507.62097692489624,1778170372.8412075,145.20053100585938,0.0,0.0,-1.6597501039505005,117.54054260253906,115.53640747070312,114.04879760742188,112.4065933227539,79.8314437866211,73.65847778320312,75.57247924804688,74.52430725097656,24.61302947998047,23.625356674194336,23.931596755981445,23.76388931274414,7190.4873046875,1142.71923828125,9174.5791015625,4086.942626953125,0.00855252082609459,-0.008533729266913426,0.00807118437075438,-0.006430469672279893
2,507.63700318336487,1778170372.8572338,144.9801483154297,0.0,0.0,-1.6095918416976929,117.16666412353516,115.33094787597656,113.8542938232422,112.21412658691406,79.83165740966797,73.65312194824219,75.57476806640625,74.5203857421875,24.61306381225586,23.624500274658203,23.931962966918945,23.763261795043945,6814.95947265625,631.6912841796875,9081.9970703125,3503.397705078125,0.0068726823985494345,-0.008792427456034035,0.007881720193081199,-0.006623968415977233
2,507.6525557041168,1778170372.8727863,144.80215454101562,0.0,0.0,-1.4503520727157593,116.83772277832033,115.30740356445312,113.66315460205078,112.0029754638672,79.83155059814453,73.6486587524414,75.5762710571289,74.5169906616211,24.613048553466797,23.6237850189209,23.93220329284668,23.762718200683594,6411.9267578125,0.0,8205.2841796875,2873.07666015625,0.005280116083423492,-0.007776614254062508,0.0074265117284497695,-0.0072744041414130045
2,507.6680791378021,1778170372.8883097,144.62619018554688,0.0,0.0,-1.3647801876068115,116.49766540527344,115.2535400390625,113.43338012695312,111.86486053466795,79.83097839355469,73.64419555664062,75.57722473144531,74.51300048828125,24.612957000732425,23.623071670532227,23.932355880737305,23.7620792388916,5697.93994140625,139.5626220703125,7467.40673828125,1986.419677734375,0.0035737863972331585,-0.00703345309676906,0.006613201731159757,-0.00729222624505077
2,507.68361139297485,1778170372.903842,144.45118713378906,0.0,0.0,-1.3541470766067505,116.2055435180664,115.04287719726562,113.2878189086914,111.69828033447266,79.8300552368164,73.63970184326172,75.57743835449219,74.50888061523438,24.612808227539062,23.622352600097656,23.932390213012695,23.76142120361328,5501.31005859375,625.87744140625,6459.56982421875,2380.535888671875,0.002270074692350743,-0.007647635061604596,0.006539434598852756,-0.007569609672877564
2,507.6996822357178,1778170372.9199128,144.24221801757812,0.0,0.0,-1.281749963760376,115.95372009277344,114.58993530273438,113.12467956542967,111.4183120727539,79.82845306396484,73.63430786132812,75.57670593261719,74.50422668457031,24.612552642822266,23.621488571166992,23.932273864746097,23.76067543029785,4585.2177734375,949.8251953125,5268.86376953125,2724.262939453125,0.0015469832500611957,-0.010122684500972867,0.006546085997207074,-0.008622938110564804
2,507.71571040153503,1778170372.935941,144.06759643554688,0.0,0.0,-1.2739484310150146,115.7725830078125,114.2415542602539,112.96820831298828,111.2535400390625,79.82676696777344,73.6299057006836,75.5755386352539,74.50011444091797,24.612281799316406,23.620784759521484,23.93208694458008,23.76001739501953,4605.3916015625,1715.90966796875,4732.474609375,1822.7640380859375,0.0011944763815756598,-0.01193598662706985,0.006372184194575636,-0.008889193374673643
2,507.7312250137329,1778170372.9514556,143.88633728027344,0.0,0.0120000001043081,-1.244276762008667,115.71407318115234,113.9978485107422,112.836181640625,111.12608337402344,79.8250503540039,73.6257095336914,75.57402801513672,74.49564361572266,24.61200714111328,23.620113372802734,23.93184471130371,23.759302139282227,4422.17578125,1788.21533203125,4020.196044921875,1726.5491943359375,0.001949092637679728,-0.012801726790736434,0.006462314659531065,-0.008777540941794504
2,507.747261762619,1778170372.9674923,143.70703125,0.0,0.072000004351139,-1.233278751373291,115.64671325683594,113.77023315429688,113.00231170654295,111.05370330810548,79.82344055175781,73.62165069580078,75.57210540771484,74.49103546142578,24.611751556396484,23.619464874267575,23.931537628173828,23.75856590270996,4563.16259765625,2248.127685546875,3841.399658203125,1271.8505859375,0.0026152575870910244,-0.013543542751758841,0.0092017725328013,-0.008187194864094471
2,507.7635757923126,1778170372.9838064,143.49732971191406,0.0,0.1440000087022781,-1.2704219818115234,115.65003967285156,113.51311492919922,113.01675415039062,111.39256286621094,79.82167053222656,73.61705017089844,75.5697021484375,74.4854965209961,24.611467361450195,23.618728637695312,23.93115234375,23.757678985595703,4893.46923828125,2258.48779296875,3340.6328125,1381.059326171875,0.00410932234868322,-0.014334600633593597,0.01080575276751472,-0.0037070439458979365
2,507.77909684181213,1778170372.9993274,143.32858276367188,0.0,0.2039999812841415,-1.3333001136779783,115.6450424194336,113.32160186767578,113.10554504394533,111.99506378173828,79.82061767578125,73.61322021484375,75.5676040649414,74.48088073730469,24.611297607421875,23.618114471435547,23.930816650390625,23.756940841674805,5364.1884765625,2276.615478515625,3724.843505859375,1000.5631713867188,0.005248064965179822,-0.014839052196099933,0.012790886232866505,0.00286103600685661
2,507.7942054271698,1778170373.014436,143.16648864746094,0.0,0.2639999687671661,-1.3997418880462646,115.64275360107422,113.1388931274414,113.19503784179688,112.63558959960938,79.81990814208984,73.60923767089844,75.56590270996094,74.47626495361328,24.61118507385254,23.617477416992188,23.930543899536133,23.756202697753903,5845.1357421875,1889.434326171875,4248.37109375,990.2322998046876,0.006366295821103707,-0.015313822131636012,0.014739835768295295,0.009738571796084727
2,507.8098304271698,1778170373.030061,143.00672912597656,0.0,0.3239999413490295,-1.4860169887542725,115.62731170654295,112.9719009399414,113.42111206054688,113.42111206054688,79.81958770751953,73.60498809814453,75.56465911865234,74.47164916992188,24.611133575439453,23.616798400878903,23.93034553527832,23.755462646484375,6148.83251953125,1618.04052734375,4986.1396484375,885.8959350585938,0.0073560235514844585,-0.01566879636108265,0.017902361438999703,0.017916398432378244
2,507.8254156112671,1778170373.0456462,142.87124633789062,0.0,0.3839999139308929,-1.5565265417099,115.54669952392578,112.81119537353516,113.61444091796876,113.61444091796876,79.81932830810547,73.60054779052734,75.56392669677734,74.46703338623047,24.61109161376953,23.616086959838867,23.93022918701172,23.754724502563477,6030.49365234375,1337.316650390625,5701.62890625,1307.0712890625,0.007608318157537042,-0.016136934389125446,0.020604306862132882,0.02061838111565706
2,507.8409972190857,1778170373.0612278,142.7318572998047,0.0,0.455999881029129,-1.7059540748596191,115.47200775146484,112.6177978515625,113.69934844970705,113.69934844970705,79.81919860839844,73.5951919555664,75.56378936767578,74.46153259277344,24.611072540283203,23.615230560302734,23.930206298828125,23.75384521484375,6471.12548828125,1393.7989501953125,6440.9248046875,1722.6939697265625,0.007940353105802656,-0.01686444343310911,0.02236448188203144,0.02237858040857632
2,507.85676860809326,1778170373.0769992,142.63058471679688,0.0,0.5159999132156372,-1.77274751663208,115.58932495117188,112.5539321899414,113.6798095703125,113.6798095703125,79.81941223144531,73.59072875976562,75.56382751464844,74.4572982788086,24.611106872558594,23.614517211914062,23.930212020874023,23.7531681060791,6762.0517578125,1343.272705078125,6623.10205078125,2130.161865234375,0.009680799061966505,-0.016724316625725044,0.02291458065420482,0.022928686766676254
2,507.8719308376312,1778170373.0921614,142.54400634765625,0.0,0.5760000348091125,-1.7963132858276367,115.66709899902344,112.55339813232422,113.76962280273438,113.76962280273438,79.81966400146484,73.58626556396484,75.56415557861328,74.45321655273438,24.61114501953125,23.61380195617676,23.930265426635746,23.752513885498047,6531.52734375,1121.741455078125,7020.59130859375,2309.96142578125,0.010973833271006983,-0.01613176308884623,0.024344527456932274,0.0243586532885387
2,507.88736271858215,1778170373.1075933,142.4772491455078,0.0,0.6360001564025879,-1.781987547874451,115.53162384033205,112.60761260986328,113.91619873046876,113.91619873046876,79.81974029541016,73.58180236816406,75.56463623046875,74.44923400878906,24.61115837097168,23.61308860778809,23.930341720581055,23.751876831054688,6484.40576171875,1158.525146484375,7071.02392578125,2402.09375,0.010262862908199555,-0.015196645595025315,0.026144820531155855,0.02615897118901578
2,507.9034185409546,1778170373.1236491,142.42431640625,0.0,0.6960002779960632,-1.7972464561462402,115.37229919433594,112.6108856201172,114.0929183959961,114.0929183959961,79.81975555419922,73.57733917236328,75.56525421142578,74.44532775878906,24.611160278320312,23.61237335205078,23.93044090270996,23.751251220703125,6327.82275390625,1041.22607421875,7463.27978515625,2581.6875,0.009244604923183353,-0.014802003737446112,0.028118655897165112,0.028132833774446864
2,507.91863560676575,1778170373.1388662,142.39260864257812,0.0,0.7560003995895386,-1.864890217781067,115.21824645996094,112.57351684570312,114.11145782470705,114.11145782470705,79.81959533691406,73.57290649414062,75.56629943847656,74.44164276123047,24.61113548278809,23.611663818359375,23.930606842041016,23.75066375732422,6129.83056640625,1262.025390625,7979.27734375,2851.9521484375,0.008121431618232311,-0.014909622098082886,0.02851469619418645,0.02852887953291061
2,507.9338915348053,1778170373.154122,142.36448669433594,0.0,0.828000545501709,-1.8604484796524048,115.03821563720705,112.54257202148438,114.30023193359376,114.30023193359376,79.81941223144531,73.56756591796875,75.5677490234375,74.43724822998047,24.611106872558594,23.610809326171875,23.93083953857422,23.74995994567871,6056.72119140625,1086.622802734375,7897.6728515625,2703.529052734375,0.006745049608304576,-0.014985872935627809,0.03041966736823487,0.030433876976735608
2,507.9494502544403,1778170373.1696808,142.3521270751953,0.0,0.8880006670951843,-1.8665904998779297,114.87702178955078,112.51008605957033,114.6070327758789,114.6070327758789,79.81922149658203,73.56310272216797,75.56884002685547,74.43348693847656,24.61107635498047,23.610095977783203,23.93101501464844,23.749357223510746,6141.6005859375,1360.4986572265625,7802.97705078125,2676.598388671875,0.005421665738259529,-0.015184703620825246,0.033275190792040554,0.03328943977854548
2,507.9653341770172,1778170373.1855648,142.3568878173828,0.0,0.9480007886886596,-1.8299193382263184,114.76265716552734,112.47712707519533,114.86720275878906,114.86720275878906,79.81884002685547,73.55865478515625,75.56993865966797,74.42974090576172,24.61101531982422,23.609384536743164,23.931190490722656,23.74875831604004,5865.5546875,1309.67724609375,7748.03857421875,2643.2412109375,0.0043871385155038745,-0.015506122706267611,0.03558620028592907,0.03560048114152692
2,507.98009872436523,1778170373.2003293,142.36514282226562,0.0,1.0,-1.8097939491271973,114.70384979248048,112.44912719726562,115.37030029296876,115.37030029296876,79.81858825683594,73.55422973632812,75.57091522216797,74.42572784423828,24.610973358154297,23.60867691040039,23.931346893310547,23.74811553955078,6010.18701171875,1631.5625,7407.99267578125,2460.156494140625,0.003814255121968868,-0.015808272457756845,0.04006156900511093,0.04007591157657009
2,507.99539613723755,1778170373.2156267,142.38938903808594,0.0,1.0,-1.7611812353134155,114.65632629394533,112.44156646728516,115.63155364990234,115.63155364990234,79.81829071044922,73.54981994628906,75.57184600830078,74.42170715332031,24.61092758178711,23.60797119140625,23.931495666503903,23.747472763061523,5629.56103515625,1514.5439453125,7340.10107421875,2160.182861328125,0.0032275003206769792,-0.016042024392556642,0.04223926036558767,0.04225363296766704
2,508.01117157936096,1778170373.2314022,142.4183807373047,0.0,1.0,-1.6660462617874146,114.62574768066406,112.41851806640624,115.90585327148438,115.90585327148438,79.81803894042969,73.54535675048828,75.57271575927734,74.41751861572266,24.610885620117188,23.607257843017575,23.9316349029541,23.746803283691406,5962.1640625,1094.7705078125,7254.13671875,1956.00830078125,0.002755771885467828,-0.01644397765423955,0.04449897743003062,0.04451338119387449
2,508.02660870552063,1778170373.2468393,142.45101928710938,0.0,1.0,-1.6887071132659912,114.60587310791016,112.39279174804688,116.03624725341795,116.03624725341795,79.81786346435547,73.5409164428711,75.57340240478516,74.41343688964844,24.610858917236328,23.60654640197754,23.931743621826172,23.74614906311035,5787.80712890625,1137.0205078125,6837.89404296875,2118.400146484375,0.002352194656709994,-0.016894360654363783,0.04543445175138805,0.04544886841553297
2,508.0420308113098,1778170373.2622614,142.49073791503906,0.0,1.0,-1.636951208114624,114.57689666748048,112.3794937133789,116.1468276977539,116.1468276977539,79.81744384765625,73.53560638427734,75.57405853271484,74.40860748291016,24.610790252685547,23.605697631835938,23.931848526000977,23.745376586914062,5673.2783203125,831.6796264648438,6838.35498046875,2386.229248046875,0.0018194340234831685,-0.017284682944237906,0.04613904418928039,0.04615347056983765
2,508.0580749511719,1778170373.2783055,142.53244018554688,0.0,1.0,-1.5878326892852783,114.48890686035156,112.36911010742188,116.17786407470705,116.17786407470705,79.81684112548828,73.53117370605469,75.57460021972656,74.4046859741211,24.610694885253903,23.60498809814453,23.93193626403809,23.744749069213867,5370.62744140625,771.8432006835938,6567.75927734375,2334.97998046875,0.0007571944577211553,-0.01766298074382644,0.04611242795759707,0.04612685397111371
2,508.073561668396,1778170373.2937922,142.5596923828125,0.0,1.0,-1.581443428993225,114.45560455322266,112.34927368164062,116.49810028076172,116.49810028076172,79.8163833618164,73.52671813964844,75.57501220703125,74.40049743652344,24.61062240600586,23.60427474975586,23.9320011138916,23.74407958984375,5446.7158203125,774.1373901367188,6596.50634765625,1847.865234375,0.0002748436684147926,-0.01802414562970467,0.04879543449519641,0.04880989750768894
2,508.0896563529968,1778170373.309887,142.6052703857422,0.0,1.0,-1.615196704864502,114.51837921142578,112.3341293334961,116.39185333251952,116.39185333251952,79.81580352783203,73.52140808105469,75.57569122314453,74.39574432373047,24.61052703857422,23.603424072265625,23.932109832763672,23.743318557739254,5473.8349609375,848.7774047851562,6496.80859375,2509.2177734375,0.0005035846460257343,-0.018470319587899908,0.04750402762685901,0.047518472830698544
2,508.10572147369385,1778170373.325952,142.63699340820312,0.0,1.0,-1.639769434928894,114.74380493164062,112.4076156616211,116.52548217773438,116.52548217773438,79.81546020507812,73.5169448852539,75.57603454589844,74.39176940917969,24.6104736328125,23.602710723876953,23.932165145874023,23.74268341064453,5747.35595703125,1228.84033203125,6331.681640625,2242.2470703125,0.0022500896395849512,-0.01804666493173357,0.04847342478383254,0.04848788335577314
2,508.12146639823914,1778170373.341697,142.65969848632812,0.0,1.0,-1.6382348537445068,115.03485107421876,112.56315612792967,116.7917022705078,116.7917022705078,79.81539916992188,73.51248168945312,75.57625579833984,74.3876953125,24.610464096069336,23.60199737548828,23.932201385498047,23.74203109741211,5862.1357421875,1183.8817138671875,6030.91015625,2151.62939453125,0.004632365491406443,-0.016844417750016993,0.05070156937176118,0.05071605867007811
2,508.1364209651947,1778170373.3566515,142.69532775878906,0.0,1.0,-1.550511360168457,115.27906036376952,112.7255859375,116.97135925292967,116.97135925292967,79.81517028808594,73.50801849365234,75.57662200927734,74.38358306884766,24.610427856445312,23.601282119750977,23.93225860595703,23.74137306213379,5434.7392578125,891.4073486328125,6310.015625,2037.72265625,0.006513738400530711,-0.015671550098084408,0.05205507952045907,0.05206958748383994
2,508.15221405029297,1778170373.3724446,142.74484252929688,0.0,1.0,-1.466363787651062,115.40961456298828,112.90679931640624,117.12449645996094,117.12449645996094,79.81462860107422,73.50355529785156,75.5770263671875,74.37940979003906,24.610340118408203,23.600568771362305,23.932323455810547,23.740705490112305,5053.638671875,828.2012329101562,6318.61669921875,2079.468505859375,0.0073040900694740785,-0.014431169868442839,0.053067004272136176,0.053081526190078776
2,508.1675982475281,1778170373.3878288,142.82196044921875,0.0,1.0,-1.5113977193832395,115.41788482666016,113.14069366455078,117.02188873291016,117.02188873291016,79.81385040283203,73.49819946289062,75.57762908935547,74.37462615966797,24.61021614074707,23.599712371826172,23.93242073059082,23.739940643310547,5145.0791015625,1076.1441650390625,6474.0859375,2510.0595703125,0.006832332274161912,-0.012922763567330575,0.05157634336540573,0.05159084472695885
2,508.1835539340973,1778170373.4037845,142.8948516845703,0.0,1.0,-1.575572848320007,115.40431213378906,113.28047943115234,116.69482421875,116.69482421875,79.8132553100586,73.49373626708984,75.5783920288086,74.37095642089844,24.61012077331543,23.598997116088867,23.93254280090332,23.73935317993164,5131.0341796875,1119.5618896484375,6881.228515625,2831.122802734375,0.00620040391732668,-0.012207359943887997,0.048102378230959975,0.048116831686124906
2,508.19886541366577,1778170373.419096,142.96058654785156,0.0,1.0,-1.622310996055603,115.4098892211914,113.39844512939452,116.61949920654295,116.61949920654295,79.81291198730469,73.48927307128906,75.57915496826172,74.36724853515625,24.61006546020508,23.598283767700195,23.93266487121582,23.738759994506836,5686.83349609375,1249.57568359375,6648.62646484375,2504.838623046875,0.00578634560468938,-0.011633383734260372,0.04694422357061501,0.04695866105469104
2,508.2142856121063,1778170373.4345162,143.01119995117188,0.0,1.0,-1.6024044752120972,115.4435043334961,113.49313354492188,116.73597717285156,116.73597717285156,79.81283569335938,73.48480987548828,75.57975769042969,74.36344146728516,24.61005401611328,23.59756851196289,23.932762145996097,23.73815155029297,5673.40185546875,1218.3040771484375,6357.96240234375,2463.96533203125,0.005723234449339865,-0.011158178437368882,0.047619000818617696,0.047633447607951185
2,508.230162858963,1778170373.4503934,143.06558227539062,0.0,1.0,-1.5614749193191528,115.43211364746094,113.57083892822266,116.86679077148438,116.86679077148438,79.81250762939453,73.4803695678711,75.5801773071289,74.3595962524414,24.61000061035156,23.596858978271484,23.93282890319824,23.73753547668457,5518.0654296875,1274.03857421875,6286.740234375,2439.4384765625,0.005241741375118458,-0.01085728529483343,0.04839428715160832,0.04840874463223166
2,508.2452971935272,1778170373.4655278,143.12586975097656,0.0,1.0,-1.514439821243286,115.46585845947266,113.65337371826172,116.8851318359375,116.8851318359375,79.81205749511719,73.47590637207031,75.5807113647461,74.35578918457031,24.609928131103516,23.596145629882812,23.93291473388672,23.736927032470703,4851.96337890625,923.769287109375,6404.6572265625,2396.60791015625,0.0051120567293836405,-0.010555399822163691,0.04811714814103207,0.04813160179987608
2,508.2608025074005,1778170373.481033,143.2067108154297,0.0,1.0,-1.5203746557235718,115.43757629394533,113.74388122558594,116.79258728027344,116.79258728027344,79.81124877929688,73.47054290771484,75.5816879272461,74.35115051269531,24.609798431396484,23.595287322998047,23.933069229125977,23.736183166503903,5070.70166015625,569.4129638671875,6900.455078125,2397.728515625,0.00429861201750481,-0.010326451049564422,0.0466960945554149,0.04671052861776226
2,508.27646470069885,1778170373.4966953,143.28256225585938,0.0,1.0,-1.551762580871582,115.4240951538086,113.82530975341795,116.57320404052734,116.57320404052734,79.81066131591797,73.46607971191406,75.58289337158203,74.34733581542969,24.60970687866211,23.594572067260746,23.93326187133789,23.735572814941406,5053.70068359375,603.0427856445312,7053.61474609375,2437.93994140625,0.0036497299291873286,-0.010142242019615444,0.04417691728775597,0.04419131661035247
2,508.29217171669006,1778170373.5124023,143.35577392578125,0.0,1.0,-1.5174187421798706,115.3906707763672,113.93221282958984,116.43963623046876,116.43963623046876,79.80986022949219,73.46160125732422,75.5839614868164,74.34362030029297,24.60957717895508,23.59385681152344,23.933433532714844,23.7349796295166,4800.79052734375,705.2106323242188,6679.7041015625,2599.81103515625,0.002846679565704946,-0.009718576282079838,0.04244786595633454,0.042462241435109904
2,508.30745220184326,1778170373.5276828,143.42601013183594,0.0,1.0,-1.509394288063049,115.3886260986328,114.054931640625,116.45584869384766,116.45584869384766,79.8092041015625,73.45709991455078,75.58496856689453,74.33983612060547,24.609472274780273,23.59313583374023,23.93359375,23.734373092651367,5124.0302734375,805.515380859375,6467.4130859375,2267.13330078125,0.0023378207779034543,-0.009137389618822489,0.04208244974964903,0.04209682018929173
2,508.3232729434967,1778170373.5435035,143.48822021484375,0.0,1.0,-1.4365015029907229,115.41474151611328,114.1752700805664,116.6847152709961,116.6847152709961,79.80850219726562,73.45259857177734,75.58556365966797,74.33592224121094,24.609359741210938,23.59241485595703,23.93368911743164,23.733747482299805,4923.77880859375,938.0003662109376,5802.72021484375,2293.15380859375,0.0021300083769582034,-0.008521985486888428,0.04367772936931891,0.043692121808055484
2,508.33848786354065,1778170373.5587184,143.5569305419922,0.0,1.0,-1.419811725616455,115.4605712890625,114.27748107910156,116.79708862304688,116.79708862304688,79.8077163696289,73.4480972290039,75.58611297607422,74.33194732666016,24.609233856201172,23.59169578552246,23.93377685546875,23.73311233520508,4754.69873046875,957.943359375,6106.74462890625,2156.135986328125,0.0020481041971613934,-0.008109376795996548,0.044182830258331585,0.04419722966246864
2,508.3545460700989,1778170373.5747766,143.64393615722656,0.0,1.0,-1.3269761800765991,115.5125961303711,114.40756225585938,116.90960693359376,116.90960693359376,79.806640625,73.44269561767578,75.58659362792969,74.32723999023438,24.60906219482422,23.590831756591797,23.933855056762695,23.732358932495117,4485.95947265625,809.833740234375,5745.83935546875,2258.2919921875,0.0018923950007196932,-0.007581790700045388,0.044555685847775806,0.044570090393635464
2,508.37015771865845,1778170373.5903883,143.7311553955078,0.0,1.0,-1.3454155921936035,115.54383087158205,114.52335357666016,116.79837799072266,116.79837799072266,79.80553436279297,73.43819427490234,75.58707427978516,74.32342529296875,24.60888671875,23.590110778808594,23.933931350708008,23.731748580932617,4427.61328125,853.5518798828125,5870.35693359375,2346.396240234375,0.001555173056907666,-0.007180199984888613,0.042928628966341975,0.04294301107489562
2,508.38564825057983,1778170373.6058788,143.82586669921875,0.0,1.0,-1.3226395845413208,115.59919738769533,114.64669799804688,116.60130310058594,116.60130310058594,79.80431365966797,73.4336929321289,75.58771514892578,74.31968688964844,24.60869026184082,23.58938980102539,23.93403434753418,23.73114967346191,4086.373779296875,895.934326171875,5961.77001953125,2397.6162109375,0.001375246357899984,-0.006765398633525432,0.04048326270144553,0.04049761108811056
2,508.40102910995483,1778170373.6212597,143.91989135742188,0.0,1.0,-1.2897000312805176,115.63664245605467,114.77740478515624,116.52021026611328,116.52021026611328,79.80300903320312,73.42919158935547,75.58837890625,74.31590270996094,24.608482360839844,23.58867073059082,23.934141159057617,23.730545043945312,3972.41943359375,933.578369140625,5864.19580078125,2319.7060546875,0.0010451905171076081,-0.006282660771976034,0.03908034875495403,0.03909467779527076
2,508.417090177536,1778170373.6373208,144.03289794921875,0.0,1.0,-1.221827268600464,115.6592254638672,114.92379760742188,116.5445785522461,116.5445785522461,79.80122375488281,73.42378997802734,75.58905029296875,74.31133270263672,24.60819625854492,23.587806701660156,23.934247970581055,23.729812622070312,3754.185791015625,877.6720581054688,5688.81787109375,2134.7978515625,0.0004551252885336421,-0.005795878017840095,0.0384822340737514,0.038496554865996124
2,508.4333562850952,1778170373.6535869,144.1255340576172,0.0,1.0,-1.200472354888916,115.75942993164062,115.03492736816406,116.63459777832033,116.63459777832033,79.79991912841797,73.4192886352539,75.58948516845703,74.30741882324219,24.607986450195312,23.587085723876953,23.93431854248047,23.72918701171875,4073.12109375,825.270751953125,5623.72705078125,1990.3885498046875,0.0006783007533928131,-0.005474134686665466,0.03861636362678156,0.03863068626868871
2,508.4491763114929,1778170373.669407,144.224609375,0.0,1.0,-1.1521458625793457,115.81024932861328,115.1483154296875,116.64021301269533,116.64021301269533,79.79866027832031,73.41478729248047,75.58998107910156,74.30351257324219,24.60778427124023,23.58636474609375,23.934396743774418,23.728561401367188,4110.60693359375,739.5015869140625,5389.59423828125,2135.934814453125,0.0004298879533246591,-0.005177711161089116,0.03795285312064367,0.03796716661266286
2,508.46475172042847,1778170373.6849823,144.34593200683594,0.0,1.0,-1.1436679363250732,115.92300415039062,115.3267593383789,116.68184661865234,116.68184661865234,79.79719543457031,73.40938568115234,75.59033203125,74.29888916015625,24.60755157470703,23.58550262451172,23.93445205688477,23.727821350097656,4177.51904296875,1070.37109375,5121.08154296875,2212.314453125,0.0005622443126345189,-0.00447349051011825,0.03745063056650366,0.037464937132814624
2,508.4802978038788,1778170373.7005284,144.4518585205078,0.0,1.0,-1.050527811050415,115.98493194580078,115.4570770263672,116.6952896118164,116.6952896118164,79.79560852050781,73.40487670898438,75.59043884277344,74.29512023925781,24.60729598999023,23.584779739379883,23.934471130371097,23.727218627929688,3513.548828125,1052.8463134765625,4970.373046875,2279.12255859375,0.0003626555493259076,-0.004079403200794696,0.0368093059939123,0.036823603716281905
2,508.4958539009094,1778170373.7160845,144.56739807128906,0.0,1.0,-1.0141297578811646,116.05775451660156,115.582275390625,116.58917999267578,116.58917999267578,79.79383087158203,73.4003677368164,75.59072875976562,74.29137420654297,24.607013702392575,23.58405876159668,23.93451690673828,23.726619720458984,3432.03271484375,1026.250244140625,5302.01904296875,2332.748291015625,0.00019074487742787305,-0.0037962669912524616,0.03503867403777905,0.035052947342925744
2,508.51133251190186,1778170373.731563,144.6798858642578,0.0,1.0,-1.0525681972503662,116.1834716796875,115.72211456298828,116.57353973388672,116.57353973388672,79.7924575805664,73.39582824707031,75.59117889404297,74.28754425048828,24.606792449951172,23.583332061767575,23.934589385986328,23.72600746154785,4112.841796875,1094.91748046875,5417.5771484375,2092.975341796875,0.0004956958103592424,-0.0033664729036458896,0.03409519643420378,0.03410945672868326
2,508.52737641334534,1778170373.747607,144.79832458496094,0.0,1.0,-1.019160270690918,116.2621612548828,115.8626480102539,116.43132019042967,116.43132019042967,79.7910385131836,73.39128875732422,75.59171295166016,74.2837905883789,24.6065673828125,23.582605361938477,23.934673309326172,23.725406646728516,3687.0166015625,1249.830078125,5505.4267578125,2514.752197265625,0.0003544025587678412,-0.0029723495326340332,0.0319887889609507,0.032003020207822974
2,508.5436873435974,1778170373.763918,144.94117736816406,0.0,1.0,-0.9658538103103638,116.36602783203124,116.0029296875,116.4426727294922,116.4426727294922,79.78907012939453,73.3858413696289,75.59209442138672,74.27946472167969,24.606250762939453,23.58173370361328,23.934734344482425,23.724714279174805,3618.064453125,1360.647216796875,4956.1005859375,2491.3984375,0.000261280094142613,-0.0027490415850554006,0.031072193683433946,0.031086412290349363
2,508.55936336517334,1778170373.779594,145.05307006835938,0.0,1.0,-0.946382701396942,116.46619415283205,116.1159210205078,116.630615234375,116.630615234375,79.7875747680664,73.38130187988281,75.5921630859375,74.27583312988281,24.60601043701172,23.581008911132812,23.93474578857422,23.724132537841797,3853.482666015625,1436.504150390625,4764.0390625,2369.1572265625,0.0003500344383289278,-0.0025477008195139428,0.03193973586959542,0.03195396644001969
2,508.57441806793213,1778170373.7946486,145.17431640625,0.0,1.0,-0.974859356880188,116.60674285888672,116.23670196533205,116.47354125976562,116.47354125976562,79.78629302978516,73.37700653076172,75.5924301147461,74.27232360839844,24.605806350708008,23.580320358276367,23.93478775024414,23.72357177734375,4048.26123046875,1841.16552734375,5259.19140625,2776.53759765625,0.0007207555226733664,-0.0023440916419074087,0.029689263801792043,0.029703463337941827
2,508.59008383750916,1778170373.8103144,145.3005828857422,0.0,1.0,-0.9412860870361328,116.73318481445312,116.35250854492188,116.3876953125,116.3876953125,79.78492736816406,73.37293243408203,75.59293365478516,74.2688217163086,24.60558700561523,23.579669952392575,23.93486976623535,23.723011016845703,3829.8359375,2058.89697265625,5411.67333984375,2622.739501953125,0.000935311022394858,-0.002217956075509786,0.028036196679423364,0.02805037341958294
2,508.60549449920654,1778170373.825725,145.42037963867188,0.0,1.0,-0.90398508310318,116.87274169921876,116.43890380859376,116.45771026611328,116.45771026611328,79.78345489501953,73.36882019042969,75.59335327148438,74.265380859375,24.6053524017334,23.579010009765625,23.9349365234375,23.722461700439453,3683.2197265625,1850.170166015625,5354.3271484375,2726.57666015625,0.0013063969729036895,-0.002299652041029221,0.02780722719784956,0.02782140078049289
2,508.6211791038513,1778170373.8414097,145.5668182373047,0.0,1.0,-0.8963208198547363,116.99495697021484,116.56135559082033,116.5116195678711,116.5116195678711,79.78167724609375,73.36385345458984,75.59402465820312,74.26121520996094,24.60506820678711,23.578216552734375,23.935043334960938,23.72179412841797,3987.8212890625,1873.1627197265625,5684.650390625,2610.6201171875,0.0013451190145912229,-0.002255161623026747,0.027248566974172883,0.0272627328528261
2,508.63659501075745,1778170373.8568256,145.6944122314453,0.0,1.0,-0.890565037727356,117.1387710571289,116.64462280273438,116.43638610839844,116.43638610839844,79.78038787841797,73.35979461669922,75.59477233886719,74.25779724121094,24.60486221313477,23.57756805419922,23.935163497924805,23.72124671936035,3848.449462890625,2098.47119140625,5763.04443359375,2850.1826171875,0.0016979852182605892,-0.002416822550911135,0.025686208839867053,0.025700353173417456
2,508.65209770202637,1778170373.8723283,145.81881713867188,0.0,1.0,-0.8975991606712341,117.29254913330078,116.73497009277344,116.41989135742188,116.41989135742188,79.77913665771484,73.35586547851562,75.59551239013672,74.25460052490234,24.60466194152832,23.57693862915039,23.93528175354004,23.72073554992676,4217.328125,2161.611572265625,5730.7392578125,3119.778564453125,0.0021572820996986763,-0.002495887259366558,0.024665969555364375,0.02468009981969521
2,508.66782212257385,1778170373.8880527,145.9423065185547,0.0,1.0,-0.8770345449447632,117.40599822998048,116.80856323242188,116.52297973632812,116.52297973632812,79.77811431884766,73.35189819335938,75.59619140625,74.25149536132812,24.6044979095459,23.576303482055664,23.93539047241211,23.720239639282227,4134.939453125,2084.8994140625,5576.498046875,3062.5693359375,0.002277802988756017,-0.002711603733740353,0.024705507706959562,0.024719638516526032
2,508.68369245529175,1778170373.903923,146.08602905273438,0.0,1.0,-0.8449928760528564,117.55838012695312,116.90799713134766,116.65483856201172,116.65483856201172,79.77645874023438,73.34723663330078,75.59690856933594,74.2476806640625,24.604232788085938,23.57555770874023,23.93550491333008,23.719629287719727,3792.4951171875,2318.03076171875,5763.0283203125,3077.133056640625,0.0025913229355774003,-0.002844645473736862,0.024855809139430418,0.024869942021671365
2,508.699383020401,1778170373.9196136,146.21185302734375,0.0,1.0,-0.8404278755187988,117.66862487792967,116.98441314697266,116.68687438964844,116.68687438964844,79.77493286132812,73.34344482421875,75.59767150878906,74.24451446533203,24.603988647460938,23.574951171875,23.935626983642575,23.7191219329834,3673.51513671875,2361.455810546875,5824.5654296875,3197.29296875,0.002667941871175472,-0.0030515347685130534,0.024255064276044624,0.024269188873943026
2,508.7147843837738,1778170373.935015,146.33609008789062,0.0,1.0,-0.8814653754234314,117.8219223022461,117.02542877197266,116.73789978027344,116.73789978027344,79.773681640625,73.33968353271484,75.59843444824219,74.24143981933594,24.603790283203125,23.57434844970703,23.93574905395508,23.718629837036133,4210.0458984375,2375.8662109375,5950.9169921875,3195.304931640625,0.0031218484681363456,-0.003548687520543936,0.023832998551033713,0.023847117328596124
2,508.73045587539673,1778170373.9506865,146.4612274169922,0.0,1.0,-0.7942148447036743,118.05077362060548,117.06946563720705,116.8197250366211,116.8197250366211,79.77250671386719,73.3358154296875,75.5994644165039,74.23828887939453,24.603599548339844,23.57373046875,23.9359130859375,23.71812629699707,3963.47900390625,2087.3154296875,6057.1337890625,3018.8642578125,0.004211523495370573,-0.0040254154207421955,0.023675253166655308,0.023689369768890245
2,508.7464153766632,1778170373.966646,146.58351135253906,0.0,1.0,-0.5707904100418091,118.1318130493164,117.2030792236328,117.0159149169922,117.0159149169922,79.77116394042969,73.33170318603516,75.60022735595703,74.23512268066406,24.60338592529297,23.57307243347168,23.93603515625,23.717618942260746,4037.58056640625,1820.247314453125,5709.37109375,3199.755859375,0.004062578512810555,-0.003720508127651123,0.02453902640773653,0.024553154921506337
2,508.76244378089905,1778170373.9826744,146.7433624267578,0.0,1.0,-0.5219708681106567,118.15673065185548,117.4135971069336,117.11351013183594,117.11351013183594,79.76943969726562,73.32656860351562,75.60076904296875,74.23161315917969,24.603111267089844,23.572250366210938,23.93612289428711,23.717058181762695,3575.7421875,1735.677978515625,5128.2548828125,3551.990966796875,0.0031803857137704394,-0.0030182309063579993,0.02427654063688678,0.024290665530946942
2,508.7778363227844,1778170373.998067,146.87936401367188,0.0,1.0,-0.5224016904830933,118.1690902709961,117.58965301513672,117.07957458496094,117.07957458496094,79.76779174804688,73.32245635986328,75.60118103027344,74.22892761230469,24.602846145629883,23.571592330932617,23.936187744140625,23.716629028320312,3486.923828125,2225.561279296875,5370.2353515625,3827.101806640625,0.0023563392385936854,-0.002447836076755694,0.02303159527043408,0.023045702996551176
2,508.7935461997986,1778170374.0137768,147.01295471191406,0.0,1.0,-0.5329575538635254,118.2354965209961,117.77651977539062,117.17488098144533,117.17488098144533,79.76634216308594,73.3187026977539,75.60153198242188,74.22626495361328,24.602615356445312,23.57099151611328,23.93624496459961,23.71620178222656,3997.010498046875,2507.824951171875,4964.333984375,3838.521484375,0.002008269725396916,-0.0017704995040057625,0.022933988904094038,0.022948095284207604
2,508.80887031555176,1778170374.029101,147.13973999023438,0.0,1.0,-0.4814085364341736,118.29869842529295,117.9344482421875,117.3744125366211,117.3744125366211,79.76485443115234,73.31522369384766,75.6015396118164,74.2236328125,24.60237693786621,23.5704345703125,23.93624687194824,23.715782165527344,3733.1748046875,2865.58447265625,4812.36181640625,3753.012451171875,0.0016800280292637026,-0.0012932507705343266,0.02379296659494501,0.02380708482046212
2,508.82442450523376,1778170374.044655,147.26954650878906,0.0,1.0,-0.4647666811943054,118.39957427978516,118.06099700927734,117.54078674316406,117.54078674316406,79.76342010498047,73.31204223632812,75.60159301757812,74.2208251953125,24.60214614868164,23.569927215576172,23.936254501342773,23.71533203125,4037.793701171875,3159.863037109375,4695.080078125,3507.679931640625,0.0016505272123037429,-0.001102821209721605,0.024340485970270054,0.02435461174614373
2,508.84053206443787,1778170374.0607626,147.42196655273438,0.0,1.0,-0.42845618724823,118.53076934814452,118.2795867919922,117.7196273803711,117.7196273803711,79.76168823242188,73.30825805664062,75.60161590576172,74.21737670898438,24.601869583129883,23.569320678710938,23.93625831604004,23.714780807495117,3664.441162109375,3124.587890625,4738.4599609375,3502.7197265625,0.0017236693321589502,-0.0002880395353825893,0.024838360019160843,0.02485249266077627
2,508.855854511261,1778170374.076085,147.56234741210938,0.0,1.0,-0.4506936967372894,118.64602661132812,118.42051696777344,117.61341857910156,117.61341857910156,79.76026916503906,73.30503845214844,75.60183715820312,74.21471405029297,24.601642608642575,23.56880569458008,23.936294555664062,23.714353561401367,3431.495361328125,3007.402099609375,5283.39111328125,3820.14306640625,0.0017438290913573962,-4.907400997355982e-05,0.022939649675435714,0.022953756133611947
2,508.8717966079712,1778170374.0920272,147.69857788085938,0.0,1.0,-0.3908047974109649,118.7603530883789,118.57074737548828,117.64483642578124,117.64483642578124,79.75867462158203,73.30184173583984,75.6022720336914,74.21212005615234,24.60138702392578,23.568294525146484,23.936363220214844,23.713939666748047,3404.839599609375,3162.936279296875,5139.849609375,3986.76318359375,0.0017842490078927575,0.00029600236859539386,0.022269140407940924,0.022283237619715734
2,508.8869159221649,1778170374.1071465,147.834716796875,0.0,1.0,-0.3630128502845764,118.83248901367188,118.68714141845705,117.67227172851562,117.67227172851562,79.75674438476562,73.29856872558594,75.60272216796875,74.209716796875,24.601078033447266,23.567771911621097,23.93643569946289,23.71355438232422,3079.7958984375,2783.489990234375,5430.52490234375,4195.73291015625,0.0014696508343197134,0.0003558722848353568,0.021565925307564182,0.02158001282191968
2,508.90247559547424,1778170374.1227062,147.97509765625,0.0,1.0,-0.3207562565803528,118.88899993896484,118.76522827148438,117.73993682861328,117.73993682861328,79.7547836303711,73.29476928710938,75.60332489013672,74.20732879638672,24.600765228271484,23.567163467407227,23.93653106689453,23.713172912597656,3349.01171875,2198.9892578125,5355.95068359375,4132.083984375,0.0009953758865719475,6.438725029545012e-05,0.021183661113626684,0.021197743356514254
2,508.9176890850067,1778170374.1379197,148.13836669921875,0.0,1.0,-0.3029455244541168,118.9733428955078,118.92691802978516,117.83049774169922,117.83049774169922,79.75238037109375,73.29042053222656,75.60403442382812,74.20441436767578,24.600379943847656,23.56646728515625,23.9366455078125,23.712705612182617,3141.00830078125,2973.512939453125,5504.96923828125,4058.14404296875,0.0006014895916219842,0.00032218794057636835,0.02084276346414682,0.02085684100601548
2,508.93347001075745,1778170374.1537006,148.27484130859375,0.0,1.0,-0.2810018658638,119.08698272705078,119.01213073730467,117.92657470703124,117.92657470703124,79.7506103515625,73.28707885742188,75.60440826416016,74.20206451416016,24.60009765625,23.565933227539062,23.936704635620117,23.712329864501953,3574.32080078125,2837.802978515625,5262.4130859375,4318.1083984375,0.0006353848543747542,0.00011755925746537166,0.020734774481048213,0.020748850533736096
2,508.94868421554565,1778170374.1689148,148.4084930419922,0.0,1.0,-0.2107844948768615,119.14749908447266,119.10674285888672,118.09539031982422,118.09539031982422,79.74859619140625,73.2837142944336,75.60452270507812,74.19985961914062,24.599775314331055,23.565393447875977,23.936723709106445,23.711977005004883,3145.999267578125,2944.1572265625,4879.75439453125,4337.482421875,0.00024228036412266007,1.1243025526130879e-05,0.021275432943754335,0.02128951645218602
2,508.9643018245697,1778170374.1845324,148.53451538085938,0.0,1.0,-0.2069114744663238,119.24987030029295,119.23251342773438,118.4287338256836,118.4287338256836,79.7466049194336,73.28042602539062,75.60447692871094,74.197265625,24.599456787109375,23.564868927001953,23.93671607971191,23.71156311035156,3065.77587890625,3115.2880859375,4708.73095703125,3528.716552734375,0.0002523130926213035,0.0002178597150075401,0.023289214696561755,0.023303325975280842
2,508.97997426986694,1778170374.2002048,148.6671600341797,0.0,1.0,-0.1599091738462448,119.34929656982422,119.3427734375,118.5124740600586,118.5124740600586,79.74424743652344,73.2773208618164,75.60443115234375,74.19468688964844,24.59907913208008,23.56437110900879,23.936708450317383,23.71114921569824,2328.814453125,3320.080810546875,4538.75341796875,4072.38330078125,0.00019309277305934458,0.0002495637322859068,0.023099125786757213,0.02311323444412805
2,508.99578332901,1778170374.216014,148.8415069580078,0.0,1.0,-0.1290461719036102,119.45347595214844,119.46561431884766,118.40663146972656,118.40663146972656,79.74107360839844,73.27340698242188,75.60455322265625,74.19197082519531,24.59857177734375,23.563745498657227,23.936729431152344,23.710716247558594,2642.68798828125,2897.381103515625,5100.9326171875,4114.4970703125,-0.0001064522846062621,0.00010627415061081891,0.020988057072620858,0.021002136618105682
2,509.0113320350647,1778170374.2315626,148.97491455078125,0.0,1.0,-0.1112977117300033,119.54674530029295,119.55887603759766,118.62984466552734,118.62984466552734,79.73838806152344,73.2699203491211,75.6046142578125,74.18954467773438,24.598140716552734,23.563186645507812,23.936737060546875,23.7103271484375,2492.405517578125,2738.959716796875,4725.3798828125,4002.807373046875,-0.00022184232663358117,-9.283523853986786e-06,0.021996741317906077,0.022010834773265486
3,787.1502130031586,1778170652.3704436,227.9074249267578,0.0,0.0,0.006189938634634,182.809326171875,182.80419921875,177.47630310058594,177.47630310058594,82.25553131103516,80.69415283203125,80.69595336914062,82.59346771240234,25.000885009765625,24.75106430053711,24.751352310180664,25.054954528808594,4373.2255859375,4853.6884765625,5354.822265625,5525.99609375,-0.0006470327274614718,-0.0005640130144823896,-0.0005741142426115564,-0.0005603320420073388
3,787.1659009456635,1778170652.3861315,227.45669555664065,0.8872621059417725,0.0,-0.0052243769168853,173.88954162597656,173.57411193847656,174.57176208496094,174.57176208496094,82.25150299072266,80.69147491455078,80.69518280029297,82.59349060058594,25.000240325927734,24.75063705444336,24.75122833251953,25.05495834350586,4642.40478515625,4488.23046875,5332.49755859375,5517.95947265625,-0.0475245956404885,-0.04914670455993342,-0.014982459053557884,-0.01496887554572457
3,787.1814386844635,1778170652.4016693,226.56411743164065,0.9507039785385132,0.0,-0.0225859284400939,172.76797485351562,171.1103973388672,173.5746307373047,173.5746307373047,82.2481689453125,80.68888854980469,80.69428253173828,82.59294128417969,24.999706268310547,24.750221252441406,24.75108528137207,25.05487060546875,5425.69140625,4634.63037109375,5078.373046875,4784.537109375,-0.04993975287887964,-0.05895029980300348,-0.016750315717218522,-0.016736756588336732
3,787.197464466095,1778170652.417695,225.59982299804688,1.0,0.0,-0.0433586239814758,172.46844482421875,169.38064575195312,172.1792755126953,172.1792755126953,82.24580383300781,80.68668365478516,80.69254302978516,82.591552734375,24.99932861328125,24.74987030029297,24.75080680847168,25.054649353027344,6217.83154296875,5024.5087890625,4118.50830078125,4012.5263671875,-0.047533027084666446,-0.06448163118799921,-0.020485620765090418,-0.020472113146504878
3,787.2135372161865,1778170652.4337678,224.3909912109375,1.0,0.0,-0.0308910906314849,171.8113555908203,169.37364196777344,170.82923889160156,170.82923889160156,82.24327850341797,80.68470764160156,80.68961334228516,82.58918762207031,24.998924255371097,24.74955368041992,24.750337600708008,25.054269790649418,6253.17041015625,5790.12939453125,3776.375732421875,3658.595703125,-0.046050290614947476,-0.05948072881359978,-0.022930440171273436,-0.02291696626703521
3,787.2291026115417,1778170652.4493332,223.35171508789065,1.0,0.0,-0.0486453771591186,171.95774841308594,170.07473754882812,169.82894897460938,169.82894897460938,82.24174499511719,80.6837387084961,80.68696594238281,82.5868911743164,24.998680114746097,24.74939727783203,24.749914169311523,25.05390167236328,6846.14697265625,6109.44140625,3699.29052734375,3489.2783203125,-0.040794874384418756,-0.05119315906863431,-0.02413189367428792,-0.02411843633823496
3,787.245237827301,1778170652.4654684,222.33799743652344,1.0,0.0,-0.0668091475963592,170.75140380859375,169.97523498535156,168.7795867919922,168.7795867919922,82.2400131225586,80.68295288085938,80.68399047851562,82.58439636230469,24.998401641845703,24.749271392822266,24.749439239501953,25.053503036499023,6238.32861328125,6267.70703125,3350.596435546875,3210.09521484375,-0.04318136346200918,-0.04742484497894617,-0.025739884010317793,-0.025726448848640837
3,787.2603058815002,1778170652.4805365,221.3450164794922,1.0,0.0,-0.0395446419715881,169.44509887695312,169.83859252929688,167.38612365722656,167.73460388183594,82.23772430419922,80.6824722290039,80.68023681640625,82.581787109375,24.998035430908203,24.749195098876953,24.748836517333984,25.05308532714844,6101.984375,6538.169921875,2695.805419921875,3243.325439453125,-0.04624177600480284,-0.04392068267191962,-0.029448918351250852,-0.027414921663125758
3,787.276082277298,1778170652.4963129,220.1193084716797,1.0,0.0,-0.0822113454341888,169.01025390625,169.49569702148438,166.54940795898438,166.54940795898438,82.23531341552734,80.6822509765625,80.67603302001953,82.57833862304688,24.997650146484375,24.74916076660156,24.74816513061523,25.052534103393555,6540.28662109375,6917.26513671875,2924.153564453125,2851.82275390625,-0.04339213537554509,-0.040537893672229264,-0.02892304517648525,-0.028909653910975552
3,787.2918186187744,1778170652.5120492,219.1022186279297,1.0,0.0,-0.1064508855342865,169.03807067871094,169.2029266357422,165.24098205566406,165.45233154296875,82.23389434814453,80.6824951171875,80.67208099365234,82.57515716552734,24.99742317199707,24.74919891357422,24.74753189086914,25.052024841308594,7146.6005859375,7254.55810546875,2305.806396484375,2716.5146484375,-0.03879331051994961,-0.037748969399528765,-0.03207950360694045,-0.030828131747521526
3,787.3068885803223,1778170652.5271192,218.0888214111328,1.0,0.0,-0.1151818633079528,168.31884765625,168.35536193847656,164.52859497070312,164.60836791992188,82.23257446289062,80.68277740478516,80.66801452636719,82.57211303710938,24.997211456298828,24.749244689941406,24.746883392333984,25.051536560058594,6889.5078125,6973.03515625,2727.11474609375,2901.179931640625,-0.03843559943230812,-0.038120128189742974,-0.03177414025773928,-0.03129133011267726
3,787.3226578235626,1778170652.5428884,217.0672607421875,1.0,0.0,-0.1334933936595916,167.05850219726562,166.78433227539062,164.43002319335938,164.43002319335938,82.2308120727539,80.68236541748047,80.66454315185547,82.56932067871094,24.996929168701172,24.749177932739254,24.746326446533203,25.051090240478516,6441.48974609375,6118.6025390625,3356.675048828125,3389.411865234375,-0.041144220789831265,-0.0426114825851277,-0.027800291345002393,-0.027786884596585182
3,787.3378660678864,1778170652.5580966,216.0340118408203,1.0,0.0,-0.178340345621109,166.47369384765625,164.86317443847656,164.56423950195312,164.56423950195312,82.22901916503906,80.68099975585938,80.66181945800781,82.56707000732422,24.99664306640625,24.748958587646484,24.74589157104492,25.050731658935547,6694.9384765625,5404.7421875,4281.18798828125,3976.526123046875,-0.03993084275168146,-0.0491132041841047,-0.02235309290343812,-0.02233961103751325
3,787.3535161018372,1778170652.5737467,214.8210601806641,1.0,0.0,-0.2140436172485351,165.08367919921875,162.45533752441406,164.06517028808594,164.06517028808594,82.2266845703125,80.67847442626953,80.65913391113281,82.56483459472656,24.99626922607422,24.74855613708496,24.745460510253903,25.050373077392575,6187.7880859375,5042.05859375,4369.0947265625,4108.32470703125,-0.04257157644087639,-0.05771035456436013,-0.01981459324196988,-0.019801076369835857
3,787.3689095973969,1778170652.5891402,213.83197021484375,1.0,0.0,-0.2513781785964966,164.0853729248047,161.2965850830078,163.3138885498047,162.99566650390625,82.2243881225586,80.67626953125,80.65670776367188,82.5627212524414,24.99590301513672,24.74820327758789,24.745073318481445,25.05003547668457,6283.470703125,5189.69873046875,4265.52734375,3630.85009765625,-0.04395955900385262,-0.060103949174842186,-0.019789892619459737,-0.021686370753857043
3,787.3839173316956,1778170652.604148,212.8345947265625,1.0,0.0,-0.2883040308952331,162.7685546875,160.08473205566406,162.80950927734375,162.07354736328125,82.22189331054688,80.67393493652344,80.65465545654297,82.5604476928711,24.995502471923828,24.74782943725586,24.74474334716797,25.049671173095703,5842.5634765625,5073.89404296875,4690.8056640625,3555.070556640625,-0.0471877787940862,-0.06279416850522235,-0.018237949192552616,-0.022662415736473207
3,787.3994512557983,1778170652.6196818,211.8459320068359,1.0,0.0,-0.3117325901985168,161.82835388183594,159.19459533691406,161.768310546875,161.16244506835938,82.21916198730469,80.67163848876953,80.65242004394531,82.55789184570312,24.99506568908691,24.74746322631836,24.744386672973633,25.04926300048828,6195.49169921875,5170.9443359375,4126.087890625,3381.607421875,-0.04827052349166738,-0.06365589617488543,-0.01996403096396082,-0.023621062920946345
3,787.4154613018036,1778170652.635692,210.83628845214844,1.0,0.0,-0.3487958312034607,161.2777862548828,159.0606231689453,160.87025451660156,160.362060546875,82.21670532226562,80.66962432861328,80.64984893798828,82.55531311035156,24.994672775268555,24.74713897705078,24.743976593017575,25.048851013183594,6096.2802734375,5533.49658203125,4138.25927734375,3511.364013671875,-0.04696637472679255,-0.05996373805812949,-0.020737596957573268,-0.02381765484129228
3,787.4309809207916,1778170652.6512115,209.82920837402344,1.0,0.0,-0.3762770295143127,160.60853576660156,159.03543090820312,159.80287170410156,159.3512420654297,82.21428680419922,80.66785430908203,80.64701843261719,82.55253601074219,24.994285583496097,24.746856689453125,24.74352264404297,25.048404693603516,6276.298828125,5707.55322265625,3593.64990234375,3198.200927734375,-0.046366029477797444,-0.05560161147931231,-0.022566248233714892,-0.02531519863600662
3,787.4464390277863,1778170652.6666696,208.63482666015625,1.0,0.0,-0.4258078634738922,160.05076599121094,157.73672485351562,158.79983520507812,158.06581115722656,82.21165466308594,80.6656265258789,80.64320373535156,82.54890441894531,24.993865966796875,24.74650001525879,24.74291229248047,25.04782485961914,6642.26806640625,5180.591796875,3813.76708984375,2962.9462890625,-0.04423750536842841,-0.057951411087932114,-0.0231408780033725,-0.027642827146352578
3,787.4623939990997,1778170652.6826246,207.62513732910156,1.0,0.0,-0.4879735708236694,160.01039123535156,156.87635803222656,158.03074645996094,157.23007202148438,82.21002960205078,80.66360473632812,80.64017486572266,82.54576873779297,24.99360466003418,24.746177673339844,24.742427825927734,25.04732322692871,7070.421875,5572.03857421875,3617.696044921875,2989.014404296875,-0.039831869430768774,-0.05853353460902366,-0.02314443921605469,-0.028080347298122144
3,787.4784324169159,1778170652.698663,206.60462951660156,1.0,0.0,-0.5516139268875122,159.4698028564453,156.96978759765625,157.3067626953125,156.31031799316406,82.20867919921875,80.66211700439453,80.6370620727539,82.54253387451172,24.993389129638672,24.74593734741211,24.74193000793457,25.04680633544922,7298.68408203125,5724.43017578125,3716.573486328125,2941.1455078125,-0.03834910276222314,-0.053319761795957876,-0.022816693799604715,-0.028993178245683593
3,787.494544506073,1778170652.714775,205.6091156005859,1.0,0.0,-0.5838072896003723,158.83450317382812,155.72793579101562,156.69085693359375,154.86476135253906,82.20751190185547,80.6602783203125,80.63398742675781,82.53893280029297,24.993202209472656,24.745643615722656,24.741437911987305,25.04623031616211,7406.24560546875,5279.2041015625,3894.922119140625,2228.337158203125,-0.0375425989023106,-0.05626198031342233,-0.02192989457362371,-0.033315119995577014
3,787.510095834732,1778170652.7303264,204.42042541503903,1.0,0.0,-0.6702418327331543,157.6913299560547,153.6559295654297,156.14089965820312,153.84019470214844,82.20603942871094,80.657470703125,80.63085174560547,82.53450775146484,24.992965698242188,24.745195388793945,24.740936279296875,25.045520782470703,7121.7353515625,5100.16015625,4302.75634765625,2814.44482421875,-0.03891331430037781,-0.06340394083142864,-0.019695302095406264,-0.03412657660792262
3,787.5251111984253,1778170652.7453418,203.4020843505859,1.0,0.0,-0.7266972064971924,156.6194305419922,153.16793823242188,155.45156860351562,153.59658813476562,82.20452117919922,80.65542602539062,80.62835693359375,82.53128051757812,24.99272346496582,24.744869232177734,24.740535736083984,25.045005798339844,6939.4990234375,5504.7978515625,4425.4697265625,2888.78662109375,-0.040667242590937236,-0.061704233174945444,-0.019136883588038223,-0.030828012592903686
3,787.5406885147095,1778170652.760919,202.39450073242188,1.0,0.0,-0.7808665633201599,155.98252868652344,152.22891235351562,154.8495635986328,152.5605926513672,82.20309448242188,80.65332794189453,80.6259994506836,82.5278091430664,24.992494583129883,24.74453353881836,24.74015998840332,25.044448852539062,7249.15234375,5314.24169921875,4568.603515625,2515.86474609375,-0.03981198448433543,-0.06281414334439706,-0.018071259094250003,-0.03257269195807844
3,787.5564272403717,1778170652.7766578,201.4036865234375,1.0,0.0,-0.8187644481658936,154.67007446289062,151.06629943847656,154.09825134277344,151.41632080078125,82.20137786865234,80.65118408203125,80.6237564086914,82.5240707397461,24.99221992492676,24.744190216064453,24.73979949951172,25.04384994506836,6820.091796875,5074.23876953125,4544.25439453125,2540.353759765625,-0.04320717134756491,-0.0653963675477548,-0.018028260804111018,-0.03510522028155749
3,787.5719811916351,1778170652.7922118,200.41697692871097,1.0,0.0,-0.8612071871757507,153.48431396484375,149.0337371826172,153.3159637451172,150.86325073242188,82.19938659667969,80.64859008789062,80.6214828491211,82.5205307006836,24.99190139770508,24.7437744140625,24.739437103271484,25.043285369873047,6640.60986328125,4727.1494140625,4667.21337890625,2849.323486328125,-0.04586786516972308,-0.07343183514949736,-0.018203307656491585,-0.033896539547909166
3,787.587352514267,1778170652.807583,199.4342041015625,1.0,0.0,-0.9118307828903198,152.43698120117188,146.31773376464844,152.7733154296875,149.9470672607422,82.19733428955078,80.64564514160156,80.61942291259766,82.51697540283203,24.99157333374023,24.743303298950195,24.739107131958008,25.04271697998047,6471.69384765625,4409.03955078125,5154.7978515625,2639.04296875,-0.04770889478479812,-0.08583495482914949,-0.016857311942226283,-0.03503177051020945
3,787.6025457382202,1778170652.8227763,198.4769744873047,1.0,0.0,-0.9046844244003296,151.1714324951172,142.6996307373047,151.8712158203125,149.03201293945312,82.19496154785156,80.64237213134766,80.6174545288086,82.51329040527344,24.991193771362305,24.742778778076172,24.738792419433594,25.042125701904297,6652.72802734375,4214.47705078125,4829.11083984375,2458.4423828125,-0.051060269969174565,-0.1041402848008558,-0.01794902092241968,-0.03629498380399154
3,787.6176841259003,1778170652.8379147,197.33021545410156,1.0,0.0,-0.9226922988891602,150.28436279296875,137.88363647460938,150.8920440673828,147.2963409423828,82.19245910644531,80.63829803466797,80.61488342285156,82.50843811035156,24.990793228149418,24.74212646484375,24.738380432128903,25.041351318359375,6720.15673828125,4065.94921875,4724.85986328125,2043.1470947265625,-0.05114634074826485,-0.12934433878363072,-0.018610412111843888,-0.04198336194515073
3,787.633195400238,1778170652.853426,196.40480041503903,1.0,0.0,-0.9863437414169312,149.47238159179688,142.02674865722656,150.0849151611328,145.7012176513672,82.19039154052734,80.63461303710938,80.61270141601562,82.50408935546875,24.990463256835938,24.741539001464844,24.738033294677734,25.04065322875977,7032.5234375,3787.436767578125,4505.28271484375,1842.1434326171875,-0.05182633562428296,-0.09895737507473412,-0.019260561385285646,-0.047892982520085225
3,787.6484150886536,1778170652.8686457,195.4679412841797,1.0,0.0,-0.9744022488594056,148.81993103027344,137.64915466308594,149.07362365722656,144.0896453857422,82.18862915039062,80.63117218017578,80.61006927490234,82.49954223632812,24.99018096923828,24.74098777770996,24.73760986328125,25.039926528930664,7017.5263671875,4215.90625,4429.42041015625,1746.2037353515625,-0.0514404678766156,-0.12254409838670222,-0.02119999307511722,-0.05391116597415457
3,787.66392993927,1778170652.8841605,194.53436279296875,0.9875579476356506,0.0,-0.9637333154678344,147.487548828125,141.67141723632812,148.29998779296875,142.85235595703125,82.18659973144531,80.62749481201172,80.60746765136719,82.49505615234375,24.989856719970703,24.740398406982425,24.737194061279297,25.039207458496097,6727.49462890625,3686.36767578125,4310.185546875,1737.8055419921875,-0.05542148348133802,-0.09256985757276992,-0.02160667114518844,-0.057533843755965375
3,787.679699420929,1778170652.89993,193.6184234619141,1.0,0.0,-1.007841944694519,146.92764282226562,136.03076171875,147.4525909423828,141.0977783203125,82.1847915649414,80.62385559082031,80.60465240478516,82.49032592773438,24.989566802978516,24.739816665649418,24.736743927001953,25.0384521484375,7335.291015625,3953.63623046875,4184.173828125,1450.177734375,-0.05455588200628503,-0.12457742874142463,-0.02259530053153158,-0.06470593345643172
3,787.6949684619904,1778170652.915199,192.6724090576172,1.0,0.0,-1.072461485862732,146.30130004882812,140.7035369873047,146.7609405517578,139.77484130859375,82.18338775634766,80.62046813964844,80.60209655761719,82.48564910888672,24.989341735839844,24.739274978637695,24.73633575439453,25.03770446777344,7376.22265625,4217.466796875,4406.37451171875,1948.8125,-0.05396394071130706,-0.09005995759963725,-0.022403466100716196,-0.06892607662194272
3,787.7108068466187,1778170652.9310374,191.50558471679688,1.0,0.0,-1.138440728187561,145.7631378173828,135.8355255126953,145.60952758789062,138.4871826171875,82.18217468261719,80.61680603027344,80.59867095947266,82.48014068603516,24.989147186279297,24.738689422607425,24.73578643798828,25.03682327270508,7936.74169921875,4448.94482421875,3975.812255859375,1469.9334716796875,-0.05170098848574922,-0.11618938493184705,-0.024163532921730346,-0.07188280281083315
3,787.7257633209229,1778170652.945994,190.54576110839844,1.0,0.0,-1.1767135858535769,145.10763549804688,136.350341796875,145.1512908935547,136.6405487060547,82.18151092529297,80.61369323730469,80.59597778320312,82.47530364990234,24.98904037475586,24.738189697265625,24.735355377197266,25.036048889160156,7921.103515625,4312.63330078125,4596.59912109375,1650.3018798828125,-0.051210202183476494,-0.10837091112472153,-0.02233446632023639,-0.07964582088612959
3,787.741283416748,1778170652.961514,189.5674591064453,1.0,0.0,-1.3234091997146606,144.5473175048828,136.57015991210938,144.5287322998047,135.7658233642578,82.18101501464844,80.61085510253906,80.59371185302734,82.47071075439453,24.98896217346191,24.737735748291016,24.73499298095703,25.03531265258789,8466.6904296875,4537.95458984375,4766.37890625,1861.9681396484375,-0.04999633642801171,-0.10232461113427338,-0.02150390078553177,-0.08081833680309514
3,787.7566938400269,1778170652.9769244,188.57240295410156,1.0,0.0,-1.328059196472168,143.30540466308594,132.6820068359375,143.89813232421875,135.31256103515625,82.18046569824219,80.60810852050781,80.59165954589844,82.46623992919922,24.988874435424805,24.73729705810547,24.734664916992188,25.03459930419922,7872.3779296875,4414.30126953125,5204.876953125,2036.26220703125,-0.05318862444572392,-0.12327945080552183,-0.020632436337440496,-0.07905294829078113
3,787.7723317146301,1778170652.9925623,187.6002960205078,1.0,0.0,-1.3048354387283323,141.7423553466797,136.6742706298828,143.3398895263672,134.65301513671875,82.179443359375,80.60491943359375,80.59004974365234,82.46173858642578,24.988710403442383,24.736785888671875,24.73440742492676,25.033878326416016,7609.26171875,3933.757080078125,5463.6435546875,1860.9080810546875,-0.05866293679432155,-0.09222015690455787,-0.019376626983620415,-0.07879296386129564
3,787.7876572608948,1778170653.0078878,186.6512756347656,1.0,0.0,-1.3252111673355105,141.30410766601562,129.8942108154297,142.6405792236328,133.75637817382812,82.17843627929688,80.60150146484375,80.58854675292969,82.4571762084961,24.988548278808594,24.73624038696289,24.734167098999023,25.03314781188965,7663.3876953125,3671.48193359375,5885.0751953125,1976.698974609375,-0.05680203068535117,-0.13286618413760543,-0.019199167884708768,-0.08027451353124193
3,787.8036971092224,1778170653.0239277,185.4820098876953,1.0,0.0,-1.299416184425354,141.67381286621094,132.0892791748047,141.44700622558594,133.54916381835938,82.177001953125,80.59746551513672,80.58694458007812,82.45195007324219,24.988319396972656,24.735595703125,24.733909606933594,25.032310485839844,7597.9462890625,3636.930908203125,5441.96875,2084.04931640625,-0.0483728553535826,-0.11265385581507659,-0.021275047141396164,-0.07591044146044745
3,787.8191330432892,1778170653.0393636,184.52679443359375,1.0,0.0,-1.2081605195999146,142.10023498535156,135.9152374267578,140.4720458984375,132.3961639404297,82.17619323730469,80.59414672851562,80.58516693115234,82.44734954833984,24.988189697265625,24.735063552856445,24.733627319335938,25.03157615661621,7868.40185546875,4016.6298828125,5080.89208984375,1763.0999755859375,-0.04056757592472504,-0.08222547138958025,-0.022989649463468043,-0.07914627783104888
3,787.835401058197,1778170653.0556316,183.5816650390625,1.0,0.0,-1.2379261255264282,140.8118133544922,131.5906524658203,139.56019592285156,130.97177124023438,82.17509460449219,80.59119415283203,80.58322143554688,82.44265747070312,24.988014221191406,24.734590530395508,24.733314514160156,25.030824661254883,7242.6318359375,4082.828369140625,4984.06591796875,1731.0592041015625,-0.044372102768706845,-0.10685283224632147,-0.024334473317364602,-0.08436353583540757
3,787.8511309623718,1778170653.0713615,182.65711975097656,1.0,0.0,-1.1426843404769895,139.29241943359375,126.52686309814452,138.44528198242188,129.78269958496094,82.17343139648438,80.5880126953125,80.58098602294922,82.43799591064453,24.987749099731445,24.734081268310547,24.73295783996582,25.030078887939453,6915.94921875,3858.33154296875,4626.42578125,1960.418701171875,-0.0498987064663432,-0.13687553763334448,-0.027229819128543498,-0.08808390342788863
3,787.8664557933807,1778170653.0866864,181.736083984375,0.9636247754096984,0.0,-1.189377784729004,138.55239868164062,129.64303588867188,137.91683959960938,128.65377807617188,82.17166137695312,80.5845718383789,80.57889556884766,82.43331146240234,24.987464904785156,24.733531951904297,24.73262405395508,25.02932929992676,6867.46533203125,3333.948486328125,5078.62744140625,1798.6761474609375,-0.05015680471235495,-0.1111360016537618,-0.02603169286238438,-0.09143487648002624
3,787.8820612430573,1778170653.1022918,180.6462860107422,0.9784196019172668,0.0,-1.2148535251617432,137.6701202392578,131.18255615234375,136.87071228027344,128.4394073486328,82.16954040527344,80.5802993774414,80.57640075683594,82.42794799804688,24.987125396728516,24.73284912109375,24.732223510742188,25.028472900390625,7094.71875,3476.243896484375,4666.16259765625,2069.5390625,-0.05051154773656208,-0.09515468622643575,-0.027588280088792105,-0.0874767490152415
3,787.897411108017,1778170653.1176417,179.7289581298828,1.0,0.0,-1.167810320854187,136.38487243652344,125.53062438964844,135.70664978027344,127.35553741455078,82.1678695678711,80.57701873779297,80.5738296508789,82.42333221435547,24.98685836791992,24.732322692871097,24.7318115234375,25.027732849121097,6843.53173828125,3889.377685546875,4252.22314453125,1693.02490234375,-0.05457479220145822,-0.12972016280399878,-0.030937547477180805,-0.0905591469321152
3,787.9136533737183,1778170653.133884,178.82069396972656,0.9764179587364196,0.0,-1.10935378074646,135.0980224609375,129.43394470214844,135.03402709960938,125.1164093017578,82.16594696044922,80.57377624511719,80.57118225097656,82.41839599609375,24.98655128479004,24.73180389404297,24.731388092041016,25.02694320678711,6589.52587890625,3605.986328125,4295.35205078125,1263.4205322265625,-0.05873860122883434,-0.09810142490738394,-0.030842997405693517,-0.1020106637326722
3,787.9291954040527,1778170653.149426,177.95814514160156,0.9654629826545716,0.0,-1.0938328504562378,134.71456909179688,123.34671020507812,134.4396209716797,122.3382797241211,82.1640853881836,80.57022857666016,80.56849670410156,82.41333770751953,24.98625373840332,24.73123550415039,24.730958938598633,25.026134490966797,6787.47314453125,3567.028564453125,4126.35791015625,1237.8074951171875,-0.056860946613401464,-0.13635156579450147,-0.030432379984095537,-0.11769410260393576
3,787.9445798397064,1778170653.1648104,177.08132934570312,0.969227969646454,0.0,-1.1530637741088867,133.7683563232422,126.95130157470705,133.58180236816406,121.67528533935548,82.1622314453125,80.56692504882812,80.56605529785156,82.40837860107422,24.98595809936523,24.730709075927734,24.730567932128903,25.025341033935547,6751.02734375,3881.52734375,4526.22314453125,1598.4300537109375,-0.05884825942660299,-0.1067116422184109,-0.03184872959938534,-0.11813058016705424
3,787.9598536491394,1778170653.1800842,175.96693420410156,1.0,0.0,-1.128343105316162,133.239990234375,124.83143615722656,132.5252227783203,121.40572357177734,82.16038513183594,80.56295776367188,80.56289672851562,82.402587890625,24.985660552978516,24.730072021484375,24.730064392089844,25.0244140625,7370.47607421875,3916.7412109375,4124.54833984375,1490.0882568359375,-0.05662892251446472,-0.1160652878532864,-0.03342363892909195,-0.11451180172040099
3,787.9751768112183,1778170653.1954074,175.0516357421875,1.0,0.0,-1.1764445304870603,133.0109405517578,124.21786499023438,131.81895446777344,118.71326446533205,82.1592025756836,80.55982971191406,80.56001281738281,82.39752960205078,24.9854736328125,24.729572296142575,24.729602813720703,25.023605346679688,7504.3330078125,4065.61669921875,4063.357177734375,1283.4361572265625,-0.05332649221574015,-0.11581085932624502,-0.03354778968036143,-0.12962229559601568
3,787.9907395839691,1778170653.2109702,174.1265869140625,1.0,0.0,-1.159752607345581,132.27471923828125,123.66938018798828,130.9899139404297,119.67057800292967,82.15798950195312,80.55661010742188,80.55729675292969,82.3925552368164,24.985279083251953,24.72905731201172,24.729167938232425,25.022808074951172,7298.6611328125,3950.3037109375,4117.7353515625,1502.04150390625,-0.05356499768676937,-0.11503848150933027,-0.03452404176362178,-0.11794232249099945
3,788.006076335907,1778170653.226307,173.21978759765625,0.99224454164505,0.0,-1.1468935012817385,130.84552001953125,122.37613677978516,130.52577209472656,117.84255981445312,82.15628051757812,80.55330657958984,80.5545883178711,82.38763427734375,24.985004425048828,24.72852897644043,24.72873306274414,25.022022247314453,6846.09130859375,3673.27783203125,4444.357421875,1546.921875,-0.05888999939627171,-0.11970846239686583,-0.032908728848145,-0.1268691177091068
3,788.0218186378479,1778170653.2420492,172.30438232421875,0.9931744933128356,0.0,-1.2024041414260864,130.35008239746094,125.20215606689452,130.14268493652344,119.32801818847656,82.15464782714844,80.5497817993164,80.55237579345703,82.38273620605469,24.984743118286133,24.72796630859375,24.72838020324707,25.021236419677734,7096.59130859375,3673.1435546875,4925.9326171875,1619.3189697265625,-0.057472523974095635,-0.09459523854451501,-0.03062428984298826,-0.11116573641308403
3,788.0368745326996,1778170653.257105,171.37796020507812,1.0,0.0,-1.228280782699585,129.71627807617188,118.71322631835938,129.61904907226562,118.06600189208984,82.15316772460938,80.54632568359375,80.55030059814453,82.37796783447266,24.984506607055664,24.72741317749023,24.72804832458496,25.02047348022461,7192.322265625,3715.61328125,4913.48779296875,1796.48974609375,-0.05698512729096261,-0.1368795067017684,-0.02930552909718609,-0.11581209329196307
3,788.0524134635925,1778170653.272644,170.4481964111328,1.0,0.0,-1.22710120677948,128.72215270996094,122.95255279541016,128.8486328125,116.64248657226562,82.15148162841797,80.543212890625,80.54813385009766,82.37321472167969,24.98423767089844,24.72691345214844,24.72770118713379,25.01971435546875,7033.693359375,4022.81884765625,4544.67529296875,1537.1728515625,-0.05910769514972114,-0.10118061650616184,-0.029811552727285084,-0.12170776651091375
3,788.0684504508972,1778170653.288681,169.38192749023438,0.971074104309082,0.0,-1.1083072423934937,127.79498291015624,120.16443634033205,127.62727355957033,117.41976928710938,82.149169921875,80.53892517089844,80.54513549804688,82.36727905273438,24.983867645263672,24.726226806640625,24.727222442626953,25.01876449584961,6797.5400390625,3477.247802734375,4504.4833984375,1343.026611328125,-0.0600045180063693,-0.11603275532176793,-0.032958492427376695,-0.11028925551547553
3,788.0838325023651,1778170653.304063,168.509765625,0.9490593671798706,0.0,-1.1479761600494385,127.20236206054688,118.36116790771484,127.5382308959961,115.35779571533205,82.14723205566406,80.53531646728516,80.54280090332031,82.36231994628906,24.983556747436523,24.725650787353516,24.72684860229492,25.01797103881836,6706.06591796875,3560.840087890625,4667.158203125,1520.447998046875,-0.05952093204361408,-0.12479164109223628,-0.028631516981407423,-0.12138915922094651
3,788.0993690490723,1778170653.3195996,167.63436889648438,0.9527320861816406,0.0,-1.1417280435562134,126.38916015625,120.98106384277344,126.51868438720705,115.83246612548828,82.14527893066406,80.53168487548828,80.54044342041016,82.35750579833984,24.983245849609375,24.725069046020508,24.726470947265625,25.017200469970703,6816.00634765625,3346.052734375,4491.40380859375,1891.0924072265625,-0.060653553387621684,-0.10074755989470419,-0.031364687179448514,-0.11316684293034407
3,788.1147418022156,1778170653.3349724,166.7332305908203,1.0,0.0,-1.180206060409546,126.01705169677734,113.74468231201172,125.6920394897461,116.45244598388672,82.1437759399414,80.52790069580078,80.53782653808594,82.35282897949219,24.983003616333008,24.724464416503903,24.726051330566406,25.01645278930664,7363.0322265625,3300.312744140625,4124.38232421875,1443.03369140625,-0.05835721709119679,-0.1499661381300672,-0.032492584383964185,-0.10360147526643104
3,788.1303191184998,1778170653.3505497,165.86021423339844,0.9994196891784668,0.0,-1.2031984329223633,125.2138671875,124.27688598632812,125.0707015991211,114.5716323852539,82.14230346679688,80.5242691040039,80.53501892089844,82.34794616699219,24.982769012451172,24.7238826751709,24.725603103637695,25.015670776367188,7279.884765625,3482.476806640625,4060.465087890625,1399.079345703125,-0.059434078464642215,-0.06636864167123024,-0.032207931891579666,-0.11343708235315875
3,788.1456446647644,1778170653.3658752,165.0154571533203,0.959361970424652,0.0,-1.1182270050048828,124.54727935791016,116.25775909423828,124.53963470458984,112.5575942993164,82.14060974121094,80.5205078125,80.53215026855469,82.34302520751953,24.982498168945312,24.72328186035156,24.725143432617188,25.01488494873047,7069.35302734375,3299.660888671875,3979.6689453125,1471.36865234375,-0.05965190116944896,-0.12214131485131641,-0.03138396363794205,-0.12456307921489185
3,788.1614625453949,1778170653.3816931,163.97027587890625,1.0,0.0,-1.1514666080474854,123.41092681884766,117.49270629882812,123.47994232177734,113.4865493774414,82.13851165771484,80.51622009277344,80.52864074707031,82.337158203125,24.982162475585938,24.72259521484375,24.72458267211914,25.013946533203125,7171.84765625,3785.622802734375,4222.912109375,1370.6925048828125,-0.06229222035229276,-0.10716117026583227,-0.03350416934629674,-0.11171168932174014
3,788.1767694950104,1778170653.397,163.03761291503906,1.0,0.0,-1.2055708169937134,123.5679168701172,117.10083770751952,123.31159210205078,111.5119171142578,82.13744354248047,80.51303100585938,80.52607727050781,82.3322525024414,24.981990814208984,24.722084045410156,24.72417259216309,25.013160705566406,8306.6708984375,4305.54052734375,4369.68310546875,1492.697509765625,-0.0557283524676675,-0.10504853477228482,-0.02930053272098665,-0.12217457095443085
3,788.192462682724,1778170653.4126933,162.0663604736328,1.0,0.0,-1.3741635084152222,124.0778579711914,118.47091674804688,122.0341339111328,113.23091888427734,82.13719177246094,80.51054382324219,80.52338409423828,82.3273696899414,24.981950759887695,24.72168731689453,24.72374153137207,25.012378692626953,8992.791015625,5183.8232421875,4233.87841796875,1444.42919921875,-0.04614921660920923,-0.08915147493926856,-0.03359951711444231,-0.1033006898695491
3,788.2077655792236,1778170653.4279962,161.06500244140625,1.0,0.0,-1.3841146230697632,123.28278350830078,118.5604476928711,121.84812927246094,110.8680419921875,82.13690948486328,80.50879669189453,80.52052307128906,82.32244873046875,24.981904983520508,24.721406936645508,24.723283767700195,25.01159286499023,8431.3984375,5930.77978515625,4135.1201171875,1400.145751953125,-0.046369175360218895,-0.08279600724749259,-0.02907345086105262,-0.11655426720589057
3,788.2234661579132,1778170653.4436967,160.06185913085938,1.0,0.0,-1.3764511346817017,122.53977966308594,117.73724365234376,121.46302032470705,109.3556671142578,82.13634490966797,80.50696563720703,80.51786041259766,82.31759643554688,24.98181533813477,24.721115112304688,24.72285842895508,25.010814666748047,8415.5927734375,5379.09716796875,4558.0458984375,1761.892578125,-0.046175945414420716,-0.08345604597013057,-0.0260763466593269,-0.12314431793004743
3,788.238687992096,1778170653.4589186,159.0523681640625,1.0,0.0,-1.4449527263641355,121.61619567871094,115.15770721435548,121.1085968017578,111.9151840209961,82.13562774658203,80.50458526611328,80.51594543457031,82.31291961669922,24.981700897216797,24.720733642578125,24.722551345825195,25.010066986083984,8137.00048828125,4700.21240234375,5927.3720703125,1961.142822265625,-0.04735672327444751,-0.09784707971028761,-0.022754843104889844,-0.09692554730820391
3,788.2539563179016,1778170653.474187,157.869873046875,1.0,0.0,-1.4457980394363403,119.86017608642578,108.35382080078124,120.70915222167967,112.55963897705078,82.13416290283203,80.50068664550781,80.51456451416016,82.30769348144531,24.98146629333496,24.720109939575195,24.72233009338379,25.009231567382812,7466.18017578125,3223.22802734375,6467.29638671875,2735.05859375,-0.054079398373846455,-0.14479100522191435,-0.018682295385623493,-0.0849219986058678
3,788.2696368694305,1778170653.4898674,156.97271728515625,0.8604450821876526,0.0,-1.4132407903671265,119.96450805664062,114.58544158935548,120.12732696533205,114.7680206298828,82.13272094726562,80.4959945678711,80.51325225830078,82.3037109375,24.98123550415039,24.7193603515625,24.72212028503418,25.008594512939453,7442.3740234375,1598.4219970703125,6133.3720703125,2648.90087890625,-0.047845040624220014,-0.0904374802443777,-0.01783075346732521,-0.06163586887234762
3,788.2847678661346,1778170653.5049984,156.20362854003906,0.7823187112808228,0.0,-1.3810068368911743,118.99444580078124,108.31941986083984,119.93926239013672,115.86892700195312,82.13066101074219,80.49101257324219,80.51187896728516,82.29950714111328,24.98090553283691,24.718563079833984,24.721900939941406,25.00792121887207,6104.45703125,1837.2379150390625,6182.4013671875,2425.07421875,-0.05089424855996316,-0.13594279331537018,-0.014540115847013313,-0.047970183257191046
3,788.300413608551,1778170653.5206442,155.48880004882812,0.7775949239730835,0.0,-1.4116469621658323,118.2467041015625,110.01049041748048,119.2769546508789,116.45179748535156,82.12828826904297,80.48606872558594,80.51046752929688,82.29533386230469,24.980525970458984,24.717769622802734,24.721675872802734,25.007253646850582,6361.42041015625,1476.8038330078125,5951.13525390625,2615.057373046875,-0.052522369952481385,-0.11841888492073394,-0.015476414694293061,-0.03878228160819741
3,788.315821647644,1778170653.5360522,154.8229522705078,0.7202050089836121,0.0,-1.3091984987258911,117.84063720703124,110.33907318115234,118.7616958618164,116.57579803466795,82.12583923339844,80.48096466064453,80.50867462158203,82.29120635986328,24.980133056640625,24.71695327758789,24.72138786315918,25.006591796875,6010.64306640625,1304.514404296875,5440.94921875,2271.31298828125,-0.05171524176250086,-0.11198300669092831,-0.015513556654237481,-0.03362043957878069
3,788.3315126895905,1778170653.5517433,154.22317504882812,0.7173483371734619,0.0,-1.180184245109558,117.02558135986328,104.36318969726562,118.37149047851562,114.61832427978516,82.12310791015625,80.47586059570312,80.50657653808594,82.2863998413086,24.979698181152344,24.716136932373047,24.721052169799805,25.00582504272461,5833.04296875,1411.6712646484375,5157.404296875,948.8848266601562,-0.054611750481527443,-0.15681088031503743,-0.014932092319819623,-0.0461521653382867
3,788.3471055030823,1778170653.567336,153.51914978027344,0.7264247536659241,0.0,-1.0864031314849854,116.3001708984375,106.77994537353516,117.09400939941406,112.9350128173828,82.11991882324219,80.46973419189453,80.5031967163086,82.2804946899414,24.97918701171875,24.71515655517578,24.72051239013672,25.004878997802734,5986.60595703125,1376.413330078125,3594.2158203125,1387.2730712890625,-0.05616336821095358,-0.1333286753735372,-0.021094396241492785,-0.055850576733201596
3,788.3633484840393,1778170653.583579,152.88412475585938,0.7853702306747437,0.0,-1.0586941242218018,115.2855453491211,109.53336334228516,116.4584732055664,112.07474517822266,82.11734008789062,80.46481323242188,80.49992370605469,82.27557373046875,24.978775024414062,24.714370727539062,24.719987869262695,25.004091262817383,6102.53466796875,2135.479736328125,3671.42529296875,1272.185546875,-0.06051143249740154,-0.1072881049418225,-0.02236352803359365,-0.059150730580806
3,788.379086971283,1778170653.5993176,152.19354248046875,0.8426750302314758,0.0,-0.9982346892356871,113.21389770507812,106.3030242919922,115.23143768310548,110.70710754394533,82.11457061767578,80.46058654785156,80.496337890625,82.2706527709961,24.97833251953125,24.713693618774418,24.71941375732422,25.00330352783203,5518.48974609375,2928.143310546875,2992.22119140625,1403.6885986328125,-0.07320741770521821,-0.12968456863481304,-0.02827483742873904,-0.06641479324723198
3,788.3943574428558,1778170653.614588,151.45901489257812,0.8646416664123535,0.5,-0.9185704588890076,111.6117706298828,108.90657043457033,114.19295501708984,109.91156768798828,82.1114730834961,80.45668029785156,80.49239349365234,82.26573944091797,24.97783660888672,24.713069915771484,24.71878242492676,25.002517700195312,5751.6806640625,3449.317138671875,2691.35498046875,1568.4498291015625,-0.08189172292897051,-0.10404490456370097,-0.0323620827536405,-0.06862847129729677
3,788.4096143245697,1778170653.629845,150.51210021972656,0.9279850125312804,0.5,-0.875577449798584,108.69813537597656,108.51851654052734,113.2391128540039,107.59407806396484,82.10755920410156,80.4527587890625,80.48768615722656,82.25983428955078,24.977209091186523,24.712440490722656,24.718029022216797,25.00157356262207,5338.97607421875,4300.14208984375,2894.316162109375,1162.4649658203125,-0.10023372496715943,-0.10162073017384043,-0.034407826988537504,-0.08253049935317325
3,788.4249894618988,1778170653.64522,149.69424438476562,0.9474385380744934,0.5,-0.9283694624900818,106.62456512451172,107.8223876953125,112.85923767089844,105.15608978271484,82.10436248779297,80.44982147216797,80.48395538330078,82.25491333007812,24.97669792175293,24.711971282958984,24.71743392944336,25.00078582763672,5684.87548828125,4168.12939453125,3310.365478515625,1342.576171875,-0.11257593210974526,-0.1025068716732751,-0.03238920624319652,-0.09842053916302174
3,788.4408688545227,1778170653.6610994,148.80882263183594,1.0,0.3818181753158569,-0.9446942806243896,107.08072662353516,106.8926773071289,112.2022933959961,103.17765045166016,82.10215759277344,80.44667053222656,80.48041534423828,82.25,24.97634506225586,24.71146774291992,24.71686553955078,25.0,7060.541015625,4108.91015625,3256.515869140625,1333.0474853515625,-0.10347653379146704,-0.10495151080355103,-0.03229775713261185,-0.1101196097558036
3,788.4561822414398,1778170653.6764128,147.93826293945312,1.0,0.2454545497894287,-0.98377525806427,106.89653778076172,105.27507781982422,111.4670867919922,99.4009780883789,82.10017395019531,80.44377136230469,80.47673797607422,82.2451171875,24.976028442382812,24.711002349853516,24.716278076171875,24.999217987060547,7003.83837890625,4633.87890625,3465.42236328125,1159.497802734375,-0.09975201724417881,-0.11330890743268396,-0.03298139404392875,-0.13764750142817328
3,788.4718387126923,1778170653.6920693,147.03135681152344,1.0,0.1090908944606781,-0.9409754872322084,106.49156188964844,105.18675994873048,110.5553970336914,104.3811264038086,82.09832763671875,80.44087982177734,80.47293853759766,82.240234375,24.975730895996097,24.710540771484375,24.715669631958008,24.998435974121097,6621.7421875,4289.56591796875,3116.223388671875,1418.6397705078125,-0.09763079778869133,-0.10858815133035915,-0.034974747598648936,-0.08885667601136771
3,788.487154006958,1778170653.7073846,146.1566619873047,0.966427206993103,0.0,-0.9837952256202698,105.39354705810548,102.6444091796875,110.56282806396484,102.5772476196289,82.0962142944336,80.43771362304688,80.4693374633789,82.2353515625,24.97539520263672,24.710033416748047,24.7150936126709,24.997655868530273,6540.560546875,3645.288818359375,3638.986328125,1500.0146484375,-0.10159028836238926,-0.12492762669975976,-0.029134167276137157,-0.09924411293413127
3,788.5033469200134,1778170653.7235775,145.1373291015625,0.9609902501106262,0.0,-1.1374424695968628,105.45466613769533,102.36647033691406,111.05738830566406,98.95783996582033,82.09391021728516,80.4334487915039,80.4659423828125,82.2294921875,24.975025177001953,24.7093505859375,24.714550018310547,24.99671936035156,6794.25341796875,3317.1455078125,5119.9052734375,1319.1630859375,-0.09475589156640485,-0.12116794007162346,-0.01794225801444449,-0.12492401895265437
3,788.5188763141632,1778170653.739107,144.30783081054688,0.9688752293586732,0.0,-1.1076337099075315,105.36235809326172,103.251708984375,109.9488296508789,100.7656021118164,82.0921401977539,80.42985534667969,80.46324920654297,82.22461700439453,24.974742889404297,24.708776473999023,24.71411895751953,24.99593734741211,7206.2685546875,3349.423583984375,4412.97314453125,1563.431640625,-0.09034938815916504,-0.10847271402353387,-0.022156379807138582,-0.10381620018609827
3,788.5344989299774,1778170653.7547295,143.4272003173828,1.0,0.0,-1.1269524097442627,104.63735961914062,104.51449584960938,109.23848724365234,99.94843292236328,82.09062194824219,80.42647552490234,80.46046447753906,82.21977233886719,24.974498748779297,24.708236694335938,24.71367454528809,24.995162963867188,7179.98974609375,3687.18408203125,4369.361328125,1686.85986328125,-0.091061951003928,-0.09202832937989314,-0.022508813062155353,-0.10562602914222907
3,788.5501177310944,1778170653.7703483,142.546630859375,1.0,0.0,-1.0966789722442627,103.56715393066406,101.85009765625,108.56295013427734,98.7636260986328,82.08897399902344,80.42342376708984,80.45734405517578,82.21488952636719,24.97423553466797,24.707748413085938,24.71317481994629,24.994380950927734,7053.0595703125,3974.431396484375,4074.272705078125,1438.8258056640625,-0.09480089192270436,-0.10970941170735393,-0.02255264949389857,-0.11076867583962036
3,788.5654489994049,1778170653.7856796,141.70045471191406,1.0,0.0,-1.1284632682800293,102.13147735595705,98.46266174316406,108.9968490600586,100.65730285644533,82.08706665039062,80.42044830322266,80.45429992675781,82.21000671386719,24.97393035888672,24.707271575927734,24.71268844604492,24.99360084533691,6804.16943359375,3914.73095703125,4386.9189453125,1307.452392578125,-0.10201847246562057,-0.13417999203192676,-0.012785799723140534,-0.0883067728399346
3,788.5811493396759,1778170653.80138,140.74298095703125,0.9275115132331848,0.0,-1.1137675046920776,100.95279693603516,106.5735321044922,105.53983306884766,103.43163299560548,82.08448028564453,80.41659545898438,80.45084381103516,82.20414733886719,24.9735164642334,24.706655502319336,24.712135314941406,24.992664337158203,6368.15869140625,3263.1767578125,4651.51806640625,1433.6416015625,-0.10634344940205265,-0.05648262113619984,-0.037593933274086,-0.05680537002293873
3,788.5965378284454,1778170653.8167684,139.95016479492188,0.8889951705932617,0.0,-1.133480429649353,100.35338592529295,97.12151336669922,106.73597717285156,105.7221450805664,82.08208465576172,80.4131851196289,80.4482192993164,82.19927215576172,24.973133087158203,24.70610809326172,24.711715698242188,24.99188232421875,6075.0615234375,3155.333740234375,4901.59716796875,1712.6903076171875,-0.10661707308705548,-0.13529231961797283,-0.021172616657073484,-0.03045664241354007
3,788.6119954586029,1778170653.832226,139.13575744628906,0.8760809302330017,0.0,-1.12520170211792,99.50150299072266,97.73592376708984,104.22225189208984,104.22225189208984,82.07958221435547,80.40967559814453,80.44547271728516,82.19456481933594,24.972732543945312,24.705547332763672,24.711275100708008,24.991130828857425,5994.7861328125,2997.2294921875,4644.06591796875,2016.7767333984375,-0.10901597602601742,-0.12472856536815657,-0.03863038829322929,-0.038617130893123686
3,788.6271405220032,1778170653.847371,138.3516845703125,0.8901717662811279,0.0,-1.0793522596359253,98.57298278808594,98.66307830810548,105.4175262451172,105.4175262451172,82.0770263671875,80.40618896484375,80.44251251220703,82.18982696533203,24.97232437133789,24.70499038696289,24.71080207824707,24.99037170410156,5956.3251953125,3309.3837890625,4329.96484375,1772.3133544921875,-0.11232808496597158,-0.11141802453149974,-0.022094106350574183,-0.02208062091319407
3,788.6434698104858,1778170653.8637004,137.57716369628906,0.9449757933616638,0.0,-1.0289795398712158,96.65152740478516,101.22898864746094,105.15931701660156,102.2227020263672,82.07437896728516,80.40318298339844,80.43942260742188,82.18498229980469,24.971900939941406,24.704509735107425,24.710308074951172,24.98959732055664,5936.7880859375,3898.695068359375,4141.6572265625,1352.6903076171875,-0.12473129124829174,-0.08317629063867993,-0.018997533411184264,-0.046379259991012
3,788.6592655181885,1778170653.879496,136.6923370361328,0.9722765684127808,0.0,-1.1048144102096558,99.49715423583984,91.8763656616211,104.34669494628906,98.7507781982422,82.07184600830078,80.39954376220703,80.43560791015625,82.17912292480469,24.97149658203125,24.70392608642578,24.709697723388672,24.988658905029297,6426.8115234375,3666.721435546875,4088.20849609375,1001.0294189453124,-0.09312898093548339,-0.16249592586884787,-0.020277181009852097,-0.07280508486301163
3,788.6742513179779,1778170653.894482,135.9219512939453,0.981421947479248,0.0,-1.13446843624115,97.56963348388672,100.36363220214844,103.85316467285156,95.78683471679688,82.06997680664062,80.3964614868164,80.43241119384766,82.17424011230469,24.971195220947266,24.703433990478516,24.70918655395508,24.987876892089844,7119.06396484375,3468.1552734375,4134.427734375,1154.312255859375,-0.10565701352901169,-0.07994442940629642,-0.019384330189388677,-0.09553679286057071
3,788.6897716522217,1778170653.9100022,135.12777709960938,1.0,0.0,-1.0522637367248535,97.13409423828124,90.58385467529295,103.3037338256836,92.6662368774414,82.06865692138672,80.3932113647461,80.42923736572266,82.16935729980469,24.970985412597656,24.70291328430176,24.70867919921875,24.987096786499023,7907.13330078125,3572.6826171875,4101.546875,953.3276977539062,-0.10441647684923383,-0.16471736150355953,-0.01883944371692914,-0.11986036748149431
3,788.7056374549866,1778170653.925868,134.2876434326172,1.0,0.0,-1.1752151250839231,96.73886108398438,99.17642211914062,101.83688354492188,93.72816467285156,82.06756591796875,80.39019012451172,80.42591857910156,82.16447448730469,24.97080993652344,24.702430725097656,24.708147048950195,24.986316680908203,7667.76171875,3773.4970703125,3898.243408203125,1657.6644287109375,-0.10248038217296795,-0.07976303676163266,-0.026720127851129094,-0.10420477394755101
3,788.7211740016937,1778170653.9414046,133.4224853515625,1.0,0.0,-1.0716638565063477,95.84066772460938,89.80309295654297,101.58431243896484,92.64264678955078,82.06635284423828,80.38711547851562,80.4224624633789,82.15959167480469,24.97061538696289,24.70193862915039,24.70759391784668,24.98553466796875,7555.0419921875,3722.936279296875,3692.366455078125,1560.9891357421875,-0.10504780589913665,-0.16133299361602516,-0.02283857657199173,-0.10883809902321606
3,788.7372102737427,1778170653.9574409,132.41098022460938,0.9987537264823914,0.0,-1.2020853757858276,94.32576751708984,95.34034729003906,101.14405059814452,90.97348022460938,82.06464385986328,80.38347625732422,80.41854858398438,82.15373229980469,24.9703426361084,24.70135498046875,24.706966400146484,24.984596252441406,7165.14306640625,3518.90576171875,4036.5478515625,1537.59228515625,-0.11246522237494072,-0.1028191017084994,-0.019641235397277246,-0.1182093454676445
3,788.7532272338867,1778170653.9734578,131.5764923095703,0.9588695764541626,0.0,-1.0156681537628174,93.13732147216795,90.61824798583984,100.8076171875,89.87312316894531,82.06291198730469,80.38018798828125,80.41544342041016,82.14884948730469,24.97006607055664,24.700828552246097,24.706470489501953,24.983816146850582,6790.65966796875,3307.75927734375,4531.01708984375,1619.0025634765625,-0.11808958359878885,-0.14184715532858005,-0.01670520727667124,-0.1233500489293371
3,788.7686491012573,1778170653.9888797,130.78526306152344,0.9375725984573364,0.0,-1.4212247133255005,96.93338775634766,93.44859313964844,100.2715301513672,89.91632843017578,82.06121826171875,80.37705993652344,80.41259765625,82.14398956298828,24.96979522705078,24.700328826904297,24.706016540527344,24.9830379486084,6350.26025390625,3315.5419921875,4901.5283203125,1977.580078125,-0.07659204065599035,-0.10969000944998719,-0.016017156151495904,-0.11762247449750318
3,788.7847247123718,1778170654.0049553,129.84214782714844,0.8774480223655701,0.0,-1.0779569149017334,93.25701141357422,91.2102508544922,99.65396881103516,91.07666015625,82.05880737304688,80.37289428710938,80.40924835205078,82.13825988769531,24.969409942626953,24.699663162231445,24.70547866821289,24.982120513916016,6391.74609375,2699.781005859375,4873.1494140625,2053.03271484375,-0.10516114114232278,-0.12470338522659508,-0.014974206421852765,-0.09974386702183669
3,788.8004024028778,1778170654.020633,129.06427001953125,0.8737085461616516,0.0,-1.1440922021865845,92.01873016357422,89.0436782836914,98.95408630371094,92.02095794677734,82.05684661865234,80.36933135986328,80.4063720703125,82.13346862792969,24.96909523010254,24.69909286499023,24.705018997192383,24.981353759765625,6431.34814453125,2670.4482421875,4599.90478515625,1894.85107421875,-0.11172131899658488,-0.14034468620135732,-0.015997055568245933,-0.08492771110995201
3,788.8158721923828,1778170654.0361028,128.29039001464844,0.8999563455581665,0.0,-1.126091718673706,90.85519409179688,96.07814025878906,98.13818359375,92.1396713256836,82.05496215820312,80.36585998535156,80.40322875976562,82.12859344482422,24.968793869018555,24.69853782653809,24.704517364501953,24.98057556152344,6587.60107421875,2791.224853515625,4218.7197265625,1736.1734619140625,-0.11766264179243136,-0.06683648103943463,-0.01822360886637764,-0.07822013671530481
3,788.8310370445251,1778170654.0512676,127.56483459472656,0.8640592694282532,0.0,-1.1400015354156494,95.40480041503906,89.6343765258789,97.5560302734375,91.91514587402344,82.05305480957031,80.36229705810547,80.39985656738281,82.12371826171875,24.968488693237305,24.697967529296875,24.70397567749023,24.979793548583984,6128.57275390625,2933.32861328125,3872.9580078125,1611.80126953125,-0.06820947561587498,-0.12447022268997654,-0.018496519861753602,-0.0752362578114062
3,788.846120595932,1778170654.0663512,126.86955261230467,0.8835142850875854,0.0,-1.097423434257507,90.6325225830078,84.51750946044922,96.8572769165039,91.44969940185548,82.05107116699219,80.3589096069336,80.3963394165039,82.1188735961914,24.968170166015625,24.697425842285156,24.703414916992188,24.979019165039062,6108.2724609375,3021.626220703125,3675.77880859375,1680.370361328125,-0.1099678551380805,-0.16992645643757942,-0.02018622491315014,-0.07487683218719998
3,788.861822605133,1778170654.0820532,126.14459228515624,0.867255687713623,0.5,-1.0777721405029297,92.58650207519533,91.07128143310548,96.50355529785156,89.55742645263672,82.0489730834961,80.35551452636719,80.39278411865234,82.11402893066406,24.96783447265625,24.696882247924805,24.70284652709961,24.97824478149414,6158.193359375,2843.24658203125,3853.38330078125,1119.324462890625,-0.08555398445674689,-0.10041936157303855,-0.01815401073831613,-0.08881271485972886
3,788.877907037735,1778170654.0981376,125.35382080078124,0.8611949682235718,0.5,-1.108292579650879,89.9251480102539,91.2911376953125,95.96985626220705,86.90556335449219,82.04672241210938,80.35124969482422,80.38861846923828,82.10820007324219,24.96747589111328,24.696199417114254,24.702178955078125,24.977312088012695,6172.484375,2755.28173828125,3972.649658203125,1139.5211181640625,-0.10623649314048789,-0.09255913484721712,-0.017424428149258153,-0.11021580638200068
3,788.8934469223022,1778170654.1136775,124.6627960205078,0.8980686068534851,0.5,-1.1109130382537842,87.20899963378906,84.40522003173828,95.3884506225586,85.17880249023438,82.04473114013672,80.34786987304688,80.38524627685547,82.10331726074219,24.96715545654297,24.695659637451172,24.70163917541504,24.976531982421875,6299.35107421875,3217.74267578125,4162.779296875,1218.4422607421875,-0.1284275899037578,-0.1563550084143127,-0.01796350935992752,-0.12306107024697144
3,788.9090800285339,1778170654.1293106,123.9644775390625,0.9443689584732056,0.409090906381607,-1.2270959615707395,89.22099304199219,83.35147857666016,94.34698486328124,84.13665771484375,82.04305267333984,80.34469604492188,80.38166809082031,82.09846496582031,24.966888427734375,24.695152282714844,24.701066970825195,24.975753784179688,6478.54443359375,3509.06689453125,3755.520263671875,1255.3785400390625,-0.1032965701247982,-0.16219423699515856,-0.023213911998980707,-0.12891068870693867
3,788.9241316318512,1778170654.1443622,123.2025375366211,0.9728399515151978,0.2727272510528564,-1.160017490386963,93.79302215576172,91.60400390625,93.8241729736328,86.88655853271484,82.04156494140625,80.34159088134766,80.37813568115234,82.09362030029297,24.966650009155273,24.69465446472168,24.70050048828125,24.97497940063477,6836.587890625,3553.926025390625,3890.25341796875,1206.0721435546875,-0.05151621770907977,-0.07354977032703236,-0.022619238155915933,-0.0948769474299016
3,788.9399843215942,1778170654.160215,122.51546478271484,0.9505703449249268,0.1363636255264282,-1.1640437841415403,86.55162811279297,84.34219360351562,93.37245178222656,83.13253784179688,82.04015350341797,80.33834075927734,80.37459564208984,82.08877563476562,24.96642303466797,24.69413375854492,24.699935913085938,24.974205017089844,6787.54296875,3221.62939453125,3954.42724609375,977.41552734375,-0.11983648413255366,-0.14220942568804618,-0.021870077018087186,-0.12912703243990065
3,788.9553399085999,1778170654.1755705,121.82698059082033,0.93162739276886,0.0,-1.4254815578460691,89.03433990478516,84.81515502929688,93.00643920898438,82.73975372314453,82.038818359375,80.3349609375,80.37117004394531,82.08392333984375,24.966209411621097,24.693593978881836,24.699386596679688,24.973426818847656,6933.49560546875,2857.0791015625,4151.64306640625,876.8635864257812,-0.08947244088073392,-0.13252439755036594,-0.02019820393058236,-0.1283433927935803
3,788.9711449146271,1778170654.1913755,120.9937744140625,0.8935410976409912,0.0,-1.2022730112075806,84.94502258300781,87.61624145507812,92.63235473632812,86.25692749023438,82.03726196289062,80.33049011230469,80.36717987060547,82.07806396484375,24.965961456298828,24.69287872314453,24.698749542236328,24.972490310668945,7016.8046875,2369.15283203125,4421.21240234375,1402.991943359375,-0.12531043802522945,-0.09770430823411203,-0.017418973873966737,-0.08503255327453363
3,788.9862976074219,1778170654.2065282,120.3090362548828,0.9012277126312256,0.0,-1.3837076425552368,86.81462097167969,80.1519775390625,92.1057586669922,85.2208480834961,82.03609466552734,80.3267593383789,80.3639907836914,82.0732192993164,24.965774536132812,24.69228172302246,24.698238372802734,24.97171401977539,6872.25634765625,2759.8837890625,4529.51416015625,1810.5128173828125,-0.10097108855934689,-0.16987540071160034,-0.01744418424473615,-0.09087774939453919
3,789.0017259120941,1778170654.2219565,119.57858276367188,0.8961141705513,0.0,-1.3488943576812744,90.74496459960938,80.93904113769531,91.6578598022461,84.61429595947266,82.03485107421875,80.32313537597656,80.36090087890625,82.06837463378906,24.965576171875,24.69170188903809,24.697744369506836,24.97093963623047,6755.2119140625,2636.63232421875,4941.23095703125,1822.3935546875,-0.054529100571320765,-0.15660321182664827,-0.016249412528716256,-0.09183444367114657
3,789.0171275138855,1778170654.237358,118.89480590820312,0.8731975555419922,0.0,-1.3226420879364014,83.8468246459961,82.52273559570312,91.24081420898438,84.11109924316406,82.0335922241211,80.31939697265625,80.35787200927734,82.06352996826172,24.96537399291992,24.691102981567383,24.69725799560547,24.970165252685547,6658.8369140625,2492.33056640625,4873.0126953125,1660.897705078125,-0.1213765898275404,-0.1351555085762759,-0.015093589441123156,-0.09204335848129863
3,789.0335459709167,1778170654.2537766,118.11101531982422,0.8566859364509583,0.0,-1.426621675491333,84.49193572998047,84.53302764892578,91.64201354980467,87.40025329589844,82.0320816040039,80.31494140625,80.35433197021484,82.05770111083984,24.965133666992188,24.690391540527344,24.696693420410156,24.96923065185547,6410.55126953125,2474.29638671875,5114.3623046875,1374.0875244140625,-0.10874107933913058,-0.1082085367193707,-0.00419818310734188,-0.050276965144236074
3,789.0492758750916,1778170654.2695065,117.51238250732422,0.8475024104118347,0.0,-1.3280717134475708,88.06555938720703,76.14685821533203,90.04411315917969,88.11341094970703,82.03059387207031,80.3112564086914,80.35157012939453,82.0528335571289,24.96489524841309,24.689800262451172,24.696250915527344,24.96845245361328,6352.48583984375,2537.027587890625,5304.66796875,1026.012939453125,-0.06631259764267972,-0.1925871678293002,-0.01657693957272366,-0.03764996763948081
3,789.0645527839661,1778170654.2847834,116.84883880615234,0.9216776490211488,0.0,-1.3583194017410278,80.63847351074219,81.58492279052734,86.20716094970703,85.77131652832031,82.02906036376953,80.30792236328125,80.34859466552734,82.04798889160156,24.964649200439453,24.689266204833984,24.69577407836914,24.96767807006836,6407.46484375,3361.745849609375,4954.64501953125,1201.80908203125,-0.14020101190245093,-0.13001293507888667,-0.05313593186483856,-0.057910076724967396
3,789.0799808502197,1778170654.3002114,116.09164428710938,1.0,0.0,-1.4970479011535645,81.71302032470703,81.7053451538086,87.41697692871094,87.0909194946289,82.02763366699219,80.30560302734375,80.34542846679688,82.04312896728516,24.964420318603516,24.68889617919922,24.695268630981445,24.966899871826172,6414.515625,6131.794921875,4783.46533203125,1183.0772705078125,-0.12306110346090249,-0.12304603490517985,-0.03358532654327884,-0.037176688787345036
3,789.0960438251495,1778170654.3162744,115.28826141357422,1.0,0.0,-1.5269585847854614,82.72856903076172,79.31246185302734,84.22415924072266,83.63654327392578,82.02610778808594,80.304443359375,80.34228515625,82.03824615478516,24.964176177978516,24.688711166381836,24.694765090942383,24.96611785888672,6151.42578125,6799.85498046875,4864.3212890625,743.2330932617188,-0.10597542882754296,-0.14279710282474856,-0.06239419238459476,-0.06892285058817871
3,789.1107993125916,1778170654.33103,114.51813507080078,1.0,0.0,-1.428950309753418,84.25235748291016,76.22797393798828,88.54659271240234,80.26530456542969,82.02449798583984,80.30270385742188,80.3393783569336,82.03336334228516,24.96392059326172,24.688432693481445,24.69430160522461,24.9653377532959,6100.50537109375,0.0,5311.244140625,95.92982482910156,-0.08338527968796605,-0.17059356704386197,-0.007646783965856385,-0.10044385576538528
3,789.126758813858,1778170654.3469894,113.97908782958984,1.0,0.0,-1.2471414804458618,80.11737060546875,72.59717559814453,88.52843475341797,74.48977661132812,82.02272033691406,80.29916381835938,80.33645629882812,82.02750396728516,24.963634490966797,24.6878662109375,24.693832397460938,24.964401245117188,6023.9873046875,7803.169921875,6309.578125,0.0,-0.12424919899138576,-0.20636312694850834,-0.0031580572068172774,-0.1612236472829005
3,789.1422874927521,1778170654.362518,113.26544189453124,1.0,0.0,-1.530859112739563,85.78841400146484,80.14684295654297,88.34736633300781,67.9825668334961,82.02130889892578,80.2993392944336,80.33462524414062,82.02262115478516,24.963409423828125,24.68789291381836,24.693538665771484,24.963619232177734,5958.53173828125,9363.8466796875,7438.869140625,0.0,-0.05635151308589148,-0.1183092475919979,0.0010709946406328719,-0.22967353623933318
3,789.1579773426056,1778170654.378208,112.66329193115234,1.0,0.0,-1.3552663326263428,76.76858520507812,78.06732940673828,88.25761413574219,61.46223831176758,82.01953125,80.29859924316406,80.33352661132812,82.01773834228516,24.963125228881836,24.687774658203125,24.693363189697266,24.96283721923828,4880.62548828125,7381.67041015625,8782.3671875,0.0,-0.15105387038768225,-0.13659576278857344,0.005398980430534772,-0.299834643319153
3,789.1734998226166,1778170654.3937304,112.07195281982422,1.0,0.5,-1.4765095710754397,81.95051574707031,73.24356079101562,87.4788589477539,51.56390380859375,82.01715087890625,80.29753875732422,80.33303833007812,82.01285552978516,24.962743759155273,24.68760681152344,24.693286895751953,24.96205711364746,3743.163818359375,6761.81298828125,9928.171875,0.0,-0.08896768025685298,-0.1856711901459418,0.0017857838733255083,-0.40949506246489975
3,789.1895513534546,1778170654.409782,111.35084533691406,1.0,0.5,-1.53442645072937,83.34263610839844,80.46556854248047,86.87039184570312,40.06991958618164,82.0146255493164,80.29542541503906,80.33321380615234,82.00699615478516,24.96234130859375,24.687267303466797,24.693313598632812,24.96112060546875,6297.57080078125,5192.49267578125,11349.2119140625,0.0,-0.06749161164486794,-0.09958264871198719,0.001260207009997627,-0.5381513955151163
3,789.2048144340515,1778170654.425045,110.81535339355467,0.9929239153862,0.5,-1.5165704488754272,75.40538787841797,68.11915588378906,86.81489562988281,30.183910369873047,82.0133056640625,80.29293823242188,80.33397674560547,82.00211334228516,24.962127685546875,24.686870574951172,24.693435668945312,24.960338592529297,6373.5693359375,4005.412353515625,12114.064453125,0.0,-0.15222330254676952,-0.23405671786970927,0.005455851605313589,-0.6504170442624894
3,789.2205929756165,1778170654.4408236,110.25931549072266,0.9001450538635254,0.409090906381607,-1.4996130466461182,81.50776672363281,75.44896697998047,86.34703063964844,20.879859924316406,82.01197814941406,80.28992462158203,80.33522033691406,81.99723052978516,24.961915969848633,24.68638801574707,24.693634033203125,24.959556579589844,5903.974609375,3283.437744140625,13000.9296875,0.0,-0.07899341683249417,-0.14736079974669936,0.005080413280919682,-0.7569548427424228
3,789.23606133461,1778170654.456292,109.85308074951172,0.886661946773529,0.2727272510528564,-1.2044737339019775,70.51427459716797,72.28723907470703,85.86595153808594,12.344449043273926,82.01034545898438,80.2867431640625,80.33668518066406,81.99234771728516,24.961654663085938,24.68587875366211,24.693870544433594,24.95877456665039,7147.45458984375,2901.08642578125,12966.39453125,0.0,-0.2002691780093554,-0.1800701708799166,0.003176708775905368,-0.8557771233738499
3,789.2516350746155,1778170654.4718657,109.3697509765625,1.0,0.1363636255264282,-1.1947591304779053,76.0698471069336,77.67477416992188,85.03822326660156,2.599074363708496,82.01005554199219,80.28356170654297,80.33763122558594,81.98746490478516,24.96160888671875,24.68536949157715,24.694021224975582,24.95799446105957,8642.71875,3062.130859375,11680.5322265625,0.0,-0.1334485512049609,-0.11506766242525823,-0.002103156788291427,-0.969500258009308
3,789.2669277191162,1778170654.4871583,108.82732391357422,1.0,0.0,-1.033123254776001,80.34492492675781,73.50240325927734,84.42757415771484,6.923244953155518,82.00968933105469,80.28052520751953,80.33745574951172,81.98259735107422,24.961549758911133,24.68488311767578,24.693992614746097,24.95721435546875,7330.60498046875,3418.08251953125,9268.85546875,3710.304931640625,-0.08018702396699084,-0.15842877278430811,-0.004330840250607482,-0.9183518345409556
3,789.2824885845184,1778170654.5027192,108.24919128417967,0.9848737120628356,0.0,-0.8103612065315247,69.80518341064453,74.39351654052734,84.58711242675781,16.159101486206055,82.00848388671875,80.27783966064453,80.33636474609375,81.97784423828125,24.96135711669922,24.6844539642334,24.693817138671875,24.95645523071289,6204.59375,4156.11865234375,10707.671875,3986.956298828125,-0.19658109891096376,-0.14367678657657856,0.0028782979811317055,-0.8084124731563253
3,789.2985873222351,1778170654.518818,107.53897857666016,0.97681325674057,0.0,-0.926267385482788,73.95387268066406,73.36564636230469,82.73217010498047,27.46259880065918,82.00656127929688,80.27500915527344,80.33515930175781,81.97225952148438,24.961050033569336,24.684001922607425,24.693626403808594,24.955562591552734,5152.7607421875,4994.8544921875,7516.3251953125,4459.35009765625,-0.1432106752728015,-0.14993109448702402,-0.01263619351487244,-0.672244182881088
3,789.3146426677704,1778170654.5348732,106.92147827148438,0.978935182094574,0.0,-0.7150511741638184,76.08269500732422,76.67478942871094,82.0634994506836,37.93497848510742,82.0045394897461,80.2729721069336,80.33281707763672,81.96772003173828,24.96072578430176,24.68367576599121,24.69325065612793,24.954833984375,4721.7666015625,5456.83203125,5416.04345703125,5107.7021484375,-0.11345667174159013,-0.1064580903838237,-0.014960213243753406,-0.5446455650877493
3,789.3303892612457,1778170654.5506198,106.30441284179688,0.9899755120277404,0.0,-0.5751215815544128,73.4754867553711,75.28984069824219,80.38106536865234,48.7075080871582,82.00238037109375,80.27111053466797,80.32976531982422,81.9634780883789,24.96038055419922,24.68337631225586,24.69276237487793,24.95415496826172,4632.93359375,5702.14453125,5063.27880859375,5067.5595703125,-0.13886704168835295,-0.11750475352982748,-0.029554480494189628,-0.4119431659217706
3,789.3453118801117,1778170654.5655425,105.66149139404295,1.0,0.0,-0.7150262594223022,69.60811614990234,73.4400634765625,81.80278778076172,63.42205810546875,82.0003890991211,80.26933288574219,80.3276596069336,81.95951843261719,24.96006202697754,24.683094024658203,24.69242477416992,24.953521728515625,4950.99169921875,5606.009765625,7424.830078125,4428.5400390625,-0.17922867253759622,-0.13394874225183684,-0.006380600129450409,-0.2296319228215815
3,789.3613014221191,1778170654.581532,104.87857818603516,1.0,0.0,-0.6631543636322021,68.60443878173828,63.46931838989258,75.39080047607422,71.20909881591797,81.99829864501953,80.26700592041016,80.32537841796875,81.95465850830078,24.959728240966797,24.682720184326172,24.692060470581055,24.95274543762207,5725.697265625,5275.39306640625,6736.8798828125,2986.4052734375,-0.18502467942476253,-0.24594272753220703,-0.0774280253324322,-0.12858830993992165
3,789.376357793808,1778170654.5965884,104.18543243408205,1.0,0.0,-0.6052485108375549,71.59375,72.65464782714844,76.81129455566406,75.0565414428711,81.99697875976562,80.26493072509766,80.32275390625,81.95028686523438,24.959516525268555,24.682388305664062,24.691640853881836,24.952045440673828,6370.34228515625,5187.138671875,5639.69091796875,2120.656005859375,-0.14385535458387821,-0.13107219823904315,-0.053791641206465624,-0.07539500970094926
3,789.3918814659119,1778170654.612112,103.5593490600586,1.0,0.0,-0.5284911394119263,75.17668914794922,70.71246337890625,72.38705444335938,72.38705444335938,81.99594116210938,80.26287841796875,80.31964874267578,81.94586181640625,24.9593505859375,24.68206024169922,24.691143035888672,24.951337814331055,6741.7392578125,5181.9296875,4784.5048828125,1676.5380859375,-0.09557425617496207,-0.14918733817943197,-0.10290117647219976,-0.10288880537382816
3,789.4079115390778,1778170654.628142,102.97061157226562,1.0,0.0,-0.5724734663963318,73.59418487548828,68.40948486328125,73.87940216064453,73.87940216064453,81.99491882324219,80.2608642578125,80.31621551513672,81.94143676757812,24.95918655395508,24.681737899780273,24.690593719482425,24.95063018798828,6650.5361328125,5000.935546875,4339.4287109375,1381.488037109375,-0.1095506117170636,-0.17219066879116174,-0.07917145301769424,-0.0791587546836432
3,789.4233567714691,1778170654.6435874,102.41366577148438,1.0,0.0,-0.5153923630714417,71.47403717041016,65.79474639892578,73.36857604980469,69.0421142578125,81.9937973022461,80.25875854492188,80.3125991821289,81.93697357177734,24.959007263183594,24.681400299072266,24.69001579284668,24.94991683959961,6330.3125,4690.294921875,4020.498291015625,1282.102783203125,-0.130500303353557,-0.19950136552117914,-0.08056533624461837,-0.1347714250687405
3,789.4388914108276,1778170654.659122,101.77838134765624,0.955991804599762,0.0,-0.4804694652557373,70.46696472167969,73.57210540771484,71.98126220703125,70.02938842773438,81.99217987060547,80.25605010986328,80.30812072753906,81.9316177368164,24.95874786376953,24.68096923828125,24.689300537109375,24.949058532714844,5658.05078125,4113.91064453125,3702.879638671875,1378.0748291015625,-0.13740078596912852,-0.09929010411732175,-0.09232032144755942,-0.11692116271853092
3,789.4544496536255,1778170654.6746802,101.28287506103516,0.8697266578674316,0.0,-0.4349920153617859,68.35371398925781,62.08480453491211,72.03775787353516,68.48983764648438,81.99051666259766,80.25338745117188,80.3043212890625,81.92716217041016,24.95848274230957,24.6805419921875,24.688690185546875,24.948345184326172,5074.83740234375,3532.574951171875,3583.26220703125,1687.303955078125,-0.15917594365610122,-0.23620539439622545,-0.08716378697084104,-0.1321097708763933
3,789.4701421260834,1778170654.6903727,100.7787094116211,0.7913589477539062,0.0,-0.453809529542923,73.96830749511719,68.16816711425781,71.06627655029297,70.01217651367188,81.98868560791016,80.25051879882812,80.30047607421875,81.9227294921875,24.95819091796875,24.680084228515625,24.68807601928711,24.94763565063477,4641.13037109375,2992.56640625,3563.068115234375,2180.15380859375,-0.08555851193244635,-0.15716975065404826,-0.09496898303724766,-0.10838068108199717
3,789.4861660003662,1778170654.7063966,100.30376434326172,0.7135801315307617,0.0,-0.4383489191532135,65.18863677978516,68.48590087890625,71.41119384765625,69.41278839111328,81.9865493774414,80.24754333496094,80.29666137695312,81.91832733154297,24.957847595214844,24.679607391357425,24.68746566772461,24.946931838989254,4380.4287109375,2462.333251953125,3698.302734375,2744.704345703125,-0.1902821754064169,-0.14923183550105934,-0.08627026997162923,-0.11182827773264936
3,789.5009875297546,1778170654.721218,99.80516815185548,0.6771926283836365,0.0,-0.4374061524868011,71.17683410644531,62.4882698059082,71.75548553466797,69.48219299316406,81.9844970703125,80.24447631835938,80.29293060302734,81.9140625,24.95751953125,24.679115295410156,24.68686866760254,24.946250915527344,4436.94921875,1944.075927734375,3904.564453125,3003.8779296875,-0.11148519453908579,-0.21985961763904605,-0.07727822169844567,-0.10649873910896412
3,789.5164413452148,1778170654.736672,99.22982788085938,0.6061959266662598,0.0,-0.4842369556427002,70.8294677734375,66.33797454833984,72.29080200195312,69.91522216796875,81.9820556640625,80.24076843261719,80.28858184814453,81.90901184082031,24.957128524780273,24.678524017333984,24.68617248535156,24.94544219970703,4257.51220703125,1328.866943359375,4050.06982421875,3098.4619140625,-0.11069492033328643,-0.1669956700141636,-0.06500454640526698,-0.09571737317195828
3,789.5318846702576,1778170654.7521152,98.87200164794922,0.5651738047599792,0.0,-0.5036381483078003,63.639068603515625,67.91963195800781,72.58516693115234,70.45977783203125,81.98030853271484,80.23829650878906,80.28572082519531,81.90569305419922,24.95684814453125,24.67812728881836,24.685714721679688,24.94491195678711,4131.09619140625,1101.008544921875,4056.36083984375,3202.242919921875,-0.19808281401367345,-0.14404824446694453,-0.057799679181615216,-0.0853759304741627
3,789.5472781658173,1778170654.7675087,98.35175323486328,0.4712004661560058,0.0,-0.5033345818519592,69.30130004882812,64.77254486083984,72.78876495361328,71.51478576660156,81.97743225097656,80.23458862304688,80.2813720703125,81.90074920654297,24.956390380859375,24.677534103393555,24.685020446777344,24.94411849975586,3184.978271484375,826.2697143554688,3900.99560546875,3270.240234375,-0.1221136259538943,-0.17939124915235327,-0.050158941668421275,-0.06677058509105904
3,789.5637047290802,1778170654.7839353,97.97697448730467,0.3992427289485931,0.0,-0.4875827729701996,64.38621520996094,66.18110656738281,72.96304321289062,72.35211181640625,81.97471618652344,80.23146057128906,80.27766418457031,81.89665222167969,24.955955505371097,24.677032470703125,24.684425354003903,24.943464279174805,2533.015869140625,731.5511474609375,3679.678955078125,3129.2099609375,-0.1812564246948144,-0.15833883365034196,-0.04424273132508083,-0.05223237232646105
3,789.5792560577393,1778170654.7994866,97.65333557128906,0.3047428131103515,0.0,-0.4514559507369995,67.04682159423828,63.900543212890625,73.2556381225586,72.75924682617188,81.97196197509766,80.22836303710938,80.27387237548828,81.89241027832031,24.95551300048828,24.676536560058594,24.683818817138672,24.942785263061523,391.597900390625,154.0000762939453,3454.66357421875,2646.61181640625,-0.1445982290870833,-0.1846487197629556,-0.037229736760538645,-0.043740427098008516
3,789.5945749282837,1778170654.8148055,97.41422271728516,0.0,0.0,-0.3016903400421142,67.04682159423828,63.900543212890625,74.54940795898438,73.75436401367188,81.9686279296875,80.22465515136719,80.26939392089844,81.88707733154297,24.954978942871097,24.675945281982425,24.683101654052734,24.941932678222656,0.0,0.0,3615.97119140625,1977.766845703125,-0.14249856075264933,-0.18264735932302234,-0.017821272972089464,-0.028282473346621817
3,789.6106889247894,1778170654.8309195,97.27629089355467,0.0,0.0,-0.3016816675662994,67.04682159423828,63.900543212890625,74.8193359375,74.18506622314453,81.9658432006836,80.22152709960938,80.26566314697266,81.8825912475586,24.95453453063965,24.675445556640625,24.682506561279297,24.94121551513672,0.0,0.0,3627.40185546875,1421.3131103515625,-0.14128267622127533,-0.1814884033294918,-0.012867295201435258,-0.02122206758194578
3,789.6267945766449,1778170654.8470252,97.1716766357422,0.0,0.0,-0.283338338136673,67.04682159423828,63.900543212890625,74.68538665771484,74.4025650024414,81.96305084228516,80.21839904785156,80.26192474365234,81.87808990478516,24.95408821105957,24.674943923950195,24.681907653808594,24.940494537353516,0.0,0.0,3602.067138671875,1110.1328125,-0.14035818794847776,-0.18060720022421273,-0.013573725190302977,-0.017295612845608432
3,789.6423327922821,1778170654.8625634,97.04344940185548,0.3643112182617187,0.0,-0.4408852458000183,64.87212371826172,59.91912841796875,73.91852569580078,73.91852569580078,81.96047973632812,80.21524810791016,80.25801849365234,81.87357330322266,24.953676223754883,24.6744384765625,24.68128204345703,24.93977165222168,4294.57421875,0.0,2859.456298828125,888.726806640625,-0.16714207390049907,-0.23064540499171404,-0.022412217046538174,-0.022398735995942
3,789.6579484939575,1778170654.878179,96.71514129638672,0.6959019303321838,0.0,-0.5772663354873657,64.71942138671875,50.53104782104492,71.94303894042969,71.44110107421875,81.95891571044922,80.21150970458984,80.25285339355469,81.86817169189453,24.953426361083984,24.67384147644043,24.680456161499023,24.938907623291016,6434.23779296875,4350.4365234375,1679.8565673828125,626.8507690429688,-0.16628198114504744,-0.3489848086710897,-0.04530861729599578,-0.051956309950807245
3,789.6734793186188,1778170654.89371,96.2417449951172,0.4439045190811157,0.0,-0.5268365144729614,66.78791809082031,59.094478607177734,70.3473892211914,69.93461608886719,81.95793914794922,80.20919799804688,80.24850463867188,81.86363983154297,24.953269958496097,24.673471450805664,24.679759979248047,24.938182830810547,6723.32421875,5598.9248046875,835.6133422851562,511.5230407714844,-0.135403546586795,-0.2349132055573082,-0.061891243491826176,-0.06738286693225304
3,789.688642501831,1778170654.908873,95.80915069580078,0.2996879518032074,0.0,-0.4704324007034302,65.53072357177734,65.5248031616211,68.42261505126953,70.03402709960938,81.95684814453125,80.20732116699219,80.24415588378906,81.85910034179688,24.953094482421875,24.673171997070312,24.679065704345703,24.937456130981445,5732.7783203125,5549.52783203125,0.0,1126.932861328125,-0.14784812173017092,-0.14783042565762683,-0.08343900310454933,-0.061840257919267394
3,789.7038872241974,1778170654.9241178,95.40009307861328,0.0,0.0,-0.4267444014549255,67.06224822998047,67.4483413696289,66.89863586425781,69.60918426513672,81.9553451538086,80.20549011230469,80.23980712890625,81.85455322265625,24.95285415649414,24.67287826538086,24.678367614746097,24.936729431152344,4375.044921875,4908.07275390625,0.0,0.0,-0.12419313914031715,-0.11905303134739775,-0.10001108989403773,-0.06353310516557875
3,789.7197463512421,1778170654.939977,95.12255859375,0.0,0.0,-0.3045381009578705,69.1607437133789,69.8837661743164,67.06123352050781,68.79862976074219,81.95318603515625,80.20333099365234,80.23545837402344,81.8499526977539,24.95251083374023,24.67253303527832,24.67767333984375,24.93599319458008,2807.469970703125,4002.354248046875,0.0,0.0,-0.09415234578814446,-0.08458069237663779,-0.0951914235900223,-0.07173719578369475
3,789.7356810569763,1778170654.9559116,94.91913604736328,0.0,0.0,-0.2570139765739441,70.4780502319336,70.98151397705078,67.22135925292969,67.99687194824219,81.95075225830078,80.20056915283203,80.23110961914062,81.8453369140625,24.952119827270508,24.672090530395508,24.676977157592773,24.935253143310547,2428.173095703125,2145.133056640625,0.0,0.0,-0.07492032989899045,-0.06820844250537816,-0.09108722503746125,-0.08058869187012263
3,789.7515203952789,1778170654.971751,94.55755615234376,0.4090566039085388,0.0,-0.5460976958274841,63.89164733886719,63.71680450439453,69.33529663085938,69.04801940917969,81.9477767944336,80.1969985961914,80.22679901123047,81.84044647216797,24.951644897460938,24.671520233154297,24.676288604736328,24.934471130371097,2137.931884765625,1155.7657470703125,6597.2099609375,5398.38916015625,-0.15816519154649278,-0.16037562620557955,-0.058919373610271,-0.06280563302462128
3,789.7664244174957,1778170654.986655,94.05645751953124,0.4191930890083313,0.0,-0.7757270336151123,66.29792022705078,61.4700813293457,71.24381256103516,70.87346649169922,81.94535827636719,80.19398498535156,80.22454833984375,81.8372573852539,24.951255798339844,24.671037673950195,24.675926208496097,24.9339599609375,2843.769775390625,840.1553344726562,7287.8984375,5350.31494140625,-0.1218062951645974,-0.1856662029557672,-0.027863546126044025,-0.0329036581123352
3,789.7819445133209,1778170655.002175,93.63713073730467,0.4844993650913238,0.0,-0.9005452990531921,60.458438873291016,62.58774948120117,71.82679748535156,71.48436737060547,81.94331359863281,80.19097900390625,80.222412109375,81.83390045166016,24.950929641723633,24.670555114746097,24.675586700439453,24.93342399597168,4199.365234375,553.262451171875,7845.1962890625,5323.12744140625,-0.1955707307931246,-0.1671466677351794,-0.015519541491840982,-0.020199483924477235
3,789.7970206737518,1778170655.0172513,93.20256805419922,0.5786280035972595,0.0,-1.0929808616638184,64.88540649414062,63.48438262939453,71.80301666259766,71.61793518066406,81.94181823730469,80.1879653930664,80.22093200683594,81.83091735839844,24.95069122314453,24.670074462890625,24.675350189208984,24.932945251464844,5250.85107421875,692.4104614257812,9418.4970703125,6584.0234375,-0.1326424094283679,-0.151276336041,-0.011256808158482179,-0.013791820771436147
3,789.8121178150177,1778170655.0323484,92.7331085205078,0.7153576612472534,0.0,-1.219099998474121,56.27351379394531,58.28447723388672,71.1434555053711,71.1434555053711,81.94058990478516,80.18495178222656,80.21988677978516,81.8283462524414,24.95049285888672,24.669591903686523,24.675182342529297,24.93253517150879,5595.28271484375,1882.0201416015625,9787.4111328125,7164.3134765625,-0.24395395049444113,-0.21684923402844591,-0.015379595125032952,-0.015366017093752848
3,789.8277094364166,1778170655.04794,92.20948028564452,0.8646963238716125,0.0,-1.217238426208496,62.068721771240234,61.79301452636719,70.25652313232422,70.25652313232422,81.93943786621094,80.18205261230469,80.21855163574219,81.82611083984375,24.95030975341797,24.66912841796875,24.674968719482425,24.932178497314453,5870.00341796875,3311.7470703125,9164.001953125,7903.71337890625,-0.16135867281060068,-0.1649911128327909,-0.022133037562073743,-0.022119552661559627
3,789.8433439731598,1778170655.0635746,91.66443634033205,0.9458887577056884,0.0,-1.153241753578186,56.75308609008789,56.24909591674805,69.28790283203125,69.54598236083984,81.93842315673828,80.17955017089844,80.21676635742188,81.82376861572266,24.95014762878418,24.66872787475586,24.6746826171875,24.93180274963379,5847.64697265625,4122.86669921875,7557.099609375,7167.18212890625,-0.22862129973077294,-0.23538649616484097,-0.029880490297579443,-0.026253617984225985
3,789.8584446907043,1778170655.0786753,91.10101318359376,0.989170491695404,0.0,-0.8992804288864136,62.06219482421875,61.5806999206543,68.36520385742188,68.9756851196289,81.9373550415039,80.1773681640625,80.21407318115234,81.82093048095703,24.94997787475586,24.668378829956055,24.674251556396484,24.93134880065918,5833.1767578125,4691.03662109375,5464.83544921875,5989.19873046875,-0.1512438075211776,-0.1577350985839423,-0.03687955873087534,-0.02826577491936677
3,789.873701095581,1778170655.0939317,90.56819152832033,0.9344392418861388,0.0,-0.6692983508110046,58.03314971923828,56.03231048583984,67.9332275390625,68.17212677001953,81.93630981445312,80.17504119873047,80.210693359375,81.81745910644531,24.949810028076172,24.668006896972656,24.67370986938477,24.93079376220703,6076.03271484375,3629.4443359375,4410.119140625,4421.60400390625,-0.20167546056691055,-0.22911406012765323,-0.037334856331287636,-0.03393615183942156
3,789.8892405033112,1778170655.109471,89.94374084472656,0.8680407404899597,0.0,-0.5778749585151672,56.46005630493164,60.84050750732422,67.38480377197266,67.38480377197266,81.93573760986328,80.17182922363281,80.2062759399414,81.81253814697266,24.949718475341797,24.667491912841797,24.673004150390625,24.93000602722168,11485.0166015625,2516.75537109375,3740.952392578125,3254.3671875,-0.2179232174856881,-0.15715217322427244,-0.038476914103605875,-0.038463654587073126
3,789.904566526413,1778170655.124797,89.40581512451172,0.8748089671134949,0.0,-0.5793856978416443,59.71562576293945,53.968223571777344,66.29471588134766,66.29471588134766,81.93604278564453,80.16905212402344,80.2021484375,81.80811309814453,24.94976806640625,24.667049407958984,24.672344207763672,24.929298400878903,7143.32373046875,1465.580078125,2514.87060546875,2743.019775390625,-0.16785069805341635,-0.24785833786824252,-0.0483399442812501,-0.048326820777064516
3,789.9199934005737,1778170655.140224,88.97813415527344,0.604194700717926,0.0,-0.3608800768852234,61.50932312011719,55.85306930541992,65.22549438476562,66.16532897949219,81.93504333496094,80.16629028320312,80.19783782958984,81.80354309082031,24.949607849121097,24.666606903076172,24.671653747558594,24.928565979003903,5018.65478515625,573.8226928710938,1354.6805419921875,2312.99951171875,-0.13873522366647384,-0.21784821806691623,-0.05918814900603453,-0.04561882376272641
3,789.9360313415527,1778170655.156262,88.65735626220703,0.4406114518642425,0.0,-0.2311350405216217,56.47385025024414,54.14407730102539,63.434452056884766,66.89659881591797,81.93352508544922,80.16349029541016,80.19352722167969,81.79896545410156,24.949363708496097,24.66615867614746,24.670963287353516,24.927833557128903,4374.49853515625,0.0,406.4858093261719,2156.6865234375,-0.20638173609455435,-0.23903712395108134,-0.0817115741465031,-0.03157956659576178
3,789.9516861438751,1778170655.1719167,88.36261749267578,0.4006398618221283,0.0,-0.2387252002954483,59.790645599365234,42.08454132080078,60.405418395996094,67.60108184814453,81.93159484863281,80.16010284423828,80.18833923339844,81.79347229003906,24.949054718017575,24.66561508178711,24.670135498046875,24.926956176757812,3790.6201171875,0.0,0.0,2057.10791015625,-0.15696869241828115,-0.4065538514891085,-0.12264365959051804,-0.018116962879914267
3,789.9676077365875,1778170655.1878383,88.17105102539062,0.3472079336643219,0.0,-0.2003241032361984,58.272274017333984,33.296260833740234,58.384822845458984,67.4266586303711,81.92972564697266,80.15727996826172,80.18399047851562,81.78889465332031,24.94875717163086,24.66516494750977,24.669437408447266,24.926223754882812,3179.08935546875,0.0,0.0,2026.1002197265625,-0.17659219144232863,-0.5294597955489659,-0.15014928655991233,-0.018522599561601516
3,789.983669757843,1778170655.2039003,88.0010986328125,0.2895624935626983,0.0,-0.1865584105253219,60.02716445922851,25.620811462402344,56.81687927246094,66.83197021484375,81.92774963378906,80.15443420410156,80.17964172363281,81.78430938720703,24.948440551757812,24.664709091186523,24.66874313354492,24.92548942565918,2874.7373046875,0.0,0.0,921.3742065429688,-0.15015687124880073,-0.637229406002596,-0.17137510651813337,-0.025300252539836365
3,789.9993867874146,1778170655.2196174,87.89469909667969,0.0,0.0,-0.028644049540162,58.605804443359375,24.138015747070312,56.123477935791016,67.24312591552734,81.92572784423828,80.15153503417969,80.17529296875,81.77969360351562,24.94811630249023,24.66424560546875,24.668046951293945,24.92475128173828,0.0,0.0,0.0,997.171875,-0.16927557364286494,-0.6578108995029649,-0.18049692643624304,-0.018116654417436262
3,790.0145146846771,1778170655.2347453,87.74732971191406,0.2996559739112854,0.0,-0.5603639483451843,62.52117156982422,22.705286026000977,55.62579727172851,67.26838684082031,81.92549133300781,80.14863586425781,80.17090606689453,81.77507781982422,24.948078155517575,24.663780212402344,24.66734504699707,24.92401123046875,15721.1884765625,0.0,0.0,993.4828491210938,-0.11228771296859985,-0.6775811996640915,-0.18639982395181698,-0.016098127348254665
3,790.0300130844116,1778170655.2502437,87.41484069824219,0.0,0.0,-0.1665451675653457,61.821807861328125,17.360414505004883,54.53414535522461,66.6954345703125,81.92523193359375,80.14515686035156,80.16564178466797,81.76947021484375,24.948036193847656,24.663225173950195,24.66650390625,24.923114776611328,0.0,0.0,0.0,1012.4114990234376,-0.11887897738529218,-0.7525415949215224,-0.19933280448027368,-0.020767949923964246
3,790.0460512638092,1778170655.2662818,87.3327865600586,0.0,0.0,-0.0437661744654178,61.821807861328125,17.360414505004883,54.18897247314453,67.07202911376953,81.92324829101562,80.14225769042969,80.1612548828125,81.76477813720703,24.94771957397461,24.662761688232425,24.665802001953125,24.92236328125,0.0,0.0,0.0,986.09716796875,-0.11805111388758527,-0.752309093624303,-0.20365310190603259,-0.014313494758311895
3,790.0616533756256,1778170655.281884,87.2676773071289,0.0,0.0,-0.0423908978700637,61.821807861328125,17.360414505004883,54.02702713012695,67.06659698486328,81.9212646484375,80.13934326171875,80.1568603515625,81.76008605957031,24.94740295410156,24.662294387817383,24.665096282958984,24.921613693237305,0.0,0.0,0.0,1014.9064331054688,-0.11739310355811527,-0.7521242947346197,-0.20544063989745498,-0.01365797697137816
3,790.077540397644,1778170655.297771,87.20745849609375,0.0,0.0,-0.072712168097496,61.821807861328125,17.360414505004883,53.8738899230957,67.04420471191406,81.91928100585938,80.13640594482422,80.15243530273438,81.7553939819336,24.947084426879883,24.66182518005371,24.664390563964844,24.92086410522461,0.0,0.0,0.0,1223.147705078125,-0.11678364263777963,-0.7519531307021734,-0.2071456762298476,-0.0133064329136805
3,790.0935988426208,1778170655.3138294,87.06961822509766,0.4443884789943695,0.0,-0.2220026701688766,59.69707489013672,23.752506256103516,53.364646911621094,66.73164367675781,81.91690063476562,80.13288116455078,80.14712524414062,81.74976348876953,24.946704864501953,24.6612606048584,24.66353988647461,24.91996192932129,0.0,6361.6728515625,0.0,1767.8284912109375,-0.14578844089853027,-0.6600851873243957,-0.21339682627247414,-0.016351655944720545
3,790.1091363430023,1778170655.329367,86.78211212158203,0.2402394413948059,0.0,-0.084319919347763,49.753055572509766,37.74626159667969,51.64404296875,65.47421264648438,81.9149169921875,80.13002014160156,80.14266967773438,81.74507141113281,24.946386337280273,24.660802841186523,24.662826538085938,24.919212341308594,0.0,3459.100341796875,0.0,0.0,-0.28571986056867804,-0.45803527663539556,-0.2362368298031755,-0.03168925316651783
3,790.1251711845398,1778170655.3454018,86.57758331298828,0.2239448279142379,0.0,-0.1089986264705658,48.68231964111328,45.18573760986328,56.68730163574219,62.293556213378906,81.91293334960938,80.12715911865234,80.13845825195312,81.7403793334961,24.946067810058594,24.66034507751465,24.662153244018555,24.918460845947266,0.0,1811.6585693359375,7824.4521484375,0.0,-0.29944080573808385,-0.34968584566168226,-0.15967164122712485,-0.07655220452798395
3,790.1406874656677,1778170655.360918,86.18107604980469,0.0,0.0,-0.0411912724375724,47.62612533569336,45.18573760986328,65.95247650146484,57.34503936767578,81.91053771972656,80.12372589111328,80.13420104980469,81.73474884033203,24.94568634033203,24.6597957611084,24.66147232055664,24.917560577392575,0.0,0.0,0.0,0.0,-0.3114866415489169,-0.346693839790263,-0.01782722927657776,-0.145998514568218
3,790.1562829017639,1778170655.3765135,86.13827514648438,0.0,0.0,-0.04696736484766,47.62612533569336,45.18573760986328,64.80055236816406,58.506935119628906,81.90851593017578,80.12083435058594,80.1296615600586,81.73005676269531,24.945362091064453,24.659332275390625,24.66074562072754,24.91680908203125,0.0,0.0,0.0,1578.766845703125,-0.3111445288976049,-0.34636922110299373,-0.03450232774608597,-0.12826223566414396
3,790.1720545291901,1778170655.392285,85.98902893066406,0.0,0.0,-0.1128361225128173,47.62612533569336,45.18573760986328,61.44613265991211,64.427490234375,81.906494140625,80.11793518066406,80.1251220703125,81.72569274902344,24.945037841796875,24.658870697021484,24.66001892089844,24.91611099243164,0.0,0.0,0.0,4400.34326171875,-0.30994892204417657,-0.34523475172350204,-0.08289258687969114,-0.038381405622043174
3,790.1873376369476,1778170655.4075682,85.87821960449219,0.0,0.0,-0.0941193252801895,47.62612533569336,45.18573760986328,60.531097412109375,65.95054626464844,81.90445709228516,80.11503601074219,80.1205825805664,81.72119903564453,24.944713592529297,24.65840530395508,24.65929412841797,24.91539192199707,0.0,0.0,0.0,959.189208984375,-0.30905854383973064,-0.3443899030960337,-0.09538411493940913,-0.014378773104897102
3,790.2033455371857,1778170655.423576,85.84649658203125,0.0,0.0,-0.0139876557514071,47.62612533569336,45.18573760986328,60.511627197265625,65.60456848144531,81.90239715576172,80.11213684082031,80.11604309082031,81.71743774414062,24.94438362121582,24.657941818237305,24.65856552124023,24.914791107177734,0.0,0.0,0.0,14168.4130859375,-0.30880321890271334,-0.34414763422476036,-0.0953409134892026,-0.019187052429130547
3,790.219123840332,1778170655.4393544,85.76071166992188,0.0969827696681022,0.0,-0.2041943967342376,45.91484451293945,47.83635330200195,60.19473648071289,65.02759552001953,81.8999252319336,80.10868072509766,80.110595703125,81.71443176269531,24.943988800048828,24.65738868713379,24.657695770263672,24.914308547973633,0.0,665.1936645507812,0.0,4339.3623046875,-0.33297244618917565,-0.3049805185656457,-0.09917830796987426,-0.02684055365898186
3,790.2344481945038,1778170655.4546788,85.65907287597656,0.092252641916275,0.0,-0.1185355857014656,43.6201286315918,50.558685302734375,59.301902770996094,65.47166442871094,81.89783477783203,80.10584259033203,80.1060562133789,81.70977783203125,24.943653106689453,24.65693473815918,24.65696907043457,24.913564682006836,0.0,596.0847778320312,0.0,1775.35498046875,-0.3655570073567106,-0.2645558592244819,-0.11148665882815867,-0.01903232779601105
3,790.2501442432404,1778170655.4703748,85.58602142333984,0.084828682243824,0.0,-0.0869945362210273,42.378047943115234,52.87589263916016,59.03696823120117,65.08818817138672,81.89573669433594,80.10301971435547,80.10151672363281,81.70508575439453,24.94331741333008,24.656482696533203,24.65624237060547,24.912813186645508,0.0,600.7781982421875,0.0,777.9965209960938,-0.3830966303417932,-0.23019245463436688,-0.11470114417626875,-0.023945590987318743
3,790.265674829483,1778170655.4859054,85.49677276611328,0.1352094411849975,0.0,-0.1426274627447128,39.75452423095703,55.69989013671875,58.230682373046875,65.21086883544922,81.89363861083984,80.10018157958984,80.09697723388672,81.70039367675781,24.942981719970703,24.656028747558594,24.655517578125,24.912063598632812,0.0,1087.8218994140625,0.0,536.5618286132812,-0.42068353605995956,-0.1882320393037724,-0.12588041296659924,-0.02108507956358263
3,790.2811267375946,1778170655.5013573,85.41207885742188,0.0,0.0,-0.1299869120121002,38.292720794677734,59.07427978515625,58.10091400146485,64.45743560791016,81.8915023803711,80.09735870361328,80.09243774414062,81.6957015991211,24.94264030456543,24.65557861328125,24.654788970947266,24.911312103271484,0.0,1692.24169921875,0.0,0.0,-0.44143211087929857,-0.1382001130703211,-0.1269635698057875,-0.03143579631146287
3,790.2971642017365,1778170655.5173948,85.24696350097656,0.0,0.0,-0.3192524015903473,45.57643127441406,62.46276092529297,58.27503967285156,63.669898986816406,81.88898468017578,80.0940170288086,80.08699035644531,81.69007110595703,24.942237854003903,24.65504264831543,24.653919219970703,24.910411834716797,5283.81982421875,2357.16552734375,0.0,0.0,-0.333898471400479,-0.08700258513397974,-0.12265106388638158,-0.041416551957367376
3,790.3132290840149,1778170655.5334597,84.75799560546875,0.7447901964187622,0.0,-0.9118576049804688,62.26294708251953,57.08525085449219,63.45196914672851,59.10435104370117,81.88894653320312,80.09123992919922,80.08258056640625,81.68537902832031,24.942230224609375,24.654598236083984,24.65321350097656,24.90966033935547,9610.3388671875,2496.89599609375,4112.830078125,0.0,-0.08477467673404826,-0.16079024078552828,-0.03919972011546935,-0.10501973548125842
3,790.3284645080566,1778170655.548695,84.15390014648438,1.0,0.0,-1.2125422954559326,53.57610702514648,49.23122024536133,65.91539764404297,52.63484954833984,81.88969421386719,80.08848571777344,80.07929229736328,81.6806869506836,24.942352294921875,24.654157638549805,24.652687072753903,24.90890884399414,10598.01953125,1762.0748291015625,6274.17822265625,0.0,-0.20681236063228625,-0.27105687955175295,0.0052667596534623495,-0.19726200242852232
3,790.3445036411285,1778170655.5647342,83.64928436279297,1.0,0.0,-1.5094904899597168,60.310829162597656,53.940887451171875,63.67323303222656,48.35467529296875,81.89152526855469,80.08575439453125,80.07637023925781,81.67599487304688,24.942644119262695,24.65372085571289,24.65221786499023,24.908159255981445,12956.1689453125,1125.5455322265625,6929.8232421875,0.0,-0.10171923116619352,-0.19650505832221743,-0.023070179886372832,-0.25809051277815254
3,790.3594813346863,1778170655.579712,82.99361419677734,1.0,0.0,-1.4918972253799438,61.9765739440918,57.12751388549805,65.03063201904297,42.37217712402344,81.8939208984375,80.0830078125,80.07360076904297,81.67127227783203,24.94302749633789,24.653282165527344,24.651775360107425,24.90740203857422,14763.25390625,1185.9541015625,7212.3037109375,0.0,-0.06961667119127501,-0.142314759630782,0.005638731430354982,-0.3447443344763179
3,790.3755393028259,1778170655.59577,82.2448959350586,1.0,0.0,-1.4041389226913452,60.790279388427734,52.27651596069336,64.46908569335938,36.269325256347656,81.89668273925781,80.0797119140625,80.07023620605469,81.66559600830078,24.943470001220703,24.652753829956055,24.65123748779297,24.906494140625,12260.41015625,1820.478271484375,6804.8154296875,0.0,-0.07911750714014765,-0.20800038609548266,0.006030737247429752,-0.4340146318306438
3,790.3910887241364,1778170655.6113193,81.65629577636719,1.0,0.0,-1.406023025512695,52.90937042236328,57.91547393798828,60.95964431762695,41.15008544921875,81.89771270751953,80.07698059082031,80.0670394897461,81.6608657836914,24.943634033203125,24.65231704711914,24.650726318359375,24.905738830566406,8182.28076171875,2696.34423828125,5615.431640625,3883.48291015625,-0.1927241667702959,-0.11624429707485229,-0.0418766070248332,-0.35322123949046746
3,790.4061813354492,1778170655.626412,80.78467559814453,0.9121761322021484,0.0,-0.9680137038230896,59.869022369384766,46.269920349121094,59.130409240722656,51.252410888671875,81.89751434326172,80.07431030273438,80.06319427490234,81.65636444091797,24.943603515625,24.65188980102539,24.65011215209961,24.905017852783203,5998.22607421875,3375.784912109375,4064.29638671875,4689.64208984375,-0.0766800621795084,-0.28633063254456526,-0.06059991812587162,-0.185745819292077
3,790.4216978549957,1778170655.6419284,79.93314361572266,0.8181588053703308,0.0,-0.8258191347122192,50.59592819213867,56.60745620727539,57.12697982788086,60.574440002441406,81.89643096923828,80.07194519042969,80.05886840820312,81.65213775634766,24.94342803955078,24.651512145996097,24.649417877197266,24.904342651367188,3466.387939453125,4290.65380859375,3012.60791015625,4498.9501953125,-0.2113801453419616,-0.11758265612646479,-0.08275983128102893,-0.027393432449962285
3,790.4371066093445,1778170655.6573372,79.27935028076172,0.731131911277771,0.0,-0.9462053179740906,56.795711517333984,49.60129165649414,59.44963836669922,59.95297622680664,81.89494323730469,80.06989288330078,80.05440521240234,81.64817810058594,24.943191528320312,24.65118408203125,24.648704528808594,24.903709411621097,2232.521484375,4503.34033203125,2511.023193359375,5164.994140625,-0.10744601177406887,-0.22042088957131556,-0.03759509199577982,-0.02943338543513918
3,790.452522277832,1778170655.6727529,78.73888397216797,0.6262430548667908,0.0,-0.9255881309509276,54.3453369140625,54.98362731933594,60.655120849609375,59.776588439941406,81.89349365234375,80.06778717041016,80.04991912841797,81.64439392089844,24.94295883178711,24.65084457397461,24.647987365722656,24.90310287475586,1704.3525390625,3870.09521484375,2682.78955078125,5381.876953125,-0.14009185375060318,-0.12989548562600894,-0.011340117763703805,-0.025646490552903134
3,790.4680709838867,1778170655.6883016,78.21702575683594,0.5048990845680237,0.0,-0.8268269300460815,50.99225997924805,54.69060134887695,61.496673583984375,59.378421783447266,81.89175415039062,80.06488800048828,80.044677734375,81.63956451416016,24.94268035888672,24.65038299560547,24.64714813232422,24.90233039855957,1637.5140380859375,2633.018798828125,3615.951171875,4143.240234375,-0.18776444722542485,-0.12875822612592125,0.009064718738690969,-0.02567906128821218
3,790.483640909195,1778170655.7038715,77.86908721923828,0.4924734830856323,0.0,-0.7824687957763672,54.33635711669922,49.65363311767578,60.98455429077149,58.960079193115234,81.89034271240234,80.06240844726562,80.04064178466797,81.63497161865234,24.942455291748047,24.649986267089844,24.646503448486328,24.901596069335938,2467.31591796875,1719.3177490234375,4524.34765625,2598.779541015625,-0.13063036502391967,-0.20546462754414652,0.005132844262324188,-0.02822066954006841
3,790.4997274875641,1778170655.719958,77.53697204589844,0.5045378804206848,0.0,-0.8226776123046875,52.78225326538086,53.259483337402344,60.64891815185547,58.249874114990234,81.88899993896484,80.05992889404297,80.03695678710938,81.63024139404297,24.94223976135254,24.64958953857422,24.645912170410156,24.90083885192871,3828.305908203125,854.3028564453125,5389.36181640625,1585.3477783203125,-0.15187840426544352,-0.14411502660671538,0.003882574172506148,-0.03581396428622319
3,790.5158653259277,1778170655.736096,77.13340759277344,0.5171817541122437,0.0,-0.8177740573883057,56.437355041503906,49.7003173828125,60.09756088256836,57.29461288452149,81.8880386352539,80.05695343017578,80.03254699707031,81.62456512451172,24.94208526611328,24.649112701416016,24.645206451416016,24.89992904663086,5251.33056640625,0.0,4985.77197265625,943.2711181640624,-0.08840241332594634,-0.19713239720438225,-3.909164236126639e-05,-0.04666408467846861
3,790.5315532684326,1778170655.7517838,76.83641052246094,0.5176988840103149,0.0,-0.7523473501205444,51.690208435058594,39.81467819213867,60.09293746948242,55.63542175292969,81.88749694824219,80.05447387695312,80.02880859375,81.61983489990234,24.941999435424805,24.64871597290039,24.644609451293945,24.899173736572266,5393.916015625,0.0,4690.060546875,236.9559783935547,-0.1618528978728485,-0.3543406699196303,0.0037488479410945352,-0.07069344691658042
3,790.547488451004,1778170655.767719,76.56085205078125,0.5055780410766602,0.0,-0.738594114780426,56.081905364990234,27.7003116607666,59.65314865112305,53.65006256103515,81.88703155517578,80.05199432373047,80.02483367919922,81.61510467529297,24.941925048828125,24.64831924438477,24.64397430419922,24.89841651916504,5240.88720703125,0.0,3763.009521484375,105.45796966552734,-0.08736938232776548,-0.5491779112048487,-1.08036049302207e-05,-0.10063049490633225
3,790.5625205039978,1778170655.782751,76.31852722167969,0.4805491864681244,0.0,-0.6340848803520203,51.03816604614258,15.953858375549316,59.31903076171875,51.88664245605469,81.8864517211914,80.04951477050781,80.02045440673828,81.6103744506836,24.94183349609375,24.64792251586914,24.643272399902344,24.897659301757812,4910.0078125,0.0,2909.010986328125,293.0485534667969,-0.16680987843130712,-0.7395268026171846,-0.002454394567353302,-0.1274300125141834
3,790.5785822868347,1778170655.7988129,75.98467254638672,0.5327132344245911,0.0,-0.6154041290283203,53.34529113769531,9.174217224121094,58.0706672668457,52.04185485839844,81.88568878173828,80.0465316772461,80.01498413085938,81.60469818115234,24.94171142578125,24.647445678710938,24.642396926879883,24.896751403808594,4416.3349609375,897.9215087890625,2193.92138671875,574.968017578125,-0.12532014142558312,-0.8495575794731614,-0.01915696061986727,-0.1209745399551958
3,790.594624042511,1778170655.8148546,75.5772933959961,0.6908409595489502,0.0,-0.5114065408706665,49.82647705078125,17.583995819091797,57.39132308959961,51.46697235107422,81.88491821289062,80.04405212402344,80.01042938232422,81.59996795654297,24.941585540771484,24.647048950195312,24.64166831970215,24.89599609375,4482.43994140625,2394.9677734375,1718.510009765625,1013.5870361328124,-0.17861289678544578,-0.7100964545829285,-0.02540630696316415,-0.12599892010515146
3,790.6101560592651,1778170655.8303866,75.05634307861328,0.7634386420249939,0.0,-0.5926766991615295,49.789573669433594,29.622095108032227,55.7973518371582,51.952857971191406,81.88423919677734,80.0416030883789,80.00588989257812,81.5952377319336,24.941478729248047,24.646656036376953,24.640941619873047,24.89523696899414,4326.41162109375,3194.2958984375,1410.1453857421875,1554.561767578125,-0.1735243942909338,-0.5082372136808441,-0.04589783528713731,-0.11162418691191212
3,790.6261942386627,1778170655.8464248,74.47156524658203,0.803482711315155,0.0,-0.5684473514556885,52.00407791137695,42.45940399169922,54.07133483886719,52.91228485107422,81.88343048095703,80.03923034667969,80.00137329101562,81.59050750732422,24.941349029541016,24.646276473999023,24.640220642089844,24.894481658935547,4430.5166015625,3673.289794921875,1401.71044921875,1769.298583984375,-0.12998658154134857,-0.28958732528918396,-0.06815151535545971,-0.08811364573784097
3,790.6417679786682,1778170655.8619986,73.77632904052734,0.8946614861488342,0.0,-0.9859437942504884,47.14658737182617,49.79852294921875,52.85173034667969,52.85173034667969,81.88287353515625,80.03656768798828,79.9959716796875,81.58483123779297,24.941259384155273,24.645851135253903,24.639354705810547,24.893573760986328,5617.34765625,4169.04443359375,1676.4754638671875,1758.314208984375,-0.20381818620890557,-0.15894052201217002,-0.0805865282277245,-0.08057384940772705
3,790.6573722362518,1778170655.8776028,73.11563110351562,0.9146718382835388,0.0,-0.8965887427330017,55.509037017822266,47.04158401489258,53.609580993652344,50.80484390258789,81.88294219970703,80.03431701660156,79.99144744873047,81.5801010131836,24.94127082824707,24.645490646362305,24.63863182067871,24.89281463623047,7112.2119140625,4061.56201171875,2388.133544921875,1068.375,-0.05412773158577322,-0.19832379410552914,-0.05897562239827925,-0.10819568046202566
3,790.6733794212341,1778170655.89361,72.48531341552734,0.8184585571289062,0.0,-1.0738482475280762,50.23931884765625,50.19393157958984,55.5459098815918,47.304893493652344,81.88331604003906,80.0322494506836,79.98687744140625,81.57537078857422,24.941329956054688,24.645160675048828,24.637901306152344,24.892059326171875,7534.46630859375,3672.398681640625,2769.052490234375,486.5705261230469,-0.1364792974216953,-0.1371635509649768,-0.016508165673984387,-0.16241145126692336
3,790.6889202594757,1778170655.9091508,71.90908813476562,0.912196159362793,0.0,-1.203394055366516,50.15616989135742,46.254432678222656,54.70294952392578,48.2269401550293,81.884033203125,80.02999877929688,79.98234558105469,81.57064056396484,24.941444396972656,24.644798278808594,24.637176513671875,24.89130210876465,7755.8671875,3259.8681640625,3395.59814453125,458.7038879394531,-0.1310003214598756,-0.1985122912785775,-0.023672198301733616,-0.13924290763402825
3,790.7040178775787,1778170655.9242485,71.24601745605469,1.0,0.0,-1.2540041208267212,55.902931213378906,47.595664978027344,55.423091888427734,46.289188385009766,81.8853759765625,80.0277328491211,79.97795104980469,81.56591033935547,24.941659927368164,24.64443588256836,24.636470794677734,24.890544891357425,10186.478515625,2539.47802734375,3759.6552734375,581.5007934570312,-0.022418397259842515,-0.1675961207022123,-0.0016131516797380785,-0.16613901116025054
3,790.7195830345154,1778170655.9398136,70.60296630859375,1.0,0.0,-1.3302785158157349,46.10789108276367,40.09954833984375,53.36347198486328,48.78617477416992,81.88705444335938,80.02544403076172,79.97369384765625,81.5611801147461,24.94192886352539,24.64406967163086,24.635791778564453,24.889789581298828,11138.3193359375,1855.78125,4064.060791015625,1351.467529296875,-0.1863617756733228,-0.29230875531200473,-0.0299595939406484,-0.11315340552230291
3,790.7346861362457,1778170655.9549167,69.78213500976562,1.0,0.0,-1.657455563545227,52.39221954345703,45.50910186767578,53.31938934326172,49.47823715209961,81.88951110839844,80.02316284179688,79.96936798095703,81.55644989013672,24.94232177734375,24.643707275390625,24.63509750366211,24.88903045654297,12228.2470703125,1013.8125610351562,3492.276611328125,2315.84423828125,-0.06459092884105633,-0.1873916108576945,-0.019359989950799905,-0.08999317739993495
3,790.7502229213715,1778170655.9704535,68.94900512695312,0.8322714567184448,0.0,-1.1516722440719604,54.63639450073242,43.54762268066406,51.3050422668457,50.46730041503906,81.89177703857422,80.02041625976562,79.96399688720703,81.55079650878906,24.942684173583984,24.643266677856445,24.634239196777344,24.888126373291016,9920.2451171875,1471.002197265625,1612.6553955078125,3708.696044921875,-0.012736546259182524,-0.21301992516633228,-0.045005786857131413,-0.06058659445475767
3,790.7659089565277,1778170655.9861395,68.37825775146484,0.9114995002746582,0.0,-1.1617965698242188,43.42747116088867,36.42474365234375,48.05987930297851,51.15995788574219,81.8929672241211,80.01812744140625,79.95953369140625,81.54646301269531,24.942874908447266,24.642900466918945,24.633525848388672,24.887434005737305,7852.7841796875,1921.7244873046875,578.142578125,5130.5244140625,-0.2087284661179153,-0.3362481224027457,-0.09794433324590957,-0.03974443979080211
3,790.7816398143768,1778170656.0018704,67.81207275390625,0.8879355192184448,0.0,-1.2040973901748655,49.48261642456055,44.12909698486328,50.243778228759766,49.645790100097656,81.89380645751953,80.01583862304688,79.95507049560547,81.5424575805664,24.94300842285156,24.642534255981445,24.6328125,24.88679313659668,6900.1826171875,2675.238037109375,757.6884765625,6076.310546875,-0.09087276453201587,-0.18914105716706586,-0.049080036519680736,-0.060384676605299226
3,790.7970325946808,1778170656.0172632,67.2105941772461,0.9250308275222778,0.0,-1.3022966384887695,47.15572738647461,42.04762268066406,48.463375091552734,50.479461669921875,81.8941650390625,80.01358795166016,79.95056915283203,81.53863525390625,24.943065643310547,24.642173767089844,24.632091522216797,24.886180877685547,6367.0458984375,3382.235107421875,1507.4676513671875,6445.7158203125,-0.12587056215051728,-0.22047328907539288,-0.07456778080154458,-0.03605631348100946
3,790.812539100647,1778170656.0327697,66.46647644042969,0.8952658772468567,0.0,-1.4395568370819092,46.39090347290039,44.18373107910156,50.06425476074219,49.308712005615234,81.89495849609375,80.01095581054688,79.9451675415039,81.5340805053711,24.943193435668945,24.641754150390625,24.6312255859375,24.885452270507812,6664.01416015625,2582.169677734375,2504.056396484375,6399.81884765625,-0.13042067219867604,-0.17170122287446643,-0.03329538083026562,-0.047871236235771386
3,790.8279061317444,1778170656.0481367,65.79732513427734,0.875274658203125,0.0,-1.446557641029358,50.224571228027344,44.68427276611328,50.777679443359375,49.07768249511719,81.89566040039062,80.00878143310547,79.94075012207031,81.53018951416016,24.94330596923828,24.64140510559082,24.63051986694336,24.884830474853516,7580.24462890625,1888.5819091796875,3955.73486328125,5919.5009765625,-0.04898573375281523,-0.15379858886928266,-0.009548291828706645,-0.04269463831134657
3,790.8429596424103,1778170656.0631902,65.17430114746094,0.869412899017334,0.0,-1.4927544593811035,42.921409606933594,36.20179748535156,51.46102142333984,48.644493103027344,81.89677429199219,80.00658416748047,79.93663787841797,81.52600860595703,24.943483352661133,24.64105224609375,24.62986183166504,24.8841609954834,8838.169921875,955.509765625,5061.1396484375,4739.20654296875,-0.17950370171701824,-0.30788057046772255,0.013376230422279978,-0.042073952783428625
3,790.8586094379425,1778170656.07884,64.5497817993164,0.8275189399719238,0.0,-1.6441174745559692,49.32270812988281,38.15019989013672,51.336883544921875,48.473876953125,81.89846801757812,80.0043716430664,79.93302917480469,81.521484375,24.943756103515625,24.64069938659668,24.629283905029297,24.88343811035156,9665.85546875,71.7797622680664,7171.57177734375,3841.666259765625,-0.04801267049860736,-0.2635736342653783,0.020712460747566164,-0.03619836039651092
3,790.8736963272095,1778170656.093927,64.02545166015625,0.7953433990478516,0.0,-1.5663957595825195,49.43941116333008,23.013996124267575,50.67964172363281,48.39315414428711,81.90007019042969,80.00215911865234,79.9301986694336,81.51677703857422,24.944011688232425,24.64034652709961,24.62883186340332,24.88268280029297,9870.7548828125,0.0,8811.2236328125,3190.91357421875,-0.03794550890682702,-0.5521148385898177,0.01589676990912392,-0.029923549875290556
3,790.8892865180969,1778170656.109517,63.56889724731445,0.814143717288971,0.0,-1.6739875078201294,43.76960372924805,3.590505838394165,50.0483512878418,47.6773681640625,81.90198516845703,79.99994659423828,79.92750549316406,81.51204681396484,24.944316864013672,24.639991760253903,24.628400802612305,24.881927490234375,10200.8916015625,0.0,8763.474609375,2455.479248046875,-0.1421586633231896,-0.9296217847492309,0.010447589092352993,-0.03740793010074028
3,790.9045197963715,1778170656.1247504,62.92691802978515,0.8217045068740845,0.0,-1.4498311281204224,49.80405044555664,0.0,49.204986572265625,48.19490432739258,81.90379333496094,79.99773406982422,79.92472076416016,81.50736999511719,24.94460678100586,24.639636993408203,24.62795639038086,24.881179809570312,10119.1298828125,0.0,8733.154296875,3809.631591796875,-0.013931160243382257,-1.0,0.003555395197130329,-0.017032081411171296
3,790.9199850559235,1778170656.1402156,62.367061614990234,0.7648455500602722,0.0,-1.3944028615951538,42.26629257202149,0.0,49.52940368652344,47.266414642333984,81.90531158447266,79.9955062866211,79.921875,81.502685546875,24.94485092163086,24.6392822265625,24.627498626708984,24.880428314208984,8995.9814453125,0.0,8427.9384765625,3618.39453125,-0.15565894940729275,-1.0,0.019240120580179543,-0.027315353629684735
3,790.9350836277008,1778170656.1553142,61.84429168701172,0.7223144769668579,0.0,-1.234212875366211,44.517147064208984,0.0,48.23909759521485,47.44786834716797,81.90654754638672,79.9932632446289,79.91873168945312,81.4980697631836,24.94504737854004,24.6389217376709,24.626996994018555,24.87969207763672,7716.22705078125,550.04736328125,7068.86669921875,4555.185546875,-0.10317700135212537,-1.0,0.0010787654254793555,-0.015327590014791337
3,790.9506838321686,1778170656.1709144,61.177242279052734,0.8475834727287292,0.0,-0.7909556031227112,45.45000076293945,8.854496002197266,47.78068161010742,46.2667350769043,81.90736389160156,79.99066925048828,79.91423797607422,81.49298095703125,24.945178985595703,24.638507843017575,24.626277923583984,24.878875732421875,6304.88134765625,2714.078369140625,4976.169921875,5527.9150390625,-0.07440067059072131,-0.8196561903606745,0.0023771060860862114,-0.02937015563626677
3,790.9659209251404,1778170656.1861515,60.606082916259766,0.8975846171379089,0.0,-0.7764220237731934,39.11418151855469,21.319835662841797,46.82623672485352,45.6900520324707,81.90789794921875,79.98854064941406,79.90997314453125,81.48873901367188,24.945262908935547,24.638166427612305,24.62559509277344,24.878196716308594,5389.78564453125,3782.014404296875,3660.074462890625,5241.32421875,-0.19592406609455293,-0.5616763270204916,-0.008388088562073848,-0.032435066649894595
3,790.9815289974213,1778170656.2017596,59.91477584838867,0.9340288043022156,0.0,-0.572563111782074,46.93415832519531,37.15357208251953,46.01378631591797,45.256439208984375,81.90821838378906,79.98650360107422,79.9055404663086,81.48442840576172,24.945314407348633,24.637840270996097,24.62488555908203,24.87750816345215,4829.5458984375,4952.37255859375,2570.845947265625,5213.9521484375,-0.024035259680709853,-0.2273302223990834,-0.014349998881387327,-0.03055957650157648
3,790.9976065158844,1778170656.217837,59.252952575683594,0.9690539836883544,0.0,-0.8569438457489014,38.340675354003906,43.768760681152344,44.84397506713867,44.293495178222656,81.90836334228516,79.98503875732422,79.90107727050781,81.48006439208984,24.94533920288086,24.637605667114254,24.62417221069336,24.87681007385254,4360.6591796875,5668.62744140625,1789.288818359375,4789.51611328125,-0.1938259862090682,-0.07958954517179895,-0.028678950123289026,-0.0405891210612509
3,791.0136451721191,1778170656.2338758,58.49253463745117,0.0,0.0,-0.7722411155700684,48.672210693359375,45.43906021118164,44.00068664550781,44.00068664550781,81.9087142944336,79.98307037353516,79.89574432373047,81.47447967529297,24.94539451599121,24.637290954589844,24.62331771850586,24.87591552734375,4560.1533203125,5385.04736328125,1441.0797119140625,3382.94384765625,0.03671567261000508,-0.032042722889791264,-0.03455462310891566,-0.03454130950352852
3,791.0292146205902,1778170656.2494452,58.13902282714844,0.0,0.0,-1.1142218112945557,47.50694274902344,44.90834426879883,46.90044403076172,44.10431671142578,81.9091796875,79.98140716552734,79.89131927490234,81.4697494506836,24.94546890258789,24.63702392578125,24.62261199951172,24.875160217285156,5031.69970703125,4155.70654296875,1507.2601318359375,2353.822998046875,0.01804831012107111,-0.03753132245162405,0.035327907403506886,-0.026383213160298458
3,791.0453205108643,1778170656.265551,57.93423843383789,0.0,0.0,-1.0688085556030271,48.107452392578125,44.71848678588867,47.270843505859375,44.06749725341797,81.90989685058594,79.97943115234375,79.8868637084961,81.46501922607422,24.94558334350586,24.636709213256836,24.621898651123047,24.87440299987793,5820.67138671875,2438.036865234375,2137.2939453125,1436.370849609375,0.03456096725506619,-0.03821259310671121,0.04719303226854432,-0.02375737292349689
3,791.0613877773285,1778170656.2816184,57.78323745727539,0.0,0.0,-1.0715126991271973,48.31292724609375,44.68016052246094,46.72122573852539,43.977684020996094,81.91085052490234,79.97742462158203,79.88240051269531,81.46028900146484,24.945735931396484,24.63638687133789,24.621185302734375,24.873645782470703,6395.8642578125,1154.7548828125,3618.765380859375,650.3428344726562,0.041694842169966106,-0.036525680068996924,0.037722066079913796,-0.02320108823016498
3,791.0774686336517,1778170656.2976992,57.589805603027344,0.0,0.0,-1.0742833614349363,48.329689025878906,44.50678634643555,47.0464973449707,43.56465530395508,81.91215515136719,79.9749984741211,79.87730407714844,81.4546127319336,24.945945739746097,24.63599967956543,24.62036895751953,24.872737884521484,6625.365234375,83.30609893798828,4774.3486328125,86.86865234375,0.04555629411056872,-0.037040739957679425,0.04845640487178615,-0.02912492258418875
3,791.0935406684875,1778170656.3137712,57.44070816040039,0.0,0.0,-1.091746211051941,48.32792663574219,44.50678634643555,46.824806213378906,43.62227249145508,81.9132080078125,79.97297668457031,79.87318420410156,81.44988250732422,24.94611358642578,24.635677337646484,24.619709014892575,24.871980667114254,6311.93408203125,0.0,4966.4775390625,0.0,0.04823199282013513,-0.03454121013598355,0.04622452792477438,-0.025317465291179286
3,791.1091275215149,1778170656.329358,57.29153823852539,0.0,0.0,-1.0927070379257202,48.17964553833008,44.50678634643555,46.964820861816406,43.453590393066406,81.91409301757812,79.97095489501953,79.86907958984375,81.44515228271484,24.94625473022461,24.635353088378903,24.61905288696289,24.87122344970703,5604.45068359375,0.0,5014.47021484375,165.54144287109375,0.047736684630803605,-0.03202744603249674,0.05208512787771369,-0.026558479142233193
3,791.1251573562622,1778170656.345388,57.14092254638672,0.0,0.0,-1.1144320964813232,47.98014831542969,44.50678634643555,46.844200134277344,43.08393478393555,81.91484069824219,79.9685287475586,79.86418914794922,81.4394760131836,24.946372985839844,24.634963989257812,24.61827087402344,24.870315551757812,4779.52392578125,0.0,5081.69775390625,742.4509887695312,0.04614858239008823,-0.02947600216897317,0.0521490665418618,-0.03229542287163967
3,791.1407470703125,1778170656.3609776,57.028953552246094,0.0,0.0,-1.1387256383895874,47.76189422607422,44.50678634643555,46.67854309082031,42.712379455566406,81.91522979736328,79.96650695800781,79.8601303100586,81.43474578857422,24.94643783569336,24.63463973999023,24.61762046813965,24.86956024169922,4309.31982421875,0.0,4949.173828125,1418.855712890625,0.04343445289325354,-0.02757050348702872,0.05048676290425447,-0.03875731749380784
3,791.1558170318604,1778170656.3760476,56.91553497314453,0.0,0.0,-1.210831880569458,47.49168395996094,44.34000778198242,46.48152923583984,42.535736083984375,81.91547393798828,79.96448516845703,79.85604095458984,81.42999267578125,24.946475982666016,24.63431739807129,24.616966247558594,24.868797302246097,3996.405029296875,517.8345947265625,4747.4580078125,2326.19580078125,0.03959882351449906,-0.02928390114474666,0.04813754941363668,-0.04082508205903079
3,791.1718912124634,1778170656.3921218,56.79196548461914,0.0,0.0120000001043081,-1.3710172176361084,47.30937576293945,43.57795333862305,46.32980728149414,42.37638854980469,81.91565704345703,79.96244049072266,79.85189056396484,81.42522430419922,24.946504592895508,24.63399124145508,24.616302490234375,24.86803436279297,3819.293701171875,1564.0775146484375,4640.89599609375,2612.228271484375,0.037861378529261414,-0.04389141041902156,0.046989409521593695,-0.04233916643162006
3,791.1872029304504,1778170656.4074335,56.64961242675781,0.0,0.072000004351139,-1.438546061515808,47.19046401977539,43.452754974365234,46.1954345703125,42.55611801147461,81.91584014892578,79.96038055419922,79.84774017333984,81.42045593261719,24.946533203125,24.63365936279297,24.615638732910156,24.867271423339844,3986.98486328125,2244.450439453125,4821.8115234375,2632.1767578125,0.037854176659272376,-0.04424261321202694,0.04657608916670952,-0.035860791005006165
3,791.2019965648651,1778170656.4222271,56.51094055175781,0.0,0.1320000141859054,-1.5207953453063965,47.27833938598633,43.42341232299805,46.15399169921875,42.71295928955078,81.91614532470703,79.95832061767578,79.84368133544922,81.41568756103516,24.946582794189453,24.633331298828125,24.614990234375,24.86650848388672,4481.24462890625,2427.442626953125,5264.27587890625,2747.638916015625,0.04233833590234326,-0.042544270451392974,0.04820306743647951,-0.029932824715914075
3,791.2180511951447,1778170656.4382818,56.38056945800781,0.0,0.2039999812841415,-1.5424814224243164,47.38753509521485,43.41138458251953,46.03110122680664,42.85503005981445,81.91680908203125,79.955810546875,79.83898162841797,81.40996551513672,24.94668960571289,24.63293075561523,24.61423683166504,24.86559295654297,5446.4140625,2012.2811279296875,5754.97900390625,2469.9736328125,0.04716156533439442,-0.040596122924821065,0.047829451658307764,-0.024455624707341417
3,791.2333509922028,1778170656.4535816,56.30084609985352,0.0,0.2639999687671661,-1.4631612300872805,47.57039260864258,43.39168167114258,45.95172882080078,43.127838134765625,81.91761779785156,79.9537353515625,79.83515930175781,81.40519714355469,24.94681930541992,24.632598876953125,24.613624572753903,24.864830017089844,6004.12353515625,1405.885986328125,6050.98779296875,1936.470458984375,0.05269084695936965,-0.039673640365600504,0.04750385041994787,-0.016855281485890106
3,791.2491109371185,1778170656.4693415,56.245399475097656,0.0,0.3239999413490295,-1.3706188201904297,47.53477478027344,43.34598922729492,46.00456619262695,43.61542510986328,81.91856384277344,79.95166778564453,79.8313980102539,81.40042877197266,24.94696998596191,24.632266998291016,24.61302375793457,24.86406707763672,6167.03173828125,805.7547607421875,6255.19140625,1570.1182861328125,0.05293961977484596,-0.039739194917991605,0.049742132606747536,-0.004760080607895345
3,791.263857126236,1778170656.4840877,56.21956634521485,0.0,0.3839999139308929,-1.2721126079559326,47.47169494628906,43.31316757202149,46.05427932739258,44.23844528198242,81.91954040527344,79.94955444335938,79.82767486572266,81.39566040039062,24.947126388549805,24.631927490234375,24.6124267578125,24.863304138183594,6268.7392578125,599.4243774414062,6313.18505859375,1495.913330078125,0.05202553076687444,-0.0400253961856869,0.051359379879345024,0.00992017382752386
3,791.2795965671539,1778170656.4998271,56.22582244873047,0.0,0.4439998865127563,-1.199818134307861,47.4362678527832,43.312740325927734,46.159820556640625,44.763641357421875,81.92047882080078,79.9474105834961,79.823974609375,81.3908920288086,24.947277069091797,24.63158416748047,24.611835479736328,24.86254119873047,6120.37939453125,742.1472778320312,6097.2998046875,1668.341552734375,0.05112345815843078,-0.040141678352440424,0.05365149890723253,0.02179617812098944
3,791.2949714660645,1778170656.515202,56.27091598510742,0.0,0.5039998888969421,-1.0705900192260742,47.396785736083984,43.41764831542969,46.28213882446289,45.11685943603515,81.92124938964844,79.94523620605469,79.82019805908203,81.38612365722656,24.947399139404297,24.631237030029297,24.61123275756836,24.861778259277344,5598.4873046875,1121.6201171875,5562.22900390625,1981.791748046875,0.04940695557472119,-0.0385878608866953,0.05559695861698266,0.029033609294643048
3,791.3106744289398,1778170656.530905,56.37575912475586,0.0,0.5760000348091125,-0.8902038335800171,47.31027603149414,43.6300163269043,46.45865249633789,45.23550796508789,81.92192840576172,79.942626953125,79.81542205810547,81.38040161132812,24.947509765625,24.630821228027344,24.61046600341797,24.860862731933594,4744.85595703125,1726.00634765625,4906.4833984375,2516.2412109375,0.045543512605856984,-0.03568202490366423,0.05765225725283796,0.029821019403317495
3,791.3257465362549,1778170656.545977,56.505149841308594,0.0,0.6360001564025879,-0.7369575500488281,47.24595260620117,43.88666534423828,46.565635681152344,45.15275192260742,81.92225646972656,79.9404525756836,79.81129455566406,81.3756332397461,24.94756126403809,24.63047218322754,24.609806060791016,24.86009979248047,4168.322265625,2179.48779296875,4492.7509765625,2987.64111328125,0.041731056324119775,-0.032230698936492774,0.057660290880365395,0.025583149431073204
3,791.3412826061249,1778170656.5615132,56.65937805175781,0.0,0.6960002779960632,-0.6079953908920288,47.161773681640625,44.181827545166016,46.529544830322266,45.32347106933594,81.92240905761719,79.93827819824219,79.80703735351562,81.370849609375,24.947586059570312,24.630123138427734,24.609127044677734,24.859336853027344,3766.003662109375,2448.646240234375,4215.3046875,3234.01171875,0.037044421121573023,-0.02837392158848384,0.05396380197898165,0.026658584466352275
4,788.5344989299774,1778170653.7547295,143.4272003173828,1.0,0.0,-1.1269524097442627,104.63735961914062,104.51449584960938,109.23848724365234,99.94843292236328,82.09062194824219,80.42647552490234,80.46046447753906,82.21977233886719,24.974498748779297,24.708236694335938,24.71367454528809,24.995162963867188,7179.98974609375,3687.18408203125,4369.361328125,1686.85986328125,-0.091061951003928,-0.09202832937989314,-0.022508813062155353,-0.10562602914222907
4,788.5501177310944,1778170653.7703483,142.546630859375,1.0,0.0,-1.0966789722442627,103.56715393066406,101.85009765625,108.56295013427734,98.7636260986328,82.08897399902344,80.42342376708984,80.45734405517578,82.21488952636719,24.97423553466797,24.707748413085938,24.71317481994629,24.994380950927734,7053.0595703125,3974.431396484375,4074.272705078125,1438.8258056640625,-0.09480089192270436,-0.10970941170735393,-0.02255264949389857,-0.11076867583962036
4,788.5654489994049,1778170653.7856796,141.70045471191406,1.0,0.0,-1.1284632682800293,102.13147735595705,98.46266174316406,108.9968490600586,100.65730285644533,82.08706665039062,80.42044830322266,80.45429992675781,82.21000671386719,24.97393035888672,24.707271575927734,24.71268844604492,24.99360084533691,6804.16943359375,3914.73095703125,4386.9189453125,1307.452392578125,-0.10201847246562057,-0.13417999203192676,-0.012785799723140534,-0.0883067728399346
4,788.5811493396759,1778170653.80138,140.74298095703125,0.9275115132331848,0.0,-1.1137675046920776,100.95279693603516,106.5735321044922,105.53983306884766,103.43163299560548,82.08448028564453,80.41659545898438,80.45084381103516,82.20414733886719,24.9735164642334,24.706655502319336,24.712135314941406,24.992664337158203,6368.15869140625,3263.1767578125,4651.51806640625,1433.6416015625,-0.10634344940205265,-0.05648262113619984,-0.037593933274086,-0.05680537002293873
4,788.5965378284454,1778170653.8167684,139.95016479492188,0.8889951705932617,0.0,-1.133480429649353,100.35338592529295,97.12151336669922,106.73597717285156,105.7221450805664,82.08208465576172,80.4131851196289,80.4482192993164,82.19927215576172,24.973133087158203,24.70610809326172,24.711715698242188,24.99188232421875,6075.0615234375,3155.333740234375,4901.59716796875,1712.6903076171875,-0.10661707308705548,-0.13529231961797283,-0.021172616657073484,-0.03045664241354007
4,788.6119954586029,1778170653.832226,139.13575744628906,0.8760809302330017,0.0,-1.12520170211792,99.50150299072266,97.73592376708984,104.22225189208984,104.22225189208984,82.07958221435547,80.40967559814453,80.44547271728516,82.19456481933594,24.972732543945312,24.705547332763672,24.711275100708008,24.991130828857425,5994.7861328125,2997.2294921875,4644.06591796875,2016.7767333984375,-0.10901597602601742,-0.12472856536815657,-0.03863038829322929,-0.038617130893123686
4,788.6271405220032,1778170653.847371,138.3516845703125,0.8901717662811279,0.0,-1.0793522596359253,98.57298278808594,98.66307830810548,105.4175262451172,105.4175262451172,82.0770263671875,80.40618896484375,80.44251251220703,82.18982696533203,24.97232437133789,24.70499038696289,24.71080207824707,24.99037170410156,5956.3251953125,3309.3837890625,4329.96484375,1772.3133544921875,-0.11232808496597158,-0.11141802453149974,-0.022094106350574183,-0.02208062091319407
4,788.6434698104858,1778170653.8637004,137.57716369628906,0.9449757933616638,0.0,-1.0289795398712158,96.65152740478516,101.22898864746094,105.15931701660156,102.2227020263672,82.07437896728516,80.40318298339844,80.43942260742188,82.18498229980469,24.971900939941406,24.704509735107425,24.710308074951172,24.98959732055664,5936.7880859375,3898.695068359375,4141.6572265625,1352.6903076171875,-0.12473129124829174,-0.08317629063867993,-0.018997533411184264,-0.046379259991012
4,788.6592655181885,1778170653.879496,136.6923370361328,0.9722765684127808,0.0,-1.1048144102096558,99.49715423583984,91.8763656616211,104.34669494628906,98.7507781982422,82.07184600830078,80.39954376220703,80.43560791015625,82.17912292480469,24.97149658203125,24.70392608642578,24.709697723388672,24.988658905029297,6426.8115234375,3666.721435546875,4088.20849609375,1001.0294189453124,-0.09312898093548339,-0.16249592586884787,-0.020277181009852097,-0.07280508486301163
4,788.6742513179779,1778170653.894482,135.9219512939453,0.981421947479248,0.0,-1.13446843624115,97.56963348388672,100.36363220214844,103.85316467285156,95.78683471679688,82.06997680664062,80.3964614868164,80.43241119384766,82.17424011230469,24.971195220947266,24.703433990478516,24.70918655395508,24.987876892089844,7119.06396484375,3468.1552734375,4134.427734375,1154.312255859375,-0.10565701352901169,-0.07994442940629642,-0.019384330189388677,-0.09553679286057071
4,788.6897716522217,1778170653.9100022,135.12777709960938,1.0,0.0,-1.0522637367248535,97.13409423828124,90.58385467529295,103.3037338256836,92.6662368774414,82.06865692138672,80.3932113647461,80.42923736572266,82.16935729980469,24.970985412597656,24.70291328430176,24.70867919921875,24.987096786499023,7907.13330078125,3572.6826171875,4101.546875,953.3276977539062,-0.10441647684923383,-0.16471736150355953,-0.01883944371692914,-0.11986036748149431
4,788.7056374549866,1778170653.925868,134.2876434326172,1.0,0.0,-1.1752151250839231,96.73886108398438,99.17642211914062,101.83688354492188,93.72816467285156,82.06756591796875,80.39019012451172,80.42591857910156,82.16447448730469,24.97080993652344,24.702430725097656,24.708147048950195,24.986316680908203,7667.76171875,3773.4970703125,3898.243408203125,1657.6644287109375,-0.10248038217296795,-0.07976303676163266,-0.026720127851129094,-0.10420477394755101
4,788.7211740016937,1778170653.9414046,133.4224853515625,1.0,0.0,-1.0716638565063477,95.84066772460938,89.80309295654297,101.58431243896484,92.64264678955078,82.06635284423828,80.38711547851562,80.4224624633789,82.15959167480469,24.97061538696289,24.70193862915039,24.70759391784668,24.98553466796875,7555.0419921875,3722.936279296875,3692.366455078125,1560.9891357421875,-0.10504780589913665,-0.16133299361602516,-0.02283857657199173,-0.10883809902321606
4,788.7372102737427,1778170653.9574409,132.41098022460938,0.9987537264823914,0.0,-1.2020853757858276,94.32576751708984,95.34034729003906,101.14405059814452,90.97348022460938,82.06464385986328,80.38347625732422,80.41854858398438,82.15373229980469,24.9703426361084,24.70135498046875,24.706966400146484,24.984596252441406,7165.14306640625,3518.90576171875,4036.5478515625,1537.59228515625,-0.11246522237494072,-0.1028191017084994,-0.019641235397277246,-0.1182093454676445
4,788.7532272338867,1778170653.9734578,131.5764923095703,0.9588695764541626,0.0,-1.0156681537628174,93.13732147216795,90.61824798583984,100.8076171875,89.87312316894531,82.06291198730469,80.38018798828125,80.41544342041016,82.14884948730469,24.97006607055664,24.700828552246097,24.706470489501953,24.983816146850582,6790.65966796875,3307.75927734375,4531.01708984375,1619.0025634765625,-0.11808958359878885,-0.14184715532858005,-0.01670520727667124,-0.1233500489293371
4,788.7686491012573,1778170653.9888797,130.78526306152344,0.9375725984573364,0.0,-1.4212247133255005,96.93338775634766,93.44859313964844,100.2715301513672,89.91632843017578,82.06121826171875,80.37705993652344,80.41259765625,82.14398956298828,24.96979522705078,24.700328826904297,24.706016540527344,24.9830379486084,6350.26025390625,3315.5419921875,4901.5283203125,1977.580078125,-0.07659204065599035,-0.10969000944998719,-0.016017156151495904,-0.11762247449750318
4,788.7847247123718,1778170654.0049553,129.84214782714844,0.8774480223655701,0.0,-1.0779569149017334,93.25701141357422,91.2102508544922,99.65396881103516,91.07666015625,82.05880737304688,80.37289428710938,80.40924835205078,82.13825988769531,24.969409942626953,24.699663162231445,24.70547866821289,24.982120513916016,6391.74609375,2699.781005859375,4873.1494140625,2053.03271484375,-0.10516114114232278,-0.12470338522659508,-0.014974206421852765,-0.09974386702183669
4,788.8004024028778,1778170654.020633,129.06427001953125,0.8737085461616516,0.0,-1.1440922021865845,92.01873016357422,89.0436782836914,98.95408630371094,92.02095794677734,82.05684661865234,80.36933135986328,80.4063720703125,82.13346862792969,24.96909523010254,24.69909286499023,24.705018997192383,24.981353759765625,6431.34814453125,2670.4482421875,4599.90478515625,1894.85107421875,-0.11172131899658488,-0.14034468620135732,-0.015997055568245933,-0.08492771110995201
4,788.8158721923828,1778170654.0361028,128.29039001464844,0.8999563455581665,0.0,-1.126091718673706,90.85519409179688,96.07814025878906,98.13818359375,92.1396713256836,82.05496215820312,80.36585998535156,80.40322875976562,82.12859344482422,24.968793869018555,24.69853782653809,24.704517364501953,24.98057556152344,6587.60107421875,2791.224853515625,4218.7197265625,1736.1734619140625,-0.11766264179243136,-0.06683648103943463,-0.01822360886637764,-0.07822013671530481
4,788.8310370445251,1778170654.0512676,127.56483459472656,0.8640592694282532,0.0,-1.1400015354156494,95.40480041503906,89.6343765258789,97.5560302734375,91.91514587402344,82.05305480957031,80.36229705810547,80.39985656738281,82.12371826171875,24.968488693237305,24.697967529296875,24.70397567749023,24.979793548583984,6128.57275390625,2933.32861328125,3872.9580078125,1611.80126953125,-0.06820947561587498,-0.12447022268997654,-0.018496519861753602,-0.0752362578114062
4,788.846120595932,1778170654.0663512,126.86955261230467,0.8835142850875854,0.0,-1.097423434257507,90.6325225830078,84.51750946044922,96.8572769165039,91.44969940185548,82.05107116699219,80.3589096069336,80.3963394165039,82.1188735961914,24.968170166015625,24.697425842285156,24.703414916992188,24.979019165039062,6108.2724609375,3021.626220703125,3675.77880859375,1680.370361328125,-0.1099678551380805,-0.16992645643757942,-0.02018622491315014,-0.07487683218719998
4,788.861822605133,1778170654.0820532,126.14459228515624,0.867255687713623,0.5,-1.0777721405029297,92.58650207519533,91.07128143310548,96.50355529785156,89.55742645263672,82.0489730834961,80.35551452636719,80.39278411865234,82.11402893066406,24.96783447265625,24.696882247924805,24.70284652709961,24.97824478149414,6158.193359375,2843.24658203125,3853.38330078125,1119.324462890625,-0.08555398445674689,-0.10041936157303855,-0.01815401073831613,-0.08881271485972886
4,788.877907037735,1778170654.0981376,125.35382080078124,0.8611949682235718,0.5,-1.108292579650879,89.9251480102539,91.2911376953125,95.96985626220705,86.90556335449219,82.04672241210938,80.35124969482422,80.38861846923828,82.10820007324219,24.96747589111328,24.696199417114254,24.702178955078125,24.977312088012695,6172.484375,2755.28173828125,3972.649658203125,1139.5211181640625,-0.10623649314048789,-0.09255913484721712,-0.017424428149258153,-0.11021580638200068
4,788.8934469223022,1778170654.1136775,124.6627960205078,0.8980686068534851,0.5,-1.1109130382537842,87.20899963378906,84.40522003173828,95.3884506225586,85.17880249023438,82.04473114013672,80.34786987304688,80.38524627685547,82.10331726074219,24.96715545654297,24.695659637451172,24.70163917541504,24.976531982421875,6299.35107421875,3217.74267578125,4162.779296875,1218.4422607421875,-0.1284275899037578,-0.1563550084143127,-0.01796350935992752,-0.12306107024697144
4,788.9090800285339,1778170654.1293106,123.9644775390625,0.9443689584732056,0.409090906381607,-1.2270959615707395,89.22099304199219,83.35147857666016,94.34698486328124,84.13665771484375,82.04305267333984,80.34469604492188,80.38166809082031,82.09846496582031,24.966888427734375,24.695152282714844,24.701066970825195,24.975753784179688,6478.54443359375,3509.06689453125,3755.520263671875,1255.3785400390625,-0.1032965701247982,-0.16219423699515856,-0.023213911998980707,-0.12891068870693867
4,788.9241316318512,1778170654.1443622,123.2025375366211,0.9728399515151978,0.2727272510528564,-1.160017490386963,93.79302215576172,91.60400390625,93.8241729736328,86.88655853271484,82.04156494140625,80.34159088134766,80.37813568115234,82.09362030029297,24.966650009155273,24.69465446472168,24.70050048828125,24.97497940063477,6836.587890625,3553.926025390625,3890.25341796875,1206.0721435546875,-0.05151621770907977,-0.07354977032703236,-0.022619238155915933,-0.0948769474299016
4,788.9399843215942,1778170654.160215,122.51546478271484,0.9505703449249268,0.1363636255264282,-1.1640437841415403,86.55162811279297,84.34219360351562,93.37245178222656,83.13253784179688,82.04015350341797,80.33834075927734,80.37459564208984,82.08877563476562,24.96642303466797,24.69413375854492,24.699935913085938,24.974205017089844,6787.54296875,3221.62939453125,3954.42724609375,977.41552734375,-0.11983648413255366,-0.14220942568804618,-0.021870077018087186,-0.12912703243990065
4,788.9553399085999,1778170654.1755705,121.82698059082033,0.93162739276886,0.0,-1.4254815578460691,89.03433990478516,84.81515502929688,93.00643920898438,82.73975372314453,82.038818359375,80.3349609375,80.37117004394531,82.08392333984375,24.966209411621097,24.693593978881836,24.699386596679688,24.973426818847656,6933.49560546875,2857.0791015625,4151.64306640625,876.8635864257812,-0.08947244088073392,-0.13252439755036594,-0.02019820393058236,-0.1283433927935803
4,788.9711449146271,1778170654.1913755,120.9937744140625,0.8935410976409912,0.0,-1.2022730112075806,84.94502258300781,87.61624145507812,92.63235473632812,86.25692749023438,82.03726196289062,80.33049011230469,80.36717987060547,82.07806396484375,24.965961456298828,24.69287872314453,24.698749542236328,24.972490310668945,7016.8046875,2369.15283203125,4421.21240234375,1402.991943359375,-0.12531043802522945,-0.09770430823411203,-0.017418973873966737,-0.08503255327453363
4,788.9862976074219,1778170654.2065282,120.3090362548828,0.9012277126312256,0.0,-1.3837076425552368,86.81462097167969,80.1519775390625,92.1057586669922,85.2208480834961,82.03609466552734,80.3267593383789,80.3639907836914,82.0732192993164,24.965774536132812,24.69228172302246,24.698238372802734,24.97171401977539,6872.25634765625,2759.8837890625,4529.51416015625,1810.5128173828125,-0.10097108855934689,-0.16987540071160034,-0.01744418424473615,-0.09087774939453919
4,789.0017259120941,1778170654.2219565,119.57858276367188,0.8961141705513,0.0,-1.3488943576812744,90.74496459960938,80.93904113769531,91.6578598022461,84.61429595947266,82.03485107421875,80.32313537597656,80.36090087890625,82.06837463378906,24.965576171875,24.69170188903809,24.697744369506836,24.97093963623047,6755.2119140625,2636.63232421875,4941.23095703125,1822.3935546875,-0.054529100571320765,-0.15660321182664827,-0.016249412528716256,-0.09183444367114657
4,789.0171275138855,1778170654.237358,118.89480590820312,0.8731975555419922,0.0,-1.3226420879364014,83.8468246459961,82.52273559570312,91.24081420898438,84.11109924316406,82.0335922241211,80.31939697265625,80.35787200927734,82.06352996826172,24.96537399291992,24.691102981567383,24.69725799560547,24.970165252685547,6658.8369140625,2492.33056640625,4873.0126953125,1660.897705078125,-0.1213765898275404,-0.1351555085762759,-0.015093589441123156,-0.09204335848129863
4,789.0335459709167,1778170654.2537766,118.11101531982422,0.8566859364509583,0.0,-1.426621675491333,84.49193572998047,84.53302764892578,91.64201354980467,87.40025329589844,82.0320816040039,80.31494140625,80.35433197021484,82.05770111083984,24.965133666992188,24.690391540527344,24.696693420410156,24.96923065185547,6410.55126953125,2474.29638671875,5114.3623046875,1374.0875244140625,-0.10874107933913058,-0.1082085367193707,-0.00419818310734188,-0.050276965144236074
4,789.0492758750916,1778170654.2695065,117.51238250732422,0.8475024104118347,0.0,-1.3280717134475708,88.06555938720703,76.14685821533203,90.04411315917969,88.11341094970703,82.03059387207031,80.3112564086914,80.35157012939453,82.0528335571289,24.96489524841309,24.689800262451172,24.696250915527344,24.96845245361328,6352.48583984375,2537.027587890625,5304.66796875,1026.012939453125,-0.06631259764267972,-0.1925871678293002,-0.01657693957272366,-0.03764996763948081
4,789.0645527839661,1778170654.2847834,116.84883880615234,0.9216776490211488,0.0,-1.3583194017410278,80.63847351074219,81.58492279052734,86.20716094970703,85.77131652832031,82.02906036376953,80.30792236328125,80.34859466552734,82.04798889160156,24.964649200439453,24.689266204833984,24.69577407836914,24.96767807006836,6407.46484375,3361.745849609375,4954.64501953125,1201.80908203125,-0.14020101190245093,-0.13001293507888667,-0.05313593186483856,-0.057910076724967396
4,789.0799808502197,1778170654.3002114,116.09164428710938,1.0,0.0,-1.4970479011535645,81.71302032470703,81.7053451538086,87.41697692871094,87.0909194946289,82.02763366699219,80.30560302734375,80.34542846679688,82.04312896728516,24.964420318603516,24.68889617919922,24.695268630981445,24.966899871826172,6414.515625,6131.794921875,4783.46533203125,1183.0772705078125,-0.12306110346090249,-0.12304603490517985,-0.03358532654327884,-0.037176688787345036
4,789.0960438251495,1778170654.3162744,115.28826141357422,1.0,0.0,-1.5269585847854614,82.72856903076172,79.31246185302734,84.22415924072266,83.63654327392578,82.02610778808594,80.304443359375,80.34228515625,82.03824615478516,24.964176177978516,24.688711166381836,24.694765090942383,24.96611785888672,6151.42578125,6799.85498046875,4864.3212890625,743.2330932617188,-0.10597542882754296,-0.14279710282474856,-0.06239419238459476,-0.06892285058817871
4,789.1107993125916,1778170654.33103,114.51813507080078,1.0,0.0,-1.428950309753418,84.25235748291016,76.22797393798828,88.54659271240234,80.26530456542969,82.02449798583984,80.30270385742188,80.3393783569336,82.03336334228516,24.96392059326172,24.688432693481445,24.69430160522461,24.9653377532959,6100.50537109375,0.0,5311.244140625,95.92982482910156,-0.08338527968796605,-0.17059356704386197,-0.007646783965856385,-0.10044385576538528
4,789.126758813858,1778170654.3469894,113.97908782958984,1.0,0.0,-1.2471414804458618,80.11737060546875,72.59717559814453,88.52843475341797,74.48977661132812,82.02272033691406,80.29916381835938,80.33645629882812,82.02750396728516,24.963634490966797,24.6878662109375,24.693832397460938,24.964401245117188,6023.9873046875,7803.169921875,6309.578125,0.0,-0.12424919899138576,-0.20636312694850834,-0.0031580572068172774,-0.1612236472829005
4,789.1422874927521,1778170654.362518,113.26544189453124,1.0,0.0,-1.530859112739563,85.78841400146484,80.14684295654297,88.34736633300781,67.9825668334961,82.02130889892578,80.2993392944336,80.33462524414062,82.02262115478516,24.963409423828125,24.68789291381836,24.693538665771484,24.963619232177734,5958.53173828125,9363.8466796875,7438.869140625,0.0,-0.05635151308589148,-0.1183092475919979,0.0010709946406328719,-0.22967353623933318
4,789.1579773426056,1778170654.378208,112.66329193115234,1.0,0.0,-1.3552663326263428,76.76858520507812,78.06732940673828,88.25761413574219,61.46223831176758,82.01953125,80.29859924316406,80.33352661132812,82.01773834228516,24.963125228881836,24.687774658203125,24.693363189697266,24.96283721923828,4880.62548828125,7381.67041015625,8782.3671875,0.0,-0.15105387038768225,-0.13659576278857344,0.005398980430534772,-0.299834643319153
4,789.1734998226166,1778170654.3937304,112.07195281982422,1.0,0.5,-1.4765095710754397,81.95051574707031,73.24356079101562,87.4788589477539,51.56390380859375,82.01715087890625,80.29753875732422,80.33303833007812,82.01285552978516,24.962743759155273,24.68760681152344,24.693286895751953,24.96205711364746,3743.163818359375,6761.81298828125,9928.171875,0.0,-0.08896768025685298,-0.1856711901459418,0.0017857838733255083,-0.40949506246489975
4,789.1895513534546,1778170654.409782,111.35084533691406,1.0,0.5,-1.53442645072937,83.34263610839844,80.46556854248047,86.87039184570312,40.06991958618164,82.0146255493164,80.29542541503906,80.33321380615234,82.00699615478516,24.96234130859375,24.687267303466797,24.693313598632812,24.96112060546875,6297.57080078125,5192.49267578125,11349.2119140625,0.0,-0.06749161164486794,-0.09958264871198719,0.001260207009997627,-0.5381513955151163
4,789.2048144340515,1778170654.425045,110.81535339355467,0.9929239153862,0.5,-1.5165704488754272,75.40538787841797,68.11915588378906,86.81489562988281,30.183910369873047,82.0133056640625,80.29293823242188,80.33397674560547,82.00211334228516,24.962127685546875,24.686870574951172,24.693435668945312,24.960338592529297,6373.5693359375,4005.412353515625,12114.064453125,0.0,-0.15222330254676952,-0.23405671786970927,0.005455851605313589,-0.6504170442624894
4,789.2205929756165,1778170654.4408236,110.25931549072266,0.9001450538635254,0.409090906381607,-1.4996130466461182,81.50776672363281,75.44896697998047,86.34703063964844,20.879859924316406,82.01197814941406,80.28992462158203,80.33522033691406,81.99723052978516,24.961915969848633,24.68638801574707,24.693634033203125,24.959556579589844,5903.974609375,3283.437744140625,13000.9296875,0.0,-0.07899341683249417,-0.14736079974669936,0.005080413280919682,-0.7569548427424228
4,789.23606133461,1778170654.456292,109.85308074951172,0.886661946773529,0.2727272510528564,-1.2044737339019775,70.51427459716797,72.28723907470703,85.86595153808594,12.344449043273926,82.01034545898438,80.2867431640625,80.33668518066406,81.99234771728516,24.961654663085938,24.68587875366211,24.693870544433594,24.95877456665039,7147.45458984375,2901.08642578125,12966.39453125,0.0,-0.2002691780093554,-0.1800701708799166,0.003176708775905368,-0.8557771233738499
4,789.2516350746155,1778170654.4718657,109.3697509765625,1.0,0.1363636255264282,-1.1947591304779053,76.0698471069336,77.67477416992188,85.03822326660156,2.599074363708496,82.01005554199219,80.28356170654297,80.33763122558594,81.98746490478516,24.96160888671875,24.68536949157715,24.694021224975582,24.95799446105957,8642.71875,3062.130859375,11680.5322265625,0.0,-0.1334485512049609,-0.11506766242525823,-0.002103156788291427,-0.969500258009308
4,789.2669277191162,1778170654.4871583,108.82732391357422,1.0,0.0,-1.033123254776001,80.34492492675781,73.50240325927734,84.42757415771484,6.923244953155518,82.00968933105469,80.28052520751953,80.33745574951172,81.98259735107422,24.961549758911133,24.68488311767578,24.693992614746097,24.95721435546875,7330.60498046875,3418.08251953125,9268.85546875,3710.304931640625,-0.08018702396699084,-0.15842877278430811,-0.004330840250607482,-0.9183518345409556
4,789.2824885845184,1778170654.5027192,108.24919128417967,0.9848737120628356,0.0,-0.8103612065315247,69.80518341064453,74.39351654052734,84.58711242675781,16.159101486206055,82.00848388671875,80.27783966064453,80.33636474609375,81.97784423828125,24.96135711669922,24.6844539642334,24.693817138671875,24.95645523071289,6204.59375,4156.11865234375,10707.671875,3986.956298828125,-0.19658109891096376,-0.14367678657657856,0.0028782979811317055,-0.8084124731563253
4,789.2985873222351,1778170654.518818,107.53897857666016,0.97681325674057,0.0,-0.926267385482788,73.95387268066406,73.36564636230469,82.73217010498047,27.46259880065918,82.00656127929688,80.27500915527344,80.33515930175781,81.97225952148438,24.961050033569336,24.684001922607425,24.693626403808594,24.955562591552734,5152.7607421875,4994.8544921875,7516.3251953125,4459.35009765625,-0.1432106752728015,-0.14993109448702402,-0.01263619351487244,-0.672244182881088
4,789.3146426677704,1778170654.5348732,106.92147827148438,0.978935182094574,0.0,-0.7150511741638184,76.08269500732422,76.67478942871094,82.0634994506836,37.93497848510742,82.0045394897461,80.2729721069336,80.33281707763672,81.96772003173828,24.96072578430176,24.68367576599121,24.69325065612793,24.954833984375,4721.7666015625,5456.83203125,5416.04345703125,5107.7021484375,-0.11345667174159013,-0.1064580903838237,-0.014960213243753406,-0.5446455650877493
4,789.3303892612457,1778170654.5506198,106.30441284179688,0.9899755120277404,0.0,-0.5751215815544128,73.4754867553711,75.28984069824219,80.38106536865234,48.7075080871582,82.00238037109375,80.27111053466797,80.32976531982422,81.9634780883789,24.96038055419922,24.68337631225586,24.69276237487793,24.95415496826172,4632.93359375,5702.14453125,5063.27880859375,5067.5595703125,-0.13886704168835295,-0.11750475352982748,-0.029554480494189628,-0.4119431659217706
4,789.3453118801117,1778170654.5655425,105.66149139404295,1.0,0.0,-0.7150262594223022,69.60811614990234,73.4400634765625,81.80278778076172,63.42205810546875,82.0003890991211,80.26933288574219,80.3276596069336,81.95951843261719,24.96006202697754,24.683094024658203,24.69242477416992,24.953521728515625,4950.99169921875,5606.009765625,7424.830078125,4428.5400390625,-0.17922867253759622,-0.13394874225183684,-0.006380600129450409,-0.2296319228215815
4,789.3613014221191,1778170654.581532,104.87857818603516,1.0,0.0,-0.6631543636322021,68.60443878173828,63.46931838989258,75.39080047607422,71.20909881591797,81.99829864501953,80.26700592041016,80.32537841796875,81.95465850830078,24.959728240966797,24.682720184326172,24.692060470581055,24.95274543762207,5725.697265625,5275.39306640625,6736.8798828125,2986.4052734375,-0.18502467942476253,-0.24594272753220703,-0.0774280253324322,-0.12858830993992165
4,789.376357793808,1778170654.5965884,104.18543243408205,1.0,0.0,-0.6052485108375549,71.59375,72.65464782714844,76.81129455566406,75.0565414428711,81.99697875976562,80.26493072509766,80.32275390625,81.95028686523438,24.959516525268555,24.682388305664062,24.691640853881836,24.952045440673828,6370.34228515625,5187.138671875,5639.69091796875,2120.656005859375,-0.14385535458387821,-0.13107219823904315,-0.053791641206465624,-0.07539500970094926
4,789.3918814659119,1778170654.612112,103.5593490600586,1.0,0.0,-0.5284911394119263,75.17668914794922,70.71246337890625,72.38705444335938,72.38705444335938,81.99594116210938,80.26287841796875,80.31964874267578,81.94586181640625,24.9593505859375,24.68206024169922,24.691143035888672,24.951337814331055,6741.7392578125,5181.9296875,4784.5048828125,1676.5380859375,-0.09557425617496207,-0.14918733817943197,-0.10290117647219976,-0.10288880537382816
4,789.4079115390778,1778170654.628142,102.97061157226562,1.0,0.0,-0.5724734663963318,73.59418487548828,68.40948486328125,73.87940216064453,73.87940216064453,81.99491882324219,80.2608642578125,80.31621551513672,81.94143676757812,24.95918655395508,24.681737899780273,24.690593719482425,24.95063018798828,6650.5361328125,5000.935546875,4339.4287109375,1381.488037109375,-0.1095506117170636,-0.17219066879116174,-0.07917145301769424,-0.0791587546836432
4,789.4233567714691,1778170654.6435874,102.41366577148438,1.0,0.0,-0.5153923630714417,71.47403717041016,65.79474639892578,73.36857604980469,69.0421142578125,81.9937973022461,80.25875854492188,80.3125991821289,81.93697357177734,24.959007263183594,24.681400299072266,24.69001579284668,24.94991683959961,6330.3125,4690.294921875,4020.498291015625,1282.102783203125,-0.130500303353557,-0.19950136552117914,-0.08056533624461837,-0.1347714250687405
4,789.4388914108276,1778170654.659122,101.77838134765624,0.955991804599762,0.0,-0.4804694652557373,70.46696472167969,73.57210540771484,71.98126220703125,70.02938842773438,81.99217987060547,80.25605010986328,80.30812072753906,81.9316177368164,24.95874786376953,24.68096923828125,24.689300537109375,24.949058532714844,5658.05078125,4113.91064453125,3702.879638671875,1378.0748291015625,-0.13740078596912852,-0.09929010411732175,-0.09232032144755942,-0.11692116271853092
4,789.4544496536255,1778170654.6746802,101.28287506103516,0.8697266578674316,0.0,-0.4349920153617859,68.35371398925781,62.08480453491211,72.03775787353516,68.48983764648438,81.99051666259766,80.25338745117188,80.3043212890625,81.92716217041016,24.95848274230957,24.6805419921875,24.688690185546875,24.948345184326172,5074.83740234375,3532.574951171875,3583.26220703125,1687.303955078125,-0.15917594365610122,-0.23620539439622545,-0.08716378697084104,-0.1321097708763933
4,789.4701421260834,1778170654.6903727,100.7787094116211,0.7913589477539062,0.0,-0.453809529542923,73.96830749511719,68.16816711425781,71.06627655029297,70.01217651367188,81.98868560791016,80.25051879882812,80.30047607421875,81.9227294921875,24.95819091796875,24.680084228515625,24.68807601928711,24.94763565063477,4641.13037109375,2992.56640625,3563.068115234375,2180.15380859375,-0.08555851193244635,-0.15716975065404826,-0.09496898303724766,-0.10838068108199717
4,789.4861660003662,1778170654.7063966,100.30376434326172,0.7135801315307617,0.0,-0.4383489191532135,65.18863677978516,68.48590087890625,71.41119384765625,69.41278839111328,81.9865493774414,80.24754333496094,80.29666137695312,81.91832733154297,24.957847595214844,24.679607391357425,24.68746566772461,24.946931838989254,4380.4287109375,2462.333251953125,3698.302734375,2744.704345703125,-0.1902821754064169,-0.14923183550105934,-0.08627026997162923,-0.11182827773264936
4,789.5009875297546,1778170654.721218,99.80516815185548,0.6771926283836365,0.0,-0.4374061524868011,71.17683410644531,62.4882698059082,71.75548553466797,69.48219299316406,81.9844970703125,80.24447631835938,80.29293060302734,81.9140625,24.95751953125,24.679115295410156,24.68686866760254,24.946250915527344,4436.94921875,1944.075927734375,3904.564453125,3003.8779296875,-0.11148519453908579,-0.21985961763904605,-0.07727822169844567,-0.10649873910896412
4,789.5164413452148,1778170654.736672,99.22982788085938,0.6061959266662598,0.0,-0.4842369556427002,70.8294677734375,66.33797454833984,72.29080200195312,69.91522216796875,81.9820556640625,80.24076843261719,80.28858184814453,81.90901184082031,24.957128524780273,24.678524017333984,24.68617248535156,24.94544219970703,4257.51220703125,1328.866943359375,4050.06982421875,3098.4619140625,-0.11069492033328643,-0.1669956700141636,-0.06500454640526698,-0.09571737317195828
4,789.5318846702576,1778170654.7521152,98.87200164794922,0.5651738047599792,0.0,-0.5036381483078003,63.639068603515625,67.91963195800781,72.58516693115234,70.45977783203125,81.98030853271484,80.23829650878906,80.28572082519531,81.90569305419922,24.95684814453125,24.67812728881836,24.685714721679688,24.94491195678711,4131.09619140625,1101.008544921875,4056.36083984375,3202.242919921875,-0.19808281401367345,-0.14404824446694453,-0.057799679181615216,-0.0853759304741627
4,789.5472781658173,1778170654.7675087,98.35175323486328,0.4712004661560058,0.0,-0.5033345818519592,69.30130004882812,64.77254486083984,72.78876495361328,71.51478576660156,81.97743225097656,80.23458862304688,80.2813720703125,81.90074920654297,24.956390380859375,24.677534103393555,24.685020446777344,24.94411849975586,3184.978271484375,826.2697143554688,3900.99560546875,3270.240234375,-0.1221136259538943,-0.17939124915235327,-0.050158941668421275,-0.06677058509105904
4,789.5637047290802,1778170654.7839353,97.97697448730467,0.3992427289485931,0.0,-0.4875827729701996,64.38621520996094,66.18110656738281,72.96304321289062,72.35211181640625,81.97471618652344,80.23146057128906,80.27766418457031,81.89665222167969,24.955955505371097,24.677032470703125,24.684425354003903,24.943464279174805,2533.015869140625,731.5511474609375,3679.678955078125,3129.2099609375,-0.1812564246948144,-0.15833883365034196,-0.04424273132508083,-0.05223237232646105
4,789.5792560577393,1778170654.7994866,97.65333557128906,0.3047428131103515,0.0,-0.4514559507369995,67.04682159423828,63.900543212890625,73.2556381225586,72.75924682617188,81.97196197509766,80.22836303710938,80.27387237548828,81.89241027832031,24.95551300048828,24.676536560058594,24.683818817138672,24.942785263061523,391.597900390625,154.0000762939453,3454.66357421875,2646.61181640625,-0.1445982290870833,-0.1846487197629556,-0.037229736760538645,-0.043740427098008516
4,789.5945749282837,1778170654.8148055,97.41422271728516,0.0,0.0,-0.3016903400421142,67.04682159423828,63.900543212890625,74.54940795898438,73.75436401367188,81.9686279296875,80.22465515136719,80.26939392089844,81.88707733154297,24.954978942871097,24.675945281982425,24.683101654052734,24.941932678222656,0.0,0.0,3615.97119140625,1977.766845703125,-0.14249856075264933,-0.18264735932302234,-0.017821272972089464,-0.028282473346621817
4,789.6106889247894,1778170654.8309195,97.27629089355467,0.0,0.0,-0.3016816675662994,67.04682159423828,63.900543212890625,74.8193359375,74.18506622314453,81.9658432006836,80.22152709960938,80.26566314697266,81.8825912475586,24.95453453063965,24.675445556640625,24.682506561279297,24.94121551513672,0.0,0.0,3627.40185546875,1421.3131103515625,-0.14128267622127533,-0.1814884033294918,-0.012867295201435258,-0.02122206758194578
4,789.6267945766449,1778170654.8470252,97.1716766357422,0.0,0.0,-0.283338338136673,67.04682159423828,63.900543212890625,74.68538665771484,74.4025650024414,81.96305084228516,80.21839904785156,80.26192474365234,81.87808990478516,24.95408821105957,24.674943923950195,24.681907653808594,24.940494537353516,0.0,0.0,3602.067138671875,1110.1328125,-0.14035818794847776,-0.18060720022421273,-0.013573725190302977,-0.017295612845608432
4,789.6423327922821,1778170654.8625634,97.04344940185548,0.3643112182617187,0.0,-0.4408852458000183,64.87212371826172,59.91912841796875,73.91852569580078,73.91852569580078,81.96047973632812,80.21524810791016,80.25801849365234,81.87357330322266,24.953676223754883,24.6744384765625,24.68128204345703,24.93977165222168,4294.57421875,0.0,2859.456298828125,888.726806640625,-0.16714207390049907,-0.23064540499171404,-0.022412217046538174,-0.022398735995942
4,789.6579484939575,1778170654.878179,96.71514129638672,0.6959019303321838,0.0,-0.5772663354873657,64.71942138671875,50.53104782104492,71.94303894042969,71.44110107421875,81.95891571044922,80.21150970458984,80.25285339355469,81.86817169189453,24.953426361083984,24.67384147644043,24.680456161499023,24.938907623291016,6434.23779296875,4350.4365234375,1679.8565673828125,626.8507690429688,-0.16628198114504744,-0.3489848086710897,-0.04530861729599578,-0.051956309950807245
4,789.6734793186188,1778170654.89371,96.2417449951172,0.4439045190811157,0.0,-0.5268365144729614,66.78791809082031,59.094478607177734,70.3473892211914,69.93461608886719,81.95793914794922,80.20919799804688,80.24850463867188,81.86363983154297,24.953269958496097,24.673471450805664,24.679759979248047,24.938182830810547,6723.32421875,5598.9248046875,835.6133422851562,511.5230407714844,-0.135403546586795,-0.2349132055573082,-0.061891243491826176,-0.06738286693225304
4,789.688642501831,1778170654.908873,95.80915069580078,0.2996879518032074,0.0,-0.4704324007034302,65.53072357177734,65.5248031616211,68.42261505126953,70.03402709960938,81.95684814453125,80.20732116699219,80.24415588378906,81.85910034179688,24.953094482421875,24.673171997070312,24.679065704345703,24.937456130981445,5732.7783203125,5549.52783203125,0.0,1126.932861328125,-0.14784812173017092,-0.14783042565762683,-0.08343900310454933,-0.061840257919267394
4,789.7038872241974,1778170654.9241178,95.40009307861328,0.0,0.0,-0.4267444014549255,67.06224822998047,67.4483413696289,66.89863586425781,69.60918426513672,81.9553451538086,80.20549011230469,80.23980712890625,81.85455322265625,24.95285415649414,24.67287826538086,24.678367614746097,24.936729431152344,4375.044921875,4908.07275390625,0.0,0.0,-0.12419313914031715,-0.11905303134739775,-0.10001108989403773,-0.06353310516557875
4,789.7197463512421,1778170654.939977,95.12255859375,0.0,0.0,-0.3045381009578705,69.1607437133789,69.8837661743164,67.06123352050781,68.79862976074219,81.95318603515625,80.20333099365234,80.23545837402344,81.8499526977539,24.95251083374023,24.67253303527832,24.67767333984375,24.93599319458008,2807.469970703125,4002.354248046875,0.0,0.0,-0.09415234578814446,-0.08458069237663779,-0.0951914235900223,-0.07173719578369475
4,789.7356810569763,1778170654.9559116,94.91913604736328,0.0,0.0,-0.2570139765739441,70.4780502319336,70.98151397705078,67.22135925292969,67.99687194824219,81.95075225830078,80.20056915283203,80.23110961914062,81.8453369140625,24.952119827270508,24.672090530395508,24.676977157592773,24.935253143310547,2428.173095703125,2145.133056640625,0.0,0.0,-0.07492032989899045,-0.06820844250537816,-0.09108722503746125,-0.08058869187012263
4,789.7515203952789,1778170654.971751,94.55755615234376,0.4090566039085388,0.0,-0.5460976958274841,63.89164733886719,63.71680450439453,69.33529663085938,69.04801940917969,81.9477767944336,80.1969985961914,80.22679901123047,81.84044647216797,24.951644897460938,24.671520233154297,24.676288604736328,24.934471130371097,2137.931884765625,1155.7657470703125,6597.2099609375,5398.38916015625,-0.15816519154649278,-0.16037562620557955,-0.058919373610271,-0.06280563302462128
4,789.7664244174957,1778170654.986655,94.05645751953124,0.4191930890083313,0.0,-0.7757270336151123,66.29792022705078,61.4700813293457,71.24381256103516,70.87346649169922,81.94535827636719,80.19398498535156,80.22454833984375,81.8372573852539,24.951255798339844,24.671037673950195,24.675926208496097,24.9339599609375,2843.769775390625,840.1553344726562,7287.8984375,5350.31494140625,-0.1218062951645974,-0.1856662029557672,-0.027863546126044025,-0.0329036581123352
4,789.7819445133209,1778170655.002175,93.63713073730467,0.4844993650913238,0.0,-0.9005452990531921,60.458438873291016,62.58774948120117,71.82679748535156,71.48436737060547,81.94331359863281,80.19097900390625,80.222412109375,81.83390045166016,24.950929641723633,24.670555114746097,24.675586700439453,24.93342399597168,4199.365234375,553.262451171875,7845.1962890625,5323.12744140625,-0.1955707307931246,-0.1671466677351794,-0.015519541491840982,-0.020199483924477235
4,789.7970206737518,1778170655.0172513,93.20256805419922,0.5786280035972595,0.0,-1.0929808616638184,64.88540649414062,63.48438262939453,71.80301666259766,71.61793518066406,81.94181823730469,80.1879653930664,80.22093200683594,81.83091735839844,24.95069122314453,24.670074462890625,24.675350189208984,24.932945251464844,5250.85107421875,692.4104614257812,9418.4970703125,6584.0234375,-0.1326424094283679,-0.151276336041,-0.011256808158482179,-0.013791820771436147
4,789.8121178150177,1778170655.0323484,92.7331085205078,0.7153576612472534,0.0,-1.219099998474121,56.27351379394531,58.28447723388672,71.1434555053711,71.1434555053711,81.94058990478516,80.18495178222656,80.21988677978516,81.8283462524414,24.95049285888672,24.669591903686523,24.675182342529297,24.93253517150879,5595.28271484375,1882.0201416015625,9787.4111328125,7164.3134765625,-0.24395395049444113,-0.21684923402844591,-0.015379595125032952,-0.015366017093752848
4,789.8277094364166,1778170655.04794,92.20948028564452,0.8646963238716125,0.0,-1.217238426208496,62.068721771240234,61.79301452636719,70.25652313232422,70.25652313232422,81.93943786621094,80.18205261230469,80.21855163574219,81.82611083984375,24.95030975341797,24.66912841796875,24.674968719482425,24.932178497314453,5870.00341796875,3311.7470703125,9164.001953125,7903.71337890625,-0.16135867281060068,-0.1649911128327909,-0.022133037562073743,-0.022119552661559627
4,789.8433439731598,1778170655.0635746,91.66443634033205,0.9458887577056884,0.0,-1.153241753578186,56.75308609008789,56.24909591674805,69.28790283203125,69.54598236083984,81.93842315673828,80.17955017089844,80.21676635742188,81.82376861572266,24.95014762878418,24.66872787475586,24.6746826171875,24.93180274963379,5847.64697265625,4122.86669921875,7557.099609375,7167.18212890625,-0.22862129973077294,-0.23538649616484097,-0.029880490297579443,-0.026253617984225985
4,789.8584446907043,1778170655.0786753,91.10101318359376,0.989170491695404,0.0,-0.8992804288864136,62.06219482421875,61.5806999206543,68.36520385742188,68.9756851196289,81.9373550415039,80.1773681640625,80.21407318115234,81.82093048095703,24.94997787475586,24.668378829956055,24.674251556396484,24.93134880065918,5833.1767578125,4691.03662109375,5464.83544921875,5989.19873046875,-0.1512438075211776,-0.1577350985839423,-0.03687955873087534,-0.02826577491936677
4,789.873701095581,1778170655.0939317,90.56819152832033,0.9344392418861388,0.0,-0.6692983508110046,58.03314971923828,56.03231048583984,67.9332275390625,68.17212677001953,81.93630981445312,80.17504119873047,80.210693359375,81.81745910644531,24.949810028076172,24.668006896972656,24.67370986938477,24.93079376220703,6076.03271484375,3629.4443359375,4410.119140625,4421.60400390625,-0.20167546056691055,-0.22911406012765323,-0.037334856331287636,-0.03393615183942156
4,789.8892405033112,1778170655.109471,89.94374084472656,0.8680407404899597,0.0,-0.5778749585151672,56.46005630493164,60.84050750732422,67.38480377197266,67.38480377197266,81.93573760986328,80.17182922363281,80.2062759399414,81.81253814697266,24.949718475341797,24.667491912841797,24.673004150390625,24.93000602722168,11485.0166015625,2516.75537109375,3740.952392578125,3254.3671875,-0.2179232174856881,-0.15715217322427244,-0.038476914103605875,-0.038463654587073126
4,789.904566526413,1778170655.124797,89.40581512451172,0.8748089671134949,0.0,-0.5793856978416443,59.71562576293945,53.968223571777344,66.29471588134766,66.29471588134766,81.93604278564453,80.16905212402344,80.2021484375,81.80811309814453,24.94976806640625,24.667049407958984,24.672344207763672,24.929298400878903,7143.32373046875,1465.580078125,2514.87060546875,2743.019775390625,-0.16785069805341635,-0.24785833786824252,-0.0483399442812501,-0.048326820777064516
4,789.9199934005737,1778170655.140224,88.97813415527344,0.604194700717926,0.0,-0.3608800768852234,61.50932312011719,55.85306930541992,65.22549438476562,66.16532897949219,81.93504333496094,80.16629028320312,80.19783782958984,81.80354309082031,24.949607849121097,24.666606903076172,24.671653747558594,24.928565979003903,5018.65478515625,573.8226928710938,1354.6805419921875,2312.99951171875,-0.13873522366647384,-0.21784821806691623,-0.05918814900603453,-0.04561882376272641
4,789.9360313415527,1778170655.156262,88.65735626220703,0.4406114518642425,0.0,-0.2311350405216217,56.47385025024414,54.14407730102539,63.434452056884766,66.89659881591797,81.93352508544922,80.16349029541016,80.19352722167969,81.79896545410156,24.949363708496097,24.66615867614746,24.670963287353516,24.927833557128903,4374.49853515625,0.0,406.4858093261719,2156.6865234375,-0.20638173609455435,-0.23903712395108134,-0.0817115741465031,-0.03157956659576178
4,789.9516861438751,1778170655.1719167,88.36261749267578,0.4006398618221283,0.0,-0.2387252002954483,59.790645599365234,42.08454132080078,60.405418395996094,67.60108184814453,81.93159484863281,80.16010284423828,80.18833923339844,81.79347229003906,24.949054718017575,24.66561508178711,24.670135498046875,24.926956176757812,3790.6201171875,0.0,0.0,2057.10791015625,-0.15696869241828115,-0.4065538514891085,-0.12264365959051804,-0.018116962879914267
4,789.9676077365875,1778170655.1878383,88.17105102539062,0.3472079336643219,0.0,-0.2003241032361984,58.272274017333984,33.296260833740234,58.384822845458984,67.4266586303711,81.92972564697266,80.15727996826172,80.18399047851562,81.78889465332031,24.94875717163086,24.66516494750977,24.669437408447266,24.926223754882812,3179.08935546875,0.0,0.0,2026.1002197265625,-0.17659219144232863,-0.5294597955489659,-0.15014928655991233,-0.018522599561601516
4,789.983669757843,1778170655.2039003,88.0010986328125,0.2895624935626983,0.0,-0.1865584105253219,60.02716445922851,25.620811462402344,56.81687927246094,66.83197021484375,81.92774963378906,80.15443420410156,80.17964172363281,81.78430938720703,24.948440551757812,24.664709091186523,24.66874313354492,24.92548942565918,2874.7373046875,0.0,0.0,921.3742065429688,-0.15015687124880073,-0.637229406002596,-0.17137510651813337,-0.025300252539836365
4,789.9993867874146,1778170655.2196174,87.89469909667969,0.0,0.0,-0.028644049540162,58.605804443359375,24.138015747070312,56.123477935791016,67.24312591552734,81.92572784423828,80.15153503417969,80.17529296875,81.77969360351562,24.94811630249023,24.66424560546875,24.668046951293945,24.92475128173828,0.0,0.0,0.0,997.171875,-0.16927557364286494,-0.6578108995029649,-0.18049692643624304,-0.018116654417436262
4,790.0145146846771,1778170655.2347453,87.74732971191406,0.2996559739112854,0.0,-0.5603639483451843,62.52117156982422,22.705286026000977,55.62579727172851,67.26838684082031,81.92549133300781,80.14863586425781,80.17090606689453,81.77507781982422,24.948078155517575,24.663780212402344,24.66734504699707,24.92401123046875,15721.1884765625,0.0,0.0,993.4828491210938,-0.11228771296859985,-0.6775811996640915,-0.18639982395181698,-0.016098127348254665
4,790.0300130844116,1778170655.2502437,87.41484069824219,0.0,0.0,-0.1665451675653457,61.821807861328125,17.360414505004883,54.53414535522461,66.6954345703125,81.92523193359375,80.14515686035156,80.16564178466797,81.76947021484375,24.948036193847656,24.663225173950195,24.66650390625,24.923114776611328,0.0,0.0,0.0,1012.4114990234376,-0.11887897738529218,-0.7525415949215224,-0.19933280448027368,-0.020767949923964246
4,790.0460512638092,1778170655.2662818,87.3327865600586,0.0,0.0,-0.0437661744654178,61.821807861328125,17.360414505004883,54.18897247314453,67.07202911376953,81.92324829101562,80.14225769042969,80.1612548828125,81.76477813720703,24.94771957397461,24.662761688232425,24.665802001953125,24.92236328125,0.0,0.0,0.0,986.09716796875,-0.11805111388758527,-0.752309093624303,-0.20365310190603259,-0.014313494758311895
4,790.0616533756256,1778170655.281884,87.2676773071289,0.0,0.0,-0.0423908978700637,61.821807861328125,17.360414505004883,54.02702713012695,67.06659698486328,81.9212646484375,80.13934326171875,80.1568603515625,81.76008605957031,24.94740295410156,24.662294387817383,24.665096282958984,24.921613693237305,0.0,0.0,0.0,1014.9064331054688,-0.11739310355811527,-0.7521242947346197,-0.20544063989745498,-0.01365797697137816
4,790.077540397644,1778170655.297771,87.20745849609375,0.0,0.0,-0.072712168097496,61.821807861328125,17.360414505004883,53.8738899230957,67.04420471191406,81.91928100585938,80.13640594482422,80.15243530273438,81.7553939819336,24.947084426879883,24.66182518005371,24.664390563964844,24.92086410522461,0.0,0.0,0.0,1223.147705078125,-0.11678364263777963,-0.7519531307021734,-0.2071456762298476,-0.0133064329136805
4,790.0935988426208,1778170655.3138294,87.06961822509766,0.4443884789943695,0.0,-0.2220026701688766,59.69707489013672,23.752506256103516,53.364646911621094,66.73164367675781,81.91690063476562,80.13288116455078,80.14712524414062,81.74976348876953,24.946704864501953,24.6612606048584,24.66353988647461,24.91996192932129,0.0,6361.6728515625,0.0,1767.8284912109375,-0.14578844089853027,-0.6600851873243957,-0.21339682627247414,-0.016351655944720545
4,790.1091363430023,1778170655.329367,86.78211212158203,0.2402394413948059,0.0,-0.084319919347763,49.753055572509766,37.74626159667969,51.64404296875,65.47421264648438,81.9149169921875,80.13002014160156,80.14266967773438,81.74507141113281,24.946386337280273,24.660802841186523,24.662826538085938,24.919212341308594,0.0,3459.100341796875,0.0,0.0,-0.28571986056867804,-0.45803527663539556,-0.2362368298031755,-0.03168925316651783
4,790.1251711845398,1778170655.3454018,86.57758331298828,0.2239448279142379,0.0,-0.1089986264705658,48.68231964111328,45.18573760986328,56.68730163574219,62.293556213378906,81.91293334960938,80.12715911865234,80.13845825195312,81.7403793334961,24.946067810058594,24.66034507751465,24.662153244018555,24.918460845947266,0.0,1811.6585693359375,7824.4521484375,0.0,-0.29944080573808385,-0.34968584566168226,-0.15967164122712485,-0.07655220452798395
4,790.1406874656677,1778170655.360918,86.18107604980469,0.0,0.0,-0.0411912724375724,47.62612533569336,45.18573760986328,65.95247650146484,57.34503936767578,81.91053771972656,80.12372589111328,80.13420104980469,81.73474884033203,24.94568634033203,24.6597957611084,24.66147232055664,24.917560577392575,0.0,0.0,0.0,0.0,-0.3114866415489169,-0.346693839790263,-0.01782722927657776,-0.145998514568218
4,790.1562829017639,1778170655.3765135,86.13827514648438,0.0,0.0,-0.04696736484766,47.62612533569336,45.18573760986328,64.80055236816406,58.506935119628906,81.90851593017578,80.12083435058594,80.1296615600586,81.73005676269531,24.945362091064453,24.659332275390625,24.66074562072754,24.91680908203125,0.0,0.0,0.0,1578.766845703125,-0.3111445288976049,-0.34636922110299373,-0.03450232774608597,-0.12826223566414396
4,790.1720545291901,1778170655.392285,85.98902893066406,0.0,0.0,-0.1128361225128173,47.62612533569336,45.18573760986328,61.44613265991211,64.427490234375,81.906494140625,80.11793518066406,80.1251220703125,81.72569274902344,24.945037841796875,24.658870697021484,24.66001892089844,24.91611099243164,0.0,0.0,0.0,4400.34326171875,-0.30994892204417657,-0.34523475172350204,-0.08289258687969114,-0.038381405622043174
4,790.1873376369476,1778170655.4075682,85.87821960449219,0.0,0.0,-0.0941193252801895,47.62612533569336,45.18573760986328,60.531097412109375,65.95054626464844,81.90445709228516,80.11503601074219,80.1205825805664,81.72119903564453,24.944713592529297,24.65840530395508,24.65929412841797,24.91539192199707,0.0,0.0,0.0,959.189208984375,-0.30905854383973064,-0.3443899030960337,-0.09538411493940913,-0.014378773104897102
4,790.2033455371857,1778170655.423576,85.84649658203125,0.0,0.0,-0.0139876557514071,47.62612533569336,45.18573760986328,60.511627197265625,65.60456848144531,81.90239715576172,80.11213684082031,80.11604309082031,81.71743774414062,24.94438362121582,24.657941818237305,24.65856552124023,24.914791107177734,0.0,0.0,0.0,14168.4130859375,-0.30880321890271334,-0.34414763422476036,-0.0953409134892026,-0.019187052429130547
4,790.219123840332,1778170655.4393544,85.76071166992188,0.0969827696681022,0.0,-0.2041943967342376,45.91484451293945,47.83635330200195,60.19473648071289,65.02759552001953,81.8999252319336,80.10868072509766,80.110595703125,81.71443176269531,24.943988800048828,24.65738868713379,24.657695770263672,24.914308547973633,0.0,665.1936645507812,0.0,4339.3623046875,-0.33297244618917565,-0.3049805185656457,-0.09917830796987426,-0.02684055365898186
4,790.2344481945038,1778170655.4546788,85.65907287597656,0.092252641916275,0.0,-0.1185355857014656,43.6201286315918,50.558685302734375,59.301902770996094,65.47166442871094,81.89783477783203,80.10584259033203,80.1060562133789,81.70977783203125,24.943653106689453,24.65693473815918,24.65696907043457,24.913564682006836,0.0,596.0847778320312,0.0,1775.35498046875,-0.3655570073567106,-0.2645558592244819,-0.11148665882815867,-0.01903232779601105
4,790.2501442432404,1778170655.4703748,85.58602142333984,0.084828682243824,0.0,-0.0869945362210273,42.378047943115234,52.87589263916016,59.03696823120117,65.08818817138672,81.89573669433594,80.10301971435547,80.10151672363281,81.70508575439453,24.94331741333008,24.656482696533203,24.65624237060547,24.912813186645508,0.0,600.7781982421875,0.0,777.9965209960938,-0.3830966303417932,-0.23019245463436688,-0.11470114417626875,-0.023945590987318743
4,790.265674829483,1778170655.4859054,85.49677276611328,0.1352094411849975,0.0,-0.1426274627447128,39.75452423095703,55.69989013671875,58.230682373046875,65.21086883544922,81.89363861083984,80.10018157958984,80.09697723388672,81.70039367675781,24.942981719970703,24.656028747558594,24.655517578125,24.912063598632812,0.0,1087.8218994140625,0.0,536.5618286132812,-0.42068353605995956,-0.1882320393037724,-0.12588041296659924,-0.02108507956358263
4,790.2811267375946,1778170655.5013573,85.41207885742188,0.0,0.0,-0.1299869120121002,38.292720794677734,59.07427978515625,58.10091400146485,64.45743560791016,81.8915023803711,80.09735870361328,80.09243774414062,81.6957015991211,24.94264030456543,24.65557861328125,24.654788970947266,24.911312103271484,0.0,1692.24169921875,0.0,0.0,-0.44143211087929857,-0.1382001130703211,-0.1269635698057875,-0.03143579631146287
4,790.2971642017365,1778170655.5173948,85.24696350097656,0.0,0.0,-0.3192524015903473,45.57643127441406,62.46276092529297,58.27503967285156,63.669898986816406,81.88898468017578,80.0940170288086,80.08699035644531,81.69007110595703,24.942237854003903,24.65504264831543,24.653919219970703,24.910411834716797,5283.81982421875,2357.16552734375,0.0,0.0,-0.333898471400479,-0.08700258513397974,-0.12265106388638158,-0.041416551957367376
4,790.3132290840149,1778170655.5334597,84.75799560546875,0.7447901964187622,0.0,-0.9118576049804688,62.26294708251953,57.08525085449219,63.45196914672851,59.10435104370117,81.88894653320312,80.09123992919922,80.08258056640625,81.68537902832031,24.942230224609375,24.654598236083984,24.65321350097656,24.90966033935547,9610.3388671875,2496.89599609375,4112.830078125,0.0,-0.08477467673404826,-0.16079024078552828,-0.03919972011546935,-0.10501973548125842
4,790.3284645080566,1778170655.548695,84.15390014648438,1.0,0.0,-1.2125422954559326,53.57610702514648,49.23122024536133,65.91539764404297,52.63484954833984,81.88969421386719,80.08848571777344,80.07929229736328,81.6806869506836,24.942352294921875,24.654157638549805,24.652687072753903,24.90890884399414,10598.01953125,1762.0748291015625,6274.17822265625,0.0,-0.20681236063228625,-0.27105687955175295,0.0052667596534623495,-0.19726200242852232
4,790.3445036411285,1778170655.5647342,83.64928436279297,1.0,0.0,-1.5094904899597168,60.310829162597656,53.940887451171875,63.67323303222656,48.35467529296875,81.89152526855469,80.08575439453125,80.07637023925781,81.67599487304688,24.942644119262695,24.65372085571289,24.65221786499023,24.908159255981445,12956.1689453125,1125.5455322265625,6929.8232421875,0.0,-0.10171923116619352,-0.19650505832221743,-0.023070179886372832,-0.25809051277815254
4,790.3594813346863,1778170655.579712,82.99361419677734,1.0,0.0,-1.4918972253799438,61.9765739440918,57.12751388549805,65.03063201904297,42.37217712402344,81.8939208984375,80.0830078125,80.07360076904297,81.67127227783203,24.94302749633789,24.653282165527344,24.651775360107425,24.90740203857422,14763.25390625,1185.9541015625,7212.3037109375,0.0,-0.06961667119127501,-0.142314759630782,0.005638731430354982,-0.3447443344763179
4,790.3755393028259,1778170655.59577,82.2448959350586,1.0,0.0,-1.4041389226913452,60.790279388427734,52.27651596069336,64.46908569335938,36.269325256347656,81.89668273925781,80.0797119140625,80.07023620605469,81.66559600830078,24.943470001220703,24.652753829956055,24.65123748779297,24.906494140625,12260.41015625,1820.478271484375,6804.8154296875,0.0,-0.07911750714014765,-0.20800038609548266,0.006030737247429752,-0.4340146318306438
4,790.3910887241364,1778170655.6113193,81.65629577636719,1.0,0.0,-1.406023025512695,52.90937042236328,57.91547393798828,60.95964431762695,41.15008544921875,81.89771270751953,80.07698059082031,80.0670394897461,81.6608657836914,24.943634033203125,24.65231704711914,24.650726318359375,24.905738830566406,8182.28076171875,2696.34423828125,5615.431640625,3883.48291015625,-0.1927241667702959,-0.11624429707485229,-0.0418766070248332,-0.35322123949046746
4,790.4061813354492,1778170655.626412,80.78467559814453,0.9121761322021484,0.0,-0.9680137038230896,59.869022369384766,46.269920349121094,59.130409240722656,51.252410888671875,81.89751434326172,80.07431030273438,80.06319427490234,81.65636444091797,24.943603515625,24.65188980102539,24.65011215209961,24.905017852783203,5998.22607421875,3375.784912109375,4064.29638671875,4689.64208984375,-0.0766800621795084,-0.28633063254456526,-0.06059991812587162,-0.185745819292077
4,790.4216978549957,1778170655.6419284,79.93314361572266,0.8181588053703308,0.0,-0.8258191347122192,50.59592819213867,56.60745620727539,57.12697982788086,60.574440002441406,81.89643096923828,80.07194519042969,80.05886840820312,81.65213775634766,24.94342803955078,24.651512145996097,24.649417877197266,24.904342651367188,3466.387939453125,4290.65380859375,3012.60791015625,4498.9501953125,-0.2113801453419616,-0.11758265612646479,-0.08275983128102893,-0.027393432449962285
4,790.4371066093445,1778170655.6573372,79.27935028076172,0.731131911277771,0.0,-0.9462053179740906,56.795711517333984,49.60129165649414,59.44963836669922,59.95297622680664,81.89494323730469,80.06989288330078,80.05440521240234,81.64817810058594,24.943191528320312,24.65118408203125,24.648704528808594,24.903709411621097,2232.521484375,4503.34033203125,2511.023193359375,5164.994140625,-0.10744601177406887,-0.22042088957131556,-0.03759509199577982,-0.02943338543513918
4,790.452522277832,1778170655.6727529,78.73888397216797,0.6262430548667908,0.0,-0.9255881309509276,54.3453369140625,54.98362731933594,60.655120849609375,59.776588439941406,81.89349365234375,80.06778717041016,80.04991912841797,81.64439392089844,24.94295883178711,24.65084457397461,24.647987365722656,24.90310287475586,1704.3525390625,3870.09521484375,2682.78955078125,5381.876953125,-0.14009185375060318,-0.12989548562600894,-0.011340117763703805,-0.025646490552903134
4,790.4680709838867,1778170655.6883016,78.21702575683594,0.5048990845680237,0.0,-0.8268269300460815,50.99225997924805,54.69060134887695,61.496673583984375,59.378421783447266,81.89175415039062,80.06488800048828,80.044677734375,81.63956451416016,24.94268035888672,24.65038299560547,24.64714813232422,24.90233039855957,1637.5140380859375,2633.018798828125,3615.951171875,4143.240234375,-0.18776444722542485,-0.12875822612592125,0.009064718738690969,-0.02567906128821218
4,790.483640909195,1778170655.7038715,77.86908721923828,0.4924734830856323,0.0,-0.7824687957763672,54.33635711669922,49.65363311767578,60.98455429077149,58.960079193115234,81.89034271240234,80.06240844726562,80.04064178466797,81.63497161865234,24.942455291748047,24.649986267089844,24.646503448486328,24.901596069335938,2467.31591796875,1719.3177490234375,4524.34765625,2598.779541015625,-0.13063036502391967,-0.20546462754414652,0.005132844262324188,-0.02822066954006841
4,790.4997274875641,1778170655.719958,77.53697204589844,0.5045378804206848,0.0,-0.8226776123046875,52.78225326538086,53.259483337402344,60.64891815185547,58.249874114990234,81.88899993896484,80.05992889404297,80.03695678710938,81.63024139404297,24.94223976135254,24.64958953857422,24.645912170410156,24.90083885192871,3828.305908203125,854.3028564453125,5389.36181640625,1585.3477783203125,-0.15187840426544352,-0.14411502660671538,0.003882574172506148,-0.03581396428622319
4,790.5158653259277,1778170655.736096,77.13340759277344,0.5171817541122437,0.0,-0.8177740573883057,56.437355041503906,49.7003173828125,60.09756088256836,57.29461288452149,81.8880386352539,80.05695343017578,80.03254699707031,81.62456512451172,24.94208526611328,24.649112701416016,24.645206451416016,24.89992904663086,5251.33056640625,0.0,4985.77197265625,943.2711181640624,-0.08840241332594634,-0.19713239720438225,-3.909164236126639e-05,-0.04666408467846861
4,790.5315532684326,1778170655.7517838,76.83641052246094,0.5176988840103149,0.0,-0.7523473501205444,51.690208435058594,39.81467819213867,60.09293746948242,55.63542175292969,81.88749694824219,80.05447387695312,80.02880859375,81.61983489990234,24.941999435424805,24.64871597290039,24.644609451293945,24.899173736572266,5393.916015625,0.0,4690.060546875,236.9559783935547,-0.1618528978728485,-0.3543406699196303,0.0037488479410945352,-0.07069344691658042
4,790.547488451004,1778170655.767719,76.56085205078125,0.5055780410766602,0.0,-0.738594114780426,56.081905364990234,27.7003116607666,59.65314865112305,53.65006256103515,81.88703155517578,80.05199432373047,80.02483367919922,81.61510467529297,24.941925048828125,24.64831924438477,24.64397430419922,24.89841651916504,5240.88720703125,0.0,3763.009521484375,105.45796966552734,-0.08736938232776548,-0.5491779112048487,-1.08036049302207e-05,-0.10063049490633225
4,790.5625205039978,1778170655.782751,76.31852722167969,0.4805491864681244,0.0,-0.6340848803520203,51.03816604614258,15.953858375549316,59.31903076171875,51.88664245605469,81.8864517211914,80.04951477050781,80.02045440673828,81.6103744506836,24.94183349609375,24.64792251586914,24.643272399902344,24.897659301757812,4910.0078125,0.0,2909.010986328125,293.0485534667969,-0.16680987843130712,-0.7395268026171846,-0.002454394567353302,-0.1274300125141834
4,790.5785822868347,1778170655.7988129,75.98467254638672,0.5327132344245911,0.0,-0.6154041290283203,53.34529113769531,9.174217224121094,58.0706672668457,52.04185485839844,81.88568878173828,80.0465316772461,80.01498413085938,81.60469818115234,24.94171142578125,24.647445678710938,24.642396926879883,24.896751403808594,4416.3349609375,897.9215087890625,2193.92138671875,574.968017578125,-0.12532014142558312,-0.8495575794731614,-0.01915696061986727,-0.1209745399551958
4,790.594624042511,1778170655.8148546,75.5772933959961,0.6908409595489502,0.0,-0.5114065408706665,49.82647705078125,17.583995819091797,57.39132308959961,51.46697235107422,81.88491821289062,80.04405212402344,80.01042938232422,81.59996795654297,24.941585540771484,24.647048950195312,24.64166831970215,24.89599609375,4482.43994140625,2394.9677734375,1718.510009765625,1013.5870361328124,-0.17861289678544578,-0.7100964545829285,-0.02540630696316415,-0.12599892010515146
4,790.6101560592651,1778170655.8303866,75.05634307861328,0.7634386420249939,0.0,-0.5926766991615295,49.789573669433594,29.622095108032227,55.7973518371582,51.952857971191406,81.88423919677734,80.0416030883789,80.00588989257812,81.5952377319336,24.941478729248047,24.646656036376953,24.640941619873047,24.89523696899414,4326.41162109375,3194.2958984375,1410.1453857421875,1554.561767578125,-0.1735243942909338,-0.5082372136808441,-0.04589783528713731,-0.11162418691191212
4,790.6261942386627,1778170655.8464248,74.47156524658203,0.803482711315155,0.0,-0.5684473514556885,52.00407791137695,42.45940399169922,54.07133483886719,52.91228485107422,81.88343048095703,80.03923034667969,80.00137329101562,81.59050750732422,24.941349029541016,24.646276473999023,24.640220642089844,24.894481658935547,4430.5166015625,3673.289794921875,1401.71044921875,1769.298583984375,-0.12998658154134857,-0.28958732528918396,-0.06815151535545971,-0.08811364573784097
4,790.6417679786682,1778170655.8619986,73.77632904052734,0.8946614861488342,0.0,-0.9859437942504884,47.14658737182617,49.79852294921875,52.85173034667969,52.85173034667969,81.88287353515625,80.03656768798828,79.9959716796875,81.58483123779297,24.941259384155273,24.645851135253903,24.639354705810547,24.893573760986328,5617.34765625,4169.04443359375,1676.4754638671875,1758.314208984375,-0.20381818620890557,-0.15894052201217002,-0.0805865282277245,-0.08057384940772705
4,790.6573722362518,1778170655.8776028,73.11563110351562,0.9146718382835388,0.0,-0.8965887427330017,55.509037017822266,47.04158401489258,53.609580993652344,50.80484390258789,81.88294219970703,80.03431701660156,79.99144744873047,81.5801010131836,24.94127082824707,24.645490646362305,24.63863182067871,24.89281463623047,7112.2119140625,4061.56201171875,2388.133544921875,1068.375,-0.05412773158577322,-0.19832379410552914,-0.05897562239827925,-0.10819568046202566
4,790.6733794212341,1778170655.89361,72.48531341552734,0.8184585571289062,0.0,-1.0738482475280762,50.23931884765625,50.19393157958984,55.5459098815918,47.304893493652344,81.88331604003906,80.0322494506836,79.98687744140625,81.57537078857422,24.941329956054688,24.645160675048828,24.637901306152344,24.892059326171875,7534.46630859375,3672.398681640625,2769.052490234375,486.5705261230469,-0.1364792974216953,-0.1371635509649768,-0.016508165673984387,-0.16241145126692336
4,790.6889202594757,1778170655.9091508,71.90908813476562,0.912196159362793,0.0,-1.203394055366516,50.15616989135742,46.254432678222656,54.70294952392578,48.2269401550293,81.884033203125,80.02999877929688,79.98234558105469,81.57064056396484,24.941444396972656,24.644798278808594,24.637176513671875,24.89130210876465,7755.8671875,3259.8681640625,3395.59814453125,458.7038879394531,-0.1310003214598756,-0.1985122912785775,-0.023672198301733616,-0.13924290763402825
4,790.7040178775787,1778170655.9242485,71.24601745605469,1.0,0.0,-1.2540041208267212,55.902931213378906,47.595664978027344,55.423091888427734,46.289188385009766,81.8853759765625,80.0277328491211,79.97795104980469,81.56591033935547,24.941659927368164,24.64443588256836,24.636470794677734,24.890544891357425,10186.478515625,2539.47802734375,3759.6552734375,581.5007934570312,-0.022418397259842515,-0.1675961207022123,-0.0016131516797380785,-0.16613901116025054
4,790.7195830345154,1778170655.9398136,70.60296630859375,1.0,0.0,-1.3302785158157349,46.10789108276367,40.09954833984375,53.36347198486328,48.78617477416992,81.88705444335938,80.02544403076172,79.97369384765625,81.5611801147461,24.94192886352539,24.64406967163086,24.635791778564453,24.889789581298828,11138.3193359375,1855.78125,4064.060791015625,1351.467529296875,-0.1863617756733228,-0.29230875531200473,-0.0299595939406484,-0.11315340552230291
4,790.7346861362457,1778170655.9549167,69.78213500976562,1.0,0.0,-1.657455563545227,52.39221954345703,45.50910186767578,53.31938934326172,49.47823715209961,81.88951110839844,80.02316284179688,79.96936798095703,81.55644989013672,24.94232177734375,24.643707275390625,24.63509750366211,24.88903045654297,12228.2470703125,1013.8125610351562,3492.276611328125,2315.84423828125,-0.06459092884105633,-0.1873916108576945,-0.019359989950799905,-0.08999317739993495
4,790.7502229213715,1778170655.9704535,68.94900512695312,0.8322714567184448,0.0,-1.1516722440719604,54.63639450073242,43.54762268066406,51.3050422668457,50.46730041503906,81.89177703857422,80.02041625976562,79.96399688720703,81.55079650878906,24.942684173583984,24.643266677856445,24.634239196777344,24.888126373291016,9920.2451171875,1471.002197265625,1612.6553955078125,3708.696044921875,-0.012736546259182524,-0.21301992516633228,-0.045005786857131413,-0.06058659445475767
4,790.7659089565277,1778170655.9861395,68.37825775146484,0.9114995002746582,0.0,-1.1617965698242188,43.42747116088867,36.42474365234375,48.05987930297851,51.15995788574219,81.8929672241211,80.01812744140625,79.95953369140625,81.54646301269531,24.942874908447266,24.642900466918945,24.633525848388672,24.887434005737305,7852.7841796875,1921.7244873046875,578.142578125,5130.5244140625,-0.2087284661179153,-0.3362481224027457,-0.09794433324590957,-0.03974443979080211
4,790.7816398143768,1778170656.0018704,67.81207275390625,0.8879355192184448,0.0,-1.2040973901748655,49.48261642456055,44.12909698486328,50.243778228759766,49.645790100097656,81.89380645751953,80.01583862304688,79.95507049560547,81.5424575805664,24.94300842285156,24.642534255981445,24.6328125,24.88679313659668,6900.1826171875,2675.238037109375,757.6884765625,6076.310546875,-0.09087276453201587,-0.18914105716706586,-0.049080036519680736,-0.060384676605299226
4,790.7970325946808,1778170656.0172632,67.2105941772461,0.9250308275222778,0.0,-1.3022966384887695,47.15572738647461,42.04762268066406,48.463375091552734,50.479461669921875,81.8941650390625,80.01358795166016,79.95056915283203,81.53863525390625,24.943065643310547,24.642173767089844,24.632091522216797,24.886180877685547,6367.0458984375,3382.235107421875,1507.4676513671875,6445.7158203125,-0.12587056215051728,-0.22047328907539288,-0.07456778080154458,-0.03605631348100946
4,790.812539100647,1778170656.0327697,66.46647644042969,0.8952658772468567,0.0,-1.4395568370819092,46.39090347290039,44.18373107910156,50.06425476074219,49.308712005615234,81.89495849609375,80.01095581054688,79.9451675415039,81.5340805053711,24.943193435668945,24.641754150390625,24.6312255859375,24.885452270507812,6664.01416015625,2582.169677734375,2504.056396484375,6399.81884765625,-0.13042067219867604,-0.17170122287446643,-0.03329538083026562,-0.047871236235771386
4,790.8279061317444,1778170656.0481367,65.79732513427734,0.875274658203125,0.0,-1.446557641029358,50.224571228027344,44.68427276611328,50.777679443359375,49.07768249511719,81.89566040039062,80.00878143310547,79.94075012207031,81.53018951416016,24.94330596923828,24.64140510559082,24.63051986694336,24.884830474853516,7580.24462890625,1888.5819091796875,3955.73486328125,5919.5009765625,-0.04898573375281523,-0.15379858886928266,-0.009548291828706645,-0.04269463831134657
4,790.8429596424103,1778170656.0631902,65.17430114746094,0.869412899017334,0.0,-1.4927544593811035,42.921409606933594,36.20179748535156,51.46102142333984,48.644493103027344,81.89677429199219,80.00658416748047,79.93663787841797,81.52600860595703,24.943483352661133,24.64105224609375,24.62986183166504,24.8841609954834,8838.169921875,955.509765625,5061.1396484375,4739.20654296875,-0.17950370171701824,-0.30788057046772255,0.013376230422279978,-0.042073952783428625
4,790.8586094379425,1778170656.07884,64.5497817993164,0.8275189399719238,0.0,-1.6441174745559692,49.32270812988281,38.15019989013672,51.336883544921875,48.473876953125,81.89846801757812,80.0043716430664,79.93302917480469,81.521484375,24.943756103515625,24.64069938659668,24.629283905029297,24.88343811035156,9665.85546875,71.7797622680664,7171.57177734375,3841.666259765625,-0.04801267049860736,-0.2635736342653783,0.020712460747566164,-0.03619836039651092
4,790.8736963272095,1778170656.093927,64.02545166015625,0.7953433990478516,0.0,-1.5663957595825195,49.43941116333008,23.013996124267575,50.67964172363281,48.39315414428711,81.90007019042969,80.00215911865234,79.9301986694336,81.51677703857422,24.944011688232425,24.64034652709961,24.62883186340332,24.88268280029297,9870.7548828125,0.0,8811.2236328125,3190.91357421875,-0.03794550890682702,-0.5521148385898177,0.01589676990912392,-0.029923549875290556
4,790.8892865180969,1778170656.109517,63.56889724731445,0.814143717288971,0.0,-1.6739875078201294,43.76960372924805,3.590505838394165,50.0483512878418,47.6773681640625,81.90198516845703,79.99994659423828,79.92750549316406,81.51204681396484,24.944316864013672,24.639991760253903,24.628400802612305,24.881927490234375,10200.8916015625,0.0,8763.474609375,2455.479248046875,-0.1421586633231896,-0.9296217847492309,0.010447589092352993,-0.03740793010074028
4,790.9045197963715,1778170656.1247504,62.92691802978515,0.8217045068740845,0.0,-1.4498311281204224,49.80405044555664,0.0,49.204986572265625,48.19490432739258,81.90379333496094,79.99773406982422,79.92472076416016,81.50736999511719,24.94460678100586,24.639636993408203,24.62795639038086,24.881179809570312,10119.1298828125,0.0,8733.154296875,3809.631591796875,-0.013931160243382257,-1.0,0.003555395197130329,-0.017032081411171296
4,790.9199850559235,1778170656.1402156,62.367061614990234,0.7648455500602722,0.0,-1.3944028615951538,42.26629257202149,0.0,49.52940368652344,47.266414642333984,81.90531158447266,79.9955062866211,79.921875,81.502685546875,24.94485092163086,24.6392822265625,24.627498626708984,24.880428314208984,8995.9814453125,0.0,8427.9384765625,3618.39453125,-0.15565894940729275,-1.0,0.019240120580179543,-0.027315353629684735
4,790.9350836277008,1778170656.1553142,61.84429168701172,0.7223144769668579,0.0,-1.234212875366211,44.517147064208984,0.0,48.23909759521485,47.44786834716797,81.90654754638672,79.9932632446289,79.91873168945312,81.4980697631836,24.94504737854004,24.6389217376709,24.626996994018555,24.87969207763672,7716.22705078125,550.04736328125,7068.86669921875,4555.185546875,-0.10317700135212537,-1.0,0.0010787654254793555,-0.015327590014791337
4,790.9506838321686,1778170656.1709144,61.177242279052734,0.8475834727287292,0.0,-0.7909556031227112,45.45000076293945,8.854496002197266,47.78068161010742,46.2667350769043,81.90736389160156,79.99066925048828,79.91423797607422,81.49298095703125,24.945178985595703,24.638507843017575,24.626277923583984,24.878875732421875,6304.88134765625,2714.078369140625,4976.169921875,5527.9150390625,-0.07440067059072131,-0.8196561903606745,0.0023771060860862114,-0.02937015563626677
4,790.9659209251404,1778170656.1861515,60.606082916259766,0.8975846171379089,0.0,-0.7764220237731934,39.11418151855469,21.319835662841797,46.82623672485352,45.6900520324707,81.90789794921875,79.98854064941406,79.90997314453125,81.48873901367188,24.945262908935547,24.638166427612305,24.62559509277344,24.878196716308594,5389.78564453125,3782.014404296875,3660.074462890625,5241.32421875,-0.19592406609455293,-0.5616763270204916,-0.008388088562073848,-0.032435066649894595
4,790.9815289974213,1778170656.2017596,59.91477584838867,0.9340288043022156,0.0,-0.572563111782074,46.93415832519531,37.15357208251953,46.01378631591797,45.256439208984375,81.90821838378906,79.98650360107422,79.9055404663086,81.48442840576172,24.945314407348633,24.637840270996097,24.62488555908203,24.87750816345215,4829.5458984375,4952.37255859375,2570.845947265625,5213.9521484375,-0.024035259680709853,-0.2273302223990834,-0.014349998881387327,-0.03055957650157648
4,790.9976065158844,1778170656.217837,59.252952575683594,0.9690539836883544,0.0,-0.8569438457489014,38.340675354003906,43.768760681152344,44.84397506713867,44.293495178222656,81.90836334228516,79.98503875732422,79.90107727050781,81.48006439208984,24.94533920288086,24.637605667114254,24.62417221069336,24.87681007385254,4360.6591796875,5668.62744140625,1789.288818359375,4789.51611328125,-0.1938259862090682,-0.07958954517179895,-0.028678950123289026,-0.0405891210612509
4,791.0136451721191,1778170656.2338758,58.49253463745117,0.0,0.0,-0.7722411155700684,48.672210693359375,45.43906021118164,44.00068664550781,44.00068664550781,81.9087142944336,79.98307037353516,79.89574432373047,81.47447967529297,24.94539451599121,24.637290954589844,24.62331771850586,24.87591552734375,4560.1533203125,5385.04736328125,1441.0797119140625,3382.94384765625,0.03671567261000508,-0.032042722889791264,-0.03455462310891566,-0.03454130950352852
4,791.0292146205902,1778170656.2494452,58.13902282714844,0.0,0.0,-1.1142218112945557,47.50694274902344,44.90834426879883,46.90044403076172,44.10431671142578,81.9091796875,79.98140716552734,79.89131927490234,81.4697494506836,24.94546890258789,24.63702392578125,24.62261199951172,24.875160217285156,5031.69970703125,4155.70654296875,1507.2601318359375,2353.822998046875,0.01804831012107111,-0.03753132245162405,0.035327907403506886,-0.026383213160298458
4,791.0453205108643,1778170656.265551,57.93423843383789,0.0,0.0,-1.0688085556030271,48.107452392578125,44.71848678588867,47.270843505859375,44.06749725341797,81.90989685058594,79.97943115234375,79.8868637084961,81.46501922607422,24.94558334350586,24.636709213256836,24.621898651123047,24.87440299987793,5820.67138671875,2438.036865234375,2137.2939453125,1436.370849609375,0.03456096725506619,-0.03821259310671121,0.04719303226854432,-0.02375737292349689
4,791.0613877773285,1778170656.2816184,57.78323745727539,0.0,0.0,-1.0715126991271973,48.31292724609375,44.68016052246094,46.72122573852539,43.977684020996094,81.91085052490234,79.97742462158203,79.88240051269531,81.46028900146484,24.945735931396484,24.63638687133789,24.621185302734375,24.873645782470703,6395.8642578125,1154.7548828125,3618.765380859375,650.3428344726562,0.041694842169966106,-0.036525680068996924,0.037722066079913796,-0.02320108823016498
4,791.0774686336517,1778170656.2976992,57.589805603027344,0.0,0.0,-1.0742833614349363,48.329689025878906,44.50678634643555,47.0464973449707,43.56465530395508,81.91215515136719,79.9749984741211,79.87730407714844,81.4546127319336,24.945945739746097,24.63599967956543,24.62036895751953,24.872737884521484,6625.365234375,83.30609893798828,4774.3486328125,86.86865234375,0.04555629411056872,-0.037040739957679425,0.04845640487178615,-0.02912492258418875
4,791.0935406684875,1778170656.3137712,57.44070816040039,0.0,0.0,-1.091746211051941,48.32792663574219,44.50678634643555,46.824806213378906,43.62227249145508,81.9132080078125,79.97297668457031,79.87318420410156,81.44988250732422,24.94611358642578,24.635677337646484,24.619709014892575,24.871980667114254,6311.93408203125,0.0,4966.4775390625,0.0,0.04823199282013513,-0.03454121013598355,0.04622452792477438,-0.025317465291179286
4,791.1091275215149,1778170656.329358,57.29153823852539,0.0,0.0,-1.0927070379257202,48.17964553833008,44.50678634643555,46.964820861816406,43.453590393066406,81.91409301757812,79.97095489501953,79.86907958984375,81.44515228271484,24.94625473022461,24.635353088378903,24.61905288696289,24.87122344970703,5604.45068359375,0.0,5014.47021484375,165.54144287109375,0.047736684630803605,-0.03202744603249674,0.05208512787771369,-0.026558479142233193
4,791.1251573562622,1778170656.345388,57.14092254638672,0.0,0.0,-1.1144320964813232,47.98014831542969,44.50678634643555,46.844200134277344,43.08393478393555,81.91484069824219,79.9685287475586,79.86418914794922,81.4394760131836,24.946372985839844,24.634963989257812,24.61827087402344,24.870315551757812,4779.52392578125,0.0,5081.69775390625,742.4509887695312,0.04614858239008823,-0.02947600216897317,0.0521490665418618,-0.03229542287163967
4,791.1407470703125,1778170656.3609776,57.028953552246094,0.0,0.0,-1.1387256383895874,47.76189422607422,44.50678634643555,46.67854309082031,42.712379455566406,81.91522979736328,79.96650695800781,79.8601303100586,81.43474578857422,24.94643783569336,24.63463973999023,24.61762046813965,24.86956024169922,4309.31982421875,0.0,4949.173828125,1418.855712890625,0.04343445289325354,-0.02757050348702872,0.05048676290425447,-0.03875731749380784
4,791.1558170318604,1778170656.3760476,56.91553497314453,0.0,0.0,-1.210831880569458,47.49168395996094,44.34000778198242,46.48152923583984,42.535736083984375,81.91547393798828,79.96448516845703,79.85604095458984,81.42999267578125,24.946475982666016,24.63431739807129,24.616966247558594,24.868797302246097,3996.405029296875,517.8345947265625,4747.4580078125,2326.19580078125,0.03959882351449906,-0.02928390114474666,0.04813754941363668,-0.04082508205903079
4,791.1718912124634,1778170656.3921218,56.79196548461914,0.0,0.0120000001043081,-1.3710172176361084,47.30937576293945,43.57795333862305,46.32980728149414,42.37638854980469,81.91565704345703,79.96244049072266,79.85189056396484,81.42522430419922,24.946504592895508,24.63399124145508,24.616302490234375,24.86803436279297,3819.293701171875,1564.0775146484375,4640.89599609375,2612.228271484375,0.037861378529261414,-0.04389141041902156,0.046989409521593695,-0.04233916643162006
4,791.1872029304504,1778170656.4074335,56.64961242675781,0.0,0.072000004351139,-1.438546061515808,47.19046401977539,43.452754974365234,46.1954345703125,42.55611801147461,81.91584014892578,79.96038055419922,79.84774017333984,81.42045593261719,24.946533203125,24.63365936279297,24.615638732910156,24.867271423339844,3986.98486328125,2244.450439453125,4821.8115234375,2632.1767578125,0.037854176659272376,-0.04424261321202694,0.04657608916670952,-0.035860791005006165
4,791.2019965648651,1778170656.4222271,56.51094055175781,0.0,0.1320000141859054,-1.5207953453063965,47.27833938598633,43.42341232299805,46.15399169921875,42.71295928955078,81.91614532470703,79.95832061767578,79.84368133544922,81.41568756103516,24.946582794189453,24.633331298828125,24.614990234375,24.86650848388672,4481.24462890625,2427.442626953125,5264.27587890625,2747.638916015625,0.04233833590234326,-0.042544270451392974,0.04820306743647951,-0.029932824715914075
4,791.2180511951447,1778170656.4382818,56.38056945800781,0.0,0.2039999812841415,-1.5424814224243164,47.38753509521485,43.41138458251953,46.03110122680664,42.85503005981445,81.91680908203125,79.955810546875,79.83898162841797,81.40996551513672,24.94668960571289,24.63293075561523,24.61423683166504,24.86559295654297,5446.4140625,2012.2811279296875,5754.97900390625,2469.9736328125,0.04716156533439442,-0.040596122924821065,0.047829451658307764,-0.024455624707341417
4,791.2333509922028,1778170656.4535816,56.30084609985352,0.0,0.2639999687671661,-1.4631612300872805,47.57039260864258,43.39168167114258,45.95172882080078,43.127838134765625,81.91761779785156,79.9537353515625,79.83515930175781,81.40519714355469,24.94681930541992,24.632598876953125,24.613624572753903,24.864830017089844,6004.12353515625,1405.885986328125,6050.98779296875,1936.470458984375,0.05269084695936965,-0.039673640365600504,0.04750385041994787,-0.016855281485890106
4,791.2491109371185,1778170656.4693415,56.245399475097656,0.0,0.3239999413490295,-1.3706188201904297,47.53477478027344,43.34598922729492,46.00456619262695,43.61542510986328,81.91856384277344,79.95166778564453,79.8313980102539,81.40042877197266,24.94696998596191,24.632266998291016,24.61302375793457,24.86406707763672,6167.03173828125,805.7547607421875,6255.19140625,1570.1182861328125,0.05293961977484596,-0.039739194917991605,0.049742132606747536,-0.004760080607895345
4,791.263857126236,1778170656.4840877,56.21956634521485,0.0,0.3839999139308929,-1.2721126079559326,47.47169494628906,43.31316757202149,46.05427932739258,44.23844528198242,81.91954040527344,79.94955444335938,79.82767486572266,81.39566040039062,24.947126388549805,24.631927490234375,24.6124267578125,24.863304138183594,6268.7392578125,599.4243774414062,6313.18505859375,1495.913330078125,0.05202553076687444,-0.0400253961856869,0.051359379879345024,0.00992017382752386
4,791.2795965671539,1778170656.4998271,56.22582244873047,0.0,0.4439998865127563,-1.199818134307861,47.4362678527832,43.312740325927734,46.159820556640625,44.763641357421875,81.92047882080078,79.9474105834961,79.823974609375,81.3908920288086,24.947277069091797,24.63158416748047,24.611835479736328,24.86254119873047,6120.37939453125,742.1472778320312,6097.2998046875,1668.341552734375,0.05112345815843078,-0.040141678352440424,0.05365149890723253,0.02179617812098944
4,791.2949714660645,1778170656.515202,56.27091598510742,0.0,0.5039998888969421,-1.0705900192260742,47.396785736083984,43.41764831542969,46.28213882446289,45.11685943603515,81.92124938964844,79.94523620605469,79.82019805908203,81.38612365722656,24.947399139404297,24.631237030029297,24.61123275756836,24.861778259277344,5598.4873046875,1121.6201171875,5562.22900390625,1981.791748046875,0.04940695557472119,-0.0385878608866953,0.05559695861698266,0.029033609294643048
4,791.3106744289398,1778170656.530905,56.37575912475586,0.0,0.5760000348091125,-0.8902038335800171,47.31027603149414,43.6300163269043,46.45865249633789,45.23550796508789,81.92192840576172,79.942626953125,79.81542205810547,81.38040161132812,24.947509765625,24.630821228027344,24.61046600341797,24.860862731933594,4744.85595703125,1726.00634765625,4906.4833984375,2516.2412109375,0.045543512605856984,-0.03568202490366423,0.05765225725283796,0.029821019403317495
4,791.3257465362549,1778170656.545977,56.505149841308594,0.0,0.6360001564025879,-0.7369575500488281,47.24595260620117,43.88666534423828,46.565635681152344,45.15275192260742,81.92225646972656,79.9404525756836,79.81129455566406,81.3756332397461,24.94756126403809,24.63047218322754,24.609806060791016,24.86009979248047,4168.322265625,2179.48779296875,4492.7509765625,2987.64111328125,0.041731056324119775,-0.032230698936492774,0.057660290880365395,0.025583149431073204
4,791.3412826061249,1778170656.5615132,56.65937805175781,0.0,0.6960002779960632,-0.6079953908920288,47.161773681640625,44.181827545166016,46.529544830322266,45.32347106933594,81.92240905761719,79.93827819824219,79.80703735351562,81.370849609375,24.947586059570312,24.630123138427734,24.609127044677734,24.859336853027344,3766.003662109375,2448.646240234375,4215.3046875,3234.01171875,0.037044421121573023,-0.02837392158848384,0.05396380197898165,0.026658584466352275
4,791.3573257923126,1778170656.5775564,56.82402038574219,0.0,0.7560003995895386,-0.488400787115097,47.11616134643555,44.51469421386719,46.52247619628906,45.86337661743164,81.9224853515625,79.93610382080078,79.8027114868164,81.36604309082031,24.94759750366211,24.62977600097656,24.60843276977539,24.858566284179688,3407.435302734375,2585.255615234375,4056.155517578125,3353.141357421875,0.03303961334186978,-0.023890079836526912,0.0507503883014897,0.03587833857496925
4,791.3733520507812,1778170656.5935826,57.00440979003906,0.0,0.8160005211830139,-0.3746319413185119,47.06674575805664,44.837440490722656,46.603271484375,46.45942306518555,81.92256164550781,79.93392181396484,79.7983627319336,81.36125183105469,24.947608947753903,24.62942695617676,24.607738494873047,24.857799530029297,3074.44091796875,2598.08837890625,3985.885986328125,3548.66845703125,0.02869055167857759,-0.019924236886947888,0.049244364922007566,0.04602012963521007
4,791.389289855957,1778170656.6095204,57.25750350952149,0.0,0.8880006670951843,-0.2393009513616562,46.99689865112305,45.25936508178711,46.848846435546875,46.848846435546875,81.92265319824219,79.93126678466797,79.79314422607422,81.3555679321289,24.94762420654297,24.62900161743164,24.606903076171875,24.85689163208008,2766.808349609375,2511.03955078125,3978.371826171875,3803.41552734375,0.02262362987878186,-0.015074598024029773,0.05011095118753772,0.05012543234116018
4,791.4046676158905,1778170656.6248982,57.50117492675781,0.0,0.9480007886886596,-0.1495949923992157,46.98308944702149,45.6411247253418,47.01216125488281,47.01216125488281,81.9227294921875,79.9290542602539,79.7887954711914,81.35089874267578,24.94763565063477,24.62864875793457,24.6062068939209,24.856143951416016,2560.95703125,2395.200927734375,4004.31982421875,3958.946533203125,0.017990874593534434,-0.010975821329526347,0.049306088144038585,0.049320558198505005
4,791.4198324680328,1778170656.640063,57.76643371582031,0.0,1.0,-0.0639423877000808,46.958614349365234,46.07775115966797,47.19330978393555,47.19330978393555,81.92280578613281,79.92683410644531,79.78445434570312,81.34626770019531,24.947649002075195,24.62829208374023,24.605512619018555,24.855403900146484,2395.798095703125,2356.945068359375,4017.076904296875,4091.522216796875,0.012788471746460583,-0.0060992737027747435,0.04851240793452072,0.04852686704404374
4,791.4358711242676,1778170656.6561017,58.048885345458984,0.0,1.0,-0.0723180025815963,47.03853225708008,46.44417953491211,47.26725006103515,47.26725006103515,81.92288208007812,79.9245834350586,79.78014373779297,81.34169006347656,24.947662353515625,24.627933502197266,24.60482406616211,24.854671478271484,2265.16015625,2354.521728515625,4010.131591796875,4284.28076171875,0.009575748811505136,-0.003069920144760485,0.04504537096405814,0.045059782262732995
4,791.4514055252075,1778170656.671636,58.338287353515625,0.0,1.0,-0.0705252885818481,47.14895248413086,46.81173324584961,47.29558563232422,47.29558563232422,81.92295837402344,79.92233276367188,79.77580261230469,81.33715057373047,24.947673797607425,24.627573013305664,24.604127883911133,24.85394287109375,2200.688720703125,2405.589111328125,4007.181884765625,4422.96337890625,0.00692565380969401,-0.0001649992768809616,0.04048452745771258,0.04049887586181877
4,791.4666340351105,1778170656.6868646,58.67561340332031,0.0,1.0,-0.0536799132823944,47.32291412353515,47.13684844970703,47.501251220703125,47.501251220703125,81.92304992675781,79.91960144042969,79.77059173583984,81.33170318603516,24.947689056396484,24.62713623046875,24.603294372558594,24.853073120117188,2240.789794921875,2452.009033203125,4019.397216796875,4461.9697265625,0.004830651946413633,0.0009910479188195431,0.039001334236890006,0.03901566218758701
4,791.4821677207947,1778170656.7023983,58.94862365722656,0.0,1.0,0.0084564834833145,47.47269821166992,47.355812072753906,47.74918746948242,47.74918746948242,81.923095703125,79.91731262207031,79.76628112792969,81.32716369628906,24.947694778442383,24.62677001953125,24.602603912353516,24.85234642028809,2346.112060546875,2473.747802734375,4043.0322265625,4439.03857421875,0.0033426636745892413,0.0009834762993266022,0.0395874080196168,0.039601744052340404
4,791.4982483386993,1778170656.718479,59.22087478637695,0.0,1.0,0.067737191915512,47.63599395751953,47.66945266723633,48.001277923583984,48.001277923583984,81.9231185913086,79.91502380371094,79.76197052001953,81.32262420654297,24.94769859313965,24.62640380859375,24.60191535949707,24.851619720458984,2450.0732421875,2438.9833984375,4039.3330078125,4382.947265625,0.002165495163938269,0.002980839908231836,0.04027144053766807,0.040285786003280366
4,791.513409614563,1778170656.7336402,59.497955322265625,0.0,1.0,0.1169003993272781,47.798526763916016,47.86552810668945,48.20707321166992,48.20707321166992,81.92311096191406,79.91273498535156,79.75768280029297,81.31812286376953,24.947696685791016,24.62603759765625,24.601228713989254,24.85089874267578,2534.348388671875,2440.052001953125,4089.106689453125,4364.59130859375,0.0009018741692674581,0.0024162613639120423,0.039866094750169445,0.03988043462601576
4,791.529129743576,1778170656.7493603,59.77466583251953,0.0,1.0,0.155840203166008,47.9703254699707,48.14929962158203,48.41944122314453,48.41944122314453,81.92304992675781,79.91041564941406,79.75336456298828,81.31362915039062,24.947689056396484,24.625667572021484,24.60053825378418,24.850181579589844,2488.444580078125,2555.55029296875,4004.31689453125,4418.62255859375,-0.00015071402158595149,0.0036911780868864597,0.039612064179541884,0.03962640055227684
4,791.5443699359894,1778170656.7646005,60.046119689941406,0.0,1.0,0.1949542611837387,48.09717559814453,48.434844970703125,48.668941497802734,48.668941497802734,81.9229736328125,79.90809631347656,79.74903106689453,81.30917358398438,24.947675704956055,24.62529563903809,24.59984588623047,24.849468231201172,2329.069091796875,2750.346923828125,3845.94384765625,4521.72412109375,-0.002038794097216634,0.005079131867035125,0.040245025271228974,0.04025937037257177
4,791.559629201889,1778170656.7798598,60.37138366699219,0.0,1.0,0.2469694912433624,48.2790641784668,48.75019454956055,48.98246383666992,48.98246383666992,81.92288208007812,79.9052963256836,79.74378204345703,81.30386352539062,24.947662353515625,24.624847412109375,24.5990047454834,24.848617553710938,2187.837646484375,3021.43017578125,3659.345703125,4658.0400390625,-0.003661881224629182,0.00617266164968111,0.04130556921971218,0.04131992894608083
4,791.5753710269928,1778170656.7956016,60.64186477661133,0.0,1.0,0.3035625517368316,48.43123245239258,49.03086471557617,49.24358749389648,49.24358749389648,81.92280578613281,79.9029312133789,79.73936462402344,81.29945373535156,24.947649002075195,24.62446975708008,24.598297119140625,24.847911834716797,2098.69677734375,3256.65966796875,3535.234619140625,4746.73583984375,-0.0049795517937618605,0.007451840242904906,0.04218743119453383,0.04220180308188293
4,791.5912175178528,1778170656.811448,60.887664794921875,0.0,0.0,0.3489255011081695,48.5943603515625,49.30897903442383,46.03996658325195,46.4454345703125,81.9227066040039,79.9005355834961,79.73487854003906,81.29503631591797,24.9476318359375,24.62408447265625,24.597579956054688,24.847206115722656,2027.2093505859375,3366.090576171875,3428.792724609375,4766.69384765625,-0.005658456766840181,0.00907624379724159,-0.029547292521186597,-0.020987141452237568
4,791.6063196659088,1778170656.8265502,60.80335235595703,0.0,0.0,0.3986201286315918,48.446964263916016,49.2158203125,46.43312072753906,47.49480438232422,81.92259216308594,79.89815521240234,79.73037719726562,81.29054260253906,24.947614669799805,24.62370491027832,24.596858978271484,24.84648704528809,2023.746826171875,3132.99658203125,3097.285888671875,4537.93017578125,-0.00729987397298526,0.008566394279447831,-0.01990303808840388,0.002520499927612496
4,791.6219375133514,1778170656.842168,60.62863540649414,0.0,0.0,0.3839144706726074,48.11796951293945,48.99980545043945,47.425018310546875,48.08047866821289,81.92249298095703,79.895751953125,79.72587585449219,81.28598022460938,24.94759750366211,24.623321533203125,24.59613990783691,24.84575653076172,1827.7554931640625,2781.1826171875,2729.262939453125,4263.37060546875,-0.011199831493722612,0.007033346325824308,0.003918385891709786,0.017807560028868297
4,791.6373767852783,1778170656.8576074,60.594581604003906,0.0,0.0,0.4005403816699981,48.03815078735352,49.044151306152344,46.67247772216797,47.545772552490234,81.9223403930664,79.89335632324219,79.72138214111328,81.28134155273438,24.947574615478516,24.622936248779297,24.595420837402344,24.845014572143555,1585.7393798828125,2780.559326171875,2551.893798828125,4115.77001953125,-0.01228528817667518,0.008511191787528016,-0.011456555853720851,0.007054096926247588
4,791.6535131931305,1778170656.8737438,60.52167510986328,0.0,0.0,0.4615541100502014,47.86502456665039,48.97945785522461,46.48941802978515,47.53534698486328,81.92215728759766,79.89042663574219,79.7159423828125,81.2757568359375,24.94754409790039,24.622467041015625,24.59455108642578,24.84412002563477,1670.7279052734375,3095.89794921875,2360.974609375,3992.408447265625,-0.014659397593186796,0.0083941636167284,-0.014147677251082569,0.008046141847830146
4,791.6687970161438,1778170656.8890276,60.435665130615234,0.0,0.0,0.5170062780380249,47.72953414916992,48.949684143066406,46.49658966064453,47.596561431884766,81.92200469970703,79.88800048828125,79.7114028930664,81.27106475830078,24.947521209716797,24.622079849243164,24.59382438659668,24.84337043762207,1870.408203125,3569.694580078125,2235.5537109375,3873.75732421875,-0.016050244733990415,0.009215419173508543,-0.012592348128841357,0.01078073468734253
4,791.6841192245483,1778170656.9043498,60.36012649536133,0.0,0.0,0.5938997268676758,47.5998420715332,48.99420547485352,46.29424285888672,47.555057525634766,81.9218521118164,79.88572692871094,79.70687866210938,81.26636505126953,24.94749641418457,24.621715545654297,24.593101501464844,24.84261703491211,2134.737548828125,4090.92822265625,2174.848388671875,3901.62939453125,-0.017495828063313734,0.011397480803981619,-0.01565908194349197,0.011163194664959297
4,791.6996765136719,1778170656.919907,60.28083419799805,0.0,0.0,0.6651924848556519,47.4755973815918,49.04986953735352,46.11558532714844,47.58890151977539,81.92169952392578,79.88361358642578,79.70233917236328,81.26165008544922,24.947471618652344,24.62137794494629,24.59237289428711,24.84186363220215,2332.529052734375,4468.82861328125,2015.5,4007.359130859375,-0.01877135729120394,0.013878450592782476,-0.018168037589816666,0.013213831512589369
4,791.7157590389252,1778170656.9359896,60.1756477355957,0.0,0.0,0.72905433177948,47.348087310791016,49.1268424987793,46.007659912109375,47.61321258544922,81.92151641845703,79.88114929199219,79.69689178466797,81.25605773925781,24.94744110107422,24.620983123779297,24.591503143310547,24.84096908569336,2450.88037109375,4678.48388671875,1934.4649658203125,4221.98046875,-0.019696171735742674,0.0172445404852688,-0.01875362614758158,0.01550343061390902
4,791.7313175201416,1778170656.951548,60.08687210083008,0.0,0.0,0.7686254382133484,47.216190338134766,49.145809173583984,45.86406326293945,47.67212677001953,81.9213638305664,79.879150390625,79.69235229492188,81.25144958496094,24.947418212890625,24.620662689208984,24.590776443481445,24.840232849121097,2465.373779296875,4867.95166015625,1927.3983154296875,4452.14892578125,-0.0209826719212729,0.019140786800278198,-0.020371017639996603,0.018262180111608517
4,791.747346162796,1778170656.9675767,59.99803924560547,0.0,0.0,0.8115097880363464,47.098907470703125,49.16774368286133,45.74451446533203,47.6805305480957,81.92119598388672,79.87721252441406,79.68778228759766,81.24689483642578,24.94739151000977,24.62035369873047,24.59004592895508,24.83950424194336,2352.947265625,5011.98828125,1943.591552734375,4694.8720703125,-0.021968577849568516,0.021105253772024657,-0.02147785447617101,0.019949582916736874
4,791.762369632721,1778170656.9826002,59.90718078613281,0.0,0.0,0.8502466082572937,46.98133087158203,49.17664337158203,45.626502990722656,47.68414688110352,81.92096710205078,79.87530517578125,79.6832046508789,81.24239349365234,24.94735336303711,24.62004852294922,24.58931350708008,24.838783264160156,2256.36767578125,5080.8642578125,1976.8475341796875,4641.42236328125,-0.022930480160267996,0.022839024201817493,-0.022521990310753526,0.02157396890051788
4,791.778427362442,1778170656.998658,59.826454162597656,0.0,0.0,0.8685297966003418,46.86640167236328,49.21195983886719,45.47501754760742,47.743560791015625,81.92076110839844,79.87339782714844,79.67862701416016,81.23774719238281,24.947322845458984,24.61974334716797,24.58858108520508,24.83803939819336,2073.152587890625,5096.4814453125,2022.1961669921875,4073.854248046875,-0.024005479465627255,0.024954737021971818,-0.024452756577163393,0.02422701348040901
4,791.7945320606232,1778170657.0147626,59.73188018798828,0.0,0.0,0.8541747331619263,46.72396469116211,49.26211929321289,45.380950927734375,47.787445068359375,81.92046356201172,79.87107849121094,79.67310333251953,81.2320785522461,24.94727325439453,24.619373321533203,24.587696075439453,24.83713150024414,1846.9500732421875,5047.43701171875,1405.6304931640625,3826.181396484375,-0.025431131169816434,0.02762389884409422,-0.024929312325974284,0.026791606138984125
4,791.8096418380737,1778170657.0298724,59.65528106689453,0.0,0.0,0.8645619750022888,46.65493392944336,49.27368927001953,45.29705429077149,47.82871627807617,81.92015838623047,79.86913299560547,79.66848754882812,81.22734832763672,24.94722557067871,24.619060516357425,24.586957931518555,24.836376190185547,1671.3643798828125,4931.86962890625,1310.1551513671875,3849.06201171875,-0.025621449353648407,0.029185061307214433,-0.02548223968872243,0.028997954770742407
4,791.824901342392,1778170657.045132,59.57678985595703,0.0,0.0,0.917277693748474,46.549468994140625,49.326072692871094,45.20848846435547,47.85639572143555,81.91985321044922,79.8671646118164,79.66387176513672,81.22259521484375,24.947175979614254,24.618745803833008,24.586219787597656,24.835615158081055,1551.44189453125,4841.69287109375,1411.08447265625,3970.707275390625,-0.026543240441996074,0.03163657164777578,-0.026106241847086875,0.030949925127163436
4,791.8415451049805,1778170657.0617757,59.48381805419922,0.0,0.0,0.9681416749954224,46.405948638916016,49.29519271850586,45.08576583862305,47.84585952758789,81.91948699951172,79.86475372314453,79.65833282470703,81.21694946289062,24.94711685180664,24.61836051940918,24.5853328704834,24.834712982177734,1513.6865234375,4740.82763671875,1604.77685546875,4187.33984375,-0.02802778320665511,0.032602142543757706,-0.02723192573470501,0.03233394400404643
4,791.8571391105652,1778170657.0773697,59.40338516235352,0.0,0.0,1.0110204219818115,46.321556091308594,49.30667495727539,44.96188735961914,47.841461181640625,81.91918182373047,79.86273193359375,79.65371704101562,81.21231842041016,24.94706916809082,24.61803817749023,24.5845947265625,24.83397102355957,1509.048828125,4715.390625,1763.379638671875,4429.5087890625,-0.028481715811511488,0.034241145949454044,-0.02859120060228859,0.03363670819274511
4,791.8722505569458,1778170657.0924811,59.321006774902344,0.0,0.0,1.0866776704788208,46.22061538696289,49.22993087768555,44.865177154541016,47.80805206298828,81.91887664794922,79.86073303222656,79.64910125732422,81.2077407836914,24.947021484375,24.61771774291992,24.58385467529297,24.83323860168457,1499.222900390625,4840.345703125,1900.8314208984375,4734.18017578125,-0.029252584576626273,0.034065389636797505,-0.029334557675003925,0.034349285673939134
4,791.8875443935394,1778170657.107775,59.23523712158203,0.0,0.0,1.130469560623169,46.117767333984375,49.229278564453125,44.78346252441406,47.743709564208984,81.91857147216797,79.85877990722656,79.64448547363281,81.2032699584961,24.946971893310547,24.61740493774414,24.583118438720703,24.832523345947266,1478.4217529296875,4983.46533203125,1984.28857421875,5033.15771484375,-0.0300101825318827,0.03554894291785082,-0.029699552009001207,0.03445287623963211
4,791.903491973877,1778170657.1237226,59.14909744262695,0.0,0.0,1.1901543140411377,46.01586151123047,49.17809295654297,44.64593124389648,47.702362060546875,81.91826629638672,79.85689544677734,79.6398696899414,81.19888305664062,24.946922302246097,24.617103576660156,24.582378387451172,24.83182144165039,1445.259033203125,5226.7958984375,1980.116943359375,5265.6572265625,-0.030744067591923385,0.03597875891051827,-0.03127064923429457,0.03506219250189391
4,791.9191634654999,1778170657.139394,59.057334899902344,0.0,0.0,1.2185864448547363,45.891448974609375,49.13883590698242,44.54054641723633,47.640846252441406,81.91796112060547,79.85506439208984,79.63518524169922,81.194580078125,24.94687271118164,24.616809844970703,24.58163070678711,24.831132888793945,1404.9840087890625,5644.20751953125,1928.1014404296875,5363.41357421875,-0.03186268745928944,0.03676018123392866,-0.0320556472720005,0.035333594034554716
4,791.9352376461029,1778170657.1554682,58.93834686279297,0.0,0.0,1.2801190614700315,45.75226593017578,49.12264633178711,44.38545608520508,47.616695404052734,81.91754913330078,79.85318756103516,79.62955474853516,81.18944549560547,24.946807861328125,24.61650848388672,24.58072853088379,24.830310821533203,1345.223388671875,6297.4169921875,1829.907958984375,5415.27685546875,-0.032850325242940626,0.03851098396584529,-0.03347869678250126,0.036897876297030896
4,791.9508483409882,1778170657.171079,58.834922790527344,0.0,0.0,1.305884838104248,45.61235427856445,49.12164306640625,44.24613571166992,47.59730911254883,81.91720581054688,79.85173797607422,79.62486267089844,81.18517303466797,24.946752548217773,24.61627769470215,24.579978942871097,24.829627990722656,1276.13671875,6385.19140625,1784.01611328125,5391.2978515625,-0.034112971616278465,0.040315302468144854,-0.03481880120157499,0.0382977100326527
4,791.9664463996887,1778170657.186677,58.729496002197266,0.0,0.0,1.3190430402755735,45.48320007324219,49.04897689819336,44.12237930297851,47.58601760864258,81.91686248779297,79.8503189086914,79.62017059326172,81.1808090209961,24.946697235107425,24.616050720214844,24.57922744750977,24.828929901123047,1193.1390380859375,6452.759765625,1804.9949951171875,5241.13525390625,-0.03511896217145649,0.04064108642689668,-0.035790637507126855,0.03991482683422509
4,791.982040643692,1778170657.2022712,58.621734619140625,0.0,0.0,1.3197681903839111,45.36147689819336,49.01676177978515,44.001338958740234,47.55847930908203,81.91651916503906,79.84888458251953,79.615478515625,81.17636108398438,24.946643829345703,24.615821838378903,24.57847595214844,24.828216552734375,1125.917236328125,6478.8095703125,1883.2159423828125,5011.86181640625,-0.035932253328560426,0.041869300347491034,-0.03666814523823869,0.04122353899565989
4,791.9971399307251,1778170657.2173705,58.51362991333008,0.0,0.0,1.3188873529434204,45.222354888916016,48.979942321777344,43.8543701171875,47.550838470458984,81.91617584228516,79.84745025634766,79.61078643798828,81.17184448242188,24.94658660888672,24.61559295654297,24.57772445678711,24.827495574951172,1037.1136474609375,6332.95458984375,1989.47900390625,4770.0126953125,-0.037113348976399396,0.043010110664293943,-0.038111945543859216,0.04297961918810156
4,792.0126991271973,1778170657.2329297,58.383392333984375,0.0,0.0,1.294965744018555,45.08437728881836,48.90620040893555,43.704952239990234,47.5193977355957,81.91576385498047,79.84565734863281,79.60515594482422,81.16634368896484,24.946521759033203,24.615304946899418,24.576824188232425,24.826614379882812,933.81201171875,6076.53515625,2119.1904296875,4574.83447265625,-0.037909818991775146,0.04376297428619225,-0.03925082887315012,0.044615065892722905
4,792.0287554264069,1778170657.248986,58.27554702758789,0.0,0.0,1.2939510345458984,44.95075607299805,48.82685470581055,43.583290100097656,47.47180938720703,81.91542053222656,79.84412384033203,79.6004638671875,81.1617660522461,24.946468353271484,24.61505889892578,24.576072692871097,24.825881958007812,846.82373046875,5939.5078125,2193.80810546875,4480.5146484375,-0.038986088088926785,0.04399803148024839,-0.04015225834959879,0.04550017413113694
4,792.0438957214355,1778170657.2641263,58.164772033691406,0.0,0.0,1.2939085960388184,44.826507568359375,48.86984634399414,43.47168731689453,47.42653274536133,81.91507720947266,79.84252166748047,79.59577178955078,81.15717315673828,24.9464111328125,24.614803314208984,24.5753231048584,24.82514762878418,769.1127319335938,5814.75439453125,2238.6171875,4421.37353515625,-0.0398172341526386,0.046907311297378795,-0.04078676750740118,0.04649227878313056
4,792.0599846839905,1778170657.2802153,58.058780670166016,0.0,0.0,1.270838975906372,44.720733642578125,48.90131378173828,43.3599853515625,47.34808349609375,81.91473388671875,79.84088897705078,79.59107971191406,81.15263366699219,24.94635772705078,24.61454200744629,24.574573516845703,24.82442092895508,695.4239501953125,5792.0595703125,2244.416015625,4391.70458984375,-0.04033414809634961,0.04949386916101273,-0.04150487046497453,0.04666855607743936
4,792.0761318206787,1778170657.2963624,57.94270324707031,0.0,0.0359999984502792,1.243849277496338,44.633663177490234,48.89999771118164,43.27494812011719,47.341922760009766,81.91432189941406,79.83897399902344,79.58544921875,81.14713287353516,24.946290969848633,24.614234924316406,24.573671340942383,24.82353973388672,624.3013916015625,5848.40478515625,2239.245849609375,4377.578125,-0.04028383142277825,0.05156803343575289,-0.04146826208725074,0.048628900754054794
4,792.0917060375214,1778170657.3119366,57.86125183105469,0.0,0.0960000082850456,1.2285025119781494,44.60054397583008,48.834442138671875,43.57547378540039,47.271121978759766,81.91397094726562,79.83740997314453,79.58075714111328,81.142578125,24.94623565673828,24.613985061645508,24.572921752929688,24.822811126708984,894.814697265625,5912.955078125,2264.233154296875,4866.22412109375,-0.03964597066118303,0.05163660649015234,-0.0334529788767336,0.048534605175786893
4,792.1077823638916,1778170657.328013,57.807281494140625,0.0,0.1560000032186508,1.1913307905197144,44.59230422973633,48.7728385925293,43.8236198425293,47.274017333984375,81.91358947753906,79.83580780029297,79.57606506347656,81.13810729980469,24.94617462158203,24.61372947692871,24.57217025756836,24.822097778320312,1196.5477294921875,5935.408203125,2311.283203125,5156.02587890625,-0.038926946552773845,0.0512905865700628,-0.027041322907442766,0.04957782622798468
4,792.123851776123,1778170657.3440824,57.78500747680664,0.0,0.2159999758005142,1.098198413848877,44.676063537597656,48.640750885009766,44.10294723510742,47.204097747802734,81.9132080078125,79.83422088623047,79.57137298583984,81.13368225097656,24.94611358642578,24.613475799560547,24.57141876220703,24.821388244628903,1376.4835205078125,5818.49560546875,2374.083251953125,5274.82373046875,-0.03675057439254248,0.048847594358394586,-0.020462350477193136,0.048429447114493485
4,792.139447927475,1778170657.3596785,57.7967643737793,0.0,0.2879999577999115,0.9430617094039916,44.81216812133789,48.47584533691406,44.4808464050293,47.18185043334961,81.9127426147461,79.83219909667969,79.56574249267578,81.12837219238281,24.94603729248047,24.61315155029297,24.570518493652344,24.820539474487305,1601.878173828125,5536.08935546875,2507.823486328125,5188.6845703125,-0.03401259664069167,0.045079080956744955,-0.012270076854022594,0.04772215298889382
4,792.1544952392578,1778170657.3747258,57.83577346801758,0.0,0.3479999303817749,0.7916437387466431,44.98652648925781,48.33317947387695,44.8690299987793,47.13033676147461,81.91231536865234,79.83038330078125,79.56105041503906,81.12391662597656,24.94597053527832,24.61286163330078,24.569766998291016,24.819826126098633,1806.7027587890625,5187.99609375,2685.888671875,4959.185546875,-0.03090813881551968,0.04130057112383323,-0.004322192936764835,0.04587234174328447
4,792.1705777645111,1778170657.3908083,57.90119552612305,0.0,0.4079999029636383,0.6923855543136597,45.29200744628906,48.04876327514648,45.2182731628418,47.11579895019531,81.91185760498047,79.82839965820312,79.55635833740234,81.1194076538086,24.94589614868164,24.612545013427734,24.56901741027832,24.81910514831543,1958.517578125,4761.1123046875,2907.24658203125,4658.97705078125,-0.025429925494965033,0.03400341340463564,0.0022940134269906487,0.04436837467127286
4,792.1866707801819,1778170657.4069014,58.00644302368164,0.0,0.4799998700618744,0.7491323947906494,45.58709716796875,47.9218635559082,45.680049896240234,47.075660705566406,81.91130828857422,79.82582092285156,79.55072784423828,81.11396789550781,24.94580841064453,24.612131118774418,24.568115234375,24.81823348999023,2090.40625,4235.56103515625,3144.736572265625,4393.28466796875,-0.02086012784856406,0.029401395512516304,0.010692466857532557,0.041585372077262095
4,792.20219373703,1778170657.4224243,58.11702728271485,0.0,0.5399999618530273,0.7811390161514282,45.75726318359375,47.911258697509766,46.06486892700195,47.08055877685547,81.91085052490234,79.82357788085938,79.54603576660156,81.10938262939453,24.945735931396484,24.611772537231445,24.567365646362305,24.81750106811523,2088.6337890625,3917.991455078125,3205.495361328125,4332.66015625,-0.019075274785825047,0.027215297368291536,0.017267435630007544,0.03971162553669738
4,792.2172992229462,1778170657.4375298,58.243255615234375,0.0,0.6000000834465027,0.7979779243469238,45.93974304199219,47.86997604370117,46.55074691772461,47.10381317138672,81.91039276123047,79.82122039794922,79.54134368896484,81.10478210449219,24.94566345214844,24.61139488220215,24.56661605834961,24.81676483154297,1871.84912109375,3592.72021484375,3105.56787109375,4420.2607421875,-0.017297747278029907,0.024105873725661198,0.02576931962891349,0.037970728593706315
4,792.2337167263031,1778170657.4539473,58.37012481689453,0.0,0.0,0.7629633545875549,46.058982849121094,47.95982360839844,43.50933074951172,46.622283935546875,81.90992736816406,79.81876373291016,79.53665161132812,81.10021209716797,24.945587158203125,24.61100196838379,24.56586456298828,24.81603240966797,1634.5726318359375,3286.220458984375,2881.433349609375,4603.5439453125,-0.016888551567023624,0.023797924319547636,-0.0433337002957509,0.025126844160151762
4,792.2485773563385,1778170657.468808,58.331661224365234,0.0,0.0,0.7623870372772217,45.99542999267578,47.87643051147461,44.50721740722656,45.91309356689453,81.90943145751953,79.8162841796875,79.5319595336914,81.09561920166016,24.94550895690918,24.610605239868164,24.565113067626953,24.81529998779297,1544.973876953125,3258.677734375,2469.776123046875,4791.0771484375,-0.017597699011172585,0.022691645778752045,-0.020747266626358507,0.010198907124143508
4,792.2637481689453,1778170657.4839787,58.20647811889648,0.0,0.0,0.7478014826774597,45.80045318603515,47.71480941772461,44.713890075683594,46.76991271972656,81.908935546875,79.8138198852539,79.52726745605469,81.091064453125,24.94543075561523,24.610210418701172,24.564361572265625,24.81457138061523,1639.1385498046875,3812.608154296875,2194.65380859375,4883.8798828125,-0.01965827909310147,0.02143129715487091,-0.014084199548084708,0.03126414939306832
4,792.2789793014526,1778170657.49921,58.15237808227539,0.0,0.0,0.831124484539032,45.726566314697266,47.775726318359375,44.56654357910156,46.19515609741211,81.90841674804688,79.81161499023438,79.52253723144531,81.0865249633789,24.94534683227539,24.609859466552734,24.56360626220703,24.8138427734375,1823.50390625,4770.7841796875,2312.554931640625,4944.54150390625,-0.020329244768906296,0.02368681187798427,-0.016418915977111204,0.019538529108524827
4,792.2942118644714,1778170657.5144424,58.087894439697266,0.0,0.0,0.8876311779022217,45.65372085571289,47.80550765991211,44.172943115234375,46.29588317871094,81.90788269042969,79.8096694946289,79.51778411865234,81.08201599121094,24.94526100158691,24.609546661376953,24.56284523010254,24.813121795654297,1987.6033935546875,5414.2763671875,2332.28271484375,4911.77392578125,-0.02080412083147065,0.02546204227980975,-0.024023421086891705,0.022895863043491227
4,792.3099768161774,1778170657.5302074,57.98532485961914,0.0,0.0,0.9186357855796814,45.499019622802734,47.80573272705078,44.18451690673828,46.36015701293945,81.90727233886719,79.80746459960938,79.5120849609375,81.07659912109375,24.94516372680664,24.609193801879883,24.561933517456055,24.812255859375,2112.994140625,5573.60205078125,2299.807861328125,4773.7314453125,-0.022395984168460004,0.02728080678520861,-0.022040858431167876,0.026127878055232534
4,792.3251321315765,1778170657.5453627,57.90447235107422,0.0,0.0,0.9144543409347534,45.426422119140625,47.85118865966797,44.08296585083008,46.32171630859375,81.90673828125,79.8056640625,79.50735473632812,81.07201385498047,24.945077896118164,24.608905792236328,24.561176300048828,24.8115234375,2150.060546875,5673.80322265625,2317.978271484375,4608.66552734375,-0.02259297461376264,0.02969335839928977,-0.02292614710898022,0.02670864107529769
4,792.3407559394836,1778170657.5609865,57.82854080200195,0.0,0.0,0.9140551686286926,45.31249237060547,47.77959442138672,43.93075180053711,46.37730026245117,81.90620422363281,79.80371856689453,79.50260162353516,81.06736755371094,24.944992065429688,24.60859489440918,24.56041717529297,24.810779571533203,2030.246337890625,4958.5595703125,2360.340087890625,4454.85693359375,-0.023764155587951974,0.029502758594640133,-0.025021371625113642,0.029290378388486582
4,792.3560345172882,1778170657.576265,57.742977142333984,0.0,0.0,0.8623648881912231,45.213592529296875,47.76496887207031,43.89496994018555,46.33037567138672,81.90567016601562,79.80158233642578,79.49783325195312,81.06267547607422,24.944908142089844,24.608253479003903,24.559654235839844,24.810028076171875,1966.15087890625,4386.7138671875,2380.379150390625,4381.7802734375,-0.024451474190909206,0.030712675447649662,-0.024371948999946658,0.02977260287531358
4,792.3712208271027,1778170657.5914514,57.66157531738281,0.0,0.0,0.8257002830505371,45.084007263183594,47.6978759765625,43.760963439941406,46.313663482666016,81.90513610839844,79.79924011230469,79.4930648803711,81.0579833984375,24.944820404052734,24.607879638671875,24.55889129638672,24.809276580810547,1841.648681640625,3305.74560546875,2348.887451171875,4391.498046875,-0.025874212093983995,0.03071791923343614,-0.0259773278895733,0.030854368698471468
4,792.3864290714264,1778170657.6066597,57.582069396972656,0.0,0.0,0.7208374738693237,45.0141716003418,47.51295471191406,43.68264389038086,46.224266052246094,81.90457916259766,79.79676055908203,79.48829650878906,81.05329895019531,24.944732666015625,24.60748291015625,24.558128356933594,24.808528900146484,1839.017822265625,2347.376708984375,2275.692626953125,4453.8408203125,-0.026040212604260704,0.028139536299845336,-0.026378082540867376,0.03028514674028604
4,792.4019355773926,1778170657.6221662,57.50863265991211,0.0,0.0,0.6224508881568909,44.93951416015625,47.3924446105957,43.62456512451172,46.05847930908203,81.90400695800781,79.79428100585938,79.48352813720703,81.048583984375,24.94464111328125,24.607086181640625,24.55736541748047,24.80777359008789,17.955535888671875,2191.654541015625,2114.85400390625,4264.92138671875,-0.026413902351340335,0.026841373446141015,-0.026430940941125525,0.02790087646329442
4,792.4171404838562,1778170657.637371,57.439659118652344,0.0,0.0,0.5875318050384521,44.93951416015625,47.23398971557617,43.56491470336914,45.88792037963867,81.90343475341797,79.79180145263672,79.478759765625,81.04385375976562,24.944549560546875,24.606689453125,24.556602478027344,24.807016372680664,0.0,2076.528076171875,1959.4803466796875,4237.42919921875,-0.025244820189181394,0.02463707559274586,-0.02659469572065465,0.025324194359978902
4,792.4325926303864,1778170657.6528232,57.37495422363281,0.0,0.0,0.6092773675918579,44.93951416015625,47.048553466796875,43.460323333740234,45.700782775878906,81.90286254882812,79.78932189941406,79.47396850585938,81.03910064697266,24.9444580078125,24.606292724609375,24.555835723876953,24.806255340576172,0.0,2194.599365234375,1936.142578125,4184.142578125,-0.0241455351015879,0.021765448877291593,-0.02783653608492853,0.02229437231524778
4,792.4483845233917,1778170657.668615,57.291446685791016,0.0,0.0,0.6638839244842529,44.93951416015625,46.8294792175293,43.33246612548828,45.49532699584961,81.90217590332031,79.78634643554688,79.46820068359375,81.0335693359375,24.944347381591797,24.605815887451172,24.554912567138672,24.805370330810547,0.0,2628.951416015625,2026.9478759765625,4998.94091796875,-0.022723137721704645,0.018490139546218254,-0.02928372383754918,0.019181859856010064
4,792.4638438224792,1778170657.6840744,57.21826934814453,0.0,0.0,0.7402026653289795,44.93951416015625,46.66779708862305,43.2140998840332,45.30389022827149,81.90160369873047,79.78386688232422,79.46339416503906,81.02908325195312,24.944255828857425,24.605419158935547,24.554141998291016,24.80465316772461,0.0,3123.385498046875,2120.164794921875,5272.82763671875,-0.021473283090661766,0.01627179518186561,-0.030697243188674173,0.016191275032577
4,792.4798970222473,1778170657.7001276,57.14435195922851,0.0,0.0,0.8689072728157043,44.44766616821289,46.49735641479492,43.099853515625,45.16074752807617,81.90103149414062,79.7813949584961,79.45858764648438,81.02462005615234,24.944164276123047,24.60502243041992,24.553375244140625,24.803939819335938,1022.8289184570312,3759.51904296875,2247.660888671875,5238.80517578125,-0.03093104041094452,0.013869922743259044,-0.03200931876732527,0.014290816240173587
4,792.4963829517365,1778170657.7166135,57.06269836425781,0.0,0.0,1.0309377908706665,44.10930252075195,46.496726989746094,42.96174240112305,45.0877685546875,81.90045928955078,79.77906036376953,79.45379638671875,81.02011108398438,24.944072723388672,24.60464859008789,24.55260848999023,24.803218841552734,2300.107666015625,4348.80126953125,2293.06103515625,5096.64013671875,-0.03693207580482172,0.015306970868659286,-0.033730488745114195,0.014100789286171311
4,792.5111281871796,1778170657.7313588,56.94489669799805,0.0,0.0,1.0122108459472656,44.22005462646485,46.57906723022461,42.7501106262207,45.09344482421875,81.89977264404297,79.77638244628906,79.44802856445312,81.01451110839844,24.94396209716797,24.60422134399414,24.551685333251953,24.802322387695312,2713.99658203125,4600.67431640625,2106.02685546875,4178.36962890625,-0.032516654060227856,0.019209040940061373,-0.036501311687386795,0.016326588375578766
4,792.5263969898224,1778170657.7466276,56.8440055847168,0.0,0.0,0.948078751564026,44.01939010620117,46.641109466552734,42.65768051147461,45.14168548583984,81.89920043945312,79.77424621582031,79.44322204589844,81.00968170166016,24.943870544433594,24.60387802124023,24.550914764404297,24.80154800415039,2791.47509765625,4817.70947265625,1902.3883056640625,3962.68359375,-0.035197588690425774,0.022377983829473536,-0.03687810028111804,0.019219632022431377
4,792.5418238639832,1778170657.7620544,56.73622131347656,0.0,0.0,0.8649531006813049,43.91936492919922,46.73268127441406,42.57798385620117,45.16771697998047,81.89862823486328,79.7721939086914,79.43841552734375,81.00480651855469,24.94377899169922,24.60354995727539,24.550146102905273,24.800769805908203,2905.807861328125,5122.3740234375,1737.2408447265625,2766.491943359375,-0.03556119506018274,0.02633131668805011,-0.03685121910573541,0.021744749743311198
4,792.557124376297,1778170657.777355,56.6281852722168,0.0,0.0,0.8063797950744629,43.8298454284668,46.80636978149414,42.418758392333984,45.34676742553711,81.89805603027344,79.7702407836914,79.43360900878906,80.9999008178711,24.943687438964844,24.60323715209961,24.54937744140625,24.799983978271484,2887.14892578125,5415.58984375,1688.5555419921875,2351.5888671875,-0.03569076179110631,0.029910781690155597,-0.0386223920980554,0.027752099098851124
4,792.5724396705627,1778170657.7926702,56.51708221435547,0.0,0.0,0.7680387496948242,43.72832107543945,46.918460845947266,42.379432678222656,45.410152435302734,81.8974838256836,79.76837921142578,79.42880249023438,80.9950180053711,24.94359588623047,24.60293960571289,24.548606872558594,24.79920196533203,2627.0966796875,5684.12255859375,380.9688720703125,2497.9013671875,-0.03603314104990918,0.034406673328431614,-0.037625514793131476,0.031211886547264367
4,792.5879549980164,1778170657.8081856,56.41101837158203,0.0,0.0,0.7201382517814636,43.69047546386719,47.01117706298828,42.33170700073242,45.44513320922851,81.89691162109375,79.7666015625,79.42399597167969,80.9901351928711,24.943504333496097,24.60265731811523,24.547840118408203,24.79842185974121,2159.998291015625,5888.935546875,0.0,2602.588134765625,-0.035056547568404595,0.03839951053535784,-0.03690187846174775,0.03394663469787362
4,792.6035590171814,1778170657.8237896,56.3024787902832,0.0,0.0,0.7581238746643066,43.6099853515625,47.07343292236328,42.248905181884766,45.552452087402344,81.8963394165039,79.76483917236328,79.419189453125,80.9852523803711,24.94341278076172,24.602375030517575,24.547069549560547,24.79763984680176,1716.44482421875,5862.5712890625,0.0,2807.304443359375,-0.03497745892981008,0.041779111303626104,-0.03693269800958654,0.03838624730091755
4,792.6194143295288,1778170657.839645,56.17411804199219,0.0,0.0,0.8020595908164978,43.54899597167969,47.10800552368164,42.19239807128906,45.59160232543945,81.8956527709961,79.76256561279297,79.4134292602539,80.97935485839844,24.94330406188965,24.60201072692871,24.5461483001709,24.796695709228516,1459.01611328125,5349.63427734375,0.0,3185.076904296875,-0.03412501877710028,0.044926502503094046,-0.03602306731926008,0.04165349778863603
5,788.846120595932,1778170654.0663512,126.86955261230467,0.8835142850875854,0.0,-1.097423434257507,90.6325225830078,84.51750946044922,96.8572769165039,91.44969940185548,82.05107116699219,80.3589096069336,80.3963394165039,82.1188735961914,24.968170166015625,24.697425842285156,24.703414916992188,24.979019165039062,6108.2724609375,3021.626220703125,3675.77880859375,1680.370361328125,-0.1099678551380805,-0.16992645643757942,-0.02018622491315014,-0.07487683218719998
5,788.861822605133,1778170654.0820532,126.14459228515624,0.867255687713623,0.5,-1.0777721405029297,92.58650207519533,91.07128143310548,96.50355529785156,89.55742645263672,82.0489730834961,80.35551452636719,80.39278411865234,82.11402893066406,24.96783447265625,24.696882247924805,24.70284652709961,24.97824478149414,6158.193359375,2843.24658203125,3853.38330078125,1119.324462890625,-0.08555398445674689,-0.10041936157303855,-0.01815401073831613,-0.08881271485972886
5,788.877907037735,1778170654.0981376,125.35382080078124,0.8611949682235718,0.5,-1.108292579650879,89.9251480102539,91.2911376953125,95.96985626220705,86.90556335449219,82.04672241210938,80.35124969482422,80.38861846923828,82.10820007324219,24.96747589111328,24.696199417114254,24.702178955078125,24.977312088012695,6172.484375,2755.28173828125,3972.649658203125,1139.5211181640625,-0.10623649314048789,-0.09255913484721712,-0.017424428149258153,-0.11021580638200068
5,788.8934469223022,1778170654.1136775,124.6627960205078,0.8980686068534851,0.5,-1.1109130382537842,87.20899963378906,84.40522003173828,95.3884506225586,85.17880249023438,82.04473114013672,80.34786987304688,80.38524627685547,82.10331726074219,24.96715545654297,24.695659637451172,24.70163917541504,24.976531982421875,6299.35107421875,3217.74267578125,4162.779296875,1218.4422607421875,-0.1284275899037578,-0.1563550084143127,-0.01796350935992752,-0.12306107024697144
5,788.9090800285339,1778170654.1293106,123.9644775390625,0.9443689584732056,0.409090906381607,-1.2270959615707395,89.22099304199219,83.35147857666016,94.34698486328124,84.13665771484375,82.04305267333984,80.34469604492188,80.38166809082031,82.09846496582031,24.966888427734375,24.695152282714844,24.701066970825195,24.975753784179688,6478.54443359375,3509.06689453125,3755.520263671875,1255.3785400390625,-0.1032965701247982,-0.16219423699515856,-0.023213911998980707,-0.12891068870693867
5,788.9241316318512,1778170654.1443622,123.2025375366211,0.9728399515151978,0.2727272510528564,-1.160017490386963,93.79302215576172,91.60400390625,93.8241729736328,86.88655853271484,82.04156494140625,80.34159088134766,80.37813568115234,82.09362030029297,24.966650009155273,24.69465446472168,24.70050048828125,24.97497940063477,6836.587890625,3553.926025390625,3890.25341796875,1206.0721435546875,-0.05151621770907977,-0.07354977032703236,-0.022619238155915933,-0.0948769474299016
5,788.9399843215942,1778170654.160215,122.51546478271484,0.9505703449249268,0.1363636255264282,-1.1640437841415403,86.55162811279297,84.34219360351562,93.37245178222656,83.13253784179688,82.04015350341797,80.33834075927734,80.37459564208984,82.08877563476562,24.96642303466797,24.69413375854492,24.699935913085938,24.974205017089844,6787.54296875,3221.62939453125,3954.42724609375,977.41552734375,-0.11983648413255366,-0.14220942568804618,-0.021870077018087186,-0.12912703243990065
5,788.9553399085999,1778170654.1755705,121.82698059082033,0.93162739276886,0.0,-1.4254815578460691,89.03433990478516,84.81515502929688,93.00643920898438,82.73975372314453,82.038818359375,80.3349609375,80.37117004394531,82.08392333984375,24.966209411621097,24.693593978881836,24.699386596679688,24.973426818847656,6933.49560546875,2857.0791015625,4151.64306640625,876.8635864257812,-0.08947244088073392,-0.13252439755036594,-0.02019820393058236,-0.1283433927935803
5,788.9711449146271,1778170654.1913755,120.9937744140625,0.8935410976409912,0.0,-1.2022730112075806,84.94502258300781,87.61624145507812,92.63235473632812,86.25692749023438,82.03726196289062,80.33049011230469,80.36717987060547,82.07806396484375,24.965961456298828,24.69287872314453,24.698749542236328,24.972490310668945,7016.8046875,2369.15283203125,4421.21240234375,1402.991943359375,-0.12531043802522945,-0.09770430823411203,-0.017418973873966737,-0.08503255327453363
5,788.9862976074219,1778170654.2065282,120.3090362548828,0.9012277126312256,0.0,-1.3837076425552368,86.81462097167969,80.1519775390625,92.1057586669922,85.2208480834961,82.03609466552734,80.3267593383789,80.3639907836914,82.0732192993164,24.965774536132812,24.69228172302246,24.698238372802734,24.97171401977539,6872.25634765625,2759.8837890625,4529.51416015625,1810.5128173828125,-0.10097108855934689,-0.16987540071160034,-0.01744418424473615,-0.09087774939453919
5,789.0017259120941,1778170654.2219565,119.57858276367188,0.8961141705513,0.0,-1.3488943576812744,90.74496459960938,80.93904113769531,91.6578598022461,84.61429595947266,82.03485107421875,80.32313537597656,80.36090087890625,82.06837463378906,24.965576171875,24.69170188903809,24.697744369506836,24.97093963623047,6755.2119140625,2636.63232421875,4941.23095703125,1822.3935546875,-0.054529100571320765,-0.15660321182664827,-0.016249412528716256,-0.09183444367114657
5,789.0171275138855,1778170654.237358,118.89480590820312,0.8731975555419922,0.0,-1.3226420879364014,83.8468246459961,82.52273559570312,91.24081420898438,84.11109924316406,82.0335922241211,80.31939697265625,80.35787200927734,82.06352996826172,24.96537399291992,24.691102981567383,24.69725799560547,24.970165252685547,6658.8369140625,2492.33056640625,4873.0126953125,1660.897705078125,-0.1213765898275404,-0.1351555085762759,-0.015093589441123156,-0.09204335848129863
5,789.0335459709167,1778170654.2537766,118.11101531982422,0.8566859364509583,0.0,-1.426621675491333,84.49193572998047,84.53302764892578,91.64201354980467,87.40025329589844,82.0320816040039,80.31494140625,80.35433197021484,82.05770111083984,24.965133666992188,24.690391540527344,24.696693420410156,24.96923065185547,6410.55126953125,2474.29638671875,5114.3623046875,1374.0875244140625,-0.10874107933913058,-0.1082085367193707,-0.00419818310734188,-0.050276965144236074
5,789.0492758750916,1778170654.2695065,117.51238250732422,0.8475024104118347,0.0,-1.3280717134475708,88.06555938720703,76.14685821533203,90.04411315917969,88.11341094970703,82.03059387207031,80.3112564086914,80.35157012939453,82.0528335571289,24.96489524841309,24.689800262451172,24.696250915527344,24.96845245361328,6352.48583984375,2537.027587890625,5304.66796875,1026.012939453125,-0.06631259764267972,-0.1925871678293002,-0.01657693957272366,-0.03764996763948081
5,789.0645527839661,1778170654.2847834,116.84883880615234,0.9216776490211488,0.0,-1.3583194017410278,80.63847351074219,81.58492279052734,86.20716094970703,85.77131652832031,82.02906036376953,80.30792236328125,80.34859466552734,82.04798889160156,24.964649200439453,24.689266204833984,24.69577407836914,24.96767807006836,6407.46484375,3361.745849609375,4954.64501953125,1201.80908203125,-0.14020101190245093,-0.13001293507888667,-0.05313593186483856,-0.057910076724967396
5,789.0799808502197,1778170654.3002114,116.09164428710938,1.0,0.0,-1.4970479011535645,81.71302032470703,81.7053451538086,87.41697692871094,87.0909194946289,82.02763366699219,80.30560302734375,80.34542846679688,82.04312896728516,24.964420318603516,24.68889617919922,24.695268630981445,24.966899871826172,6414.515625,6131.794921875,4783.46533203125,1183.0772705078125,-0.12306110346090249,-0.12304603490517985,-0.03358532654327884,-0.037176688787345036
5,789.0960438251495,1778170654.3162744,115.28826141357422,1.0,0.0,-1.5269585847854614,82.72856903076172,79.31246185302734,84.22415924072266,83.63654327392578,82.02610778808594,80.304443359375,80.34228515625,82.03824615478516,24.964176177978516,24.688711166381836,24.694765090942383,24.96611785888672,6151.42578125,6799.85498046875,4864.3212890625,743.2330932617188,-0.10597542882754296,-0.14279710282474856,-0.06239419238459476,-0.06892285058817871
5,789.1107993125916,1778170654.33103,114.51813507080078,1.0,0.0,-1.428950309753418,84.25235748291016,76.22797393798828,88.54659271240234,80.26530456542969,82.02449798583984,80.30270385742188,80.3393783569336,82.03336334228516,24.96392059326172,24.688432693481445,24.69430160522461,24.9653377532959,6100.50537109375,0.0,5311.244140625,95.92982482910156,-0.08338527968796605,-0.17059356704386197,-0.007646783965856385,-0.10044385576538528
5,789.126758813858,1778170654.3469894,113.97908782958984,1.0,0.0,-1.2471414804458618,80.11737060546875,72.59717559814453,88.52843475341797,74.48977661132812,82.02272033691406,80.29916381835938,80.33645629882812,82.02750396728516,24.963634490966797,24.6878662109375,24.693832397460938,24.964401245117188,6023.9873046875,7803.169921875,6309.578125,0.0,-0.12424919899138576,-0.20636312694850834,-0.0031580572068172774,-0.1612236472829005
5,789.1422874927521,1778170654.362518,113.26544189453124,1.0,0.0,-1.530859112739563,85.78841400146484,80.14684295654297,88.34736633300781,67.9825668334961,82.02130889892578,80.2993392944336,80.33462524414062,82.02262115478516,24.963409423828125,24.68789291381836,24.693538665771484,24.963619232177734,5958.53173828125,9363.8466796875,7438.869140625,0.0,-0.05635151308589148,-0.1183092475919979,0.0010709946406328719,-0.22967353623933318
5,789.1579773426056,1778170654.378208,112.66329193115234,1.0,0.0,-1.3552663326263428,76.76858520507812,78.06732940673828,88.25761413574219,61.46223831176758,82.01953125,80.29859924316406,80.33352661132812,82.01773834228516,24.963125228881836,24.687774658203125,24.693363189697266,24.96283721923828,4880.62548828125,7381.67041015625,8782.3671875,0.0,-0.15105387038768225,-0.13659576278857344,0.005398980430534772,-0.299834643319153
5,789.1734998226166,1778170654.3937304,112.07195281982422,1.0,0.5,-1.4765095710754397,81.95051574707031,73.24356079101562,87.4788589477539,51.56390380859375,82.01715087890625,80.29753875732422,80.33303833007812,82.01285552978516,24.962743759155273,24.68760681152344,24.693286895751953,24.96205711364746,3743.163818359375,6761.81298828125,9928.171875,0.0,-0.08896768025685298,-0.1856711901459418,0.0017857838733255083,-0.40949506246489975
5,789.1895513534546,1778170654.409782,111.35084533691406,1.0,0.5,-1.53442645072937,83.34263610839844,80.46556854248047,86.87039184570312,40.06991958618164,82.0146255493164,80.29542541503906,80.33321380615234,82.00699615478516,24.96234130859375,24.687267303466797,24.693313598632812,24.96112060546875,6297.57080078125,5192.49267578125,11349.2119140625,0.0,-0.06749161164486794,-0.09958264871198719,0.001260207009997627,-0.5381513955151163
5,789.2048144340515,1778170654.425045,110.81535339355467,0.9929239153862,0.5,-1.5165704488754272,75.40538787841797,68.11915588378906,86.81489562988281,30.183910369873047,82.0133056640625,80.29293823242188,80.33397674560547,82.00211334228516,24.962127685546875,24.686870574951172,24.693435668945312,24.960338592529297,6373.5693359375,4005.412353515625,12114.064453125,0.0,-0.15222330254676952,-0.23405671786970927,0.005455851605313589,-0.6504170442624894
5,789.2205929756165,1778170654.4408236,110.25931549072266,0.9001450538635254,0.409090906381607,-1.4996130466461182,81.50776672363281,75.44896697998047,86.34703063964844,20.879859924316406,82.01197814941406,80.28992462158203,80.33522033691406,81.99723052978516,24.961915969848633,24.68638801574707,24.693634033203125,24.959556579589844,5903.974609375,3283.437744140625,13000.9296875,0.0,-0.07899341683249417,-0.14736079974669936,0.005080413280919682,-0.7569548427424228
5,789.23606133461,1778170654.456292,109.85308074951172,0.886661946773529,0.2727272510528564,-1.2044737339019775,70.51427459716797,72.28723907470703,85.86595153808594,12.344449043273926,82.01034545898438,80.2867431640625,80.33668518066406,81.99234771728516,24.961654663085938,24.68587875366211,24.693870544433594,24.95877456665039,7147.45458984375,2901.08642578125,12966.39453125,0.0,-0.2002691780093554,-0.1800701708799166,0.003176708775905368,-0.8557771233738499
5,789.2516350746155,1778170654.4718657,109.3697509765625,1.0,0.1363636255264282,-1.1947591304779053,76.0698471069336,77.67477416992188,85.03822326660156,2.599074363708496,82.01005554199219,80.28356170654297,80.33763122558594,81.98746490478516,24.96160888671875,24.68536949157715,24.694021224975582,24.95799446105957,8642.71875,3062.130859375,11680.5322265625,0.0,-0.1334485512049609,-0.11506766242525823,-0.002103156788291427,-0.969500258009308
5,789.2669277191162,1778170654.4871583,108.82732391357422,1.0,0.0,-1.033123254776001,80.34492492675781,73.50240325927734,84.42757415771484,6.923244953155518,82.00968933105469,80.28052520751953,80.33745574951172,81.98259735107422,24.961549758911133,24.68488311767578,24.693992614746097,24.95721435546875,7330.60498046875,3418.08251953125,9268.85546875,3710.304931640625,-0.08018702396699084,-0.15842877278430811,-0.004330840250607482,-0.9183518345409556
5,789.2824885845184,1778170654.5027192,108.24919128417967,0.9848737120628356,0.0,-0.8103612065315247,69.80518341064453,74.39351654052734,84.58711242675781,16.159101486206055,82.00848388671875,80.27783966064453,80.33636474609375,81.97784423828125,24.96135711669922,24.6844539642334,24.693817138671875,24.95645523071289,6204.59375,4156.11865234375,10707.671875,3986.956298828125,-0.19658109891096376,-0.14367678657657856,0.0028782979811317055,-0.8084124731563253
5,789.2985873222351,1778170654.518818,107.53897857666016,0.97681325674057,0.0,-0.926267385482788,73.95387268066406,73.36564636230469,82.73217010498047,27.46259880065918,82.00656127929688,80.27500915527344,80.33515930175781,81.97225952148438,24.961050033569336,24.684001922607425,24.693626403808594,24.955562591552734,5152.7607421875,4994.8544921875,7516.3251953125,4459.35009765625,-0.1432106752728015,-0.14993109448702402,-0.01263619351487244,-0.672244182881088
5,789.3146426677704,1778170654.5348732,106.92147827148438,0.978935182094574,0.0,-0.7150511741638184,76.08269500732422,76.67478942871094,82.0634994506836,37.93497848510742,82.0045394897461,80.2729721069336,80.33281707763672,81.96772003173828,24.96072578430176,24.68367576599121,24.69325065612793,24.954833984375,4721.7666015625,5456.83203125,5416.04345703125,5107.7021484375,-0.11345667174159013,-0.1064580903838237,-0.014960213243753406,-0.5446455650877493
5,789.3303892612457,1778170654.5506198,106.30441284179688,0.9899755120277404,0.0,-0.5751215815544128,73.4754867553711,75.28984069824219,80.38106536865234,48.7075080871582,82.00238037109375,80.27111053466797,80.32976531982422,81.9634780883789,24.96038055419922,24.68337631225586,24.69276237487793,24.95415496826172,4632.93359375,5702.14453125,5063.27880859375,5067.5595703125,-0.13886704168835295,-0.11750475352982748,-0.029554480494189628,-0.4119431659217706
5,789.3453118801117,1778170654.5655425,105.66149139404295,1.0,0.0,-0.7150262594223022,69.60811614990234,73.4400634765625,81.80278778076172,63.42205810546875,82.0003890991211,80.26933288574219,80.3276596069336,81.95951843261719,24.96006202697754,24.683094024658203,24.69242477416992,24.953521728515625,4950.99169921875,5606.009765625,7424.830078125,4428.5400390625,-0.17922867253759622,-0.13394874225183684,-0.006380600129450409,-0.2296319228215815
5,789.3613014221191,1778170654.581532,104.87857818603516,1.0,0.0,-0.6631543636322021,68.60443878173828,63.46931838989258,75.39080047607422,71.20909881591797,81.99829864501953,80.26700592041016,80.32537841796875,81.95465850830078,24.959728240966797,24.682720184326172,24.692060470581055,24.95274543762207,5725.697265625,5275.39306640625,6736.8798828125,2986.4052734375,-0.18502467942476253,-0.24594272753220703,-0.0774280253324322,-0.12858830993992165
5,789.376357793808,1778170654.5965884,104.18543243408205,1.0,0.0,-0.6052485108375549,71.59375,72.65464782714844,76.81129455566406,75.0565414428711,81.99697875976562,80.26493072509766,80.32275390625,81.95028686523438,24.959516525268555,24.682388305664062,24.691640853881836,24.952045440673828,6370.34228515625,5187.138671875,5639.69091796875,2120.656005859375,-0.14385535458387821,-0.13107219823904315,-0.053791641206465624,-0.07539500970094926
5,789.3918814659119,1778170654.612112,103.5593490600586,1.0,0.0,-0.5284911394119263,75.17668914794922,70.71246337890625,72.38705444335938,72.38705444335938,81.99594116210938,80.26287841796875,80.31964874267578,81.94586181640625,24.9593505859375,24.68206024169922,24.691143035888672,24.951337814331055,6741.7392578125,5181.9296875,4784.5048828125,1676.5380859375,-0.09557425617496207,-0.14918733817943197,-0.10290117647219976,-0.10288880537382816
5,789.4079115390778,1778170654.628142,102.97061157226562,1.0,0.0,-0.5724734663963318,73.59418487548828,68.40948486328125,73.87940216064453,73.87940216064453,81.99491882324219,80.2608642578125,80.31621551513672,81.94143676757812,24.95918655395508,24.681737899780273,24.690593719482425,24.95063018798828,6650.5361328125,5000.935546875,4339.4287109375,1381.488037109375,-0.1095506117170636,-0.17219066879116174,-0.07917145301769424,-0.0791587546836432
5,789.4233567714691,1778170654.6435874,102.41366577148438,1.0,0.0,-0.5153923630714417,71.47403717041016,65.79474639892578,73.36857604980469,69.0421142578125,81.9937973022461,80.25875854492188,80.3125991821289,81.93697357177734,24.959007263183594,24.681400299072266,24.69001579284668,24.94991683959961,6330.3125,4690.294921875,4020.498291015625,1282.102783203125,-0.130500303353557,-0.19950136552117914,-0.08056533624461837,-0.1347714250687405
5,789.4388914108276,1778170654.659122,101.77838134765624,0.955991804599762,0.0,-0.4804694652557373,70.46696472167969,73.57210540771484,71.98126220703125,70.02938842773438,81.99217987060547,80.25605010986328,80.30812072753906,81.9316177368164,24.95874786376953,24.68096923828125,24.689300537109375,24.949058532714844,5658.05078125,4113.91064453125,3702.879638671875,1378.0748291015625,-0.13740078596912852,-0.09929010411732175,-0.09232032144755942,-0.11692116271853092
5,789.4544496536255,1778170654.6746802,101.28287506103516,0.8697266578674316,0.0,-0.4349920153617859,68.35371398925781,62.08480453491211,72.03775787353516,68.48983764648438,81.99051666259766,80.25338745117188,80.3043212890625,81.92716217041016,24.95848274230957,24.6805419921875,24.688690185546875,24.948345184326172,5074.83740234375,3532.574951171875,3583.26220703125,1687.303955078125,-0.15917594365610122,-0.23620539439622545,-0.08716378697084104,-0.1321097708763933
5,789.4701421260834,1778170654.6903727,100.7787094116211,0.7913589477539062,0.0,-0.453809529542923,73.96830749511719,68.16816711425781,71.06627655029297,70.01217651367188,81.98868560791016,80.25051879882812,80.30047607421875,81.9227294921875,24.95819091796875,24.680084228515625,24.68807601928711,24.94763565063477,4641.13037109375,2992.56640625,3563.068115234375,2180.15380859375,-0.08555851193244635,-0.15716975065404826,-0.09496898303724766,-0.10838068108199717
5,789.4861660003662,1778170654.7063966,100.30376434326172,0.7135801315307617,0.0,-0.4383489191532135,65.18863677978516,68.48590087890625,71.41119384765625,69.41278839111328,81.9865493774414,80.24754333496094,80.29666137695312,81.91832733154297,24.957847595214844,24.679607391357425,24.68746566772461,24.946931838989254,4380.4287109375,2462.333251953125,3698.302734375,2744.704345703125,-0.1902821754064169,-0.14923183550105934,-0.08627026997162923,-0.11182827773264936
5,789.5009875297546,1778170654.721218,99.80516815185548,0.6771926283836365,0.0,-0.4374061524868011,71.17683410644531,62.4882698059082,71.75548553466797,69.48219299316406,81.9844970703125,80.24447631835938,80.29293060302734,81.9140625,24.95751953125,24.679115295410156,24.68686866760254,24.946250915527344,4436.94921875,1944.075927734375,3904.564453125,3003.8779296875,-0.11148519453908579,-0.21985961763904605,-0.07727822169844567,-0.10649873910896412
5,789.5164413452148,1778170654.736672,99.22982788085938,0.6061959266662598,0.0,-0.4842369556427002,70.8294677734375,66.33797454833984,72.29080200195312,69.91522216796875,81.9820556640625,80.24076843261719,80.28858184814453,81.90901184082031,24.957128524780273,24.678524017333984,24.68617248535156,24.94544219970703,4257.51220703125,1328.866943359375,4050.06982421875,3098.4619140625,-0.11069492033328643,-0.1669956700141636,-0.06500454640526698,-0.09571737317195828
5,789.5318846702576,1778170654.7521152,98.87200164794922,0.5651738047599792,0.0,-0.5036381483078003,63.639068603515625,67.91963195800781,72.58516693115234,70.45977783203125,81.98030853271484,80.23829650878906,80.28572082519531,81.90569305419922,24.95684814453125,24.67812728881836,24.685714721679688,24.94491195678711,4131.09619140625,1101.008544921875,4056.36083984375,3202.242919921875,-0.19808281401367345,-0.14404824446694453,-0.057799679181615216,-0.0853759304741627
5,789.5472781658173,1778170654.7675087,98.35175323486328,0.4712004661560058,0.0,-0.5033345818519592,69.30130004882812,64.77254486083984,72.78876495361328,71.51478576660156,81.97743225097656,80.23458862304688,80.2813720703125,81.90074920654297,24.956390380859375,24.677534103393555,24.685020446777344,24.94411849975586,3184.978271484375,826.2697143554688,3900.99560546875,3270.240234375,-0.1221136259538943,-0.17939124915235327,-0.050158941668421275,-0.06677058509105904
5,789.5637047290802,1778170654.7839353,97.97697448730467,0.3992427289485931,0.0,-0.4875827729701996,64.38621520996094,66.18110656738281,72.96304321289062,72.35211181640625,81.97471618652344,80.23146057128906,80.27766418457031,81.89665222167969,24.955955505371097,24.677032470703125,24.684425354003903,24.943464279174805,2533.015869140625,731.5511474609375,3679.678955078125,3129.2099609375,-0.1812564246948144,-0.15833883365034196,-0.04424273132508083,-0.05223237232646105
5,789.5792560577393,1778170654.7994866,97.65333557128906,0.3047428131103515,0.0,-0.4514559507369995,67.04682159423828,63.900543212890625,73.2556381225586,72.75924682617188,81.97196197509766,80.22836303710938,80.27387237548828,81.89241027832031,24.95551300048828,24.676536560058594,24.683818817138672,24.942785263061523,391.597900390625,154.0000762939453,3454.66357421875,2646.61181640625,-0.1445982290870833,-0.1846487197629556,-0.037229736760538645,-0.043740427098008516
5,789.5945749282837,1778170654.8148055,97.41422271728516,0.0,0.0,-0.3016903400421142,67.04682159423828,63.900543212890625,74.54940795898438,73.75436401367188,81.9686279296875,80.22465515136719,80.26939392089844,81.88707733154297,24.954978942871097,24.675945281982425,24.683101654052734,24.941932678222656,0.0,0.0,3615.97119140625,1977.766845703125,-0.14249856075264933,-0.18264735932302234,-0.017821272972089464,-0.028282473346621817
5,789.6106889247894,1778170654.8309195,97.27629089355467,0.0,0.0,-0.3016816675662994,67.04682159423828,63.900543212890625,74.8193359375,74.18506622314453,81.9658432006836,80.22152709960938,80.26566314697266,81.8825912475586,24.95453453063965,24.675445556640625,24.682506561279297,24.94121551513672,0.0,0.0,3627.40185546875,1421.3131103515625,-0.14128267622127533,-0.1814884033294918,-0.012867295201435258,-0.02122206758194578
5,789.6267945766449,1778170654.8470252,97.1716766357422,0.0,0.0,-0.283338338136673,67.04682159423828,63.900543212890625,74.68538665771484,74.4025650024414,81.96305084228516,80.21839904785156,80.26192474365234,81.87808990478516,24.95408821105957,24.674943923950195,24.681907653808594,24.940494537353516,0.0,0.0,3602.067138671875,1110.1328125,-0.14035818794847776,-0.18060720022421273,-0.013573725190302977,-0.017295612845608432
5,789.6423327922821,1778170654.8625634,97.04344940185548,0.3643112182617187,0.0,-0.4408852458000183,64.87212371826172,59.91912841796875,73.91852569580078,73.91852569580078,81.96047973632812,80.21524810791016,80.25801849365234,81.87357330322266,24.953676223754883,24.6744384765625,24.68128204345703,24.93977165222168,4294.57421875,0.0,2859.456298828125,888.726806640625,-0.16714207390049907,-0.23064540499171404,-0.022412217046538174,-0.022398735995942
5,789.6579484939575,1778170654.878179,96.71514129638672,0.6959019303321838,0.0,-0.5772663354873657,64.71942138671875,50.53104782104492,71.94303894042969,71.44110107421875,81.95891571044922,80.21150970458984,80.25285339355469,81.86817169189453,24.953426361083984,24.67384147644043,24.680456161499023,24.938907623291016,6434.23779296875,4350.4365234375,1679.8565673828125,626.8507690429688,-0.16628198114504744,-0.3489848086710897,-0.04530861729599578,-0.051956309950807245
5,789.6734793186188,1778170654.89371,96.2417449951172,0.4439045190811157,0.0,-0.5268365144729614,66.78791809082031,59.094478607177734,70.3473892211914,69.93461608886719,81.95793914794922,80.20919799804688,80.24850463867188,81.86363983154297,24.953269958496097,24.673471450805664,24.679759979248047,24.938182830810547,6723.32421875,5598.9248046875,835.6133422851562,511.5230407714844,-0.135403546586795,-0.2349132055573082,-0.061891243491826176,-0.06738286693225304
5,789.688642501831,1778170654.908873,95.80915069580078,0.2996879518032074,0.0,-0.4704324007034302,65.53072357177734,65.5248031616211,68.42261505126953,70.03402709960938,81.95684814453125,80.20732116699219,80.24415588378906,81.85910034179688,24.953094482421875,24.673171997070312,24.679065704345703,24.937456130981445,5732.7783203125,5549.52783203125,0.0,1126.932861328125,-0.14784812173017092,-0.14783042565762683,-0.08343900310454933,-0.061840257919267394
5,789.7038872241974,1778170654.9241178,95.40009307861328,0.0,0.0,-0.4267444014549255,67.06224822998047,67.4483413696289,66.89863586425781,69.60918426513672,81.9553451538086,80.20549011230469,80.23980712890625,81.85455322265625,24.95285415649414,24.67287826538086,24.678367614746097,24.936729431152344,4375.044921875,4908.07275390625,0.0,0.0,-0.12419313914031715,-0.11905303134739775,-0.10001108989403773,-0.06353310516557875
5,789.7197463512421,1778170654.939977,95.12255859375,0.0,0.0,-0.3045381009578705,69.1607437133789,69.8837661743164,67.06123352050781,68.79862976074219,81.95318603515625,80.20333099365234,80.23545837402344,81.8499526977539,24.95251083374023,24.67253303527832,24.67767333984375,24.93599319458008,2807.469970703125,4002.354248046875,0.0,0.0,-0.09415234578814446,-0.08458069237663779,-0.0951914235900223,-0.07173719578369475
5,789.7356810569763,1778170654.9559116,94.91913604736328,0.0,0.0,-0.2570139765739441,70.4780502319336,70.98151397705078,67.22135925292969,67.99687194824219,81.95075225830078,80.20056915283203,80.23110961914062,81.8453369140625,24.952119827270508,24.672090530395508,24.676977157592773,24.935253143310547,2428.173095703125,2145.133056640625,0.0,0.0,-0.07492032989899045,-0.06820844250537816,-0.09108722503746125,-0.08058869187012263
5,789.7515203952789,1778170654.971751,94.55755615234376,0.4090566039085388,0.0,-0.5460976958274841,63.89164733886719,63.71680450439453,69.33529663085938,69.04801940917969,81.9477767944336,80.1969985961914,80.22679901123047,81.84044647216797,24.951644897460938,24.671520233154297,24.676288604736328,24.934471130371097,2137.931884765625,1155.7657470703125,6597.2099609375,5398.38916015625,-0.15816519154649278,-0.16037562620557955,-0.058919373610271,-0.06280563302462128
5,789.7664244174957,1778170654.986655,94.05645751953124,0.4191930890083313,0.0,-0.7757270336151123,66.29792022705078,61.4700813293457,71.24381256103516,70.87346649169922,81.94535827636719,80.19398498535156,80.22454833984375,81.8372573852539,24.951255798339844,24.671037673950195,24.675926208496097,24.9339599609375,2843.769775390625,840.1553344726562,7287.8984375,5350.31494140625,-0.1218062951645974,-0.1856662029557672,-0.027863546126044025,-0.0329036581123352
5,789.7819445133209,1778170655.002175,93.63713073730467,0.4844993650913238,0.0,-0.9005452990531921,60.458438873291016,62.58774948120117,71.82679748535156,71.48436737060547,81.94331359863281,80.19097900390625,80.222412109375,81.83390045166016,24.950929641723633,24.670555114746097,24.675586700439453,24.93342399597168,4199.365234375,553.262451171875,7845.1962890625,5323.12744140625,-0.1955707307931246,-0.1671466677351794,-0.015519541491840982,-0.020199483924477235
5,789.7970206737518,1778170655.0172513,93.20256805419922,0.5786280035972595,0.0,-1.0929808616638184,64.88540649414062,63.48438262939453,71.80301666259766,71.61793518066406,81.94181823730469,80.1879653930664,80.22093200683594,81.83091735839844,24.95069122314453,24.670074462890625,24.675350189208984,24.932945251464844,5250.85107421875,692.4104614257812,9418.4970703125,6584.0234375,-0.1326424094283679,-0.151276336041,-0.011256808158482179,-0.013791820771436147
5,789.8121178150177,1778170655.0323484,92.7331085205078,0.7153576612472534,0.0,-1.219099998474121,56.27351379394531,58.28447723388672,71.1434555053711,71.1434555053711,81.94058990478516,80.18495178222656,80.21988677978516,81.8283462524414,24.95049285888672,24.669591903686523,24.675182342529297,24.93253517150879,5595.28271484375,1882.0201416015625,9787.4111328125,7164.3134765625,-0.24395395049444113,-0.21684923402844591,-0.015379595125032952,-0.015366017093752848
5,789.8277094364166,1778170655.04794,92.20948028564452,0.8646963238716125,0.0,-1.217238426208496,62.068721771240234,61.79301452636719,70.25652313232422,70.25652313232422,81.93943786621094,80.18205261230469,80.21855163574219,81.82611083984375,24.95030975341797,24.66912841796875,24.674968719482425,24.932178497314453,5870.00341796875,3311.7470703125,9164.001953125,7903.71337890625,-0.16135867281060068,-0.1649911128327909,-0.022133037562073743,-0.022119552661559627
5,789.8433439731598,1778170655.0635746,91.66443634033205,0.9458887577056884,0.0,-1.153241753578186,56.75308609008789,56.24909591674805,69.28790283203125,69.54598236083984,81.93842315673828,80.17955017089844,80.21676635742188,81.82376861572266,24.95014762878418,24.66872787475586,24.6746826171875,24.93180274963379,5847.64697265625,4122.86669921875,7557.099609375,7167.18212890625,-0.22862129973077294,-0.23538649616484097,-0.029880490297579443,-0.026253617984225985
5,789.8584446907043,1778170655.0786753,91.10101318359376,0.989170491695404,0.0,-0.8992804288864136,62.06219482421875,61.5806999206543,68.36520385742188,68.9756851196289,81.9373550415039,80.1773681640625,80.21407318115234,81.82093048095703,24.94997787475586,24.668378829956055,24.674251556396484,24.93134880065918,5833.1767578125,4691.03662109375,5464.83544921875,5989.19873046875,-0.1512438075211776,-0.1577350985839423,-0.03687955873087534,-0.02826577491936677
5,789.873701095581,1778170655.0939317,90.56819152832033,0.9344392418861388,0.0,-0.6692983508110046,58.03314971923828,56.03231048583984,67.9332275390625,68.17212677001953,81.93630981445312,80.17504119873047,80.210693359375,81.81745910644531,24.949810028076172,24.668006896972656,24.67370986938477,24.93079376220703,6076.03271484375,3629.4443359375,4410.119140625,4421.60400390625,-0.20167546056691055,-0.22911406012765323,-0.037334856331287636,-0.03393615183942156
5,789.8892405033112,1778170655.109471,89.94374084472656,0.8680407404899597,0.0,-0.5778749585151672,56.46005630493164,60.84050750732422,67.38480377197266,67.38480377197266,81.93573760986328,80.17182922363281,80.2062759399414,81.81253814697266,24.949718475341797,24.667491912841797,24.673004150390625,24.93000602722168,11485.0166015625,2516.75537109375,3740.952392578125,3254.3671875,-0.2179232174856881,-0.15715217322427244,-0.038476914103605875,-0.038463654587073126
5,789.904566526413,1778170655.124797,89.40581512451172,0.8748089671134949,0.0,-0.5793856978416443,59.71562576293945,53.968223571777344,66.29471588134766,66.29471588134766,81.93604278564453,80.16905212402344,80.2021484375,81.80811309814453,24.94976806640625,24.667049407958984,24.672344207763672,24.929298400878903,7143.32373046875,1465.580078125,2514.87060546875,2743.019775390625,-0.16785069805341635,-0.24785833786824252,-0.0483399442812501,-0.048326820777064516
5,789.9199934005737,1778170655.140224,88.97813415527344,0.604194700717926,0.0,-0.3608800768852234,61.50932312011719,55.85306930541992,65.22549438476562,66.16532897949219,81.93504333496094,80.16629028320312,80.19783782958984,81.80354309082031,24.949607849121097,24.666606903076172,24.671653747558594,24.928565979003903,5018.65478515625,573.8226928710938,1354.6805419921875,2312.99951171875,-0.13873522366647384,-0.21784821806691623,-0.05918814900603453,-0.04561882376272641
5,789.9360313415527,1778170655.156262,88.65735626220703,0.4406114518642425,0.0,-0.2311350405216217,56.47385025024414,54.14407730102539,63.434452056884766,66.89659881591797,81.93352508544922,80.16349029541016,80.19352722167969,81.79896545410156,24.949363708496097,24.66615867614746,24.670963287353516,24.927833557128903,4374.49853515625,0.0,406.4858093261719,2156.6865234375,-0.20638173609455435,-0.23903712395108134,-0.0817115741465031,-0.03157956659576178
5,789.9516861438751,1778170655.1719167,88.36261749267578,0.4006398618221283,0.0,-0.2387252002954483,59.790645599365234,42.08454132080078,60.405418395996094,67.60108184814453,81.93159484863281,80.16010284423828,80.18833923339844,81.79347229003906,24.949054718017575,24.66561508178711,24.670135498046875,24.926956176757812,3790.6201171875,0.0,0.0,2057.10791015625,-0.15696869241828115,-0.4065538514891085,-0.12264365959051804,-0.018116962879914267
5,789.9676077365875,1778170655.1878383,88.17105102539062,0.3472079336643219,0.0,-0.2003241032361984,58.272274017333984,33.296260833740234,58.384822845458984,67.4266586303711,81.92972564697266,80.15727996826172,80.18399047851562,81.78889465332031,24.94875717163086,24.66516494750977,24.669437408447266,24.926223754882812,3179.08935546875,0.0,0.0,2026.1002197265625,-0.17659219144232863,-0.5294597955489659,-0.15014928655991233,-0.018522599561601516
5,789.983669757843,1778170655.2039003,88.0010986328125,0.2895624935626983,0.0,-0.1865584105253219,60.02716445922851,25.620811462402344,56.81687927246094,66.83197021484375,81.92774963378906,80.15443420410156,80.17964172363281,81.78430938720703,24.948440551757812,24.664709091186523,24.66874313354492,24.92548942565918,2874.7373046875,0.0,0.0,921.3742065429688,-0.15015687124880073,-0.637229406002596,-0.17137510651813337,-0.025300252539836365
5,789.9993867874146,1778170655.2196174,87.89469909667969,0.0,0.0,-0.028644049540162,58.605804443359375,24.138015747070312,56.123477935791016,67.24312591552734,81.92572784423828,80.15153503417969,80.17529296875,81.77969360351562,24.94811630249023,24.66424560546875,24.668046951293945,24.92475128173828,0.0,0.0,0.0,997.171875,-0.16927557364286494,-0.6578108995029649,-0.18049692643624304,-0.018116654417436262
5,790.0145146846771,1778170655.2347453,87.74732971191406,0.2996559739112854,0.0,-0.5603639483451843,62.52117156982422,22.705286026000977,55.62579727172851,67.26838684082031,81.92549133300781,80.14863586425781,80.17090606689453,81.77507781982422,24.948078155517575,24.663780212402344,24.66734504699707,24.92401123046875,15721.1884765625,0.0,0.0,993.4828491210938,-0.11228771296859985,-0.6775811996640915,-0.18639982395181698,-0.016098127348254665
5,790.0300130844116,1778170655.2502437,87.41484069824219,0.0,0.0,-0.1665451675653457,61.821807861328125,17.360414505004883,54.53414535522461,66.6954345703125,81.92523193359375,80.14515686035156,80.16564178466797,81.76947021484375,24.948036193847656,24.663225173950195,24.66650390625,24.923114776611328,0.0,0.0,0.0,1012.4114990234376,-0.11887897738529218,-0.7525415949215224,-0.19933280448027368,-0.020767949923964246
5,790.0460512638092,1778170655.2662818,87.3327865600586,0.0,0.0,-0.0437661744654178,61.821807861328125,17.360414505004883,54.18897247314453,67.07202911376953,81.92324829101562,80.14225769042969,80.1612548828125,81.76477813720703,24.94771957397461,24.662761688232425,24.665802001953125,24.92236328125,0.0,0.0,0.0,986.09716796875,-0.11805111388758527,-0.752309093624303,-0.20365310190603259,-0.014313494758311895
5,790.0616533756256,1778170655.281884,87.2676773071289,0.0,0.0,-0.0423908978700637,61.821807861328125,17.360414505004883,54.02702713012695,67.06659698486328,81.9212646484375,80.13934326171875,80.1568603515625,81.76008605957031,24.94740295410156,24.662294387817383,24.665096282958984,24.921613693237305,0.0,0.0,0.0,1014.9064331054688,-0.11739310355811527,-0.7521242947346197,-0.20544063989745498,-0.01365797697137816
5,790.077540397644,1778170655.297771,87.20745849609375,0.0,0.0,-0.072712168097496,61.821807861328125,17.360414505004883,53.8738899230957,67.04420471191406,81.91928100585938,80.13640594482422,80.15243530273438,81.7553939819336,24.947084426879883,24.66182518005371,24.664390563964844,24.92086410522461,0.0,0.0,0.0,1223.147705078125,-0.11678364263777963,-0.7519531307021734,-0.2071456762298476,-0.0133064329136805
5,790.0935988426208,1778170655.3138294,87.06961822509766,0.4443884789943695,0.0,-0.2220026701688766,59.69707489013672,23.752506256103516,53.364646911621094,66.73164367675781,81.91690063476562,80.13288116455078,80.14712524414062,81.74976348876953,24.946704864501953,24.6612606048584,24.66353988647461,24.91996192932129,0.0,6361.6728515625,0.0,1767.8284912109375,-0.14578844089853027,-0.6600851873243957,-0.21339682627247414,-0.016351655944720545
5,790.1091363430023,1778170655.329367,86.78211212158203,0.2402394413948059,0.0,-0.084319919347763,49.753055572509766,37.74626159667969,51.64404296875,65.47421264648438,81.9149169921875,80.13002014160156,80.14266967773438,81.74507141113281,24.946386337280273,24.660802841186523,24.662826538085938,24.919212341308594,0.0,3459.100341796875,0.0,0.0,-0.28571986056867804,-0.45803527663539556,-0.2362368298031755,-0.03168925316651783
5,790.1251711845398,1778170655.3454018,86.57758331298828,0.2239448279142379,0.0,-0.1089986264705658,48.68231964111328,45.18573760986328,56.68730163574219,62.293556213378906,81.91293334960938,80.12715911865234,80.13845825195312,81.7403793334961,24.946067810058594,24.66034507751465,24.662153244018555,24.918460845947266,0.0,1811.6585693359375,7824.4521484375,0.0,-0.29944080573808385,-0.34968584566168226,-0.15967164122712485,-0.07655220452798395
5,790.1406874656677,1778170655.360918,86.18107604980469,0.0,0.0,-0.0411912724375724,47.62612533569336,45.18573760986328,65.95247650146484,57.34503936767578,81.91053771972656,80.12372589111328,80.13420104980469,81.73474884033203,24.94568634033203,24.6597957611084,24.66147232055664,24.917560577392575,0.0,0.0,0.0,0.0,-0.3114866415489169,-0.346693839790263,-0.01782722927657776,-0.145998514568218
5,790.1562829017639,1778170655.3765135,86.13827514648438,0.0,0.0,-0.04696736484766,47.62612533569336,45.18573760986328,64.80055236816406,58.506935119628906,81.90851593017578,80.12083435058594,80.1296615600586,81.73005676269531,24.945362091064453,24.659332275390625,24.66074562072754,24.91680908203125,0.0,0.0,0.0,1578.766845703125,-0.3111445288976049,-0.34636922110299373,-0.03450232774608597,-0.12826223566414396
5,790.1720545291901,1778170655.392285,85.98902893066406,0.0,0.0,-0.1128361225128173,47.62612533569336,45.18573760986328,61.44613265991211,64.427490234375,81.906494140625,80.11793518066406,80.1251220703125,81.72569274902344,24.945037841796875,24.658870697021484,24.66001892089844,24.91611099243164,0.0,0.0,0.0,4400.34326171875,-0.30994892204417657,-0.34523475172350204,-0.08289258687969114,-0.038381405622043174
5,790.1873376369476,1778170655.4075682,85.87821960449219,0.0,0.0,-0.0941193252801895,47.62612533569336,45.18573760986328,60.531097412109375,65.95054626464844,81.90445709228516,80.11503601074219,80.1205825805664,81.72119903564453,24.944713592529297,24.65840530395508,24.65929412841797,24.91539192199707,0.0,0.0,0.0,959.189208984375,-0.30905854383973064,-0.3443899030960337,-0.09538411493940913,-0.014378773104897102
5,790.2033455371857,1778170655.423576,85.84649658203125,0.0,0.0,-0.0139876557514071,47.62612533569336,45.18573760986328,60.511627197265625,65.60456848144531,81.90239715576172,80.11213684082031,80.11604309082031,81.71743774414062,24.94438362121582,24.657941818237305,24.65856552124023,24.914791107177734,0.0,0.0,0.0,14168.4130859375,-0.30880321890271334,-0.34414763422476036,-0.0953409134892026,-0.019187052429130547
5,790.219123840332,1778170655.4393544,85.76071166992188,0.0969827696681022,0.0,-0.2041943967342376,45.91484451293945,47.83635330200195,60.19473648071289,65.02759552001953,81.8999252319336,80.10868072509766,80.110595703125,81.71443176269531,24.943988800048828,24.65738868713379,24.657695770263672,24.914308547973633,0.0,665.1936645507812,0.0,4339.3623046875,-0.33297244618917565,-0.3049805185656457,-0.09917830796987426,-0.02684055365898186
5,790.2344481945038,1778170655.4546788,85.65907287597656,0.092252641916275,0.0,-0.1185355857014656,43.6201286315918,50.558685302734375,59.301902770996094,65.47166442871094,81.89783477783203,80.10584259033203,80.1060562133789,81.70977783203125,24.943653106689453,24.65693473815918,24.65696907043457,24.913564682006836,0.0,596.0847778320312,0.0,1775.35498046875,-0.3655570073567106,-0.2645558592244819,-0.11148665882815867,-0.01903232779601105
5,790.2501442432404,1778170655.4703748,85.58602142333984,0.084828682243824,0.0,-0.0869945362210273,42.378047943115234,52.87589263916016,59.03696823120117,65.08818817138672,81.89573669433594,80.10301971435547,80.10151672363281,81.70508575439453,24.94331741333008,24.656482696533203,24.65624237060547,24.912813186645508,0.0,600.7781982421875,0.0,777.9965209960938,-0.3830966303417932,-0.23019245463436688,-0.11470114417626875,-0.023945590987318743
5,790.265674829483,1778170655.4859054,85.49677276611328,0.1352094411849975,0.0,-0.1426274627447128,39.75452423095703,55.69989013671875,58.230682373046875,65.21086883544922,81.89363861083984,80.10018157958984,80.09697723388672,81.70039367675781,24.942981719970703,24.656028747558594,24.655517578125,24.912063598632812,0.0,1087.8218994140625,0.0,536.5618286132812,-0.42068353605995956,-0.1882320393037724,-0.12588041296659924,-0.02108507956358263
5,790.2811267375946,1778170655.5013573,85.41207885742188,0.0,0.0,-0.1299869120121002,38.292720794677734,59.07427978515625,58.10091400146485,64.45743560791016,81.8915023803711,80.09735870361328,80.09243774414062,81.6957015991211,24.94264030456543,24.65557861328125,24.654788970947266,24.911312103271484,0.0,1692.24169921875,0.0,0.0,-0.44143211087929857,-0.1382001130703211,-0.1269635698057875,-0.03143579631146287
5,790.2971642017365,1778170655.5173948,85.24696350097656,0.0,0.0,-0.3192524015903473,45.57643127441406,62.46276092529297,58.27503967285156,63.669898986816406,81.88898468017578,80.0940170288086,80.08699035644531,81.69007110595703,24.942237854003903,24.65504264831543,24.653919219970703,24.910411834716797,5283.81982421875,2357.16552734375,0.0,0.0,-0.333898471400479,-0.08700258513397974,-0.12265106388638158,-0.041416551957367376
5,790.3132290840149,1778170655.5334597,84.75799560546875,0.7447901964187622,0.0,-0.9118576049804688,62.26294708251953,57.08525085449219,63.45196914672851,59.10435104370117,81.88894653320312,80.09123992919922,80.08258056640625,81.68537902832031,24.942230224609375,24.654598236083984,24.65321350097656,24.90966033935547,9610.3388671875,2496.89599609375,4112.830078125,0.0,-0.08477467673404826,-0.16079024078552828,-0.03919972011546935,-0.10501973548125842
5,790.3284645080566,1778170655.548695,84.15390014648438,1.0,0.0,-1.2125422954559326,53.57610702514648,49.23122024536133,65.91539764404297,52.63484954833984,81.88969421386719,80.08848571777344,80.07929229736328,81.6806869506836,24.942352294921875,24.654157638549805,24.652687072753903,24.90890884399414,10598.01953125,1762.0748291015625,6274.17822265625,0.0,-0.20681236063228625,-0.27105687955175295,0.0052667596534623495,-0.19726200242852232
5,790.3445036411285,1778170655.5647342,83.64928436279297,1.0,0.0,-1.5094904899597168,60.310829162597656,53.940887451171875,63.67323303222656,48.35467529296875,81.89152526855469,80.08575439453125,80.07637023925781,81.67599487304688,24.942644119262695,24.65372085571289,24.65221786499023,24.908159255981445,12956.1689453125,1125.5455322265625,6929.8232421875,0.0,-0.10171923116619352,-0.19650505832221743,-0.023070179886372832,-0.25809051277815254
5,790.3594813346863,1778170655.579712,82.99361419677734,1.0,0.0,-1.4918972253799438,61.9765739440918,57.12751388549805,65.03063201904297,42.37217712402344,81.8939208984375,80.0830078125,80.07360076904297,81.67127227783203,24.94302749633789,24.653282165527344,24.651775360107425,24.90740203857422,14763.25390625,1185.9541015625,7212.3037109375,0.0,-0.06961667119127501,-0.142314759630782,0.005638731430354982,-0.3447443344763179
5,790.3755393028259,1778170655.59577,82.2448959350586,1.0,0.0,-1.4041389226913452,60.790279388427734,52.27651596069336,64.46908569335938,36.269325256347656,81.89668273925781,80.0797119140625,80.07023620605469,81.66559600830078,24.943470001220703,24.652753829956055,24.65123748779297,24.906494140625,12260.41015625,1820.478271484375,6804.8154296875,0.0,-0.07911750714014765,-0.20800038609548266,0.006030737247429752,-0.4340146318306438
5,790.3910887241364,1778170655.6113193,81.65629577636719,1.0,0.0,-1.406023025512695,52.90937042236328,57.91547393798828,60.95964431762695,41.15008544921875,81.89771270751953,80.07698059082031,80.0670394897461,81.6608657836914,24.943634033203125,24.65231704711914,24.650726318359375,24.905738830566406,8182.28076171875,2696.34423828125,5615.431640625,3883.48291015625,-0.1927241667702959,-0.11624429707485229,-0.0418766070248332,-0.35322123949046746
5,790.4061813354492,1778170655.626412,80.78467559814453,0.9121761322021484,0.0,-0.9680137038230896,59.869022369384766,46.269920349121094,59.130409240722656,51.252410888671875,81.89751434326172,80.07431030273438,80.06319427490234,81.65636444091797,24.943603515625,24.65188980102539,24.65011215209961,24.905017852783203,5998.22607421875,3375.784912109375,4064.29638671875,4689.64208984375,-0.0766800621795084,-0.28633063254456526,-0.06059991812587162,-0.185745819292077
5,790.4216978549957,1778170655.6419284,79.93314361572266,0.8181588053703308,0.0,-0.8258191347122192,50.59592819213867,56.60745620727539,57.12697982788086,60.574440002441406,81.89643096923828,80.07194519042969,80.05886840820312,81.65213775634766,24.94342803955078,24.651512145996097,24.649417877197266,24.904342651367188,3466.387939453125,4290.65380859375,3012.60791015625,4498.9501953125,-0.2113801453419616,-0.11758265612646479,-0.08275983128102893,-0.027393432449962285
5,790.4371066093445,1778170655.6573372,79.27935028076172,0.731131911277771,0.0,-0.9462053179740906,56.795711517333984,49.60129165649414,59.44963836669922,59.95297622680664,81.89494323730469,80.06989288330078,80.05440521240234,81.64817810058594,24.943191528320312,24.65118408203125,24.648704528808594,24.903709411621097,2232.521484375,4503.34033203125,2511.023193359375,5164.994140625,-0.10744601177406887,-0.22042088957131556,-0.03759509199577982,-0.02943338543513918
5,790.452522277832,1778170655.6727529,78.73888397216797,0.6262430548667908,0.0,-0.9255881309509276,54.3453369140625,54.98362731933594,60.655120849609375,59.776588439941406,81.89349365234375,80.06778717041016,80.04991912841797,81.64439392089844,24.94295883178711,24.65084457397461,24.647987365722656,24.90310287475586,1704.3525390625,3870.09521484375,2682.78955078125,5381.876953125,-0.14009185375060318,-0.12989548562600894,-0.011340117763703805,-0.025646490552903134
5,790.4680709838867,1778170655.6883016,78.21702575683594,0.5048990845680237,0.0,-0.8268269300460815,50.99225997924805,54.69060134887695,61.496673583984375,59.378421783447266,81.89175415039062,80.06488800048828,80.044677734375,81.63956451416016,24.94268035888672,24.65038299560547,24.64714813232422,24.90233039855957,1637.5140380859375,2633.018798828125,3615.951171875,4143.240234375,-0.18776444722542485,-0.12875822612592125,0.009064718738690969,-0.02567906128821218
5,790.483640909195,1778170655.7038715,77.86908721923828,0.4924734830856323,0.0,-0.7824687957763672,54.33635711669922,49.65363311767578,60.98455429077149,58.960079193115234,81.89034271240234,80.06240844726562,80.04064178466797,81.63497161865234,24.942455291748047,24.649986267089844,24.646503448486328,24.901596069335938,2467.31591796875,1719.3177490234375,4524.34765625,2598.779541015625,-0.13063036502391967,-0.20546462754414652,0.005132844262324188,-0.02822066954006841
5,790.4997274875641,1778170655.719958,77.53697204589844,0.5045378804206848,0.0,-0.8226776123046875,52.78225326538086,53.259483337402344,60.64891815185547,58.249874114990234,81.88899993896484,80.05992889404297,80.03695678710938,81.63024139404297,24.94223976135254,24.64958953857422,24.645912170410156,24.90083885192871,3828.305908203125,854.3028564453125,5389.36181640625,1585.3477783203125,-0.15187840426544352,-0.14411502660671538,0.003882574172506148,-0.03581396428622319
5,790.5158653259277,1778170655.736096,77.13340759277344,0.5171817541122437,0.0,-0.8177740573883057,56.437355041503906,49.7003173828125,60.09756088256836,57.29461288452149,81.8880386352539,80.05695343017578,80.03254699707031,81.62456512451172,24.94208526611328,24.649112701416016,24.645206451416016,24.89992904663086,5251.33056640625,0.0,4985.77197265625,943.2711181640624,-0.08840241332594634,-0.19713239720438225,-3.909164236126639e-05,-0.04666408467846861
5,790.5315532684326,1778170655.7517838,76.83641052246094,0.5176988840103149,0.0,-0.7523473501205444,51.690208435058594,39.81467819213867,60.09293746948242,55.63542175292969,81.88749694824219,80.05447387695312,80.02880859375,81.61983489990234,24.941999435424805,24.64871597290039,24.644609451293945,24.899173736572266,5393.916015625,0.0,4690.060546875,236.9559783935547,-0.1618528978728485,-0.3543406699196303,0.0037488479410945352,-0.07069344691658042
5,790.547488451004,1778170655.767719,76.56085205078125,0.5055780410766602,0.0,-0.738594114780426,56.081905364990234,27.7003116607666,59.65314865112305,53.65006256103515,81.88703155517578,80.05199432373047,80.02483367919922,81.61510467529297,24.941925048828125,24.64831924438477,24.64397430419922,24.89841651916504,5240.88720703125,0.0,3763.009521484375,105.45796966552734,-0.08736938232776548,-0.5491779112048487,-1.08036049302207e-05,-0.10063049490633225
5,790.5625205039978,1778170655.782751,76.31852722167969,0.4805491864681244,0.0,-0.6340848803520203,51.03816604614258,15.953858375549316,59.31903076171875,51.88664245605469,81.8864517211914,80.04951477050781,80.02045440673828,81.6103744506836,24.94183349609375,24.64792251586914,24.643272399902344,24.897659301757812,4910.0078125,0.0,2909.010986328125,293.0485534667969,-0.16680987843130712,-0.7395268026171846,-0.002454394567353302,-0.1274300125141834
5,790.5785822868347,1778170655.7988129,75.98467254638672,0.5327132344245911,0.0,-0.6154041290283203,53.34529113769531,9.174217224121094,58.0706672668457,52.04185485839844,81.88568878173828,80.0465316772461,80.01498413085938,81.60469818115234,24.94171142578125,24.647445678710938,24.642396926879883,24.896751403808594,4416.3349609375,897.9215087890625,2193.92138671875,574.968017578125,-0.12532014142558312,-0.8495575794731614,-0.01915696061986727,-0.1209745399551958
5,790.594624042511,1778170655.8148546,75.5772933959961,0.6908409595489502,0.0,-0.5114065408706665,49.82647705078125,17.583995819091797,57.39132308959961,51.46697235107422,81.88491821289062,80.04405212402344,80.01042938232422,81.59996795654297,24.941585540771484,24.647048950195312,24.64166831970215,24.89599609375,4482.43994140625,2394.9677734375,1718.510009765625,1013.5870361328124,-0.17861289678544578,-0.7100964545829285,-0.02540630696316415,-0.12599892010515146
5,790.6101560592651,1778170655.8303866,75.05634307861328,0.7634386420249939,0.0,-0.5926766991615295,49.789573669433594,29.622095108032227,55.7973518371582,51.952857971191406,81.88423919677734,80.0416030883789,80.00588989257812,81.5952377319336,24.941478729248047,24.646656036376953,24.640941619873047,24.89523696899414,4326.41162109375,3194.2958984375,1410.1453857421875,1554.561767578125,-0.1735243942909338,-0.5082372136808441,-0.04589783528713731,-0.11162418691191212
5,790.6261942386627,1778170655.8464248,74.47156524658203,0.803482711315155,0.0,-0.5684473514556885,52.00407791137695,42.45940399169922,54.07133483886719,52.91228485107422,81.88343048095703,80.03923034667969,80.00137329101562,81.59050750732422,24.941349029541016,24.646276473999023,24.640220642089844,24.894481658935547,4430.5166015625,3673.289794921875,1401.71044921875,1769.298583984375,-0.12998658154134857,-0.28958732528918396,-0.06815151535545971,-0.08811364573784097
5,790.6417679786682,1778170655.8619986,73.77632904052734,0.8946614861488342,0.0,-0.9859437942504884,47.14658737182617,49.79852294921875,52.85173034667969,52.85173034667969,81.88287353515625,80.03656768798828,79.9959716796875,81.58483123779297,24.941259384155273,24.645851135253903,24.639354705810547,24.893573760986328,5617.34765625,4169.04443359375,1676.4754638671875,1758.314208984375,-0.20381818620890557,-0.15894052201217002,-0.0805865282277245,-0.08057384940772705
5,790.6573722362518,1778170655.8776028,73.11563110351562,0.9146718382835388,0.0,-0.8965887427330017,55.509037017822266,47.04158401489258,53.609580993652344,50.80484390258789,81.88294219970703,80.03431701660156,79.99144744873047,81.5801010131836,24.94127082824707,24.645490646362305,24.63863182067871,24.89281463623047,7112.2119140625,4061.56201171875,2388.133544921875,1068.375,-0.05412773158577322,-0.19832379410552914,-0.05897562239827925,-0.10819568046202566
5,790.6733794212341,1778170655.89361,72.48531341552734,0.8184585571289062,0.0,-1.0738482475280762,50.23931884765625,50.19393157958984,55.5459098815918,47.304893493652344,81.88331604003906,80.0322494506836,79.98687744140625,81.57537078857422,24.941329956054688,24.645160675048828,24.637901306152344,24.892059326171875,7534.46630859375,3672.398681640625,2769.052490234375,486.5705261230469,-0.1364792974216953,-0.1371635509649768,-0.016508165673984387,-0.16241145126692336
5,790.6889202594757,1778170655.9091508,71.90908813476562,0.912196159362793,0.0,-1.203394055366516,50.15616989135742,46.254432678222656,54.70294952392578,48.2269401550293,81.884033203125,80.02999877929688,79.98234558105469,81.57064056396484,24.941444396972656,24.644798278808594,24.637176513671875,24.89130210876465,7755.8671875,3259.8681640625,3395.59814453125,458.7038879394531,-0.1310003214598756,-0.1985122912785775,-0.023672198301733616,-0.13924290763402825
5,790.7040178775787,1778170655.9242485,71.24601745605469,1.0,0.0,-1.2540041208267212,55.902931213378906,47.595664978027344,55.423091888427734,46.289188385009766,81.8853759765625,80.0277328491211,79.97795104980469,81.56591033935547,24.941659927368164,24.64443588256836,24.636470794677734,24.890544891357425,10186.478515625,2539.47802734375,3759.6552734375,581.5007934570312,-0.022418397259842515,-0.1675961207022123,-0.0016131516797380785,-0.16613901116025054
5,790.7195830345154,1778170655.9398136,70.60296630859375,1.0,0.0,-1.3302785158157349,46.10789108276367,40.09954833984375,53.36347198486328,48.78617477416992,81.88705444335938,80.02544403076172,79.97369384765625,81.5611801147461,24.94192886352539,24.64406967163086,24.635791778564453,24.889789581298828,11138.3193359375,1855.78125,4064.060791015625,1351.467529296875,-0.1863617756733228,-0.29230875531200473,-0.0299595939406484,-0.11315340552230291
5,790.7346861362457,1778170655.9549167,69.78213500976562,1.0,0.0,-1.657455563545227,52.39221954345703,45.50910186767578,53.31938934326172,49.47823715209961,81.88951110839844,80.02316284179688,79.96936798095703,81.55644989013672,24.94232177734375,24.643707275390625,24.63509750366211,24.88903045654297,12228.2470703125,1013.8125610351562,3492.276611328125,2315.84423828125,-0.06459092884105633,-0.1873916108576945,-0.019359989950799905,-0.08999317739993495
5,790.7502229213715,1778170655.9704535,68.94900512695312,0.8322714567184448,0.0,-1.1516722440719604,54.63639450073242,43.54762268066406,51.3050422668457,50.46730041503906,81.89177703857422,80.02041625976562,79.96399688720703,81.55079650878906,24.942684173583984,24.643266677856445,24.634239196777344,24.888126373291016,9920.2451171875,1471.002197265625,1612.6553955078125,3708.696044921875,-0.012736546259182524,-0.21301992516633228,-0.045005786857131413,-0.06058659445475767
5,790.7659089565277,1778170655.9861395,68.37825775146484,0.9114995002746582,0.0,-1.1617965698242188,43.42747116088867,36.42474365234375,48.05987930297851,51.15995788574219,81.8929672241211,80.01812744140625,79.95953369140625,81.54646301269531,24.942874908447266,24.642900466918945,24.633525848388672,24.887434005737305,7852.7841796875,1921.7244873046875,578.142578125,5130.5244140625,-0.2087284661179153,-0.3362481224027457,-0.09794433324590957,-0.03974443979080211
5,790.7816398143768,1778170656.0018704,67.81207275390625,0.8879355192184448,0.0,-1.2040973901748655,49.48261642456055,44.12909698486328,50.243778228759766,49.645790100097656,81.89380645751953,80.01583862304688,79.95507049560547,81.5424575805664,24.94300842285156,24.642534255981445,24.6328125,24.88679313659668,6900.1826171875,2675.238037109375,757.6884765625,6076.310546875,-0.09087276453201587,-0.18914105716706586,-0.049080036519680736,-0.060384676605299226
5,790.7970325946808,1778170656.0172632,67.2105941772461,0.9250308275222778,0.0,-1.3022966384887695,47.15572738647461,42.04762268066406,48.463375091552734,50.479461669921875,81.8941650390625,80.01358795166016,79.95056915283203,81.53863525390625,24.943065643310547,24.642173767089844,24.632091522216797,24.886180877685547,6367.0458984375,3382.235107421875,1507.4676513671875,6445.7158203125,-0.12587056215051728,-0.22047328907539288,-0.07456778080154458,-0.03605631348100946
5,790.812539100647,1778170656.0327697,66.46647644042969,0.8952658772468567,0.0,-1.4395568370819092,46.39090347290039,44.18373107910156,50.06425476074219,49.308712005615234,81.89495849609375,80.01095581054688,79.9451675415039,81.5340805053711,24.943193435668945,24.641754150390625,24.6312255859375,24.885452270507812,6664.01416015625,2582.169677734375,2504.056396484375,6399.81884765625,-0.13042067219867604,-0.17170122287446643,-0.03329538083026562,-0.047871236235771386
5,790.8279061317444,1778170656.0481367,65.79732513427734,0.875274658203125,0.0,-1.446557641029358,50.224571228027344,44.68427276611328,50.777679443359375,49.07768249511719,81.89566040039062,80.00878143310547,79.94075012207031,81.53018951416016,24.94330596923828,24.64140510559082,24.63051986694336,24.884830474853516,7580.24462890625,1888.5819091796875,3955.73486328125,5919.5009765625,-0.04898573375281523,-0.15379858886928266,-0.009548291828706645,-0.04269463831134657
5,790.8429596424103,1778170656.0631902,65.17430114746094,0.869412899017334,0.0,-1.4927544593811035,42.921409606933594,36.20179748535156,51.46102142333984,48.644493103027344,81.89677429199219,80.00658416748047,79.93663787841797,81.52600860595703,24.943483352661133,24.64105224609375,24.62986183166504,24.8841609954834,8838.169921875,955.509765625,5061.1396484375,4739.20654296875,-0.17950370171701824,-0.30788057046772255,0.013376230422279978,-0.042073952783428625
5,790.8586094379425,1778170656.07884,64.5497817993164,0.8275189399719238,0.0,-1.6441174745559692,49.32270812988281,38.15019989013672,51.336883544921875,48.473876953125,81.89846801757812,80.0043716430664,79.93302917480469,81.521484375,24.943756103515625,24.64069938659668,24.629283905029297,24.88343811035156,9665.85546875,71.7797622680664,7171.57177734375,3841.666259765625,-0.04801267049860736,-0.2635736342653783,0.020712460747566164,-0.03619836039651092
5,790.8736963272095,1778170656.093927,64.02545166015625,0.7953433990478516,0.0,-1.5663957595825195,49.43941116333008,23.013996124267575,50.67964172363281,48.39315414428711,81.90007019042969,80.00215911865234,79.9301986694336,81.51677703857422,24.944011688232425,24.64034652709961,24.62883186340332,24.88268280029297,9870.7548828125,0.0,8811.2236328125,3190.91357421875,-0.03794550890682702,-0.5521148385898177,0.01589676990912392,-0.029923549875290556
5,790.8892865180969,1778170656.109517,63.56889724731445,0.814143717288971,0.0,-1.6739875078201294,43.76960372924805,3.590505838394165,50.0483512878418,47.6773681640625,81.90198516845703,79.99994659423828,79.92750549316406,81.51204681396484,24.944316864013672,24.639991760253903,24.628400802612305,24.881927490234375,10200.8916015625,0.0,8763.474609375,2455.479248046875,-0.1421586633231896,-0.9296217847492309,0.010447589092352993,-0.03740793010074028
5,790.9045197963715,1778170656.1247504,62.92691802978515,0.8217045068740845,0.0,-1.4498311281204224,49.80405044555664,0.0,49.204986572265625,48.19490432739258,81.90379333496094,79.99773406982422,79.92472076416016,81.50736999511719,24.94460678100586,24.639636993408203,24.62795639038086,24.881179809570312,10119.1298828125,0.0,8733.154296875,3809.631591796875,-0.013931160243382257,-1.0,0.003555395197130329,-0.017032081411171296
5,790.9199850559235,1778170656.1402156,62.367061614990234,0.7648455500602722,0.0,-1.3944028615951538,42.26629257202149,0.0,49.52940368652344,47.266414642333984,81.90531158447266,79.9955062866211,79.921875,81.502685546875,24.94485092163086,24.6392822265625,24.627498626708984,24.880428314208984,8995.9814453125,0.0,8427.9384765625,3618.39453125,-0.15565894940729275,-1.0,0.019240120580179543,-0.027315353629684735
5,790.9350836277008,1778170656.1553142,61.84429168701172,0.7223144769668579,0.0,-1.234212875366211,44.517147064208984,0.0,48.23909759521485,47.44786834716797,81.90654754638672,79.9932632446289,79.91873168945312,81.4980697631836,24.94504737854004,24.6389217376709,24.626996994018555,24.87969207763672,7716.22705078125,550.04736328125,7068.86669921875,4555.185546875,-0.10317700135212537,-1.0,0.0010787654254793555,-0.015327590014791337
5,790.9506838321686,1778170656.1709144,61.177242279052734,0.8475834727287292,0.0,-0.7909556031227112,45.45000076293945,8.854496002197266,47.78068161010742,46.2667350769043,81.90736389160156,79.99066925048828,79.91423797607422,81.49298095703125,24.945178985595703,24.638507843017575,24.626277923583984,24.878875732421875,6304.88134765625,2714.078369140625,4976.169921875,5527.9150390625,-0.07440067059072131,-0.8196561903606745,0.0023771060860862114,-0.02937015563626677
5,790.9659209251404,1778170656.1861515,60.606082916259766,0.8975846171379089,0.0,-0.7764220237731934,39.11418151855469,21.319835662841797,46.82623672485352,45.6900520324707,81.90789794921875,79.98854064941406,79.90997314453125,81.48873901367188,24.945262908935547,24.638166427612305,24.62559509277344,24.878196716308594,5389.78564453125,3782.014404296875,3660.074462890625,5241.32421875,-0.19592406609455293,-0.5616763270204916,-0.008388088562073848,-0.032435066649894595
5,790.9815289974213,1778170656.2017596,59.91477584838867,0.9340288043022156,0.0,-0.572563111782074,46.93415832519531,37.15357208251953,46.01378631591797,45.256439208984375,81.90821838378906,79.98650360107422,79.9055404663086,81.48442840576172,24.945314407348633,24.637840270996097,24.62488555908203,24.87750816345215,4829.5458984375,4952.37255859375,2570.845947265625,5213.9521484375,-0.024035259680709853,-0.2273302223990834,-0.014349998881387327,-0.03055957650157648
5,790.9976065158844,1778170656.217837,59.252952575683594,0.9690539836883544,0.0,-0.8569438457489014,38.340675354003906,43.768760681152344,44.84397506713867,44.293495178222656,81.90836334228516,79.98503875732422,79.90107727050781,81.48006439208984,24.94533920288086,24.637605667114254,24.62417221069336,24.87681007385254,4360.6591796875,5668.62744140625,1789.288818359375,4789.51611328125,-0.1938259862090682,-0.07958954517179895,-0.028678950123289026,-0.0405891210612509
5,791.0136451721191,1778170656.2338758,58.49253463745117,0.0,0.0,-0.7722411155700684,48.672210693359375,45.43906021118164,44.00068664550781,44.00068664550781,81.9087142944336,79.98307037353516,79.89574432373047,81.47447967529297,24.94539451599121,24.637290954589844,24.62331771850586,24.87591552734375,4560.1533203125,5385.04736328125,1441.0797119140625,3382.94384765625,0.03671567261000508,-0.032042722889791264,-0.03455462310891566,-0.03454130950352852
5,791.0292146205902,1778170656.2494452,58.13902282714844,0.0,0.0,-1.1142218112945557,47.50694274902344,44.90834426879883,46.90044403076172,44.10431671142578,81.9091796875,79.98140716552734,79.89131927490234,81.4697494506836,24.94546890258789,24.63702392578125,24.62261199951172,24.875160217285156,5031.69970703125,4155.70654296875,1507.2601318359375,2353.822998046875,0.01804831012107111,-0.03753132245162405,0.035327907403506886,-0.026383213160298458
5,791.0453205108643,1778170656.265551,57.93423843383789,0.0,0.0,-1.0688085556030271,48.107452392578125,44.71848678588867,47.270843505859375,44.06749725341797,81.90989685058594,79.97943115234375,79.8868637084961,81.46501922607422,24.94558334350586,24.636709213256836,24.621898651123047,24.87440299987793,5820.67138671875,2438.036865234375,2137.2939453125,1436.370849609375,0.03456096725506619,-0.03821259310671121,0.04719303226854432,-0.02375737292349689
5,791.0613877773285,1778170656.2816184,57.78323745727539,0.0,0.0,-1.0715126991271973,48.31292724609375,44.68016052246094,46.72122573852539,43.977684020996094,81.91085052490234,79.97742462158203,79.88240051269531,81.46028900146484,24.945735931396484,24.63638687133789,24.621185302734375,24.873645782470703,6395.8642578125,1154.7548828125,3618.765380859375,650.3428344726562,0.041694842169966106,-0.036525680068996924,0.037722066079913796,-0.02320108823016498
5,791.0774686336517,1778170656.2976992,57.589805603027344,0.0,0.0,-1.0742833614349363,48.329689025878906,44.50678634643555,47.0464973449707,43.56465530395508,81.91215515136719,79.9749984741211,79.87730407714844,81.4546127319336,24.945945739746097,24.63599967956543,24.62036895751953,24.872737884521484,6625.365234375,83.30609893798828,4774.3486328125,86.86865234375,0.04555629411056872,-0.037040739957679425,0.04845640487178615,-0.02912492258418875
5,791.0935406684875,1778170656.3137712,57.44070816040039,0.0,0.0,-1.091746211051941,48.32792663574219,44.50678634643555,46.824806213378906,43.62227249145508,81.9132080078125,79.97297668457031,79.87318420410156,81.44988250732422,24.94611358642578,24.635677337646484,24.619709014892575,24.871980667114254,6311.93408203125,0.0,4966.4775390625,0.0,0.04823199282013513,-0.03454121013598355,0.04622452792477438,-0.025317465291179286
5,791.1091275215149,1778170656.329358,57.29153823852539,0.0,0.0,-1.0927070379257202,48.17964553833008,44.50678634643555,46.964820861816406,43.453590393066406,81.91409301757812,79.97095489501953,79.86907958984375,81.44515228271484,24.94625473022461,24.635353088378903,24.61905288696289,24.87122344970703,5604.45068359375,0.0,5014.47021484375,165.54144287109375,0.047736684630803605,-0.03202744603249674,0.05208512787771369,-0.026558479142233193
5,791.1251573562622,1778170656.345388,57.14092254638672,0.0,0.0,-1.1144320964813232,47.98014831542969,44.50678634643555,46.844200134277344,43.08393478393555,81.91484069824219,79.9685287475586,79.86418914794922,81.4394760131836,24.946372985839844,24.634963989257812,24.61827087402344,24.870315551757812,4779.52392578125,0.0,5081.69775390625,742.4509887695312,0.04614858239008823,-0.02947600216897317,0.0521490665418618,-0.03229542287163967
5,791.1407470703125,1778170656.3609776,57.028953552246094,0.0,0.0,-1.1387256383895874,47.76189422607422,44.50678634643555,46.67854309082031,42.712379455566406,81.91522979736328,79.96650695800781,79.8601303100586,81.43474578857422,24.94643783569336,24.63463973999023,24.61762046813965,24.86956024169922,4309.31982421875,0.0,4949.173828125,1418.855712890625,0.04343445289325354,-0.02757050348702872,0.05048676290425447,-0.03875731749380784
5,791.1558170318604,1778170656.3760476,56.91553497314453,0.0,0.0,-1.210831880569458,47.49168395996094,44.34000778198242,46.48152923583984,42.535736083984375,81.91547393798828,79.96448516845703,79.85604095458984,81.42999267578125,24.946475982666016,24.63431739807129,24.616966247558594,24.868797302246097,3996.405029296875,517.8345947265625,4747.4580078125,2326.19580078125,0.03959882351449906,-0.02928390114474666,0.04813754941363668,-0.04082508205903079
5,791.1718912124634,1778170656.3921218,56.79196548461914,0.0,0.0120000001043081,-1.3710172176361084,47.30937576293945,43.57795333862305,46.32980728149414,42.37638854980469,81.91565704345703,79.96244049072266,79.85189056396484,81.42522430419922,24.946504592895508,24.63399124145508,24.616302490234375,24.86803436279297,3819.293701171875,1564.0775146484375,4640.89599609375,2612.228271484375,0.037861378529261414,-0.04389141041902156,0.046989409521593695,-0.04233916643162006
5,791.1872029304504,1778170656.4074335,56.64961242675781,0.0,0.072000004351139,-1.438546061515808,47.19046401977539,43.452754974365234,46.1954345703125,42.55611801147461,81.91584014892578,79.96038055419922,79.84774017333984,81.42045593261719,24.946533203125,24.63365936279297,24.615638732910156,24.867271423339844,3986.98486328125,2244.450439453125,4821.8115234375,2632.1767578125,0.037854176659272376,-0.04424261321202694,0.04657608916670952,-0.035860791005006165
5,791.2019965648651,1778170656.4222271,56.51094055175781,0.0,0.1320000141859054,-1.5207953453063965,47.27833938598633,43.42341232299805,46.15399169921875,42.71295928955078,81.91614532470703,79.95832061767578,79.84368133544922,81.41568756103516,24.946582794189453,24.633331298828125,24.614990234375,24.86650848388672,4481.24462890625,2427.442626953125,5264.27587890625,2747.638916015625,0.04233833590234326,-0.042544270451392974,0.04820306743647951,-0.029932824715914075
5,791.2180511951447,1778170656.4382818,56.38056945800781,0.0,0.2039999812841415,-1.5424814224243164,47.38753509521485,43.41138458251953,46.03110122680664,42.85503005981445,81.91680908203125,79.955810546875,79.83898162841797,81.40996551513672,24.94668960571289,24.63293075561523,24.61423683166504,24.86559295654297,5446.4140625,2012.2811279296875,5754.97900390625,2469.9736328125,0.04716156533439442,-0.040596122924821065,0.047829451658307764,-0.024455624707341417
5,791.2333509922028,1778170656.4535816,56.30084609985352,0.0,0.2639999687671661,-1.4631612300872805,47.57039260864258,43.39168167114258,45.95172882080078,43.127838134765625,81.91761779785156,79.9537353515625,79.83515930175781,81.40519714355469,24.94681930541992,24.632598876953125,24.613624572753903,24.864830017089844,6004.12353515625,1405.885986328125,6050.98779296875,1936.470458984375,0.05269084695936965,-0.039673640365600504,0.04750385041994787,-0.016855281485890106
5,791.2491109371185,1778170656.4693415,56.245399475097656,0.0,0.3239999413490295,-1.3706188201904297,47.53477478027344,43.34598922729492,46.00456619262695,43.61542510986328,81.91856384277344,79.95166778564453,79.8313980102539,81.40042877197266,24.94696998596191,24.632266998291016,24.61302375793457,24.86406707763672,6167.03173828125,805.7547607421875,6255.19140625,1570.1182861328125,0.05293961977484596,-0.039739194917991605,0.049742132606747536,-0.004760080607895345
5,791.263857126236,1778170656.4840877,56.21956634521485,0.0,0.3839999139308929,-1.2721126079559326,47.47169494628906,43.31316757202149,46.05427932739258,44.23844528198242,81.91954040527344,79.94955444335938,79.82767486572266,81.39566040039062,24.947126388549805,24.631927490234375,24.6124267578125,24.863304138183594,6268.7392578125,599.4243774414062,6313.18505859375,1495.913330078125,0.05202553076687444,-0.0400253961856869,0.051359379879345024,0.00992017382752386
5,791.2795965671539,1778170656.4998271,56.22582244873047,0.0,0.4439998865127563,-1.199818134307861,47.4362678527832,43.312740325927734,46.159820556640625,44.763641357421875,81.92047882080078,79.9474105834961,79.823974609375,81.3908920288086,24.947277069091797,24.63158416748047,24.611835479736328,24.86254119873047,6120.37939453125,742.1472778320312,6097.2998046875,1668.341552734375,0.05112345815843078,-0.040141678352440424,0.05365149890723253,0.02179617812098944
5,791.2949714660645,1778170656.515202,56.27091598510742,0.0,0.5039998888969421,-1.0705900192260742,47.396785736083984,43.41764831542969,46.28213882446289,45.11685943603515,81.92124938964844,79.94523620605469,79.82019805908203,81.38612365722656,24.947399139404297,24.631237030029297,24.61123275756836,24.861778259277344,5598.4873046875,1121.6201171875,5562.22900390625,1981.791748046875,0.04940695557472119,-0.0385878608866953,0.05559695861698266,0.029033609294643048
5,791.3106744289398,1778170656.530905,56.37575912475586,0.0,0.5760000348091125,-0.8902038335800171,47.31027603149414,43.6300163269043,46.45865249633789,45.23550796508789,81.92192840576172,79.942626953125,79.81542205810547,81.38040161132812,24.947509765625,24.630821228027344,24.61046600341797,24.860862731933594,4744.85595703125,1726.00634765625,4906.4833984375,2516.2412109375,0.045543512605856984,-0.03568202490366423,0.05765225725283796,0.029821019403317495
5,791.3257465362549,1778170656.545977,56.505149841308594,0.0,0.6360001564025879,-0.7369575500488281,47.24595260620117,43.88666534423828,46.565635681152344,45.15275192260742,81.92225646972656,79.9404525756836,79.81129455566406,81.3756332397461,24.94756126403809,24.63047218322754,24.609806060791016,24.86009979248047,4168.322265625,2179.48779296875,4492.7509765625,2987.64111328125,0.041731056324119775,-0.032230698936492774,0.057660290880365395,0.025583149431073204
5,791.3412826061249,1778170656.5615132,56.65937805175781,0.0,0.6960002779960632,-0.6079953908920288,47.161773681640625,44.181827545166016,46.529544830322266,45.32347106933594,81.92240905761719,79.93827819824219,79.80703735351562,81.370849609375,24.947586059570312,24.630123138427734,24.609127044677734,24.859336853027344,3766.003662109375,2448.646240234375,4215.3046875,3234.01171875,0.037044421121573023,-0.02837392158848384,0.05396380197898165,0.026658584466352275
5,791.3573257923126,1778170656.5775564,56.82402038574219,0.0,0.7560003995895386,-0.488400787115097,47.11616134643555,44.51469421386719,46.52247619628906,45.86337661743164,81.9224853515625,79.93610382080078,79.8027114868164,81.36604309082031,24.94759750366211,24.62977600097656,24.60843276977539,24.858566284179688,3407.435302734375,2585.255615234375,4056.155517578125,3353.141357421875,0.03303961334186978,-0.023890079836526912,0.0507503883014897,0.03587833857496925
5,791.3733520507812,1778170656.5935826,57.00440979003906,0.0,0.8160005211830139,-0.3746319413185119,47.06674575805664,44.837440490722656,46.603271484375,46.45942306518555,81.92256164550781,79.93392181396484,79.7983627319336,81.36125183105469,24.947608947753903,24.62942695617676,24.607738494873047,24.857799530029297,3074.44091796875,2598.08837890625,3985.885986328125,3548.66845703125,0.02869055167857759,-0.019924236886947888,0.049244364922007566,0.04602012963521007
5,791.389289855957,1778170656.6095204,57.25750350952149,0.0,0.8880006670951843,-0.2393009513616562,46.99689865112305,45.25936508178711,46.848846435546875,46.848846435546875,81.92265319824219,79.93126678466797,79.79314422607422,81.3555679321289,24.94762420654297,24.62900161743164,24.606903076171875,24.85689163208008,2766.808349609375,2511.03955078125,3978.371826171875,3803.41552734375,0.02262362987878186,-0.015074598024029773,0.05011095118753772,0.05012543234116018
5,791.4046676158905,1778170656.6248982,57.50117492675781,0.0,0.9480007886886596,-0.1495949923992157,46.98308944702149,45.6411247253418,47.01216125488281,47.01216125488281,81.9227294921875,79.9290542602539,79.7887954711914,81.35089874267578,24.94763565063477,24.62864875793457,24.6062068939209,24.856143951416016,2560.95703125,2395.200927734375,4004.31982421875,3958.946533203125,0.017990874593534434,-0.010975821329526347,0.049306088144038585,0.049320558198505005
5,791.4198324680328,1778170656.640063,57.76643371582031,0.0,1.0,-0.0639423877000808,46.958614349365234,46.07775115966797,47.19330978393555,47.19330978393555,81.92280578613281,79.92683410644531,79.78445434570312,81.34626770019531,24.947649002075195,24.62829208374023,24.605512619018555,24.855403900146484,2395.798095703125,2356.945068359375,4017.076904296875,4091.522216796875,0.012788471746460583,-0.0060992737027747435,0.04851240793452072,0.04852686704404374
5,791.4358711242676,1778170656.6561017,58.048885345458984,0.0,1.0,-0.0723180025815963,47.03853225708008,46.44417953491211,47.26725006103515,47.26725006103515,81.92288208007812,79.9245834350586,79.78014373779297,81.34169006347656,24.947662353515625,24.627933502197266,24.60482406616211,24.854671478271484,2265.16015625,2354.521728515625,4010.131591796875,4284.28076171875,0.009575748811505136,-0.003069920144760485,0.04504537096405814,0.045059782262732995
5,791.4514055252075,1778170656.671636,58.338287353515625,0.0,1.0,-0.0705252885818481,47.14895248413086,46.81173324584961,47.29558563232422,47.29558563232422,81.92295837402344,79.92233276367188,79.77580261230469,81.33715057373047,24.947673797607425,24.627573013305664,24.604127883911133,24.85394287109375,2200.688720703125,2405.589111328125,4007.181884765625,4422.96337890625,0.00692565380969401,-0.0001649992768809616,0.04048452745771258,0.04049887586181877
5,791.4666340351105,1778170656.6868646,58.67561340332031,0.0,1.0,-0.0536799132823944,47.32291412353515,47.13684844970703,47.501251220703125,47.501251220703125,81.92304992675781,79.91960144042969,79.77059173583984,81.33170318603516,24.947689056396484,24.62713623046875,24.603294372558594,24.853073120117188,2240.789794921875,2452.009033203125,4019.397216796875,4461.9697265625,0.004830651946413633,0.0009910479188195431,0.039001334236890006,0.03901566218758701
5,791.4821677207947,1778170656.7023983,58.94862365722656,0.0,1.0,0.0084564834833145,47.47269821166992,47.355812072753906,47.74918746948242,47.74918746948242,81.923095703125,79.91731262207031,79.76628112792969,81.32716369628906,24.947694778442383,24.62677001953125,24.602603912353516,24.85234642028809,2346.112060546875,2473.747802734375,4043.0322265625,4439.03857421875,0.0033426636745892413,0.0009834762993266022,0.0395874080196168,0.039601744052340404
5,791.4982483386993,1778170656.718479,59.22087478637695,0.0,1.0,0.067737191915512,47.63599395751953,47.66945266723633,48.001277923583984,48.001277923583984,81.9231185913086,79.91502380371094,79.76197052001953,81.32262420654297,24.94769859313965,24.62640380859375,24.60191535949707,24.851619720458984,2450.0732421875,2438.9833984375,4039.3330078125,4382.947265625,0.002165495163938269,0.002980839908231836,0.04027144053766807,0.040285786003280366
5,791.513409614563,1778170656.7336402,59.497955322265625,0.0,1.0,0.1169003993272781,47.798526763916016,47.86552810668945,48.20707321166992,48.20707321166992,81.92311096191406,79.91273498535156,79.75768280029297,81.31812286376953,24.947696685791016,24.62603759765625,24.601228713989254,24.85089874267578,2534.348388671875,2440.052001953125,4089.106689453125,4364.59130859375,0.0009018741692674581,0.0024162613639120423,0.039866094750169445,0.03988043462601576
5,791.529129743576,1778170656.7493603,59.77466583251953,0.0,1.0,0.155840203166008,47.9703254699707,48.14929962158203,48.41944122314453,48.41944122314453,81.92304992675781,79.91041564941406,79.75336456298828,81.31362915039062,24.947689056396484,24.625667572021484,24.60053825378418,24.850181579589844,2488.444580078125,2555.55029296875,4004.31689453125,4418.62255859375,-0.00015071402158595149,0.0036911780868864597,0.039612064179541884,0.03962640055227684
5,791.5443699359894,1778170656.7646005,60.046119689941406,0.0,1.0,0.1949542611837387,48.09717559814453,48.434844970703125,48.668941497802734,48.668941497802734,81.9229736328125,79.90809631347656,79.74903106689453,81.30917358398438,24.947675704956055,24.62529563903809,24.59984588623047,24.849468231201172,2329.069091796875,2750.346923828125,3845.94384765625,4521.72412109375,-0.002038794097216634,0.005079131867035125,0.040245025271228974,0.04025937037257177
5,791.559629201889,1778170656.7798598,60.37138366699219,0.0,1.0,0.2469694912433624,48.2790641784668,48.75019454956055,48.98246383666992,48.98246383666992,81.92288208007812,79.9052963256836,79.74378204345703,81.30386352539062,24.947662353515625,24.624847412109375,24.5990047454834,24.848617553710938,2187.837646484375,3021.43017578125,3659.345703125,4658.0400390625,-0.003661881224629182,0.00617266164968111,0.04130556921971218,0.04131992894608083
5,791.5753710269928,1778170656.7956016,60.64186477661133,0.0,1.0,0.3035625517368316,48.43123245239258,49.03086471557617,49.24358749389648,49.24358749389648,81.92280578613281,79.9029312133789,79.73936462402344,81.29945373535156,24.947649002075195,24.62446975708008,24.598297119140625,24.847911834716797,2098.69677734375,3256.65966796875,3535.234619140625,4746.73583984375,-0.0049795517937618605,0.007451840242904906,0.04218743119453383,0.04220180308188293
5,791.5912175178528,1778170656.811448,60.887664794921875,0.0,0.0,0.3489255011081695,48.5943603515625,49.30897903442383,46.03996658325195,46.4454345703125,81.9227066040039,79.9005355834961,79.73487854003906,81.29503631591797,24.9476318359375,24.62408447265625,24.597579956054688,24.847206115722656,2027.2093505859375,3366.090576171875,3428.792724609375,4766.69384765625,-0.005658456766840181,0.00907624379724159,-0.029547292521186597,-0.020987141452237568
5,791.6063196659088,1778170656.8265502,60.80335235595703,0.0,0.0,0.3986201286315918,48.446964263916016,49.2158203125,46.43312072753906,47.49480438232422,81.92259216308594,79.89815521240234,79.73037719726562,81.29054260253906,24.947614669799805,24.62370491027832,24.596858978271484,24.84648704528809,2023.746826171875,3132.99658203125,3097.285888671875,4537.93017578125,-0.00729987397298526,0.008566394279447831,-0.01990303808840388,0.002520499927612496
5,791.6219375133514,1778170656.842168,60.62863540649414,0.0,0.0,0.3839144706726074,48.11796951293945,48.99980545043945,47.425018310546875,48.08047866821289,81.92249298095703,79.895751953125,79.72587585449219,81.28598022460938,24.94759750366211,24.623321533203125,24.59613990783691,24.84575653076172,1827.7554931640625,2781.1826171875,2729.262939453125,4263.37060546875,-0.011199831493722612,0.007033346325824308,0.003918385891709786,0.017807560028868297
5,791.6373767852783,1778170656.8576074,60.594581604003906,0.0,0.0,0.4005403816699981,48.03815078735352,49.044151306152344,46.67247772216797,47.545772552490234,81.9223403930664,79.89335632324219,79.72138214111328,81.28134155273438,24.947574615478516,24.622936248779297,24.595420837402344,24.845014572143555,1585.7393798828125,2780.559326171875,2551.893798828125,4115.77001953125,-0.01228528817667518,0.008511191787528016,-0.011456555853720851,0.007054096926247588
5,791.6535131931305,1778170656.8737438,60.52167510986328,0.0,0.0,0.4615541100502014,47.86502456665039,48.97945785522461,46.48941802978515,47.53534698486328,81.92215728759766,79.89042663574219,79.7159423828125,81.2757568359375,24.94754409790039,24.622467041015625,24.59455108642578,24.84412002563477,1670.7279052734375,3095.89794921875,2360.974609375,3992.408447265625,-0.014659397593186796,0.0083941636167284,-0.014147677251082569,0.008046141847830146
5,791.6687970161438,1778170656.8890276,60.435665130615234,0.0,0.0,0.5170062780380249,47.72953414916992,48.949684143066406,46.49658966064453,47.596561431884766,81.92200469970703,79.88800048828125,79.7114028930664,81.27106475830078,24.947521209716797,24.622079849243164,24.59382438659668,24.84337043762207,1870.408203125,3569.694580078125,2235.5537109375,3873.75732421875,-0.016050244733990415,0.009215419173508543,-0.012592348128841357,0.01078073468734253
5,791.6841192245483,1778170656.9043498,60.36012649536133,0.0,0.0,0.5938997268676758,47.5998420715332,48.99420547485352,46.29424285888672,47.555057525634766,81.9218521118164,79.88572692871094,79.70687866210938,81.26636505126953,24.94749641418457,24.621715545654297,24.593101501464844,24.84261703491211,2134.737548828125,4090.92822265625,2174.848388671875,3901.62939453125,-0.017495828063313734,0.011397480803981619,-0.01565908194349197,0.011163194664959297
5,791.6996765136719,1778170656.919907,60.28083419799805,0.0,0.0,0.6651924848556519,47.4755973815918,49.04986953735352,46.11558532714844,47.58890151977539,81.92169952392578,79.88361358642578,79.70233917236328,81.26165008544922,24.947471618652344,24.62137794494629,24.59237289428711,24.84186363220215,2332.529052734375,4468.82861328125,2015.5,4007.359130859375,-0.01877135729120394,0.013878450592782476,-0.018168037589816666,0.013213831512589369
5,791.7157590389252,1778170656.9359896,60.1756477355957,0.0,0.0,0.72905433177948,47.348087310791016,49.1268424987793,46.007659912109375,47.61321258544922,81.92151641845703,79.88114929199219,79.69689178466797,81.25605773925781,24.94744110107422,24.620983123779297,24.591503143310547,24.84096908569336,2450.88037109375,4678.48388671875,1934.4649658203125,4221.98046875,-0.019696171735742674,0.0172445404852688,-0.01875362614758158,0.01550343061390902
5,791.7313175201416,1778170656.951548,60.08687210083008,0.0,0.0,0.7686254382133484,47.216190338134766,49.145809173583984,45.86406326293945,47.67212677001953,81.9213638305664,79.879150390625,79.69235229492188,81.25144958496094,24.947418212890625,24.620662689208984,24.590776443481445,24.840232849121097,2465.373779296875,4867.95166015625,1927.3983154296875,4452.14892578125,-0.0209826719212729,0.019140786800278198,-0.020371017639996603,0.018262180111608517
5,791.747346162796,1778170656.9675767,59.99803924560547,0.0,0.0,0.8115097880363464,47.098907470703125,49.16774368286133,45.74451446533203,47.6805305480957,81.92119598388672,79.87721252441406,79.68778228759766,81.24689483642578,24.94739151000977,24.62035369873047,24.59004592895508,24.83950424194336,2352.947265625,5011.98828125,1943.591552734375,4694.8720703125,-0.021968577849568516,0.021105253772024657,-0.02147785447617101,0.019949582916736874
5,791.762369632721,1778170656.9826002,59.90718078613281,0.0,0.0,0.8502466082572937,46.98133087158203,49.17664337158203,45.626502990722656,47.68414688110352,81.92096710205078,79.87530517578125,79.6832046508789,81.24239349365234,24.94735336303711,24.62004852294922,24.58931350708008,24.838783264160156,2256.36767578125,5080.8642578125,1976.8475341796875,4641.42236328125,-0.022930480160267996,0.022839024201817493,-0.022521990310753526,0.02157396890051788
5,791.778427362442,1778170656.998658,59.826454162597656,0.0,0.0,0.8685297966003418,46.86640167236328,49.21195983886719,45.47501754760742,47.743560791015625,81.92076110839844,79.87339782714844,79.67862701416016,81.23774719238281,24.947322845458984,24.61974334716797,24.58858108520508,24.83803939819336,2073.152587890625,5096.4814453125,2022.1961669921875,4073.854248046875,-0.024005479465627255,0.024954737021971818,-0.024452756577163393,0.02422701348040901
5,791.7945320606232,1778170657.0147626,59.73188018798828,0.0,0.0,0.8541747331619263,46.72396469116211,49.26211929321289,45.380950927734375,47.787445068359375,81.92046356201172,79.87107849121094,79.67310333251953,81.2320785522461,24.94727325439453,24.619373321533203,24.587696075439453,24.83713150024414,1846.9500732421875,5047.43701171875,1405.6304931640625,3826.181396484375,-0.025431131169816434,0.02762389884409422,-0.024929312325974284,0.026791606138984125
5,791.8096418380737,1778170657.0298724,59.65528106689453,0.0,0.0,0.8645619750022888,46.65493392944336,49.27368927001953,45.29705429077149,47.82871627807617,81.92015838623047,79.86913299560547,79.66848754882812,81.22734832763672,24.94722557067871,24.619060516357425,24.586957931518555,24.836376190185547,1671.3643798828125,4931.86962890625,1310.1551513671875,3849.06201171875,-0.025621449353648407,0.029185061307214433,-0.02548223968872243,0.028997954770742407
5,791.824901342392,1778170657.045132,59.57678985595703,0.0,0.0,0.917277693748474,46.549468994140625,49.326072692871094,45.20848846435547,47.85639572143555,81.91985321044922,79.8671646118164,79.66387176513672,81.22259521484375,24.947175979614254,24.618745803833008,24.586219787597656,24.835615158081055,1551.44189453125,4841.69287109375,1411.08447265625,3970.707275390625,-0.026543240441996074,0.03163657164777578,-0.026106241847086875,0.030949925127163436
5,791.8415451049805,1778170657.0617757,59.48381805419922,0.0,0.0,0.9681416749954224,46.405948638916016,49.29519271850586,45.08576583862305,47.84585952758789,81.91948699951172,79.86475372314453,79.65833282470703,81.21694946289062,24.94711685180664,24.61836051940918,24.5853328704834,24.834712982177734,1513.6865234375,4740.82763671875,1604.77685546875,4187.33984375,-0.02802778320665511,0.032602142543757706,-0.02723192573470501,0.03233394400404643
5,791.8571391105652,1778170657.0773697,59.40338516235352,0.0,0.0,1.0110204219818115,46.321556091308594,49.30667495727539,44.96188735961914,47.841461181640625,81.91918182373047,79.86273193359375,79.65371704101562,81.21231842041016,24.94706916809082,24.61803817749023,24.5845947265625,24.83397102355957,1509.048828125,4715.390625,1763.379638671875,4429.5087890625,-0.028481715811511488,0.034241145949454044,-0.02859120060228859,0.03363670819274511
5,791.8722505569458,1778170657.0924811,59.321006774902344,0.0,0.0,1.0866776704788208,46.22061538696289,49.22993087768555,44.865177154541016,47.80805206298828,81.91887664794922,79.86073303222656,79.64910125732422,81.2077407836914,24.947021484375,24.61771774291992,24.58385467529297,24.83323860168457,1499.222900390625,4840.345703125,1900.8314208984375,4734.18017578125,-0.029252584576626273,0.034065389636797505,-0.029334557675003925,0.034349285673939134
5,791.8875443935394,1778170657.107775,59.23523712158203,0.0,0.0,1.130469560623169,46.117767333984375,49.229278564453125,44.78346252441406,47.743709564208984,81.91857147216797,79.85877990722656,79.64448547363281,81.2032699584961,24.946971893310547,24.61740493774414,24.583118438720703,24.832523345947266,1478.4217529296875,4983.46533203125,1984.28857421875,5033.15771484375,-0.0300101825318827,0.03554894291785082,-0.029699552009001207,0.03445287623963211
5,791.903491973877,1778170657.1237226,59.14909744262695,0.0,0.0,1.1901543140411377,46.01586151123047,49.17809295654297,44.64593124389648,47.702362060546875,81.91826629638672,79.85689544677734,79.6398696899414,81.19888305664062,24.946922302246097,24.617103576660156,24.582378387451172,24.83182144165039,1445.259033203125,5226.7958984375,1980.116943359375,5265.6572265625,-0.030744067591923385,0.03597875891051827,-0.03127064923429457,0.03506219250189391
5,791.9191634654999,1778170657.139394,59.057334899902344,0.0,0.0,1.2185864448547363,45.891448974609375,49.13883590698242,44.54054641723633,47.640846252441406,81.91796112060547,79.85506439208984,79.63518524169922,81.194580078125,24.94687271118164,24.616809844970703,24.58163070678711,24.831132888793945,1404.9840087890625,5644.20751953125,1928.1014404296875,5363.41357421875,-0.03186268745928944,0.03676018123392866,-0.0320556472720005,0.035333594034554716
5,791.9352376461029,1778170657.1554682,58.93834686279297,0.0,0.0,1.2801190614700315,45.75226593017578,49.12264633178711,44.38545608520508,47.616695404052734,81.91754913330078,79.85318756103516,79.62955474853516,81.18944549560547,24.946807861328125,24.61650848388672,24.58072853088379,24.830310821533203,1345.223388671875,6297.4169921875,1829.907958984375,5415.27685546875,-0.032850325242940626,0.03851098396584529,-0.03347869678250126,0.036897876297030896
5,791.9508483409882,1778170657.171079,58.834922790527344,0.0,0.0,1.305884838104248,45.61235427856445,49.12164306640625,44.24613571166992,47.59730911254883,81.91720581054688,79.85173797607422,79.62486267089844,81.18517303466797,24.946752548217773,24.61627769470215,24.579978942871097,24.829627990722656,1276.13671875,6385.19140625,1784.01611328125,5391.2978515625,-0.034112971616278465,0.040315302468144854,-0.03481880120157499,0.0382977100326527
5,791.9664463996887,1778170657.186677,58.729496002197266,0.0,0.0,1.3190430402755735,45.48320007324219,49.04897689819336,44.12237930297851,47.58601760864258,81.91686248779297,79.8503189086914,79.62017059326172,81.1808090209961,24.946697235107425,24.616050720214844,24.57922744750977,24.828929901123047,1193.1390380859375,6452.759765625,1804.9949951171875,5241.13525390625,-0.03511896217145649,0.04064108642689668,-0.035790637507126855,0.03991482683422509
5,791.982040643692,1778170657.2022712,58.621734619140625,0.0,0.0,1.3197681903839111,45.36147689819336,49.01676177978515,44.001338958740234,47.55847930908203,81.91651916503906,79.84888458251953,79.615478515625,81.17636108398438,24.946643829345703,24.615821838378903,24.57847595214844,24.828216552734375,1125.917236328125,6478.8095703125,1883.2159423828125,5011.86181640625,-0.035932253328560426,0.041869300347491034,-0.03666814523823869,0.04122353899565989
5,791.9971399307251,1778170657.2173705,58.51362991333008,0.0,0.0,1.3188873529434204,45.222354888916016,48.979942321777344,43.8543701171875,47.550838470458984,81.91617584228516,79.84745025634766,79.61078643798828,81.17184448242188,24.94658660888672,24.61559295654297,24.57772445678711,24.827495574951172,1037.1136474609375,6332.95458984375,1989.47900390625,4770.0126953125,-0.037113348976399396,0.043010110664293943,-0.038111945543859216,0.04297961918810156
5,792.0126991271973,1778170657.2329297,58.383392333984375,0.0,0.0,1.294965744018555,45.08437728881836,48.90620040893555,43.704952239990234,47.5193977355957,81.91576385498047,79.84565734863281,79.60515594482422,81.16634368896484,24.946521759033203,24.615304946899418,24.576824188232425,24.826614379882812,933.81201171875,6076.53515625,2119.1904296875,4574.83447265625,-0.037909818991775146,0.04376297428619225,-0.03925082887315012,0.044615065892722905
5,792.0287554264069,1778170657.248986,58.27554702758789,0.0,0.0,1.2939510345458984,44.95075607299805,48.82685470581055,43.583290100097656,47.47180938720703,81.91542053222656,79.84412384033203,79.6004638671875,81.1617660522461,24.946468353271484,24.61505889892578,24.576072692871097,24.825881958007812,846.82373046875,5939.5078125,2193.80810546875,4480.5146484375,-0.038986088088926785,0.04399803148024839,-0.04015225834959879,0.04550017413113694
5,792.0438957214355,1778170657.2641263,58.164772033691406,0.0,0.0,1.2939085960388184,44.826507568359375,48.86984634399414,43.47168731689453,47.42653274536133,81.91507720947266,79.84252166748047,79.59577178955078,81.15717315673828,24.9464111328125,24.614803314208984,24.5753231048584,24.82514762878418,769.1127319335938,5814.75439453125,2238.6171875,4421.37353515625,-0.0398172341526386,0.046907311297378795,-0.04078676750740118,0.04649227878313056
5,792.0599846839905,1778170657.2802153,58.058780670166016,0.0,0.0,1.270838975906372,44.720733642578125,48.90131378173828,43.3599853515625,47.34808349609375,81.91473388671875,79.84088897705078,79.59107971191406,81.15263366699219,24.94635772705078,24.61454200744629,24.574573516845703,24.82442092895508,695.4239501953125,5792.0595703125,2244.416015625,4391.70458984375,-0.04033414809634961,0.04949386916101273,-0.04150487046497453,0.04666855607743936
5,792.0761318206787,1778170657.2963624,57.94270324707031,0.0,0.0359999984502792,1.243849277496338,44.633663177490234,48.89999771118164,43.27494812011719,47.341922760009766,81.91432189941406,79.83897399902344,79.58544921875,81.14713287353516,24.946290969848633,24.614234924316406,24.573671340942383,24.82353973388672,624.3013916015625,5848.40478515625,2239.245849609375,4377.578125,-0.04028383142277825,0.05156803343575289,-0.04146826208725074,0.048628900754054794
5,792.0917060375214,1778170657.3119366,57.86125183105469,0.0,0.0960000082850456,1.2285025119781494,44.60054397583008,48.834442138671875,43.57547378540039,47.271121978759766,81.91397094726562,79.83740997314453,79.58075714111328,81.142578125,24.94623565673828,24.613985061645508,24.572921752929688,24.822811126708984,894.814697265625,5912.955078125,2264.233154296875,4866.22412109375,-0.03964597066118303,0.05163660649015234,-0.0334529788767336,0.048534605175786893
5,792.1077823638916,1778170657.328013,57.807281494140625,0.0,0.1560000032186508,1.1913307905197144,44.59230422973633,48.7728385925293,43.8236198425293,47.274017333984375,81.91358947753906,79.83580780029297,79.57606506347656,81.13810729980469,24.94617462158203,24.61372947692871,24.57217025756836,24.822097778320312,1196.5477294921875,5935.408203125,2311.283203125,5156.02587890625,-0.038926946552773845,0.0512905865700628,-0.027041322907442766,0.04957782622798468
5,792.123851776123,1778170657.3440824,57.78500747680664,0.0,0.2159999758005142,1.098198413848877,44.676063537597656,48.640750885009766,44.10294723510742,47.204097747802734,81.9132080078125,79.83422088623047,79.57137298583984,81.13368225097656,24.94611358642578,24.613475799560547,24.57141876220703,24.821388244628903,1376.4835205078125,5818.49560546875,2374.083251953125,5274.82373046875,-0.03675057439254248,0.048847594358394586,-0.020462350477193136,0.048429447114493485
5,792.139447927475,1778170657.3596785,57.7967643737793,0.0,0.2879999577999115,0.9430617094039916,44.81216812133789,48.47584533691406,44.4808464050293,47.18185043334961,81.9127426147461,79.83219909667969,79.56574249267578,81.12837219238281,24.94603729248047,24.61315155029297,24.570518493652344,24.820539474487305,1601.878173828125,5536.08935546875,2507.823486328125,5188.6845703125,-0.03401259664069167,0.045079080956744955,-0.012270076854022594,0.04772215298889382
5,792.1544952392578,1778170657.3747258,57.83577346801758,0.0,0.3479999303817749,0.7916437387466431,44.98652648925781,48.33317947387695,44.8690299987793,47.13033676147461,81.91231536865234,79.83038330078125,79.56105041503906,81.12391662597656,24.94597053527832,24.61286163330078,24.569766998291016,24.819826126098633,1806.7027587890625,5187.99609375,2685.888671875,4959.185546875,-0.03090813881551968,0.04130057112383323,-0.004322192936764835,0.04587234174328447
5,792.1705777645111,1778170657.3908083,57.90119552612305,0.0,0.4079999029636383,0.6923855543136597,45.29200744628906,48.04876327514648,45.2182731628418,47.11579895019531,81.91185760498047,79.82839965820312,79.55635833740234,81.1194076538086,24.94589614868164,24.612545013427734,24.56901741027832,24.81910514831543,1958.517578125,4761.1123046875,2907.24658203125,4658.97705078125,-0.025429925494965033,0.03400341340463564,0.0022940134269906487,0.04436837467127286
5,792.1866707801819,1778170657.4069014,58.00644302368164,0.0,0.4799998700618744,0.7491323947906494,45.58709716796875,47.9218635559082,45.680049896240234,47.075660705566406,81.91130828857422,79.82582092285156,79.55072784423828,81.11396789550781,24.94580841064453,24.612131118774418,24.568115234375,24.81823348999023,2090.40625,4235.56103515625,3144.736572265625,4393.28466796875,-0.02086012784856406,0.029401395512516304,0.010692466857532557,0.041585372077262095
5,792.20219373703,1778170657.4224243,58.11702728271485,0.0,0.5399999618530273,0.7811390161514282,45.75726318359375,47.911258697509766,46.06486892700195,47.08055877685547,81.91085052490234,79.82357788085938,79.54603576660156,81.10938262939453,24.945735931396484,24.611772537231445,24.567365646362305,24.81750106811523,2088.6337890625,3917.991455078125,3205.495361328125,4332.66015625,-0.019075274785825047,0.027215297368291536,0.017267435630007544,0.03971162553669738
5,792.2172992229462,1778170657.4375298,58.243255615234375,0.0,0.6000000834465027,0.7979779243469238,45.93974304199219,47.86997604370117,46.55074691772461,47.10381317138672,81.91039276123047,79.82122039794922,79.54134368896484,81.10478210449219,24.94566345214844,24.61139488220215,24.56661605834961,24.81676483154297,1871.84912109375,3592.72021484375,3105.56787109375,4420.2607421875,-0.017297747278029907,0.024105873725661198,0.02576931962891349,0.037970728593706315
5,792.2337167263031,1778170657.4539473,58.37012481689453,0.0,0.0,0.7629633545875549,46.058982849121094,47.95982360839844,43.50933074951172,46.622283935546875,81.90992736816406,79.81876373291016,79.53665161132812,81.10021209716797,24.945587158203125,24.61100196838379,24.56586456298828,24.81603240966797,1634.5726318359375,3286.220458984375,2881.433349609375,4603.5439453125,-0.016888551567023624,0.023797924319547636,-0.0433337002957509,0.025126844160151762
5,792.2485773563385,1778170657.468808,58.331661224365234,0.0,0.0,0.7623870372772217,45.99542999267578,47.87643051147461,44.50721740722656,45.91309356689453,81.90943145751953,79.8162841796875,79.5319595336914,81.09561920166016,24.94550895690918,24.610605239868164,24.565113067626953,24.81529998779297,1544.973876953125,3258.677734375,2469.776123046875,4791.0771484375,-0.017597699011172585,0.022691645778752045,-0.020747266626358507,0.010198907124143508
5,792.2637481689453,1778170657.4839787,58.20647811889648,0.0,0.0,0.7478014826774597,45.80045318603515,47.71480941772461,44.713890075683594,46.76991271972656,81.908935546875,79.8138198852539,79.52726745605469,81.091064453125,24.94543075561523,24.610210418701172,24.564361572265625,24.81457138061523,1639.1385498046875,3812.608154296875,2194.65380859375,4883.8798828125,-0.01965827909310147,0.02143129715487091,-0.014084199548084708,0.03126414939306832
5,792.2789793014526,1778170657.49921,58.15237808227539,0.0,0.0,0.831124484539032,45.726566314697266,47.775726318359375,44.56654357910156,46.19515609741211,81.90841674804688,79.81161499023438,79.52253723144531,81.0865249633789,24.94534683227539,24.609859466552734,24.56360626220703,24.8138427734375,1823.50390625,4770.7841796875,2312.554931640625,4944.54150390625,-0.020329244768906296,0.02368681187798427,-0.016418915977111204,0.019538529108524827
5,792.2942118644714,1778170657.5144424,58.087894439697266,0.0,0.0,0.8876311779022217,45.65372085571289,47.80550765991211,44.172943115234375,46.29588317871094,81.90788269042969,79.8096694946289,79.51778411865234,81.08201599121094,24.94526100158691,24.609546661376953,24.56284523010254,24.813121795654297,1987.6033935546875,5414.2763671875,2332.28271484375,4911.77392578125,-0.02080412083147065,0.02546204227980975,-0.024023421086891705,0.022895863043491227
5,792.3099768161774,1778170657.5302074,57.98532485961914,0.0,0.0,0.9186357855796814,45.499019622802734,47.80573272705078,44.18451690673828,46.36015701293945,81.90727233886719,79.80746459960938,79.5120849609375,81.07659912109375,24.94516372680664,24.609193801879883,24.561933517456055,24.812255859375,2112.994140625,5573.60205078125,2299.807861328125,4773.7314453125,-0.022395984168460004,0.02728080678520861,-0.022040858431167876,0.026127878055232534
5,792.3251321315765,1778170657.5453627,57.90447235107422,0.0,0.0,0.9144543409347534,45.426422119140625,47.85118865966797,44.08296585083008,46.32171630859375,81.90673828125,79.8056640625,79.50735473632812,81.07201385498047,24.945077896118164,24.608905792236328,24.561176300048828,24.8115234375,2150.060546875,5673.80322265625,2317.978271484375,4608.66552734375,-0.02259297461376264,0.02969335839928977,-0.02292614710898022,0.02670864107529769
5,792.3407559394836,1778170657.5609865,57.82854080200195,0.0,0.0,0.9140551686286926,45.31249237060547,47.77959442138672,43.93075180053711,46.37730026245117,81.90620422363281,79.80371856689453,79.50260162353516,81.06736755371094,24.944992065429688,24.60859489440918,24.56041717529297,24.810779571533203,2030.246337890625,4958.5595703125,2360.340087890625,4454.85693359375,-0.023764155587951974,0.029502758594640133,-0.025021371625113642,0.029290378388486582
5,792.3560345172882,1778170657.576265,57.742977142333984,0.0,0.0,0.8623648881912231,45.213592529296875,47.76496887207031,43.89496994018555,46.33037567138672,81.90567016601562,79.80158233642578,79.49783325195312,81.06267547607422,24.944908142089844,24.608253479003903,24.559654235839844,24.810028076171875,1966.15087890625,4386.7138671875,2380.379150390625,4381.7802734375,-0.024451474190909206,0.030712675447649662,-0.024371948999946658,0.02977260287531358
5,792.3712208271027,1778170657.5914514,57.66157531738281,0.0,0.0,0.8257002830505371,45.084007263183594,47.6978759765625,43.760963439941406,46.313663482666016,81.90513610839844,79.79924011230469,79.4930648803711,81.0579833984375,24.944820404052734,24.607879638671875,24.55889129638672,24.809276580810547,1841.648681640625,3305.74560546875,2348.887451171875,4391.498046875,-0.025874212093983995,0.03071791923343614,-0.0259773278895733,0.030854368698471468
5,792.3864290714264,1778170657.6066597,57.582069396972656,0.0,0.0,0.7208374738693237,45.0141716003418,47.51295471191406,43.68264389038086,46.224266052246094,81.90457916259766,79.79676055908203,79.48829650878906,81.05329895019531,24.944732666015625,24.60748291015625,24.558128356933594,24.808528900146484,1839.017822265625,2347.376708984375,2275.692626953125,4453.8408203125,-0.026040212604260704,0.028139536299845336,-0.026378082540867376,0.03028514674028604
5,792.4019355773926,1778170657.6221662,57.50863265991211,0.0,0.0,0.6224508881568909,44.93951416015625,47.3924446105957,43.62456512451172,46.05847930908203,81.90400695800781,79.79428100585938,79.48352813720703,81.048583984375,24.94464111328125,24.607086181640625,24.55736541748047,24.80777359008789,17.955535888671875,2191.654541015625,2114.85400390625,4264.92138671875,-0.026413902351340335,0.026841373446141015,-0.026430940941125525,0.02790087646329442
5,792.4171404838562,1778170657.637371,57.439659118652344,0.0,0.0,0.5875318050384521,44.93951416015625,47.23398971557617,43.56491470336914,45.88792037963867,81.90343475341797,79.79180145263672,79.478759765625,81.04385375976562,24.944549560546875,24.606689453125,24.556602478027344,24.807016372680664,0.0,2076.528076171875,1959.4803466796875,4237.42919921875,-0.025244820189181394,0.02463707559274586,-0.02659469572065465,0.025324194359978902
5,792.4325926303864,1778170657.6528232,57.37495422363281,0.0,0.0,0.6092773675918579,44.93951416015625,47.048553466796875,43.460323333740234,45.700782775878906,81.90286254882812,79.78932189941406,79.47396850585938,81.03910064697266,24.9444580078125,24.606292724609375,24.555835723876953,24.806255340576172,0.0,2194.599365234375,1936.142578125,4184.142578125,-0.0241455351015879,0.021765448877291593,-0.02783653608492853,0.02229437231524778
5,792.4483845233917,1778170657.668615,57.291446685791016,0.0,0.0,0.6638839244842529,44.93951416015625,46.8294792175293,43.33246612548828,45.49532699584961,81.90217590332031,79.78634643554688,79.46820068359375,81.0335693359375,24.944347381591797,24.605815887451172,24.554912567138672,24.805370330810547,0.0,2628.951416015625,2026.9478759765625,4998.94091796875,-0.022723137721704645,0.018490139546218254,-0.02928372383754918,0.019181859856010064
5,792.4638438224792,1778170657.6840744,57.21826934814453,0.0,0.0,0.7402026653289795,44.93951416015625,46.66779708862305,43.2140998840332,45.30389022827149,81.90160369873047,79.78386688232422,79.46339416503906,81.02908325195312,24.944255828857425,24.605419158935547,24.554141998291016,24.80465316772461,0.0,3123.385498046875,2120.164794921875,5272.82763671875,-0.021473283090661766,0.01627179518186561,-0.030697243188674173,0.016191275032577
5,792.4798970222473,1778170657.7001276,57.14435195922851,0.0,0.0,0.8689072728157043,44.44766616821289,46.49735641479492,43.099853515625,45.16074752807617,81.90103149414062,79.7813949584961,79.45858764648438,81.02462005615234,24.944164276123047,24.60502243041992,24.553375244140625,24.803939819335938,1022.8289184570312,3759.51904296875,2247.660888671875,5238.80517578125,-0.03093104041094452,0.013869922743259044,-0.03200931876732527,0.014290816240173587
5,792.4963829517365,1778170657.7166135,57.06269836425781,0.0,0.0,1.0309377908706665,44.10930252075195,46.496726989746094,42.96174240112305,45.0877685546875,81.90045928955078,79.77906036376953,79.45379638671875,81.02011108398438,24.944072723388672,24.60464859008789,24.55260848999023,24.803218841552734,2300.107666015625,4348.80126953125,2293.06103515625,5096.64013671875,-0.03693207580482172,0.015306970868659286,-0.033730488745114195,0.014100789286171311
5,792.5111281871796,1778170657.7313588,56.94489669799805,0.0,0.0,1.0122108459472656,44.22005462646485,46.57906723022461,42.7501106262207,45.09344482421875,81.89977264404297,79.77638244628906,79.44802856445312,81.01451110839844,24.94396209716797,24.60422134399414,24.551685333251953,24.802322387695312,2713.99658203125,4600.67431640625,2106.02685546875,4178.36962890625,-0.032516654060227856,0.019209040940061373,-0.036501311687386795,0.016326588375578766
5,792.5263969898224,1778170657.7466276,56.8440055847168,0.0,0.0,0.948078751564026,44.01939010620117,46.641109466552734,42.65768051147461,45.14168548583984,81.89920043945312,79.77424621582031,79.44322204589844,81.00968170166016,24.943870544433594,24.60387802124023,24.550914764404297,24.80154800415039,2791.47509765625,4817.70947265625,1902.3883056640625,3962.68359375,-0.035197588690425774,0.022377983829473536,-0.03687810028111804,0.019219632022431377
5,792.5418238639832,1778170657.7620544,56.73622131347656,0.0,0.0,0.8649531006813049,43.91936492919922,46.73268127441406,42.57798385620117,45.16771697998047,81.89862823486328,79.7721939086914,79.43841552734375,81.00480651855469,24.94377899169922,24.60354995727539,24.550146102905273,24.800769805908203,2905.807861328125,5122.3740234375,1737.2408447265625,2766.491943359375,-0.03556119506018274,0.02633131668805011,-0.03685121910573541,0.021744749743311198
5,792.557124376297,1778170657.777355,56.6281852722168,0.0,0.0,0.8063797950744629,43.8298454284668,46.80636978149414,42.418758392333984,45.34676742553711,81.89805603027344,79.7702407836914,79.43360900878906,80.9999008178711,24.943687438964844,24.60323715209961,24.54937744140625,24.799983978271484,2887.14892578125,5415.58984375,1688.5555419921875,2351.5888671875,-0.03569076179110631,0.029910781690155597,-0.0386223920980554,0.027752099098851124
5,792.5724396705627,1778170657.7926702,56.51708221435547,0.0,0.0,0.7680387496948242,43.72832107543945,46.918460845947266,42.379432678222656,45.410152435302734,81.8974838256836,79.76837921142578,79.42880249023438,80.9950180053711,24.94359588623047,24.60293960571289,24.548606872558594,24.79920196533203,2627.0966796875,5684.12255859375,380.9688720703125,2497.9013671875,-0.03603314104990918,0.034406673328431614,-0.037625514793131476,0.031211886547264367
5,792.5879549980164,1778170657.8081856,56.41101837158203,0.0,0.0,0.7201382517814636,43.69047546386719,47.01117706298828,42.33170700073242,45.44513320922851,81.89691162109375,79.7666015625,79.42399597167969,80.9901351928711,24.943504333496097,24.60265731811523,24.547840118408203,24.79842185974121,2159.998291015625,5888.935546875,0.0,2602.588134765625,-0.035056547568404595,0.03839951053535784,-0.03690187846174775,0.03394663469787362
5,792.6035590171814,1778170657.8237896,56.3024787902832,0.0,0.0,0.7581238746643066,43.6099853515625,47.07343292236328,42.248905181884766,45.552452087402344,81.8963394165039,79.76483917236328,79.419189453125,80.9852523803711,24.94341278076172,24.602375030517575,24.547069549560547,24.79763984680176,1716.44482421875,5862.5712890625,0.0,2807.304443359375,-0.03497745892981008,0.041779111303626104,-0.03693269800958654,0.03838624730091755
5,792.6194143295288,1778170657.839645,56.17411804199219,0.0,0.0,0.8020595908164978,43.54899597167969,47.10800552368164,42.19239807128906,45.59160232543945,81.8956527709961,79.76256561279297,79.4134292602539,80.97935485839844,24.94330406188965,24.60201072692871,24.5461483001709,24.796695709228516,1459.01611328125,5349.63427734375,0.0,3185.076904296875,-0.03412501877710028,0.044926502503094046,-0.03602306731926008,0.04165349778863603
5,792.6348123550415,1778170657.855043,56.0690803527832,0.0,0.0,0.8337372541427612,43.46371841430664,47.09628677368164,42.15152359008789,45.61148834228515,81.89508056640625,79.76045227050781,79.40866088867188,80.97443389892578,24.943212509155273,24.601673126220703,24.545385360717773,24.795909881591797,1483.2359619140625,4685.64013671875,0.0,3551.851806640625,-0.03421050290764416,0.04662360171016733,-0.035152805214133664,0.04406008860184074
5,792.6502704620361,1778170657.870501,55.96261215209961,0.0,0.0,0.9966561198234558,43.41843795776367,47.00553894042969,42.13063049316406,45.58746719360352,81.89443969726562,79.75818634033203,79.40389251708984,80.96954345703125,24.943111419677734,24.60131072998047,24.54462242126465,24.795127868652344,1677.7633056640625,4170.54296875,1347.3326416015625,4039.676025390625,-0.033381172629718736,0.04659425933109085,-0.033796347213186584,0.04549550335235564
5,792.6658153533936,1778170657.886046,55.86036682128906,0.0,0.0,1.1480374336242676,43.3798942565918,46.90705108642578,42.04111099243164,45.467586517333984,81.89379119873047,79.7558364868164,79.39908599853516,80.96479797363281,24.94300651550293,24.600933074951172,24.543853759765625,24.794368743896484,1860.317138671875,3922.382568359375,2062.04833984375,4538.09814453125,-0.03247156306914545,0.046313038428379416,-0.03408458872926634,0.04465479445827647
5,792.6815767288208,1778170657.9018073,55.76227569580078,0.0,0.0,1.1749709844589231,43.398170471191406,46.71586227416992,41.98133850097656,45.2259407043457,81.89311981201172,79.75344848632812,79.39427947998047,80.96014404296875,24.94289779663086,24.60055160522461,24.54308319091797,24.793622970581055,1891.4285888671875,3814.333984375,2068.255126953125,4811.3681640625,-0.03036124619511882,0.04388142481104529,-0.03376117047252902,0.04093066552917324
5,792.6975636482239,1778170657.9177942,55.64973831176758,0.0,0.0,1.250930666923523,43.339874267578125,46.60493087768555,41.99276351928711,45.01340103149414,81.89226531982422,79.7506103515625,79.3885498046875,80.95467376708984,24.94276237487793,24.60009765625,24.54216766357422,24.792747497558594,1770.15966796875,3313.655517578125,2228.811279296875,5248.68310546875,-0.02970553667309961,0.0435085968524338,-0.03154371020573732,0.03813392737566068
5,792.7135155200958,1778170657.933746,55.5595817565918,0.0,0.0,1.1981621980667114,43.2957878112793,46.34048843383789,41.98731231689453,44.867210388183594,81.8915023803711,79.7481918334961,79.38378143310547,80.95026397705078,24.94264030456543,24.59971046447754,24.541404724121097,24.792041778564453,1631.488525390625,4151.87841796875,2365.0234375,5680.4306640625,-0.02911965005078232,0.03927128704773519,-0.030098117925166146,0.036441474800418705
5,792.7288310527802,1778170657.9490616,55.473514556884766,0.0,0.0,1.1873717308044434,43.214820861816406,46.27173614501953,41.95790100097656,44.65772247314453,81.89073944091797,79.74591827392578,79.37901306152344,80.94596099853516,24.94251823425293,24.599346160888672,24.54064178466797,24.791353225708008,1002.8971557617188,4776.95263671875,2322.760009765625,6072.837890625,-0.029431777465253828,0.03933942755622111,-0.02927376638191903,0.03320279402776505
5,792.7448577880859,1778170657.9650884,55.37804412841797,0.0,0.0,1.1743870973587036,43.14780044555664,46.04716873168945,41.87052917480469,44.53548431396485,81.88982391357422,79.74346923828125,79.373291015625,80.94090270996094,24.942371368408203,24.598955154418945,24.53972625732422,24.790544509887695,798.4913330078125,5728.5205078125,2189.597412109375,6346.36865234375,-0.029266357647450558,0.03607837387801083,-0.029625152422970036,0.03215102865799002
5,792.7604162693024,1778170657.9806468,55.290000915527344,0.0,0.0,1.2043660879135132,43.08033752441406,46.02871322631836,41.80547332763672,44.43006134033203,81.8890151977539,79.74166107177734,79.36849212646484,80.93670654296875,24.942241668701172,24.59866523742676,24.538959503173828,24.789873123168945,1304.01708984375,6217.70361328125,2090.927490234375,6368.8125,-0.02924076063067582,0.03731229716216422,-0.029590047254932972,0.03134744950507806
5,792.7763755321503,1778170657.996606,55.20439529418945,0.0,0.0,1.1945246458053589,43.02910232543945,45.891693115234375,41.69700622558594,44.40582275390625,81.88818359375,79.73994445800781,79.36368560791016,80.9324951171875,24.942108154296875,24.598390579223633,24.538188934326172,24.78919982910156,1721.155517578125,6344.40380859375,2066.500732421875,6235.583984375,-0.028891710092194933,0.035828159359172496,-0.030606927633462733,0.032383244410876255
5,792.7918910980225,1778170658.0121217,55.11818313598633,0.0,0.0,1.148271560668945,42.92934799194336,45.82738494873047,41.62948989868164,44.36172103881836,81.88734436035156,79.73825073242188,79.35887908935547,80.9281997680664,24.941974639892575,24.598119735717773,24.53742027282715,24.78851318359375,2121.323486328125,6279.923828125,2108.530517578125,5820.36865234375,-0.02962760869648029,0.03599455271634544,-0.030662776965559413,0.03297111208313597
5,792.8079710006714,1778170658.0282016,55.01676940917969,0.0,0.0,1.075805425643921,42.89517593383789,45.8021354675293,41.514034271240234,44.33810043334961,81.88631439208984,79.73622131347656,79.35311126708984,80.92281341552734,24.941810607910156,24.597795486450195,24.5364990234375,24.78765106201172,2478.58447265625,6153.10302734375,2194.864990234375,5164.18310546875,-0.028612745025870523,0.03733237290947011,-0.03156929918727713,0.034324188299928116
5,792.8233098983765,1778170658.0435405,54.93152618408203,0.0,0.0,1.016507267951965,42.830081939697266,45.790679931640625,41.43621063232422,44.374210357666016,81.88543701171875,79.73445892333984,79.34830474853516,80.9181900024414,24.941669464111328,24.59751319885254,24.535728454589844,24.786911010742188,2520.807373046875,5861.57568359375,2258.77197265625,4748.87939453125,-0.02858171820347777,0.03868226541153552,-0.031884750708305876,0.03677294524394403
5,792.8384592533112,1778170658.0586898,54.84789276123047,0.0,0.0,0.9478617906570436,42.723365783691406,45.795658111572266,41.41126251220703,44.36269760131836,81.88455963134766,79.73255920410156,79.34349822998047,80.91348266601562,24.9415283203125,24.59720993041992,24.53495979309082,24.786155700683594,2516.556884765625,5379.5810546875,2311.311767578125,4455.4482421875,-0.029524568489037062,0.04037916738344527,-0.03099232109567729,0.038084444459134614
5,792.8534994125366,1778170658.07373,54.77139663696289,0.0,0.0,0.8940980434417725,42.73406219482422,45.69807052612305,41.379207611083984,44.32895278930664,81.88368225097656,79.73045349121094,79.33869171142578,80.90872192382812,24.941389083862305,24.59687232971191,24.534191131591797,24.785396575927734,2367.625732421875,5012.74462890625,2337.88916015625,4072.83984375,-0.027925848248726237,0.03961212931147684,-0.030390082647797412,0.03874354913481426
5,792.868813753128,1778170658.0890443,54.7003288269043,0.0,0.0,0.8855000734329224,42.65159225463867,45.72201156616211,41.298316955566406,44.35276794433594,81.88280487060547,79.72827911376953,79.3338851928711,80.90393829345703,24.94124984741211,24.59652328491211,24.53342056274414,24.784629821777344,2137.17333984375,4920.677734375,2349.796142578125,4971.42236328125,-0.028541294909050996,0.041508171449230025,-0.031028261731596674,0.04065188298972289
5,792.8848323822021,1778170658.105063,54.6304817199707,0.0,0.0,0.8345026969909668,42.626651763916016,45.66847229003906,41.28025817871094,44.30012130737305,81.88192749023438,79.72608184814453,79.3290786743164,80.89905548095703,24.94110870361328,24.596172332763672,24.53265380859375,24.78384780883789,1844.063720703125,4802.9609375,2369.5791015625,3491.88623046875,-0.027868034877937653,0.041618640439121224,-0.030213645392604516,0.04074556441977539
5,792.9000105857849,1778170658.1202412,54.56136703491211,0.0,0.0,0.8494129776954651,42.54962921142578,45.64324569702149,41.25812149047851,44.249271392822266,81.88105010986328,79.72386932373047,79.32427215576172,80.89417266845703,24.940967559814453,24.59581756591797,24.531883239746097,24.78306770324707,1489.9388427734375,4770.771484375,2424.63671875,3725.22314453125,-0.028395383942079744,0.042361989484553275,-0.02950589521593372,0.0408677776500328
5,792.915158033371,1778170658.1353886,54.50000762939453,0.0,0.0,0.8474986553192139,42.50725173950195,45.58333587646485,41.216896057128906,44.17799377441406,81.88017272949219,79.72166442871094,79.31946563720703,80.88925170898438,24.940826416015625,24.59546661376953,24.53111457824707,24.78227996826172,1266.7928466796875,4867.6552734375,1941.8216552734375,3880.127197265625,-0.028270255624122553,0.04216583329436663,-0.029384071216936203,0.04036111108582219
5,792.9304256439209,1778170658.1506562,54.4394645690918,0.0,0.0,0.8737983703613281,42.462528228759766,45.55235290527344,41.181278228759766,44.11837387084961,81.8792953491211,79.71952056884766,79.31465911865234,80.88441467285156,24.94068717956543,24.595123291015625,24.530345916748047,24.781505584716797,1150.001708984375,4991.46337890625,1876.6641845703125,4211.22900390625,-0.028213109519385826,0.04261569636660889,-0.02914432901991726,0.040112545687090106
5,792.946469783783,1778170658.1667004,54.365577697753906,0.0,0.0,0.9646342992782592,42.43938064575195,45.4419059753418,41.140586853027344,44.0231819152832,81.87821197509766,79.71692657470703,79.30889129638672,80.87871551513672,24.940513610839844,24.594707489013672,24.52942276000977,24.780593872070312,1211.1290283203125,4924.25244140625,2602.61865234375,4777.81982421875,-0.027422848532735133,0.0415013112042244,-0.028785473720694732,0.039278888547219726
5,792.961681842804,1778170658.1819124,54.30706787109375,0.0,0.0,0.9922768473625184,42.38494491577149,45.37410736083984,41.07957458496094,43.92967224121094,81.8772964477539,79.71468353271484,79.30408477783203,80.87406158447266,24.94036865234375,24.594348907470703,24.52865219116211,24.779850006103516,1267.666259765625,4809.1103515625,2980.286376953125,4892.34033203125,-0.027623844596058156,0.04106783519160517,-0.02918097936630193,0.03818868453507651
5,792.977746963501,1778170658.1979775,54.251678466796875,0.0,0.0,0.9893811941146852,42.32343292236328,45.224090576171875,41.012454986572266,43.818695068359375,81.87638092041016,79.71247100830078,79.29927825927734,80.86942291259766,24.94021987915039,24.593994140625,24.52788543701172,24.77910614013672,1326.41796875,4817.3955078125,3078.42919921875,4994.1904296875,-0.02804369748052815,0.03868522196756019,-0.02977763420036228,0.03662324727397559
